time	V(comp_in)	V(out)	V(tube)
Step Information: Ra=1M  (Step: 1/4)
0.000000000000000e+00	6.781196e-01	4.999866e+00	4.995000e+02
1.007310719976990e-05	6.781196e-01	4.999866e+00	4.995000e+02
2.031310719977066e-05	6.781196e-01	4.999866e+00	4.995000e+02
3.055310719977230e-05	6.781196e-01	4.999866e+00	4.995000e+02
4.079310719977393e-05	6.781196e-01	4.999866e+00	4.995000e+02
5.103310719977557e-05	6.781196e-01	4.999866e+00	4.995000e+02
6.127310719977704e-05	6.781196e-01	4.999866e+00	4.995000e+02
7.151310719977174e-05	6.781196e-01	4.999866e+00	4.995000e+02
8.175310719976644e-05	6.781196e-01	4.999866e+00	4.995000e+02
9.199310719976114e-05	6.781196e-01	4.999866e+00	4.995000e+02
1.022331071997558e-04	6.781196e-01	4.999866e+00	4.995000e+02
1.124731071997505e-04	6.781196e-01	4.999866e+00	4.995000e+02
1.227131071997452e-04	6.781196e-01	4.999866e+00	4.995000e+02
1.329531071997399e-04	6.781196e-01	4.999866e+00	4.995000e+02
1.431931071997346e-04	6.781196e-01	4.999866e+00	4.995000e+02
1.534331071997293e-04	6.781196e-01	4.999866e+00	4.995000e+02
1.636731071997240e-04	6.781196e-01	4.999866e+00	4.995000e+02
1.739131071997187e-04	6.781196e-01	4.999866e+00	4.995000e+02
1.841531071997134e-04	6.781196e-01	4.999866e+00	4.995000e+02
1.943931071997081e-04	6.781196e-01	4.999866e+00	4.995000e+02
2.046331071997028e-04	6.781196e-01	4.999866e+00	4.995000e+02
2.148731071996975e-04	6.781196e-01	4.999866e+00	4.995000e+02
2.251131071996922e-04	6.781196e-01	4.999866e+00	4.995000e+02
2.353531071996869e-04	6.781196e-01	4.999866e+00	4.995000e+02
2.455931071996816e-04	6.781196e-01	4.999866e+00	4.995000e+02
2.558331071996763e-04	6.781196e-01	4.999866e+00	4.995000e+02
2.660731071996710e-04	6.781196e-01	4.999866e+00	4.995000e+02
2.763131071996657e-04	6.781196e-01	4.999866e+00	4.995000e+02
2.865531071996604e-04	6.781196e-01	4.999866e+00	4.995000e+02
2.967931071996551e-04	6.781196e-01	4.999866e+00	4.995000e+02
3.070331071996498e-04	6.781196e-01	4.999866e+00	4.995000e+02
3.172731071996445e-04	6.781196e-01	4.999866e+00	4.995000e+02
3.275131071996392e-04	6.781196e-01	4.999866e+00	4.995000e+02
3.377531071996339e-04	6.781196e-01	4.999866e+00	4.995000e+02
3.479931071996286e-04	6.781196e-01	4.999866e+00	4.995000e+02
3.582331071996233e-04	6.781196e-01	4.999866e+00	4.995000e+02
3.684731071996180e-04	6.781196e-01	4.999866e+00	4.995000e+02
3.787131071996127e-04	6.781196e-01	4.999866e+00	4.995000e+02
3.889531071996074e-04	6.781196e-01	4.999866e+00	4.995000e+02
3.991931071996021e-04	6.781196e-01	4.999866e+00	4.995000e+02
4.094331071995968e-04	6.781196e-01	4.999866e+00	4.995000e+02
4.196731071995915e-04	6.781196e-01	4.999866e+00	4.995000e+02
4.299131071995862e-04	6.781196e-01	4.999866e+00	4.995000e+02
4.401531071995809e-04	6.781196e-01	4.999866e+00	4.995000e+02
4.503931071995756e-04	6.781196e-01	4.999866e+00	4.995000e+02
4.606331071995703e-04	6.781196e-01	4.999866e+00	4.995000e+02
4.708731071995650e-04	6.781196e-01	4.999866e+00	4.995000e+02
4.811131071995597e-04	6.781196e-01	4.999866e+00	4.995000e+02
4.913531071995711e-04	6.781196e-01	4.999866e+00	4.995000e+02
5.000000000000004e-04	6.781196e-01	4.999866e+00	4.995000e+02
5.000010000000000e-04	6.381457e-01	4.999866e+00	3.761627e+02
5.000024789161557e-04	4.123861e-01	4.999866e+00	1.356718e+02
5.000028797888861e-04	3.203432e-01	4.999866e+00	1.080369e+02
5.000034765773605e-04	1.769662e-01	4.999866e+00	7.870451e+01
5.000040754624779e-04	2.999722e-02	4.999866e+00	5.935622e+01
5.000048298981424e-04	-1.491221e-01	4.999866e+00	4.397707e+01
5.000053102091081e-04	-2.324139e-01	4.999866e+00	3.771939e+01
5.000058121499589e-04	-2.593021e-01	4.999866e+00	3.301848e+01
5.000063289856796e-04	-2.569902e-01	4.999866e+00	2.956182e+01
5.000068553707721e-04	-2.573813e-01	4.999866e+00	2.704622e+01
5.000073843361036e-04	-2.569124e-01	4.999866e+00	2.522477e+01
5.000084422667666e-04	-2.561246e-01	4.999866e+00	2.284939e+01
5.000099812639571e-04	-2.548839e-01	4.999866e+00	2.100065e+01
5.000117576952409e-04	-2.533355e-01	4.999866e+00	1.980429e+01
5.000140181662182e-04	-2.513545e-01	4.999866e+00	1.869125e+01
5.000172203139727e-04	-2.485223e-01	4.999866e+00	1.732697e+01
5.000227883674933e-04	-2.436352e-01	4.999866e+00	1.520829e+01
5.000327883674933e-04	-2.348858e-01	4.999866e+00	1.203063e+01
5.000427883674934e-04	-2.262170e-01	4.999866e+00	9.528512e+00
5.000527883674934e-04	-2.176217e-01	4.999866e+00	7.557658e+00
5.000627883674935e-04	-2.090733e-01	4.999866e+00	6.005635e+00
5.000727883674935e-04	-2.006020e-01	4.999866e+00	4.783231e+00
5.000827883674936e-04	-1.921605e-01	4.999866e+00	3.820555e+00
5.000927883674936e-04	-1.838042e-01	4.999866e+00	3.062358e+00
5.001027883674937e-04	-1.754822e-01	4.999866e+00	2.465242e+00
5.001127883674937e-04	-1.672512e-01	4.999866e+00	1.994965e+00
5.001227883674938e-04	-1.590817e-01	4.999866e+00	1.624593e+00
5.001327883674938e-04	-1.510093e-01	4.999866e+00	1.332895e+00
5.001427883674939e-04	-1.430387e-01	4.999866e+00	1.103161e+00
5.001527883674939e-04	-1.351824e-01	4.999866e+00	9.222263e-01
5.001627883674940e-04	-1.274696e-01	4.999866e+00	7.797229e-01
5.001727883674940e-04	-1.199020e-01	4.999866e+00	6.674860e-01
5.001827883674941e-04	-1.125179e-01	4.999866e+00	5.790850e-01
5.001927883674941e-04	-1.053152e-01	4.999866e+00	5.094556e-01
5.002027883674942e-04	-9.833352e-02	4.999866e+00	4.546092e-01
5.002127883674942e-04	-9.156642e-02	4.999866e+00	4.114047e-01
5.002227883674943e-04	-8.505064e-02	4.999866e+00	3.773683e-01
5.002327883674943e-04	-7.877395e-02	4.999866e+00	3.505519e-01
5.002427883674944e-04	-7.276766e-02	4.999866e+00	3.294214e-01
5.002527883674944e-04	-6.701288e-02	4.999866e+00	3.127685e-01
5.002627883674945e-04	-6.153473e-02	4.999866e+00	2.996422e-01
5.002727883674945e-04	-5.630801e-02	4.999866e+00	2.892931e-01
5.002827883674946e-04	-5.135222e-02	4.999866e+00	2.811315e-01
5.002927883674946e-04	-4.663720e-02	4.999866e+00	2.746930e-01
5.003027883674947e-04	-4.217820e-02	4.999866e+00	2.696118e-01
5.003127883674947e-04	-3.794171e-02	4.999866e+00	2.656001e-01
5.003227883674948e-04	-3.394041e-02	4.999866e+00	2.624310e-01
5.003327883674948e-04	-3.013928e-02	4.999866e+00	2.599261e-01
5.003427883674948e-04	-2.654976e-02	4.999866e+00	2.579447e-01
5.003527883674949e-04	-2.313642e-02	4.999866e+00	2.563763e-01
5.003627883674949e-04	-1.991057e-02	4.999866e+00	2.551335e-01
5.003727883674950e-04	-1.683734e-02	4.999866e+00	2.541476e-01
5.003827883674950e-04	-1.392863e-02	4.999866e+00	2.533646e-01
5.003927883674951e-04	-1.115062e-02	4.999866e+00	2.527419e-01
5.004027883674951e-04	-8.516165e-03	4.999866e+00	2.522458e-01
5.004127883674952e-04	-5.992773e-03	4.999866e+00	2.518498e-01
5.004227883674952e-04	-3.594402e-03	4.999866e+00	2.515330e-01
5.004327883674953e-04	-1.289921e-03	4.999866e+00	2.512791e-01
5.004427883674953e-04	9.056026e-04	4.999866e+00	2.510749e-01
5.004527883674954e-04	3.021982e-03	4.999866e+00	2.509101e-01
5.004627883674954e-04	5.043129e-03	4.999866e+00	2.507768e-01
5.004727883674955e-04	6.997654e-03	4.999866e+00	2.506685e-01
5.004827883674955e-04	8.868570e-03	4.999866e+00	2.505800e-01
5.004927883674956e-04	1.068342e-02	4.999866e+00	2.505075e-01
5.005027883674956e-04	1.242446e-02	4.999866e+00	2.504477e-01
5.005127883674957e-04	1.411830e-02	4.999866e+00	2.503981e-01
5.005227883674957e-04	1.574656e-02	4.999866e+00	2.503567e-01
5.005327883674958e-04	1.733506e-02	4.999866e+00	2.503219e-01
5.005427883674958e-04	1.886490e-02	4.999866e+00	2.502925e-01
5.005527883674959e-04	2.036124e-02	4.999866e+00	2.502674e-01
5.005627883674959e-04	2.180475e-02	4.999866e+00	2.502458e-01
5.005727883674960e-04	2.322001e-02	4.999866e+00	2.502271e-01
5.005827883674960e-04	2.458738e-02	4.999866e+00	2.502109e-01
5.005927883674961e-04	2.593093e-02	4.999866e+00	2.501965e-01
5.006027883674961e-04	2.723078e-02	4.999866e+00	2.501839e-01
5.006127883674962e-04	2.851057e-02	4.999866e+00	2.501726e-01
5.006227883674962e-04	2.975023e-02	4.999866e+00	2.501624e-01
5.006327883674963e-04	3.097303e-02	4.999866e+00	2.501532e-01
5.006427883674963e-04	3.215876e-02	4.999866e+00	2.501449e-01
5.006527883674964e-04	3.333037e-02	4.999866e+00	2.501372e-01
5.006627883674964e-04	3.446754e-02	4.999866e+00	2.501302e-01
5.006727883674965e-04	3.559295e-02	4.999866e+00	2.501237e-01
5.006827883674965e-04	3.668620e-02	4.999866e+00	2.501177e-01
5.006927883674966e-04	3.776974e-02	4.999866e+00	2.501120e-01
5.007027883674966e-04	3.882311e-02	4.999866e+00	2.501068e-01
5.007127883674967e-04	3.986852e-02	4.999866e+00	2.501018e-01
5.007227883674967e-04	4.088550e-02	4.999866e+00	2.500972e-01
5.007327883674968e-04	4.189608e-02	4.999866e+00	2.500928e-01
5.007427883674968e-04	4.287977e-02	4.999866e+00	2.500886e-01
5.007527883674969e-04	4.385840e-02	4.999866e+00	2.500847e-01
5.007627883674969e-04	4.481150e-02	4.999866e+00	2.500809e-01
5.007727883674970e-04	4.576074e-02	4.999866e+00	2.500774e-01
5.007827883674970e-04	4.668565e-02	4.999866e+00	2.500740e-01
5.007927883674971e-04	4.760774e-02	4.999866e+00	2.500708e-01
5.008027883674971e-04	4.850660e-02	4.999866e+00	2.500677e-01
5.008127883674972e-04	4.940357e-02	4.999866e+00	2.500647e-01
5.008227883674972e-04	5.027827e-02	4.999866e+00	2.500618e-01
5.008327883674973e-04	5.115193e-02	4.999866e+00	2.500591e-01
5.008427883674973e-04	5.200418e-02	4.999866e+00	2.500565e-01
5.008527883674974e-04	5.285613e-02	4.999866e+00	2.500540e-01
5.008627883674974e-04	5.368747e-02	4.999866e+00	2.500516e-01
5.008727883674974e-04	5.451917e-02	4.999866e+00	2.500492e-01
5.008827883674975e-04	5.533098e-02	4.999866e+00	2.500470e-01
5.008927883674975e-04	5.614375e-02	4.999866e+00	2.500448e-01
5.009027883674976e-04	5.693728e-02	4.999866e+00	2.500427e-01
5.009127883674976e-04	5.773231e-02	4.999866e+00	2.500407e-01
5.009227883674977e-04	5.850871e-02	4.999866e+00	2.500387e-01
5.009327883674977e-04	5.928709e-02	4.999866e+00	2.500369e-01
5.009427883674978e-04	6.004738e-02	4.999866e+00	2.500350e-01
5.009527883674978e-04	6.081011e-02	4.999866e+00	2.500333e-01
5.009627883674979e-04	6.155524e-02	4.999866e+00	2.500316e-01
5.009727883674979e-04	6.230322e-02	4.999866e+00	2.500299e-01
5.009827883674980e-04	6.303406e-02	4.999866e+00	2.500283e-01
5.009927883674980e-04	6.376811e-02	4.999866e+00	2.500268e-01
5.010027883674981e-04	6.448546e-02	4.999866e+00	2.500252e-01
5.010127883674981e-04	6.520636e-02	4.999866e+00	2.500238e-01
5.010227883674982e-04	6.591096e-02	4.999866e+00	2.500224e-01
5.010327883674982e-04	6.661940e-02	4.999866e+00	2.500210e-01
5.010427883674983e-04	6.731191e-02	4.999866e+00	2.500196e-01
5.010527883674983e-04	6.800855e-02	4.999866e+00	2.500183e-01
5.010627883674984e-04	6.868960e-02	4.999866e+00	2.500170e-01
5.010727883674984e-04	6.937503e-02	4.999866e+00	2.500158e-01
5.010827883674985e-04	7.004520e-02	4.999866e+00	2.500146e-01
5.010927883674985e-04	7.071999e-02	4.999866e+00	2.500134e-01
5.011027883674986e-04	7.137982e-02	4.999866e+00	2.500123e-01
5.011127883674986e-04	7.204448e-02	4.999866e+00	2.500112e-01
5.011227883674987e-04	7.269447e-02	4.999866e+00	2.500101e-01
5.011327883674987e-04	7.334948e-02	4.999866e+00	2.500091e-01
5.011427883674988e-04	7.399008e-02	4.999866e+00	2.500080e-01
5.011527883674988e-04	7.463589e-02	4.999866e+00	2.500070e-01
5.011627883674989e-04	7.526754e-02	4.999866e+00	2.500060e-01
5.011727883674989e-04	7.590457e-02	4.999866e+00	2.500051e-01
5.011827883674990e-04	7.652768e-02	4.999866e+00	2.500042e-01
5.011927883674990e-04	7.715632e-02	4.999866e+00	2.500032e-01
5.012027883674991e-04	7.777125e-02	4.999866e+00	2.500024e-01
5.012127883674991e-04	7.839187e-02	4.999866e+00	2.500015e-01
5.012227883674992e-04	7.899900e-02	4.999866e+00	2.500007e-01
5.012327883674992e-04	7.961193e-02	4.999866e+00	2.499998e-01
5.012427883674993e-04	8.021158e-02	4.999866e+00	2.499990e-01
5.012527883674993e-04	8.081716e-02	4.999866e+00	2.499982e-01
5.012627883674994e-04	8.140963e-02	4.999866e+00	2.499974e-01
5.012727883674994e-04	8.200815e-02	4.999866e+00	2.499967e-01
5.012827883674995e-04	8.259374e-02	4.999866e+00	2.499959e-01
5.012927883674995e-04	8.318549e-02	4.999866e+00	2.499952e-01
5.013027883674996e-04	8.376449e-02	4.999866e+00	2.499945e-01
5.013127883674996e-04	8.434973e-02	4.999866e+00	2.499938e-01
5.013227883674997e-04	8.492238e-02	4.999866e+00	2.499931e-01
5.013327883674997e-04	8.550137e-02	4.999866e+00	2.499924e-01
5.013427883674998e-04	8.606793e-02	4.999866e+00	2.499918e-01
5.013527883674998e-04	8.664090e-02	4.999866e+00	2.499911e-01
5.013627883674999e-04	8.720160e-02	4.999866e+00	2.499905e-01
5.013727883674999e-04	8.776879e-02	4.999866e+00	2.499899e-01
5.013827883674999e-04	8.832383e-02	4.999866e+00	2.499893e-01
5.013927883675000e-04	8.888545e-02	4.999866e+00	2.499887e-01
5.014027883675000e-04	8.943506e-02	4.999866e+00	2.499881e-01
5.014127883675001e-04	8.999129e-02	4.999866e+00	2.499875e-01
5.014227883675001e-04	9.053566e-02	4.999866e+00	2.499870e-01
5.014327883675002e-04	9.108672e-02	4.999866e+00	2.499864e-01
5.014427883675002e-04	9.162603e-02	4.999866e+00	2.499859e-01
5.014527883675003e-04	9.217209e-02	4.999866e+00	2.499853e-01
5.014627883675003e-04	9.270652e-02	4.999866e+00	2.499848e-01
5.014727883675004e-04	9.324774e-02	4.999866e+00	2.499843e-01
5.014827883675004e-04	9.377746e-02	4.999866e+00	2.499838e-01
5.014927883675005e-04	9.431402e-02	4.999866e+00	2.499833e-01
5.015027883675005e-04	9.483919e-02	4.999866e+00	2.499828e-01
5.015127883675006e-04	9.537125e-02	4.999866e+00	2.499823e-01
5.015227883675006e-04	9.589200e-02	4.999866e+00	2.499819e-01
5.015327883675007e-04	9.641970e-02	4.999866e+00	2.499814e-01
5.015427883675007e-04	9.693620e-02	4.999866e+00	2.499810e-01
5.015527883675008e-04	9.745967e-02	4.999866e+00	2.499805e-01
5.015627883675008e-04	9.797207e-02	4.999866e+00	2.499801e-01
5.015727883675009e-04	9.849145e-02	4.999866e+00	2.499796e-01
5.015827883675009e-04	9.899984e-02	4.999866e+00	2.499792e-01
5.015927883675010e-04	9.951527e-02	4.999866e+00	2.499788e-01
5.016027883675010e-04	1.000198e-01	4.999866e+00	2.499784e-01
5.016127883675011e-04	1.005314e-01	4.999866e+00	2.499780e-01
5.016227883675011e-04	1.010322e-01	4.999866e+00	2.499776e-01
5.016327883675012e-04	1.015400e-01	4.999866e+00	2.499772e-01
5.016427883675012e-04	1.020372e-01	4.999866e+00	2.499768e-01
5.016527883675013e-04	1.025415e-01	4.999866e+00	2.499764e-01
5.016627883675013e-04	1.030351e-01	4.999866e+00	2.499761e-01
5.016727883675014e-04	1.035358e-01	4.999866e+00	2.499757e-01
5.016827883675014e-04	1.040261e-01	4.999866e+00	2.499753e-01
5.016927883675015e-04	1.045234e-01	4.999866e+00	2.499750e-01
5.017027883675015e-04	1.050103e-01	4.999866e+00	2.499746e-01
5.017127883675016e-04	1.055044e-01	4.999866e+00	2.499743e-01
5.017227883675016e-04	1.059880e-01	4.999866e+00	2.499739e-01
5.017327883675017e-04	1.064789e-01	4.999866e+00	2.499736e-01
5.017427883675017e-04	1.069594e-01	4.999866e+00	2.499733e-01
5.017527883675018e-04	1.074471e-01	4.999866e+00	2.499729e-01
5.017627883675018e-04	1.079246e-01	4.999866e+00	2.499726e-01
5.017727883675019e-04	1.084093e-01	4.999866e+00	2.499723e-01
5.017827883675019e-04	1.088839e-01	4.999866e+00	2.499720e-01
5.017927883675020e-04	1.093656e-01	4.999866e+00	2.499717e-01
5.018027883675020e-04	1.098373e-01	4.999866e+00	2.499714e-01
5.018127883675021e-04	1.103161e-01	4.999866e+00	2.499711e-01
5.018227883675021e-04	1.107850e-01	4.999866e+00	2.499708e-01
5.018327883675022e-04	1.112610e-01	4.999866e+00	2.499705e-01
5.018427883675022e-04	1.117272e-01	4.999866e+00	2.499702e-01
5.018527883675023e-04	1.122005e-01	4.999866e+00	2.499699e-01
5.018627883675023e-04	1.126640e-01	4.999866e+00	2.499696e-01
5.018727883675024e-04	1.131346e-01	4.999866e+00	2.499694e-01
5.018827883675024e-04	1.135955e-01	4.999866e+00	2.499691e-01
5.018927883675024e-04	1.140636e-01	4.999866e+00	2.499688e-01
5.019027883675025e-04	1.145220e-01	4.999866e+00	2.499686e-01
5.019127883675025e-04	1.149875e-01	4.999866e+00	2.499683e-01
5.019227883675026e-04	1.154434e-01	4.999866e+00	2.499680e-01
5.019327883675026e-04	1.159066e-01	4.999866e+00	2.499678e-01
5.019427883675027e-04	1.163600e-01	4.999866e+00	2.499675e-01
5.019527883675027e-04	1.168208e-01	4.999866e+00	2.499673e-01
5.019627883675028e-04	1.172719e-01	4.999866e+00	2.499670e-01
5.019727883675028e-04	1.177303e-01	4.999866e+00	2.499668e-01
5.019827883675029e-04	1.181791e-01	4.999866e+00	2.499665e-01
5.019927883675029e-04	1.186352e-01	4.999866e+00	2.499663e-01
5.020010000000001e-04	1.190013e-01	4.999866e+00	2.499661e-01
5.020013333333334e-04	1.190184e-01	4.999866e+00	2.499661e-01
5.020020000000001e-04	1.190596e-01	4.999866e+00	3.049027e-01
5.020027665899199e-04	1.191480e-01	4.999866e+00	4.296634e-01
5.020035381192402e-04	1.192931e-01	4.999866e+00	5.521065e-01
5.020043413778804e-04	1.195010e-01	4.999866e+00	6.764084e-01
5.020059478951607e-04	1.200796e-01	4.999866e+00	9.159409e-01
5.020091609297214e-04	1.218161e-01	4.999866e+00	1.362647e+00
5.020155869988426e-04	1.271430e-01	4.999866e+00	2.152391e+00
5.020233193408094e-04	1.359661e-01	4.999866e+00	2.967552e+00
5.020333193408095e-04	1.498235e-01	4.999866e+00	3.884604e+00
5.020433193408095e-04	1.653300e-01	4.999866e+00	4.709131e+00
5.020533193408096e-04	1.817395e-01	4.999866e+00	5.482892e+00
5.020633193408096e-04	1.986455e-01	4.999866e+00	6.228593e+00
5.020733193408097e-04	2.158267e-01	4.999866e+00	6.958579e+00
5.020833193408097e-04	2.331620e-01	4.999866e+00	7.679562e+00
5.020933193408098e-04	2.505854e-01	4.999866e+00	8.395190e+00
5.021033193408098e-04	2.680604e-01	4.999866e+00	9.107450e+00
5.021133193408099e-04	2.855667e-01	4.999866e+00	9.817421e+00
5.021233193408099e-04	3.030928e-01	4.999866e+00	1.052569e+01
5.021333193408100e-04	3.206324e-01	4.999866e+00	1.123257e+01
5.021433193408100e-04	3.381812e-01	4.999866e+00	1.193825e+01
5.021533193408101e-04	3.557368e-01	4.999866e+00	1.264281e+01
5.021633193408101e-04	3.732975e-01	4.999866e+00	1.334631e+01
5.021733193408102e-04	3.908619e-01	4.999866e+00	1.404878e+01
5.021833193408102e-04	4.084289e-01	4.999866e+00	1.475024e+01
5.021933193408103e-04	4.259978e-01	4.999866e+00	1.545068e+01
5.022033193408103e-04	4.435674e-01	4.999866e+00	1.615013e+01
5.022133193408104e-04	4.611372e-01	4.999866e+00	1.684857e+01
5.022233193408104e-04	4.787063e-01	4.999866e+00	1.754602e+01
5.022333193408105e-04	4.962741e-01	4.999866e+00	1.824248e+01
5.022433193408105e-04	5.138397e-01	4.999866e+00	1.893794e+01
5.022533193408106e-04	5.314025e-01	4.999866e+00	1.963241e+01
5.022633193408106e-04	5.489619e-01	4.999866e+00	2.032589e+01
5.022733193408107e-04	5.665171e-01	4.999866e+00	2.101838e+01
5.022833193408107e-04	5.840675e-01	4.999866e+00	2.170988e+01
5.022933193408107e-04	6.016124e-01	4.999866e+00	2.240040e+01
5.023033193408108e-04	6.191514e-01	4.999866e+00	2.308992e+01
5.023133193408108e-04	6.366836e-01	4.999866e+00	2.377847e+01
5.023233193408109e-04	6.542086e-01	4.999866e+00	2.446603e+01
5.023333193408109e-04	6.717257e-01	4.999866e+00	2.515260e+01
5.023433193408110e-04	6.892344e-01	4.999866e+00	2.583819e+01
5.023533193408110e-04	7.067341e-01	4.999866e+00	2.652281e+01
5.023633193408111e-04	7.242241e-01	4.999866e+00	2.720644e+01
5.023733193408111e-04	7.417041e-01	4.999866e+00	2.788909e+01
5.023833193408112e-04	7.591734e-01	4.999866e+00	2.857077e+01
5.023933193408112e-04	7.766316e-01	4.999866e+00	2.925147e+01
5.024033193408113e-04	7.940780e-01	4.999866e+00	2.993119e+01
5.024133193408113e-04	8.115123e-01	4.999866e+00	3.060994e+01
5.024233193408114e-04	8.289338e-01	4.999866e+00	3.128771e+01
5.024333193408114e-04	8.463423e-01	4.999866e+00	3.196452e+01
5.024433193408115e-04	8.637369e-01	4.999866e+00	3.264035e+01
5.024533193408115e-04	8.811176e-01	4.999866e+00	3.331521e+01
5.024633193408116e-04	8.984836e-01	4.999866e+00	3.398910e+01
5.024733193408116e-04	9.158345e-01	4.999866e+00	3.466203e+01
5.024833193408117e-04	9.331700e-01	4.999866e+00	3.533398e+01
5.024933193408117e-04	9.504896e-01	4.999866e+00	3.600497e+01
5.025033193408118e-04	9.677927e-01	4.999866e+00	3.667500e+01
5.025133193408118e-04	9.850792e-01	4.999866e+00	3.734407e+01
5.025233193408119e-04	1.002349e+00	4.999866e+00	3.801217e+01
5.025333193408119e-04	1.019600e+00	4.999866e+00	3.867931e+01
5.025433193408120e-04	1.036834e+00	4.999866e+00	3.934549e+01
5.025533193408120e-04	1.054049e+00	4.999866e+00	4.001071e+01
5.025633193408121e-04	1.071246e+00	4.999866e+00	4.067497e+01
5.025733193408121e-04	1.088423e+00	4.999866e+00	4.133828e+01
5.025833193408122e-04	1.105581e+00	4.999866e+00	4.200063e+01
5.025933193408122e-04	1.122719e+00	4.999866e+00	4.266203e+01
5.026033193408123e-04	1.139837e+00	4.999866e+00	4.332247e+01
5.026133193408123e-04	1.156934e+00	4.999866e+00	4.398196e+01
5.026233193408124e-04	1.174011e+00	4.999864e+00	4.464050e+01
5.026236689340431e-04	1.174608e+00	4.999863e+00	4.466351e+01
5.026243681205047e-04	1.175801e+00	4.999858e+00	4.470951e+01
5.026257664934277e-04	1.178187e+00	4.999834e+00	4.480151e+01
5.026268925987390e-04	1.180108e+00	4.999252e+00	4.487558e+01
5.026275533074854e-04	1.181235e+00	4.994887e+00	4.491904e+01
5.026280337003313e-04	1.182054e+00	4.983416e+00	4.495063e+01
5.026284732299065e-04	1.182804e+00	4.957886e+00	4.497953e+01
5.026288716622574e-04	1.183483e+00	4.907894e+00	4.500573e+01
5.026292272688436e-04	1.184090e+00	4.812986e+00	4.502912e+01
5.026295109978531e-04	1.184573e+00	4.645903e+00	4.504777e+01
5.026298245861776e-04	1.185108e+00	4.329566e+00	4.506839e+01
5.026301511455104e-04	1.185665e+00	3.912705e+00	4.508986e+01
5.026306604021679e-04	1.186533e+00	3.168750e+00	4.512334e+01
5.026311839698432e-04	1.187426e+00	2.272446e+00	4.515775e+01
5.026322311051938e-04	1.189211e+00	1.759768e-01	4.522658e+01
5.026325210547528e-04	1.189705e+00	-2.487145e-02	4.524563e+01
5.026326062233498e-04	1.189851e+00	3.827130e-03	4.525123e+01
5.026326297321635e-04	1.189891e+00	2.139853e-03	4.525277e+01
5.026326508364727e-04	1.189927e+00	1.299011e-03	4.525416e+01
5.026326765145918e-04	1.189970e+00	7.393481e-04	4.525585e+01
5.026327278708299e-04	1.190058e+00	2.994479e-04	4.525922e+01
5.026327933362926e-04	1.190170e+00	2.055330e-04	4.526353e+01
5.026333125131233e-04	1.191054e+00	1.377092e-04	4.529764e+01
5.026338752109106e-04	1.192014e+00	1.035820e-04	4.533462e+01
5.026350006064852e-04	1.193931e+00	8.391270e-05	4.540856e+01
5.026372513976345e-04	1.197766e+00	8.408696e-05	4.555640e+01
5.026417529799329e-04	1.205433e+00	8.347297e-05	4.585194e+01
5.026507561445299e-04	1.220753e+00	8.315031e-05	4.644245e+01
5.026607561445300e-04	1.237748e+00	8.258672e-05	4.709744e+01
5.026707561445300e-04	1.254721e+00	8.260104e-05	4.775149e+01
5.026807561445301e-04	1.271671e+00	8.227854e-05	4.840459e+01
5.026907561445301e-04	1.288598e+00	8.242630e-05	4.905675e+01
5.027107561445302e-04	1.322382e+00	8.237040e-05	5.035824e+01
5.027607561445304e-04	1.406417e+00	8.213899e-05	5.359555e+01
5.031007561445321e-04	1.959677e+00	8.215056e-05	7.499786e+01
5.034507561445338e-04	2.491151e+00	8.231594e-05	9.595157e+01
5.037607561445353e-04	2.926367e+00	8.217560e-05	1.136377e+02
5.041807561445374e-04	3.460956e+00	8.218858e-05	1.363560e+02
5.042407561445377e-04	3.532143e+00	8.219023e-05	1.394889e+02
5.042907561445379e-04	3.590486e+00	8.228877e-05	1.420787e+02
5.043307561445381e-04	3.636528e+00	8.228772e-05	1.441370e+02
5.043607561445383e-04	3.670690e+00	8.219338e-05	1.456728e+02
5.043907561445384e-04	3.704531e+00	8.228620e-05	1.472019e+02
5.044207561445386e-04	3.738047e+00	8.219489e-05	1.487242e+02
5.044407561445387e-04	3.760208e+00	8.219538e-05	1.497354e+02
5.044607561445388e-04	3.782221e+00	8.219587e-05	1.507437e+02
5.044807561445389e-04	3.804084e+00	8.219635e-05	1.517489e+02
5.045007561445390e-04	3.825795e+00	8.219682e-05	1.527513e+02
5.045207561445391e-04	3.847351e+00	8.219729e-05	1.537507e+02
5.045407561445392e-04	3.868752e+00	8.219776e-05	1.547471e+02
5.045507561445392e-04	3.879394e+00	8.228235e-05	1.552443e+02
5.045607561445393e-04	3.889996e+00	8.219822e-05	1.557407e+02
5.045707561445393e-04	3.900559e+00	8.228189e-05	1.562363e+02
5.045807561445394e-04	3.911082e+00	8.219868e-05	1.567313e+02
5.045907561445394e-04	3.921566e+00	8.228144e-05	1.572255e+02
5.046007561445395e-04	3.932011e+00	8.219913e-05	1.577190e+02
5.046107561445395e-04	3.942420e+00	8.228099e-05	1.582117e+02
5.046207561445396e-04	3.952792e+00	8.219957e-05	1.587038e+02
5.046307561445396e-04	3.963128e+00	8.228055e-05	1.591951e+02
5.046407561445397e-04	3.973428e+00	8.220001e-05	1.596857e+02
5.046507561445397e-04	3.983695e+00	8.228011e-05	1.601756e+02
5.046607561445398e-04	3.993927e+00	8.220045e-05	1.606647e+02
5.046707561445398e-04	4.004127e+00	8.227967e-05	1.611532e+02
5.046807561445399e-04	4.014294e+00	8.220089e-05	1.616409e+02
5.046907561445399e-04	4.024427e+00	8.227924e-05	1.621279e+02
5.047007561445400e-04	4.034524e+00	8.220132e-05	1.626143e+02
5.047107561445400e-04	4.044586e+00	8.227882e-05	1.630998e+02
5.047207561445401e-04	4.054610e+00	8.220174e-05	1.635847e+02
5.047307561445401e-04	4.064597e+00	8.227840e-05	1.640689e+02
5.047407561445402e-04	4.074543e+00	8.220215e-05	1.645524e+02
5.047507561445402e-04	4.084450e+00	8.227798e-05	1.650351e+02
5.047607561445403e-04	4.094316e+00	8.220257e-05	1.655171e+02
5.047707561445403e-04	4.104139e+00	8.227757e-05	1.659985e+02
5.047807561445403e-04	4.113921e+00	8.220298e-05	1.664791e+02
5.047907561445404e-04	4.123661e+00	8.227716e-05	1.669590e+02
5.048007561445404e-04	4.133360e+00	8.220339e-05	1.674382e+02
5.048107561445405e-04	4.143021e+00	8.227676e-05	1.679167e+02
5.048207561445405e-04	4.152644e+00	8.220379e-05	1.683945e+02
5.048407561445406e-04	4.171780e+00	8.220418e-05	1.693480e+02
5.048607561445407e-04	4.190774e+00	8.220458e-05	1.702987e+02
5.048907561445409e-04	4.219010e+00	8.227519e-05	1.717195e+02
5.049307561445411e-04	4.256198e+00	8.227443e-05	1.736042e+02
5.049907561445414e-04	4.311025e+00	8.227332e-05	1.764106e+02
5.051807561445423e-04	4.477314e+00	8.221032e-05	1.851369e+02
5.056507561445446e-04	4.842824e+00	8.226322e-05	2.057088e+02
5.057307561445450e-04	4.898424e+00	8.226222e-05	2.090715e+02
5.057707561445452e-04	4.925151e+00	8.226174e-05	2.107380e+02
5.058007561445453e-04	4.944491e+00	8.221898e-05	2.119813e+02
5.058307561445455e-04	4.962961e+00	8.226105e-05	2.132189e+02
5.058607561445456e-04	4.980201e+00	8.221967e-05	2.144506e+02
5.058807561445457e-04	4.990783e+00	8.221989e-05	2.152684e+02
5.059107561445459e-04	5.004910e+00	8.226014e-05	2.164899e+02
5.059807561445462e-04	5.027901e+00	8.222098e-05	2.193145e+02
5.060007561445463e-04	5.031899e+00	8.222120e-05	2.201148e+02
5.060207561445464e-04	5.034950e+00	8.222141e-05	2.209124e+02
5.060407561445465e-04	5.037215e+00	8.222162e-05	2.217071e+02
5.060607561445466e-04	5.038854e+00	8.222182e-05	2.224991e+02
5.060907561445468e-04	5.040448e+00	8.225825e-05	2.236823e+02
5.061207561445469e-04	5.041337e+00	8.222242e-05	2.248599e+02
5.061607561445471e-04	5.041869e+00	8.222281e-05	2.264218e+02
5.062207561445474e-04	5.041964e+00	8.222338e-05	2.287474e+02
5.063607561445481e-04	5.041187e+00	8.222463e-05	2.340962e+02
5.070307561445514e-04	5.036030e+00	8.225092e-05	2.582661e+02
5.076307561445543e-04	5.031152e+00	8.224787e-05	2.780363e+02
5.081807561445570e-04	5.026449e+00	8.223456e-05	2.947319e+02
5.086807561445595e-04	5.021945e+00	8.223595e-05	3.088147e+02
5.091307561445617e-04	5.017674e+00	8.224348e-05	3.206589e+02
5.095307561445636e-04	5.013673e+00	8.224280e-05	3.305677e+02
5.098707561445653e-04	5.010099e+00	8.224234e-05	3.385573e+02
5.101507561445667e-04	5.007019e+00	8.224201e-05	3.448521e+02
5.103707561445678e-04	5.004502e+00	8.224179e-05	3.496248e+02
5.105307561445685e-04	5.002613e+00	8.224164e-05	3.530031e+02
5.106207561445690e-04	5.001527e+00	8.223883e-05	3.548697e+02
5.107107561445694e-04	5.000424e+00	8.224149e-05	3.567126e+02
5.108607561445702e-04	4.998545e+00	8.223902e-05	3.597319e+02
5.110807561445712e-04	4.995689e+00	8.223917e-05	3.640450e+02
5.113407561445725e-04	4.992147e+00	8.223933e-05	3.689709e+02
5.116907561445742e-04	4.987052e+00	8.224090e-05	3.753200e+02
5.121007561445762e-04	4.980518e+00	8.223968e-05	3.823654e+02
5.125707561445785e-04	4.972097e+00	8.224058e-05	3.899506e+02
5.131007561445811e-04	4.961053e+00	8.223996e-05	3.979153e+02
5.136707561445839e-04	4.946699e+00	8.224035e-05	4.058343e+02
5.142707561445869e-04	4.927742e+00	8.224027e-05	4.135013e+02
5.149007561445900e-04	4.901950e+00	8.224020e-05	4.208731e+02
5.155907561445934e-04	4.864523e+00	8.224016e-05	4.282176e+02
5.164207561445974e-04	4.804187e+00	8.224028e-05	4.361385e+02
5.174007561446022e-04	4.710714e+00	8.224030e-05	4.443490e+02
5.183807561446070e-04	4.595774e+00	8.224032e-05	4.514778e+02
5.193607561446118e-04	4.463151e+00	8.224032e-05	4.576678e+02
5.203407561446166e-04	4.316494e+00	8.224032e-05	4.630433e+02
5.207007561446184e-04	4.259812e+00	8.224032e-05	4.648354e+02
5.209207561446195e-04	4.224591e+00	8.224032e-05	4.658858e+02
5.210807561446203e-04	4.198759e+00	8.224032e-05	4.666292e+02
5.212107561446209e-04	4.177675e+00	8.224008e-05	4.672207e+02
5.213207561446214e-04	4.159799e+00	8.224032e-05	4.677128e+02
5.214207561446219e-04	4.143543e+00	8.224032e-05	4.681534e+02
5.215107561446224e-04	4.128932e+00	8.224008e-05	4.685447e+02
5.215807561446227e-04	4.117593e+00	8.224032e-05	4.688456e+02
5.216607561446231e-04	4.104676e+00	8.224032e-05	4.691858e+02
5.217407561446235e-04	4.091816e+00	8.224032e-05	4.695222e+02
5.218007561446238e-04	4.082206e+00	8.224032e-05	4.697721e+02
5.218607561446241e-04	4.072621e+00	8.224032e-05	4.700198e+02
5.219107561446243e-04	4.064648e+00	8.224008e-05	4.702246e+02
5.219607561446246e-04	4.056685e+00	8.224032e-05	4.704279e+02
5.220107561446248e-04	4.048729e+00	8.224008e-05	4.706299e+02
5.220507561446250e-04	4.042368e+00	8.224008e-05	4.707904e+02
5.220907561446252e-04	4.036008e+00	8.224008e-05	4.709500e+02
5.221307561446254e-04	4.029647e+00	8.224008e-05	4.711087e+02
5.221707561446256e-04	4.023284e+00	8.224009e-05	4.712665e+02
5.222107561446258e-04	4.016918e+00	8.224009e-05	4.714234e+02
5.222507561446260e-04	4.010546e+00	8.224009e-05	4.715794e+02
5.222907561446262e-04	4.004168e+00	8.224009e-05	4.717345e+02
5.223707561446266e-04	3.991386e+00	8.224009e-05	4.720421e+02
5.224307561446269e-04	3.981778e+00	8.224009e-05	4.722704e+02
5.224907561446272e-04	3.972157e+00	8.224009e-05	4.724969e+02
5.225507561446275e-04	3.962527e+00	8.224009e-05	4.727213e+02
5.226107561446278e-04	3.952891e+00	8.224009e-05	4.729439e+02
5.226807561446281e-04	3.941647e+00	8.224032e-05	4.732012e+02
5.227507561446285e-04	3.930408e+00	8.224009e-05	4.734559e+02
5.228207561446288e-04	3.919179e+00	8.224032e-05	4.737081e+02
5.229007561446292e-04	3.906366e+00	8.224032e-05	4.739933e+02
5.231007561446302e-04	3.874476e+00	8.224032e-05	4.746922e+02
5.232707561446310e-04	3.847529e+00	8.224009e-05	4.752709e+02
5.234407561446318e-04	3.820710e+00	8.224032e-05	4.758358e+02
5.236207561446327e-04	3.792428e+00	8.224032e-05	4.764193e+02
5.238207561446337e-04	3.761112e+00	8.224032e-05	4.770504e+02
5.240507561446348e-04	3.725198e+00	8.224009e-05	4.777543e+02
5.243107561446361e-04	3.684682e+00	8.224009e-05	4.785228e+02
5.246307561446377e-04	3.634878e+00	8.224009e-05	4.794303e+02
5.253207561446411e-04	3.527634e+00	8.224032e-05	4.812520e+02
5.263307561446460e-04	3.372113e+00	8.224010e-05	4.836161e+02
5.273507561446510e-04	3.218108e+00	8.224010e-05	4.856837e+02
5.283707561446560e-04	3.068169e+00	8.224010e-05	4.874737e+02
5.294007561446611e-04	2.921739e+00	8.224032e-05	4.890382e+02
5.304407561446662e-04	2.779622e+00	8.224032e-05	4.904043e+02
5.314907561446713e-04	2.642455e+00	8.224011e-05	4.915960e+02
5.318207561446729e-04	2.600708e+00	8.224031e-05	4.919359e+02
5.328907561446782e-04	2.469930e+00	8.224011e-05	4.929368e+02
5.339707561446835e-04	2.345107e+00	8.224011e-05	4.938073e+02
5.350707561446889e-04	2.225376e+00	8.224011e-05	4.945702e+02
5.361907561446944e-04	2.111031e+00	8.224012e-05	4.952374e+02
5.373307561446999e-04	2.002274e+00	8.224012e-05	4.958195e+02
5.385007561447057e-04	1.898371e+00	8.224030e-05	4.963303e+02
5.397007561447116e-04	1.799559e+00	8.224030e-05	4.967769e+02
5.409307561447176e-04	1.705999e+00	8.224013e-05	4.971659e+02
5.420607561447231e-04	1.626542e+00	8.224029e-05	4.974713e+02
5.433707561447296e-04	1.541720e+00	8.224013e-05	4.977728e+02
5.447407561447363e-04	1.460803e+00	8.224029e-05	4.980373e+02
5.461707561447433e-04	1.384166e+00	8.224013e-05	4.982676e+02
5.476607561447506e-04	1.312090e+00	8.224029e-05	4.984664e+02
5.492207561447582e-04	1.244349e+00	8.224031e-05	4.986379e+02
5.508607561447663e-04	1.180809e+00	8.224039e-05	4.987854e+02
5.523007561447733e-04	1.130857e+00	8.224062e-05	4.988923e+02
5.541407561447824e-04	1.074126e+00	8.224156e-05	4.990041e+02
5.561307561447921e-04	1.020696e+00	8.224488e-05	4.991001e+02
5.568907561447959e-04	1.002240e+00	8.321103e-05	4.991312e+02
5.569007561447959e-04	1.002004e+00	8.484711e-05	4.991316e+02
5.569107561447960e-04	1.001768e+00	8.874902e-05	4.991320e+02
5.569207561447960e-04	1.001532e+00	9.288031e-05	4.991324e+02
5.570107561447964e-04	9.994179e-01	1.580351e-04	4.991359e+02
5.570507561447966e-04	9.984826e-01	2.293726e-04	4.991374e+02
5.570707561447967e-04	9.980160e-01	2.961890e-04	4.991382e+02
5.570907561447968e-04	9.975500e-01	4.179745e-04	4.991389e+02
5.571007561447969e-04	9.973173e-01	5.261172e-04	4.991393e+02
5.571107561447969e-04	9.970847e-01	7.111187e-04	4.991397e+02
5.571207561447970e-04	9.968524e-01	1.098346e-03	4.991401e+02
5.571307561447970e-04	9.966202e-01	2.488915e-03	4.991405e+02
5.571317118870099e-04	9.965980e-01	2.805948e-03	4.991405e+02
5.571336233714359e-04	9.965536e-01	3.788240e-03	4.991406e+02
5.571354629581799e-04	9.965109e-01	5.808613e-03	4.991406e+02
5.571374077751413e-04	9.964658e-01	1.244633e-02	4.991407e+02
5.571391638558393e-04	9.964250e-01	2.435778e-02	4.991408e+02
5.571412918153072e-04	9.963757e-01	5.085236e-02	4.991409e+02
5.571430693181178e-04	9.963345e-01	9.617501e-02	4.991409e+02
5.571448341923469e-04	9.962935e-01	1.887135e-01	4.991410e+02
5.571466817386622e-04	9.962507e-01	3.932694e-01	4.991411e+02
5.571484783536592e-04	9.962090e-01	8.200321e-01	4.991411e+02
5.571502600094395e-04	9.961677e-01	1.741507e+00	4.991412e+02
5.571517945020056e-04	9.961322e-01	3.362905e+00	4.991413e+02
5.571526118581000e-04	9.961132e-01	4.718529e+00	4.991413e+02
5.571529176800095e-04	9.961061e-01	5.002608e+00	4.991413e+02
5.571529678021463e-04	9.961050e-01	5.000661e+00	4.991413e+02
5.571529922690394e-04	9.961044e-01	5.000234e+00	4.991413e+02
5.571530142963984e-04	9.961039e-01	4.999989e+00	4.991413e+02
5.571530408120905e-04	9.961033e-01	4.999806e+00	4.991413e+02
5.571530938434748e-04	9.961020e-01	4.999640e+00	4.991413e+02
5.571531612163584e-04	9.961005e-01	4.999604e+00	4.991413e+02
5.571532615911082e-04	9.960982e-01	4.999632e+00	4.991413e+02
5.571534043914197e-04	9.960949e-01	4.999678e+00	4.991413e+02
5.571542611932884e-04	9.960750e-01	4.999812e+00	4.991414e+02
5.571554035957801e-04	9.960485e-01	4.999863e+00	4.991414e+02
5.571576884007635e-04	9.959956e-01	4.999864e+00	4.991415e+02
5.571622580107303e-04	9.958897e-01	4.999864e+00	4.991417e+02
5.571704004911792e-04	9.957012e-01	4.999865e+00	4.991420e+02
5.571804004911793e-04	9.954699e-01	4.999865e+00	4.991423e+02
5.571904004911793e-04	9.952386e-01	4.999866e+00	4.991427e+02
5.572004004911794e-04	9.950076e-01	4.999865e+00	4.991431e+02
5.572104004911794e-04	9.947767e-01	4.999866e+00	4.991435e+02
5.572304004911795e-04	9.943154e-01	4.999866e+00	4.991442e+02
5.572804004911798e-04	9.931653e-01	4.999865e+00	4.991461e+02
5.595604004911910e-04	9.449186e-01	4.999866e+00	4.992209e+02
5.620904004912034e-04	8.999639e-01	4.999866e+00	4.992840e+02
5.623004004912044e-04	8.965915e-01	4.999866e+00	4.992885e+02
5.652004004912186e-04	8.549342e-01	4.999866e+00	4.993408e+02
5.685504004912350e-04	8.165957e-01	4.999866e+00	4.993840e+02
5.725304004912545e-04	7.816985e-01	4.999866e+00	4.994193e+02
5.725404004912546e-04	7.816229e-01	4.999866e+00	4.994193e+02
5.774404004912786e-04	7.505153e-01	4.999866e+00	4.994474e+02
5.827804004913048e-04	7.271594e-01	4.999866e+00	4.994663e+02
5.911304004913457e-04	7.047918e-01	4.999866e+00	4.994827e+02
5.930204004913550e-04	7.013574e-01	4.999866e+00	4.994851e+02
6.032604004914052e-04	6.891315e-01	4.999866e+00	4.994932e+02
6.135004004914554e-04	6.833380e-01	4.999866e+00	4.994968e+02
6.237404004915056e-04	6.805925e-01	4.999866e+00	4.994985e+02
6.339804004915559e-04	6.792915e-01	4.999866e+00	4.994993e+02
6.442204004916061e-04	6.786749e-01	4.999866e+00	4.994997e+02
6.544604004916563e-04	6.783828e-01	4.999866e+00	4.994998e+02
6.647004004917065e-04	6.782443e-01	4.999866e+00	4.994999e+02
6.749404004917567e-04	6.781787e-01	4.999866e+00	4.995000e+02
6.851804004918069e-04	6.781476e-01	4.999866e+00	4.995000e+02
6.954204004918571e-04	6.781329e-01	4.999866e+00	4.995000e+02
7.056604004919073e-04	6.781259e-01	4.999866e+00	4.995000e+02
7.159004004919575e-04	6.781226e-01	4.999866e+00	4.995000e+02
7.261404004920077e-04	6.781210e-01	4.999866e+00	4.995000e+02
7.363804004920579e-04	6.781203e-01	4.999866e+00	4.995000e+02
7.466204004921081e-04	6.781199e-01	4.999866e+00	4.995000e+02
7.568604004921584e-04	6.781198e-01	4.999866e+00	4.995000e+02
7.671004004922086e-04	6.781197e-01	4.999866e+00	4.995000e+02
7.773404004922588e-04	6.781197e-01	4.999866e+00	4.995000e+02
7.875804004923090e-04	6.781196e-01	4.999866e+00	4.995000e+02
7.978204004923592e-04	6.781196e-01	4.999866e+00	4.995000e+02
8.080604004924094e-04	6.781196e-01	4.999866e+00	4.995000e+02
8.183004004924596e-04	6.781196e-01	4.999866e+00	4.995000e+02
8.285404004925098e-04	6.781196e-01	4.999866e+00	4.995000e+02
8.387804004925600e-04	6.781196e-01	4.999866e+00	4.995000e+02
8.490204004926102e-04	6.781196e-01	4.999866e+00	4.995000e+02
8.592604004926604e-04	6.781196e-01	4.999866e+00	4.995000e+02
8.695004004927107e-04	6.781196e-01	4.999866e+00	4.995000e+02
8.797404004927609e-04	6.781196e-01	4.999866e+00	4.995000e+02
8.899804004928111e-04	6.781196e-01	4.999866e+00	4.995000e+02
9.002204004928613e-04	6.781196e-01	4.999866e+00	4.995000e+02
9.104604004929115e-04	6.781196e-01	4.999866e+00	4.995000e+02
9.207004004929617e-04	6.781196e-01	4.999866e+00	4.995000e+02
9.309404004930119e-04	6.781196e-01	4.999866e+00	4.995000e+02
9.411804004930621e-04	6.781196e-01	4.999866e+00	4.995000e+02
9.514204004931123e-04	6.781196e-01	4.999866e+00	4.995000e+02
9.616604004931625e-04	6.781196e-01	4.999866e+00	4.995000e+02
9.719004004932127e-04	6.781196e-01	4.999866e+00	4.995000e+02
9.821404004932025e-04	6.781196e-01	4.999866e+00	4.995000e+02
9.923804004931416e-04	6.781196e-01	4.999866e+00	4.995000e+02
1.002620400493081e-03	6.781196e-01	4.999866e+00	4.995000e+02
1.012860400493020e-03	6.781196e-01	4.999866e+00	4.995000e+02
1.023100400492959e-03	6.781196e-01	4.999866e+00	4.995000e+02
1.033340400492898e-03	6.781196e-01	4.999866e+00	4.995000e+02
1.043580400492838e-03	6.781196e-01	4.999866e+00	4.995000e+02
1.053820400492777e-03	6.781196e-01	4.999866e+00	4.995000e+02
1.064060400492716e-03	6.781196e-01	4.999866e+00	4.995000e+02
1.074300400492655e-03	6.781196e-01	4.999866e+00	4.995000e+02
1.084540400492594e-03	6.781196e-01	4.999866e+00	4.995000e+02
1.094780400492534e-03	6.781196e-01	4.999866e+00	4.995000e+02
1.105020400492473e-03	6.781196e-01	4.999866e+00	4.995000e+02
1.115260400492412e-03	6.781196e-01	4.999866e+00	4.995000e+02
1.125500400492351e-03	6.781196e-01	4.999866e+00	4.995000e+02
1.135740400492290e-03	6.781196e-01	4.999866e+00	4.995000e+02
1.145980400492229e-03	6.781196e-01	4.999866e+00	4.995000e+02
1.156220400492169e-03	6.781196e-01	4.999866e+00	4.995000e+02
1.166460400492108e-03	6.781196e-01	4.999866e+00	4.995000e+02
1.176700400492047e-03	6.781196e-01	4.999866e+00	4.995000e+02
1.186940400491986e-03	6.781196e-01	4.999866e+00	4.995000e+02
1.197180400491925e-03	6.781196e-01	4.999866e+00	4.995000e+02
1.207420400491865e-03	6.781196e-01	4.999866e+00	4.995000e+02
1.217660400491804e-03	6.781196e-01	4.999866e+00	4.995000e+02
1.227900400491743e-03	6.781196e-01	4.999866e+00	4.995000e+02
1.238140400491682e-03	6.781196e-01	4.999866e+00	4.995000e+02
1.248380400491621e-03	6.781196e-01	4.999866e+00	4.995000e+02
1.258620400491560e-03	6.781196e-01	4.999866e+00	4.995000e+02
1.268860400491500e-03	6.781196e-01	4.999866e+00	4.995000e+02
1.279100400491439e-03	6.781196e-01	4.999866e+00	4.995000e+02
1.289340400491378e-03	6.781196e-01	4.999866e+00	4.995000e+02
1.299580400491317e-03	6.781196e-01	4.999866e+00	4.995000e+02
1.309820400491256e-03	6.781196e-01	4.999866e+00	4.995000e+02
1.320060400491196e-03	6.781196e-01	4.999866e+00	4.995000e+02
1.330300400491135e-03	6.781196e-01	4.999866e+00	4.995000e+02
1.340540400491074e-03	6.781196e-01	4.999866e+00	4.995000e+02
1.350780400491013e-03	6.781196e-01	4.999866e+00	4.995000e+02
1.361020400490952e-03	6.781196e-01	4.999866e+00	4.995000e+02
1.371260400490892e-03	6.781196e-01	4.999866e+00	4.995000e+02
1.381500400490831e-03	6.781196e-01	4.999866e+00	4.995000e+02
1.391740400490770e-03	6.781196e-01	4.999866e+00	4.995000e+02
1.401980400490709e-03	6.781196e-01	4.999866e+00	4.995000e+02
1.412220400490648e-03	6.781196e-01	4.999866e+00	4.995000e+02
1.422460400490587e-03	6.781196e-01	4.999866e+00	4.995000e+02
1.432700400490527e-03	6.781196e-01	4.999866e+00	4.995000e+02
1.442940400490466e-03	6.781196e-01	4.999866e+00	4.995000e+02
1.453180400490405e-03	6.781196e-01	4.999866e+00	4.995000e+02
1.463420400490344e-03	6.781196e-01	4.999866e+00	4.995000e+02
1.473660400490283e-03	6.781196e-01	4.999866e+00	4.995000e+02
1.483900400490223e-03	6.781196e-01	4.999866e+00	4.995000e+02
1.494140400490162e-03	6.781196e-01	4.999866e+00	4.995000e+02
1.504380400490101e-03	6.781196e-01	4.999866e+00	4.995000e+02
1.514620400490040e-03	6.781196e-01	4.999866e+00	4.995000e+02
1.524860400489979e-03	6.781196e-01	4.999866e+00	4.995000e+02
1.535100400489919e-03	6.781196e-01	4.999866e+00	4.995000e+02
1.545340400489858e-03	6.781196e-01	4.999866e+00	4.995000e+02
1.555580400489797e-03	6.781196e-01	4.999866e+00	4.995000e+02
1.565820400489736e-03	6.781196e-01	4.999866e+00	4.995000e+02
1.576060400489675e-03	6.781196e-01	4.999866e+00	4.995000e+02
1.586300400489614e-03	6.781196e-01	4.999866e+00	4.995000e+02
1.596540400489554e-03	6.781196e-01	4.999866e+00	4.995000e+02
1.606780400489493e-03	6.781196e-01	4.999866e+00	4.995000e+02
1.617020400489432e-03	6.781196e-01	4.999866e+00	4.995000e+02
1.627260400489371e-03	6.781196e-01	4.999866e+00	4.995000e+02
1.637500400489310e-03	6.781196e-01	4.999866e+00	4.995000e+02
1.647740400489250e-03	6.781196e-01	4.999866e+00	4.995000e+02
1.657980400489189e-03	6.781196e-01	4.999866e+00	4.995000e+02
1.668220400489128e-03	6.781196e-01	4.999866e+00	4.995000e+02
1.678460400489067e-03	6.781196e-01	4.999866e+00	4.995000e+02
1.688700400489006e-03	6.781196e-01	4.999866e+00	4.995000e+02
1.698940400488946e-03	6.781196e-01	4.999866e+00	4.995000e+02
1.709180400488885e-03	6.781196e-01	4.999866e+00	4.995000e+02
1.719420400488824e-03	6.781196e-01	4.999866e+00	4.995000e+02
1.729660400488763e-03	6.781196e-01	4.999866e+00	4.995000e+02
1.739900400488702e-03	6.781196e-01	4.999866e+00	4.995000e+02
1.750140400488641e-03	6.781196e-01	4.999866e+00	4.995000e+02
1.760380400488581e-03	6.781196e-01	4.999866e+00	4.995000e+02
1.770620400488520e-03	6.781196e-01	4.999866e+00	4.995000e+02
1.780860400488459e-03	6.781196e-01	4.999866e+00	4.995000e+02
1.791100400488398e-03	6.781196e-01	4.999866e+00	4.995000e+02
1.801340400488337e-03	6.781196e-01	4.999866e+00	4.995000e+02
1.811580400488277e-03	6.781196e-01	4.999866e+00	4.995000e+02
1.821820400488216e-03	6.781196e-01	4.999866e+00	4.995000e+02
1.832060400488155e-03	6.781196e-01	4.999866e+00	4.995000e+02
1.842300400488094e-03	6.781196e-01	4.999866e+00	4.995000e+02
1.852540400488033e-03	6.781196e-01	4.999866e+00	4.995000e+02
1.862780400487973e-03	6.781196e-01	4.999866e+00	4.995000e+02
1.873020400487912e-03	6.781196e-01	4.999866e+00	4.995000e+02
1.883260400487851e-03	6.781196e-01	4.999866e+00	4.995000e+02
1.893500400487790e-03	6.781196e-01	4.999866e+00	4.995000e+02
1.903740400487729e-03	6.781196e-01	4.999866e+00	4.995000e+02
1.913980400487668e-03	6.781196e-01	4.999866e+00	4.995000e+02
1.924220400487608e-03	6.781196e-01	4.999866e+00	4.995000e+02
1.934460400487547e-03	6.781196e-01	4.999866e+00	4.995000e+02
1.944700400487486e-03	6.781196e-01	4.999866e+00	4.995000e+02
1.954940400487425e-03	6.781196e-01	4.999866e+00	4.995000e+02
1.965180400487365e-03	6.781196e-01	4.999866e+00	4.995000e+02
1.975420400487304e-03	6.781196e-01	4.999866e+00	4.995000e+02
1.985660400487243e-03	6.781196e-01	4.999866e+00	4.995000e+02
1.995900400487182e-03	6.781196e-01	4.999866e+00	4.995000e+02
2.006140400487121e-03	6.781196e-01	4.999866e+00	4.995000e+02
2.016380400487061e-03	6.781196e-01	4.999866e+00	4.995000e+02
2.026620400487000e-03	6.781196e-01	4.999866e+00	4.995000e+02
2.036860400486939e-03	6.781196e-01	4.999866e+00	4.995000e+02
2.047100400486878e-03	6.781196e-01	4.999866e+00	4.995000e+02
2.057340400486817e-03	6.781196e-01	4.999866e+00	4.995000e+02
2.067580400486756e-03	6.781196e-01	4.999866e+00	4.995000e+02
2.077820400486696e-03	6.781196e-01	4.999866e+00	4.995000e+02
2.088060400486635e-03	6.781196e-01	4.999866e+00	4.995000e+02
2.098300400486574e-03	6.781196e-01	4.999866e+00	4.995000e+02
2.108540400486513e-03	6.781196e-01	4.999866e+00	4.995000e+02
2.118780400486452e-03	6.781196e-01	4.999866e+00	4.995000e+02
2.129020400486392e-03	6.781196e-01	4.999866e+00	4.995000e+02
2.139260400486331e-03	6.781196e-01	4.999866e+00	4.995000e+02
2.149500400486270e-03	6.781196e-01	4.999866e+00	4.995000e+02
2.159740400486209e-03	6.781196e-01	4.999866e+00	4.995000e+02
2.169980400486148e-03	6.781196e-01	4.999866e+00	4.995000e+02
2.180220400486088e-03	6.781196e-01	4.999866e+00	4.995000e+02
2.190460400486027e-03	6.781196e-01	4.999866e+00	4.995000e+02
2.200700400485966e-03	6.781196e-01	4.999866e+00	4.995000e+02
2.210940400485905e-03	6.781196e-01	4.999866e+00	4.995000e+02
2.221180400485844e-03	6.781196e-01	4.999866e+00	4.995000e+02
2.231420400485783e-03	6.781196e-01	4.999866e+00	4.995000e+02
2.241660400485723e-03	6.781196e-01	4.999866e+00	4.995000e+02
2.251900400485662e-03	6.781196e-01	4.999866e+00	4.995000e+02
2.262140400485601e-03	6.781196e-01	4.999866e+00	4.995000e+02
2.272380400485540e-03	6.781196e-01	4.999866e+00	4.995000e+02
2.282620400485479e-03	6.781196e-01	4.999866e+00	4.995000e+02
2.292860400485419e-03	6.781196e-01	4.999866e+00	4.995000e+02
2.303100400485358e-03	6.781196e-01	4.999866e+00	4.995000e+02
2.313340400485297e-03	6.781196e-01	4.999866e+00	4.995000e+02
2.323580400485236e-03	6.781196e-01	4.999866e+00	4.995000e+02
2.333820400485175e-03	6.781196e-01	4.999866e+00	4.995000e+02
2.344060400485114e-03	6.781196e-01	4.999866e+00	4.995000e+02
2.354300400485054e-03	6.781196e-01	4.999866e+00	4.995000e+02
2.364540400484993e-03	6.781196e-01	4.999866e+00	4.995000e+02
2.374780400484932e-03	6.781196e-01	4.999866e+00	4.995000e+02
2.385020400484871e-03	6.781196e-01	4.999866e+00	4.995000e+02
2.395260400484810e-03	6.781196e-01	4.999866e+00	4.995000e+02
2.405500400484750e-03	6.781196e-01	4.999866e+00	4.995000e+02
2.415740400484689e-03	6.781196e-01	4.999866e+00	4.995000e+02
2.425980400484628e-03	6.781196e-01	4.999866e+00	4.995000e+02
2.436220400484567e-03	6.781196e-01	4.999866e+00	4.995000e+02
2.446460400484506e-03	6.781196e-01	4.999866e+00	4.995000e+02
2.456700400484446e-03	6.781196e-01	4.999866e+00	4.995000e+02
2.466940400484385e-03	6.781196e-01	4.999866e+00	4.995000e+02
2.477180400484324e-03	6.781196e-01	4.999866e+00	4.995000e+02
2.487420400484263e-03	6.781196e-01	4.999866e+00	4.995000e+02
2.497660400484202e-03	6.781196e-01	4.999866e+00	4.995000e+02
2.507900400484141e-03	6.781196e-01	4.999866e+00	4.995000e+02
2.518140400484081e-03	6.781196e-01	4.999866e+00	4.995000e+02
2.528380400484020e-03	6.781196e-01	4.999866e+00	4.995000e+02
2.538620400483959e-03	6.781196e-01	4.999866e+00	4.995000e+02
2.548860400483898e-03	6.781196e-01	4.999866e+00	4.995000e+02
2.559100400483837e-03	6.781196e-01	4.999866e+00	4.995000e+02
2.569340400483777e-03	6.781196e-01	4.999866e+00	4.995000e+02
2.579580400483716e-03	6.781196e-01	4.999866e+00	4.995000e+02
2.589820400483655e-03	6.781196e-01	4.999866e+00	4.995000e+02
2.600060400483594e-03	6.781196e-01	4.999866e+00	4.995000e+02
2.610300400483533e-03	6.781196e-01	4.999866e+00	4.995000e+02
2.620540400483473e-03	6.781196e-01	4.999866e+00	4.995000e+02
2.630780400483412e-03	6.781196e-01	4.999866e+00	4.995000e+02
2.641020400483351e-03	6.781196e-01	4.999866e+00	4.995000e+02
2.651260400483290e-03	6.781196e-01	4.999866e+00	4.995000e+02
2.661500400483229e-03	6.781196e-01	4.999866e+00	4.995000e+02
2.671740400483168e-03	6.781196e-01	4.999866e+00	4.995000e+02
2.681980400483108e-03	6.781196e-01	4.999866e+00	4.995000e+02
2.692220400483047e-03	6.781196e-01	4.999866e+00	4.995000e+02
2.702460400482986e-03	6.781196e-01	4.999866e+00	4.995000e+02
2.712700400482925e-03	6.781196e-01	4.999866e+00	4.995000e+02
2.722940400482864e-03	6.781196e-01	4.999866e+00	4.995000e+02
2.733180400482804e-03	6.781196e-01	4.999866e+00	4.995000e+02
2.743420400482743e-03	6.781196e-01	4.999866e+00	4.995000e+02
2.753660400482682e-03	6.781196e-01	4.999866e+00	4.995000e+02
2.763900400482621e-03	6.781196e-01	4.999866e+00	4.995000e+02
2.774140400482560e-03	6.781196e-01	4.999866e+00	4.995000e+02
2.784380400482500e-03	6.781196e-01	4.999866e+00	4.995000e+02
2.794620400482439e-03	6.781196e-01	4.999866e+00	4.995000e+02
2.804860400482378e-03	6.781196e-01	4.999866e+00	4.995000e+02
2.815100400482317e-03	6.781196e-01	4.999866e+00	4.995000e+02
2.825340400482256e-03	6.781196e-01	4.999866e+00	4.995000e+02
2.835580400482195e-03	6.781196e-01	4.999866e+00	4.995000e+02
2.845820400482135e-03	6.781196e-01	4.999866e+00	4.995000e+02
2.856060400482074e-03	6.781196e-01	4.999866e+00	4.995000e+02
2.866300400482013e-03	6.781196e-01	4.999866e+00	4.995000e+02
2.876540400481952e-03	6.781196e-01	4.999866e+00	4.995000e+02
2.886780400481891e-03	6.781196e-01	4.999866e+00	4.995000e+02
2.897020400481831e-03	6.781196e-01	4.999866e+00	4.995000e+02
2.907260400481770e-03	6.781196e-01	4.999866e+00	4.995000e+02
2.917500400481709e-03	6.781196e-01	4.999866e+00	4.995000e+02
2.927740400481648e-03	6.781196e-01	4.999866e+00	4.995000e+02
2.937980400481587e-03	6.781196e-01	4.999866e+00	4.995000e+02
2.948220400481527e-03	6.781196e-01	4.999866e+00	4.995000e+02
2.958460400481466e-03	6.781196e-01	4.999866e+00	4.995000e+02
2.968700400481405e-03	6.781196e-01	4.999866e+00	4.995000e+02
2.978940400481344e-03	6.781196e-01	4.999866e+00	4.995000e+02
2.989180400481283e-03	6.781196e-01	4.999866e+00	4.995000e+02
2.999420400481222e-03	6.781196e-01	4.999866e+00	4.995000e+02
3.000000000000000e-03	6.781196e-01	4.999866e+00	4.995000e+02
Step Information: Ra=3.3M  (Step: 2/4)
0.000000000000000e+00	6.781196e-01	4.999866e+00	4.983538e+02
1.006310719976990e-05	6.781196e-01	4.999866e+00	4.983538e+02
2.030310719977066e-05	6.781196e-01	4.999866e+00	4.983538e+02
3.054310719977230e-05	6.781196e-01	4.999866e+00	4.983538e+02
4.078310719977393e-05	6.781196e-01	4.999866e+00	4.983538e+02
5.102310719977557e-05	6.781196e-01	4.999866e+00	4.983538e+02
6.126310719977705e-05	6.781196e-01	4.999866e+00	4.983538e+02
7.150310719977175e-05	6.781196e-01	4.999866e+00	4.983538e+02
8.174310719976644e-05	6.781196e-01	4.999866e+00	4.983538e+02
9.198310719976114e-05	6.781196e-01	4.999866e+00	4.983538e+02
1.022231071997558e-04	6.781196e-01	4.999866e+00	4.983538e+02
1.124631071997505e-04	6.781196e-01	4.999866e+00	4.983538e+02
1.227031071997452e-04	6.781196e-01	4.999866e+00	4.983538e+02
1.329431071997399e-04	6.781196e-01	4.999866e+00	4.983538e+02
1.431831071997346e-04	6.781196e-01	4.999866e+00	4.983538e+02
1.534231071997293e-04	6.781196e-01	4.999866e+00	4.983538e+02
1.636631071997240e-04	6.781196e-01	4.999866e+00	4.983538e+02
1.739031071997187e-04	6.781196e-01	4.999866e+00	4.983538e+02
1.841431071997134e-04	6.781196e-01	4.999866e+00	4.983538e+02
1.943831071997081e-04	6.781196e-01	4.999866e+00	4.983538e+02
2.046231071997028e-04	6.781196e-01	4.999866e+00	4.983538e+02
2.148631071996975e-04	6.781196e-01	4.999866e+00	4.983538e+02
2.251031071996922e-04	6.781196e-01	4.999866e+00	4.983538e+02
2.353431071996869e-04	6.781196e-01	4.999866e+00	4.983538e+02
2.455831071996817e-04	6.781196e-01	4.999866e+00	4.983538e+02
2.558231071996763e-04	6.781196e-01	4.999866e+00	4.983538e+02
2.660631071996710e-04	6.781196e-01	4.999866e+00	4.983538e+02
2.763031071996657e-04	6.781196e-01	4.999866e+00	4.983538e+02
2.865431071996604e-04	6.781196e-01	4.999866e+00	4.983538e+02
2.967831071996551e-04	6.781196e-01	4.999866e+00	4.983538e+02
3.070231071996498e-04	6.781196e-01	4.999866e+00	4.983538e+02
3.172631071996445e-04	6.781196e-01	4.999866e+00	4.983538e+02
3.275031071996392e-04	6.781196e-01	4.999866e+00	4.983538e+02
3.377431071996339e-04	6.781196e-01	4.999866e+00	4.983538e+02
3.479831071996286e-04	6.781196e-01	4.999866e+00	4.983538e+02
3.582231071996233e-04	6.781196e-01	4.999866e+00	4.983538e+02
3.684631071996180e-04	6.781196e-01	4.999866e+00	4.983538e+02
3.787031071996127e-04	6.781196e-01	4.999866e+00	4.983538e+02
3.889431071996074e-04	6.781196e-01	4.999866e+00	4.983538e+02
3.991831071996021e-04	6.781196e-01	4.999866e+00	4.983538e+02
4.094231071995968e-04	6.781196e-01	4.999866e+00	4.983538e+02
4.196631071995915e-04	6.781196e-01	4.999866e+00	4.983538e+02
4.299031071995862e-04	6.781196e-01	4.999866e+00	4.983538e+02
4.401431071995809e-04	6.781196e-01	4.999866e+00	4.983538e+02
4.503831071995756e-04	6.781196e-01	4.999866e+00	4.983538e+02
4.606231071995703e-04	6.781196e-01	4.999866e+00	4.983538e+02
4.708631071995650e-04	6.781196e-01	4.999866e+00	4.983538e+02
4.811031071995597e-04	6.781196e-01	4.999866e+00	4.983538e+02
4.913431071995710e-04	6.781196e-01	4.999866e+00	4.983538e+02
5.000000000000004e-04	6.781196e-01	4.999866e+00	4.983538e+02
5.000010000000000e-04	6.382340e-01	4.999866e+00	3.752889e+02
5.000024805452893e-04	4.126318e-01	4.999866e+00	1.351277e+02
5.000028812522172e-04	3.207836e-01	4.999866e+00	1.075926e+02
5.000034780157607e-04	1.776667e-01	4.999866e+00	7.834965e+01
5.000040765146123e-04	3.105234e-02	4.999866e+00	5.906678e+01
5.000048303441335e-04	-1.477751e-01	4.999866e+00	4.373447e+01
5.000053126675652e-04	-2.317957e-01	4.999866e+00	3.746551e+01
5.000058124590371e-04	-2.591271e-01	4.999866e+00	3.279619e+01
5.000063285346663e-04	-2.569472e-01	4.999866e+00	2.934899e+01
5.000068609055439e-04	-2.572921e-01	4.999866e+00	2.681103e+01
5.000073845411073e-04	-2.568345e-01	4.999866e+00	2.501364e+01
5.000084318122342e-04	-2.560598e-01	4.999866e+00	2.265978e+01
5.000099698092424e-04	-2.548198e-01	4.999866e+00	2.080424e+01
5.000117381424657e-04	-2.532801e-01	4.999866e+00	1.961035e+01
5.000139918100582e-04	-2.513048e-01	4.999866e+00	1.849975e+01
5.000171644505381e-04	-2.484995e-01	4.999866e+00	1.714839e+01
5.000226865691539e-04	-2.436524e-01	4.999866e+00	1.504665e+01
5.000326865691539e-04	-2.349036e-01	4.999866e+00	1.186641e+01
5.000426865691540e-04	-2.262341e-01	4.999866e+00	9.362215e+00
5.000526865691540e-04	-2.176397e-01	4.999866e+00	7.389735e+00
5.000626865691541e-04	-2.090905e-01	4.999866e+00	5.836415e+00
5.000726865691541e-04	-2.006200e-01	4.999866e+00	4.612989e+00
5.000826865691542e-04	-1.921777e-01	4.999866e+00	3.649503e+00
5.000926865691542e-04	-1.838222e-01	4.999866e+00	2.890665e+00
5.001026865691543e-04	-1.754996e-01	4.999866e+00	2.293041e+00
5.001126865691543e-04	-1.672690e-01	4.999866e+00	1.822362e+00
5.001226865691544e-04	-1.590992e-01	4.999866e+00	1.451671e+00
5.001326865691544e-04	-1.510268e-01	4.999866e+00	1.159722e+00
5.001426865691545e-04	-1.430561e-01	4.999866e+00	9.297889e-01
5.001526865691545e-04	-1.351997e-01	4.999866e+00	7.486961e-01
5.001626865691546e-04	-1.274867e-01	4.999866e+00	6.060679e-01
5.001726865691546e-04	-1.199188e-01	4.999866e+00	4.937322e-01
5.001826865691547e-04	-1.125344e-01	4.999866e+00	4.052530e-01
5.001926865691547e-04	-1.053314e-01	4.999866e+00	3.355618e-01
5.002026865691548e-04	-9.834930e-02	4.999866e+00	2.806664e-01
5.002126865691548e-04	-9.158175e-02	4.999866e+00	2.374232e-01
5.002226865691549e-04	-8.506551e-02	4.999866e+00	2.033561e-01
5.002326865691549e-04	-7.878829e-02	4.999866e+00	1.765155e-01
5.002426865691550e-04	-7.278148e-02	4.999866e+00	1.553657e-01
5.002526865691550e-04	-6.702614e-02	4.999866e+00	1.386977e-01
5.002626865691551e-04	-6.154743e-02	4.999866e+00	1.255593e-01
5.002726865691551e-04	-5.632014e-02	4.999866e+00	1.152007e-01
5.002826865691552e-04	-5.136380e-02	4.999866e+00	1.070316e-01
5.002926865691552e-04	-4.664822e-02	4.999866e+00	1.005871e-01
5.003026865691553e-04	-4.218869e-02	4.999866e+00	9.550119e-02
5.003126865691553e-04	-3.795167e-02	4.999866e+00	9.148569e-02
5.003226865691554e-04	-3.394989e-02	4.999866e+00	8.831365e-02
5.003326865691554e-04	-3.014828e-02	4.999866e+00	8.580639e-02
5.003426865691555e-04	-2.655832e-02	4.999866e+00	8.382319e-02
5.003526865691555e-04	-2.314454e-02	4.999866e+00	8.225323e-02
5.003626865691556e-04	-1.991831e-02	4.999866e+00	8.100923e-02
5.003726865691556e-04	-1.684469e-02	4.999866e+00	8.002246e-02
5.003826865691556e-04	-1.393564e-02	4.999866e+00	7.923874e-02
5.003926865691557e-04	-1.115729e-02	4.999866e+00	7.861540e-02
5.004026865691557e-04	-8.522547e-03	4.999866e+00	7.811882e-02
5.004126865691558e-04	-5.998856e-03	4.999866e+00	7.772246e-02
5.004226865691558e-04	-3.600236e-03	4.999866e+00	7.740542e-02
5.004326865691559e-04	-1.295495e-03	4.999866e+00	7.715121e-02
5.004426865691559e-04	9.002418e-04	4.999866e+00	7.694681e-02
5.004526865691560e-04	3.016849e-03	4.999866e+00	7.678194e-02
5.004626865691560e-04	5.038179e-03	4.999866e+00	7.664850e-02
5.004726865691561e-04	6.992903e-03	4.999866e+00	7.654005e-02
5.004826865691561e-04	8.863974e-03	4.999866e+00	7.645154e-02
5.004926865691562e-04	1.067900e-02	4.999866e+00	7.637894e-02
5.005026865691562e-04	1.242017e-02	4.999866e+00	7.631908e-02
5.005126865691563e-04	1.411416e-02	4.999866e+00	7.626943e-02
5.005226865691563e-04	1.574254e-02	4.999866e+00	7.622799e-02
5.005326865691564e-04	1.733117e-02	4.999866e+00	7.619317e-02
5.005426865691564e-04	1.886112e-02	4.999866e+00	7.616371e-02
5.005526865691565e-04	2.035757e-02	4.999866e+00	7.613859e-02
5.005626865691565e-04	2.180117e-02	4.999866e+00	7.611702e-02
5.005726865691566e-04	2.321654e-02	4.999866e+00	7.609835e-02
5.005826865691566e-04	2.458399e-02	4.999866e+00	7.608206e-02
5.005926865691567e-04	2.592764e-02	4.999866e+00	7.606774e-02
5.006026865691567e-04	2.722755e-02	4.999866e+00	7.605506e-02
5.006126865691568e-04	2.850743e-02	4.999866e+00	7.604375e-02
5.006226865691568e-04	2.974715e-02	4.999866e+00	7.603358e-02
5.006326865691569e-04	3.097003e-02	4.999866e+00	7.602440e-02
5.006426865691569e-04	3.215580e-02	4.999866e+00	7.601604e-02
5.006526865691570e-04	3.332749e-02	4.999866e+00	7.600839e-02
5.006626865691570e-04	3.446471e-02	4.999866e+00	7.600135e-02
5.006726865691571e-04	3.559019e-02	4.999866e+00	7.599483e-02
5.006826865691571e-04	3.668348e-02	4.999866e+00	7.598880e-02
5.006926865691572e-04	3.776708e-02	4.999866e+00	7.598317e-02
5.007026865691572e-04	3.882048e-02	4.999866e+00	7.597790e-02
5.007126865691573e-04	3.986595e-02	4.999866e+00	7.597295e-02
5.007226865691573e-04	4.088296e-02	4.999866e+00	7.596830e-02
5.007326865691574e-04	4.189360e-02	4.999866e+00	7.596390e-02
5.007426865691574e-04	4.287731e-02	4.999866e+00	7.595974e-02
5.007526865691575e-04	4.385599e-02	4.999866e+00	7.595580e-02
5.007626865691575e-04	4.480912e-02	4.999866e+00	7.595205e-02
5.007726865691576e-04	4.575840e-02	4.999866e+00	7.594849e-02
5.007826865691576e-04	4.668333e-02	4.999866e+00	7.594509e-02
5.007926865691577e-04	4.760547e-02	4.999866e+00	7.594185e-02
5.008026865691577e-04	4.850435e-02	4.999866e+00	7.593875e-02
5.008126865691578e-04	4.940137e-02	4.999866e+00	7.593578e-02
5.008226865691578e-04	5.027608e-02	4.999866e+00	7.593293e-02
5.008326865691579e-04	5.114978e-02	4.999866e+00	7.593021e-02
5.008426865691579e-04	5.200204e-02	4.999866e+00	7.592759e-02
5.008526865691580e-04	5.285403e-02	4.999866e+00	7.592507e-02
5.008626865691580e-04	5.368538e-02	4.999866e+00	7.592265e-02
5.008726865691581e-04	5.451712e-02	4.999866e+00	7.592031e-02
5.008826865691581e-04	5.532894e-02	4.999866e+00	7.591807e-02
5.008926865691581e-04	5.614175e-02	4.999866e+00	7.591590e-02
5.009026865691582e-04	5.693528e-02	4.999866e+00	7.591381e-02
5.009126865691582e-04	5.773036e-02	4.999866e+00	7.591179e-02
5.009226865691583e-04	5.850675e-02	4.999866e+00	7.590985e-02
5.009326865691583e-04	5.928518e-02	4.999866e+00	7.590796e-02
5.009426865691584e-04	6.004547e-02	4.999866e+00	7.590614e-02
5.009526865691584e-04	6.080823e-02	4.999866e+00	7.590437e-02
5.009626865691585e-04	6.155337e-02	4.999866e+00	7.590266e-02
5.009726865691585e-04	6.230137e-02	4.999866e+00	7.590101e-02
5.009826865691586e-04	6.303222e-02	4.999866e+00	7.589940e-02
5.009926865691586e-04	6.376631e-02	4.999866e+00	7.589785e-02
5.010026865691587e-04	6.448366e-02	4.999866e+00	7.589634e-02
5.010126865691587e-04	6.520458e-02	4.999866e+00	7.589487e-02
5.010226865691588e-04	6.590918e-02	4.999866e+00	7.589345e-02
5.010326865691588e-04	6.661765e-02	4.999866e+00	7.589207e-02
5.010426865691589e-04	6.731016e-02	4.999866e+00	7.589073e-02
5.010526865691589e-04	6.800683e-02	4.999866e+00	7.588942e-02
5.010626865691590e-04	6.868789e-02	4.999866e+00	7.588815e-02
5.010726865691590e-04	6.937335e-02	4.999866e+00	7.588691e-02
5.010826865691591e-04	7.004352e-02	4.999866e+00	7.588571e-02
5.010926865691591e-04	7.071833e-02	4.999866e+00	7.588454e-02
5.011026865691592e-04	7.137816e-02	4.999866e+00	7.588340e-02
5.011126865691592e-04	7.204285e-02	4.999866e+00	7.588229e-02
5.011226865691593e-04	7.269283e-02	4.999866e+00	7.588121e-02
5.011326865691593e-04	7.334787e-02	4.999866e+00	7.588015e-02
5.011426865691594e-04	7.398846e-02	4.999866e+00	7.587913e-02
5.011526865691594e-04	7.463430e-02	4.999866e+00	7.587812e-02
5.011626865691595e-04	7.526594e-02	4.999866e+00	7.587714e-02
5.011726865691595e-04	7.590301e-02	4.999866e+00	7.587618e-02
5.011826865691596e-04	7.652611e-02	4.999866e+00	7.587525e-02
5.011926865691596e-04	7.715477e-02	4.999866e+00	7.587434e-02
5.012026865691597e-04	7.776970e-02	4.999866e+00	7.587345e-02
5.012126865691597e-04	7.839034e-02	4.999866e+00	7.587258e-02
5.012226865691598e-04	7.899746e-02	4.999866e+00	7.587173e-02
5.012326865691598e-04	7.961042e-02	4.999866e+00	7.587090e-02
5.012426865691599e-04	8.021006e-02	4.999866e+00	7.587009e-02
5.012526865691599e-04	8.081567e-02	4.999866e+00	7.586929e-02
5.012626865691600e-04	8.140813e-02	4.999866e+00	7.586852e-02
5.012726865691600e-04	8.200667e-02	4.999866e+00	7.586775e-02
5.012826865691601e-04	8.259226e-02	4.999866e+00	7.586701e-02
5.012926865691601e-04	8.318403e-02	4.999866e+00	7.586628e-02
5.013026865691602e-04	8.376302e-02	4.999866e+00	7.586557e-02
5.013126865691602e-04	8.434828e-02	4.999866e+00	7.586487e-02
5.013226865691603e-04	8.492094e-02	4.999866e+00	7.586418e-02
5.013326865691603e-04	8.549994e-02	4.999866e+00	7.586351e-02
5.013426865691604e-04	8.606650e-02	4.999866e+00	7.586285e-02
5.013526865691604e-04	8.663949e-02	4.999866e+00	7.586221e-02
5.013626865691605e-04	8.720018e-02	4.999866e+00	7.586158e-02
5.013726865691605e-04	8.776739e-02	4.999866e+00	7.586096e-02
5.013826865691606e-04	8.832243e-02	4.999866e+00	7.586036e-02
5.013926865691606e-04	8.888406e-02	4.999866e+00	7.585976e-02
5.014026865691606e-04	8.943367e-02	4.999866e+00	7.585917e-02
5.014126865691607e-04	8.998992e-02	4.999866e+00	7.585860e-02
5.014226865691607e-04	9.053428e-02	4.999866e+00	7.585804e-02
5.014326865691608e-04	9.108536e-02	4.999866e+00	7.585749e-02
5.014426865691608e-04	9.162467e-02	4.999866e+00	7.585695e-02
5.014526865691609e-04	9.217074e-02	4.999866e+00	7.585642e-02
5.014626865691609e-04	9.270517e-02	4.999866e+00	7.585590e-02
5.014726865691610e-04	9.324642e-02	4.999866e+00	7.585538e-02
5.014826865691610e-04	9.377612e-02	4.999866e+00	7.585488e-02
5.014926865691611e-04	9.431271e-02	4.999866e+00	7.585438e-02
5.015026865691611e-04	9.483787e-02	4.999866e+00	7.585390e-02
5.015126865691612e-04	9.536994e-02	4.999866e+00	7.585341e-02
5.015226865691612e-04	9.589069e-02	4.999866e+00	7.585295e-02
5.015326865691613e-04	9.641840e-02	4.999866e+00	7.585248e-02
5.015426865691613e-04	9.693490e-02	4.999866e+00	7.585204e-02
5.015526865691614e-04	9.745838e-02	4.999866e+00	7.585159e-02
5.015626865691614e-04	9.797077e-02	4.999866e+00	7.585115e-02
5.015726865691615e-04	9.849016e-02	4.999866e+00	7.585072e-02
5.015826865691615e-04	9.899855e-02	4.999866e+00	7.585029e-02
5.015926865691616e-04	9.951399e-02	4.999866e+00	7.584988e-02
5.016026865691616e-04	1.000185e-01	4.999866e+00	7.584947e-02
5.016126865691617e-04	1.005301e-01	4.999866e+00	7.584906e-02
5.016226865691617e-04	1.010309e-01	4.999866e+00	7.584866e-02
5.016326865691618e-04	1.015388e-01	4.999866e+00	7.584827e-02
5.016426865691618e-04	1.020359e-01	4.999866e+00	7.584789e-02
5.016526865691619e-04	1.025402e-01	4.999866e+00	7.584751e-02
5.016626865691619e-04	1.030338e-01	4.999866e+00	7.584713e-02
5.016726865691620e-04	1.035346e-01	4.999866e+00	7.584676e-02
5.016826865691620e-04	1.040248e-01	4.999866e+00	7.584640e-02
5.016926865691621e-04	1.045222e-01	4.999866e+00	7.584605e-02
5.017026865691621e-04	1.050091e-01	4.999866e+00	7.584570e-02
5.017126865691622e-04	1.055031e-01	4.999866e+00	7.584535e-02
5.017226865691622e-04	1.059868e-01	4.999866e+00	7.584501e-02
5.017326865691623e-04	1.064777e-01	4.999866e+00	7.584467e-02
5.017426865691623e-04	1.069582e-01	4.999866e+00	7.584434e-02
5.017526865691624e-04	1.074459e-01	4.999866e+00	7.584401e-02
5.017626865691624e-04	1.079234e-01	4.999866e+00	7.584369e-02
5.017726865691625e-04	1.084081e-01	4.999866e+00	7.584337e-02
5.017826865691625e-04	1.088827e-01	4.999866e+00	7.584306e-02
5.017926865691626e-04	1.093644e-01	4.999866e+00	7.584275e-02
5.018026865691626e-04	1.098361e-01	4.999866e+00	7.584245e-02
5.018126865691627e-04	1.103149e-01	4.999866e+00	7.584215e-02
5.018226865691627e-04	1.107838e-01	4.999866e+00	7.584185e-02
5.018326865691628e-04	1.112599e-01	4.999866e+00	7.584156e-02
5.018426865691628e-04	1.117260e-01	4.999866e+00	7.584127e-02
5.018526865691629e-04	1.121993e-01	4.999866e+00	7.584099e-02
5.018626865691629e-04	1.126628e-01	4.999866e+00	7.584071e-02
5.018726865691630e-04	1.131335e-01	4.999866e+00	7.584043e-02
5.018826865691630e-04	1.135944e-01	4.999866e+00	7.584016e-02
5.018926865691631e-04	1.140625e-01	4.999866e+00	7.583989e-02
5.019026865691631e-04	1.145208e-01	4.999866e+00	7.583962e-02
5.019126865691632e-04	1.149864e-01	4.999866e+00	7.583936e-02
5.019226865691632e-04	1.154423e-01	4.999866e+00	7.583910e-02
5.019326865691632e-04	1.159054e-01	4.999866e+00	7.583885e-02
5.019426865691633e-04	1.163589e-01	4.999866e+00	7.583860e-02
5.019526865691633e-04	1.168196e-01	4.999866e+00	7.583834e-02
5.019626865691634e-04	1.172708e-01	4.999866e+00	7.583810e-02
5.019726865691634e-04	1.177291e-01	4.999866e+00	7.583786e-02
5.019826865691635e-04	1.181780e-01	4.999866e+00	7.583762e-02
5.019926865691635e-04	1.186341e-01	4.999866e+00	7.583738e-02
5.020010000000001e-04	1.190048e-01	4.999866e+00	7.583719e-02
5.020013333333334e-04	1.190218e-01	4.999866e+00	7.583718e-02
5.020020000000001e-04	1.190553e-01	4.999866e+00	9.250566e-02
5.020027648417863e-04	1.191060e-01	4.999866e+00	1.302777e-01
5.020035352650501e-04	1.191741e-01	4.999866e+00	1.673879e-01
5.020043378364342e-04	1.192622e-01	4.999866e+00	2.050911e-01
5.020059429792026e-04	1.194878e-01	4.999866e+00	2.777681e-01
5.020091532647393e-04	1.201146e-01	4.999866e+00	4.133839e-01
5.020139194674985e-04	1.214056e-01	4.999866e+00	5.947226e-01
5.020196274180409e-04	1.233902e-01	4.999866e+00	7.875080e-01
5.020278671674542e-04	1.268364e-01	4.999866e+00	1.033381e+00
5.020378671674543e-04	1.316089e-01	4.999866e+00	1.298700e+00
5.020478671674543e-04	1.367571e-01	4.999866e+00	1.542775e+00
5.020578671674544e-04	1.421071e-01	4.999866e+00	1.775241e+00
5.020678671674544e-04	1.475647e-01	4.999866e+00	2.001340e+00
5.020778671674545e-04	1.530786e-01	4.999866e+00	2.223929e+00
5.020878671674545e-04	1.586215e-01	4.999866e+00	2.444562e+00
5.020978671674546e-04	1.641784e-01	4.999866e+00	2.664087e+00
5.021078671674546e-04	1.697414e-01	4.999866e+00	2.882963e+00
5.021178671674547e-04	1.753062e-01	4.999866e+00	3.101442e+00
5.021278671674547e-04	1.808708e-01	4.999866e+00	3.319662e+00
5.021378671674548e-04	1.864340e-01	4.999866e+00	3.537696e+00
5.021478671674548e-04	1.919954e-01	4.999866e+00	3.755585e+00
5.021578671674549e-04	1.975547e-01	4.999866e+00	3.973352e+00
5.021678671674549e-04	2.031119e-01	4.999866e+00	4.191008e+00
5.021778671674549e-04	2.086669e-01	4.999866e+00	4.408561e+00
5.021878671674550e-04	2.142199e-01	4.999866e+00	4.626014e+00
5.021978671674550e-04	2.197708e-01	4.999866e+00	4.843369e+00
5.022078671674551e-04	2.253197e-01	4.999866e+00	5.060627e+00
5.022178671674551e-04	2.308667e-01	4.999866e+00	5.277788e+00
5.022278671674552e-04	2.364118e-01	4.999866e+00	5.494854e+00
5.022378671674552e-04	2.419549e-01	4.999866e+00	5.711825e+00
5.022478671674553e-04	2.474962e-01	4.999866e+00	5.928700e+00
5.022578671674553e-04	2.530356e-01	4.999866e+00	6.145480e+00
5.022678671674554e-04	2.585733e-01	4.999866e+00	6.362165e+00
5.022778671674554e-04	2.641090e-01	4.999866e+00	6.578755e+00
5.022878671674555e-04	2.696429e-01	4.999866e+00	6.795250e+00
5.022978671674555e-04	2.751748e-01	4.999866e+00	7.011650e+00
5.023078671674556e-04	2.807050e-01	4.999866e+00	7.227954e+00
5.023178671674556e-04	2.862332e-01	4.999866e+00	7.444165e+00
5.023278671674557e-04	2.917595e-01	4.999866e+00	7.660280e+00
5.023378671674557e-04	2.972839e-01	4.999866e+00	7.876300e+00
5.023478671674558e-04	3.028064e-01	4.999866e+00	8.092225e+00
5.023578671674558e-04	3.083268e-01	4.999866e+00	8.308056e+00
5.023678671674559e-04	3.138453e-01	4.999866e+00	8.523792e+00
5.023778671674559e-04	3.193617e-01	4.999866e+00	8.739433e+00
5.023878671674560e-04	3.248762e-01	4.999866e+00	8.954980e+00
5.023978671674560e-04	3.303885e-01	4.999866e+00	9.170431e+00
5.024078671674561e-04	3.358988e-01	4.999866e+00	9.385789e+00
5.024178671674561e-04	3.414069e-01	4.999866e+00	9.601051e+00
5.024278671674562e-04	3.469129e-01	4.999866e+00	9.816219e+00
5.024378671674562e-04	3.524166e-01	4.999866e+00	1.003129e+01
5.024478671674563e-04	3.579182e-01	4.999866e+00	1.024627e+01
5.024578671674563e-04	3.634176e-01	4.999866e+00	1.046116e+01
5.024678671674564e-04	3.689147e-01	4.999866e+00	1.067595e+01
5.024778671674564e-04	3.744095e-01	4.999866e+00	1.089064e+01
5.024878671674565e-04	3.799020e-01	4.999866e+00	1.110524e+01
5.024978671674565e-04	3.853921e-01	4.999866e+00	1.131975e+01
5.025078671674566e-04	3.908800e-01	4.999866e+00	1.153416e+01
5.025178671674566e-04	3.963653e-01	4.999866e+00	1.174848e+01
5.025278671674567e-04	4.018483e-01	4.999866e+00	1.196270e+01
5.025378671674567e-04	4.073288e-01	4.999866e+00	1.217683e+01
5.025478671674568e-04	4.128069e-01	4.999866e+00	1.239087e+01
5.025578671674568e-04	4.182824e-01	4.999866e+00	1.260481e+01
5.025678671674569e-04	4.237554e-01	4.999866e+00	1.281866e+01
5.025778671674569e-04	4.292259e-01	4.999866e+00	1.303241e+01
5.025878671674570e-04	4.346938e-01	4.999866e+00	1.324607e+01
5.025978671674570e-04	4.401590e-01	4.999866e+00	1.345963e+01
5.026078671674571e-04	4.456216e-01	4.999866e+00	1.367310e+01
5.026178671674571e-04	4.510816e-01	4.999866e+00	1.388648e+01
5.026278671674572e-04	4.565389e-01	4.999866e+00	1.409976e+01
5.026378671674572e-04	4.619935e-01	4.999866e+00	1.431294e+01
5.026478671674573e-04	4.674453e-01	4.999866e+00	1.452604e+01
5.026578671674573e-04	4.728944e-01	4.999866e+00	1.473904e+01
5.026678671674574e-04	4.783407e-01	4.999866e+00	1.495194e+01
5.026778671674574e-04	4.837841e-01	4.999866e+00	1.516476e+01
5.026878671674574e-04	4.892248e-01	4.999866e+00	1.537747e+01
5.026978671674575e-04	4.946626e-01	4.999866e+00	1.559010e+01
5.027078671674575e-04	5.000975e-01	4.999866e+00	1.580263e+01
5.027178671674576e-04	5.055295e-01	4.999866e+00	1.601506e+01
5.027278671674576e-04	5.109586e-01	4.999866e+00	1.622741e+01
5.027378671674577e-04	5.163847e-01	4.999866e+00	1.643966e+01
5.027478671674577e-04	5.218078e-01	4.999866e+00	1.665181e+01
5.027578671674578e-04	5.272280e-01	4.999866e+00	1.686387e+01
5.027678671674578e-04	5.326451e-01	4.999866e+00	1.707584e+01
5.027778671674579e-04	5.380592e-01	4.999866e+00	1.728771e+01
5.027878671674579e-04	5.434702e-01	4.999866e+00	1.749949e+01
5.027978671674580e-04	5.488781e-01	4.999866e+00	1.771118e+01
5.028078671674580e-04	5.542830e-01	4.999866e+00	1.792277e+01
5.028178671674581e-04	5.596846e-01	4.999866e+00	1.813427e+01
5.028278671674581e-04	5.650832e-01	4.999866e+00	1.834568e+01
5.028378671674582e-04	5.704786e-01	4.999866e+00	1.855699e+01
5.028478671674582e-04	5.758708e-01	4.999866e+00	1.876821e+01
5.028578671674583e-04	5.812597e-01	4.999866e+00	1.897933e+01
5.028678671674583e-04	5.866454e-01	4.999866e+00	1.919037e+01
5.028778671674584e-04	5.920278e-01	4.999866e+00	1.940131e+01
5.028878671674584e-04	5.974070e-01	4.999866e+00	1.961215e+01
5.028978671674585e-04	6.027828e-01	4.999866e+00	1.982290e+01
5.029078671674585e-04	6.081554e-01	4.999866e+00	2.003356e+01
5.029178671674586e-04	6.135246e-01	4.999866e+00	2.024413e+01
5.029278671674586e-04	6.188905e-01	4.999866e+00	2.045460e+01
5.029378671674587e-04	6.242529e-01	4.999866e+00	2.066498e+01
5.029478671674587e-04	6.296120e-01	4.999866e+00	2.087527e+01
5.029578671674588e-04	6.349677e-01	4.999866e+00	2.108546e+01
5.029678671674588e-04	6.403199e-01	4.999866e+00	2.129556e+01
5.029778671674589e-04	6.456687e-01	4.999866e+00	2.150556e+01
5.029878671674589e-04	6.510140e-01	4.999866e+00	2.171548e+01
5.029978671674590e-04	6.563557e-01	4.999866e+00	2.192530e+01
5.030078671674590e-04	6.616940e-01	4.999866e+00	2.213503e+01
5.030178671674591e-04	6.670288e-01	4.999866e+00	2.234466e+01
5.030278671674591e-04	6.723600e-01	4.999866e+00	2.255420e+01
5.030378671674592e-04	6.776876e-01	4.999866e+00	2.276365e+01
5.030478671674592e-04	6.830117e-01	4.999866e+00	2.297300e+01
5.030578671674593e-04	6.883321e-01	4.999866e+00	2.318227e+01
5.030678671674593e-04	6.936490e-01	4.999866e+00	2.339144e+01
5.030778671674594e-04	6.989622e-01	4.999866e+00	2.360051e+01
5.030878671674594e-04	7.042717e-01	4.999866e+00	2.380950e+01
5.030978671674595e-04	7.095776e-01	4.999866e+00	2.401839e+01
5.031078671674595e-04	7.148798e-01	4.999866e+00	2.422719e+01
5.031178671674596e-04	7.201782e-01	4.999866e+00	2.443590e+01
5.031278671674596e-04	7.254729e-01	4.999866e+00	2.464451e+01
5.031378671674597e-04	7.307639e-01	4.999866e+00	2.485303e+01
5.031478671674597e-04	7.360512e-01	4.999866e+00	2.506146e+01
5.031578671674598e-04	7.413347e-01	4.999866e+00	2.526979e+01
5.031678671674598e-04	7.466144e-01	4.999866e+00	2.547804e+01
5.031778671674599e-04	7.518902e-01	4.999866e+00	2.568619e+01
5.031878671674599e-04	7.571623e-01	4.999866e+00	2.589425e+01
5.031978671674600e-04	7.624305e-01	4.999866e+00	2.610221e+01
5.032078671674600e-04	7.676950e-01	4.999866e+00	2.631009e+01
5.032178671674600e-04	7.729554e-01	4.999866e+00	2.651787e+01
5.032278671674601e-04	7.782121e-01	4.999866e+00	2.672556e+01
5.032378671674601e-04	7.834648e-01	4.999866e+00	2.693315e+01
5.032478671674602e-04	7.887136e-01	4.999866e+00	2.714066e+01
5.032578671674602e-04	7.939585e-01	4.999866e+00	2.734807e+01
5.032678671674603e-04	7.991995e-01	4.999866e+00	2.755539e+01
5.032778671674603e-04	8.044365e-01	4.999866e+00	2.776262e+01
5.032878671674604e-04	8.096696e-01	4.999866e+00	2.796975e+01
5.032978671674604e-04	8.148986e-01	4.999866e+00	2.817679e+01
5.033078671674605e-04	8.201236e-01	4.999866e+00	2.838375e+01
5.033178671674605e-04	8.253446e-01	4.999866e+00	2.859060e+01
5.033278671674606e-04	8.305616e-01	4.999866e+00	2.879737e+01
5.033378671674606e-04	8.357746e-01	4.999866e+00	2.900405e+01
5.033478671674607e-04	8.409835e-01	4.999866e+00	2.921063e+01
5.033578671674607e-04	8.461884e-01	4.999866e+00	2.941712e+01
5.033678671674608e-04	8.513891e-01	4.999866e+00	2.962352e+01
5.033778671674608e-04	8.565857e-01	4.999866e+00	2.982983e+01
5.033878671674609e-04	8.617783e-01	4.999866e+00	3.003605e+01
5.033978671674609e-04	8.669667e-01	4.999866e+00	3.024217e+01
5.034078671674610e-04	8.721510e-01	4.999866e+00	3.044820e+01
5.034178671674610e-04	8.773311e-01	4.999866e+00	3.065414e+01
5.034278671674611e-04	8.825071e-01	4.999866e+00	3.085999e+01
5.034378671674611e-04	8.876790e-01	4.999866e+00	3.106575e+01
5.034478671674612e-04	8.928466e-01	4.999866e+00	3.127141e+01
5.034578671674612e-04	8.980100e-01	4.999866e+00	3.147699e+01
5.034678671674613e-04	9.031692e-01	4.999866e+00	3.168247e+01
5.034778671674613e-04	9.083242e-01	4.999866e+00	3.188786e+01
5.034878671674614e-04	9.134750e-01	4.999866e+00	3.209316e+01
5.034978671674614e-04	9.186215e-01	4.999866e+00	3.229837e+01
5.035078671674615e-04	9.237638e-01	4.999866e+00	3.250348e+01
5.035178671674615e-04	9.289017e-01	4.999866e+00	3.270851e+01
5.035278671674616e-04	9.340354e-01	4.999866e+00	3.291344e+01
5.035378671674616e-04	9.391648e-01	4.999866e+00	3.311828e+01
5.035478671674617e-04	9.442899e-01	4.999866e+00	3.332304e+01
5.035578671674617e-04	9.494107e-01	4.999866e+00	3.352769e+01
5.035678671674618e-04	9.545271e-01	4.999866e+00	3.373226e+01
5.035778671674618e-04	9.596393e-01	4.999866e+00	3.393674e+01
5.035878671674619e-04	9.647470e-01	4.999866e+00	3.414112e+01
5.035978671674619e-04	9.698504e-01	4.999866e+00	3.434542e+01
5.036078671674620e-04	9.749495e-01	4.999866e+00	3.454963e+01
5.036178671674620e-04	9.800441e-01	4.999866e+00	3.475374e+01
5.036278671674621e-04	9.851344e-01	4.999866e+00	3.495776e+01
5.036378671674621e-04	9.902202e-01	4.999866e+00	3.516169e+01
5.036478671674622e-04	9.953017e-01	4.999866e+00	3.536553e+01
5.036578671674622e-04	1.000379e+00	4.999866e+00	3.556928e+01
5.036678671674623e-04	1.005451e+00	4.999866e+00	3.577293e+01
5.036778671674623e-04	1.010519e+00	4.999866e+00	3.597650e+01
5.036878671674624e-04	1.015583e+00	4.999866e+00	3.617998e+01
5.036978671674624e-04	1.020642e+00	4.999866e+00	3.638336e+01
5.037078671674625e-04	1.025697e+00	4.999866e+00	3.658666e+01
5.037178671674625e-04	1.030747e+00	4.999866e+00	3.678986e+01
5.037278671674625e-04	1.035793e+00	4.999866e+00	3.699297e+01
5.037378671674626e-04	1.040834e+00	4.999866e+00	3.719600e+01
5.037478671674626e-04	1.045871e+00	4.999866e+00	3.739893e+01
5.037578671674627e-04	1.050903e+00	4.999866e+00	3.760177e+01
5.037678671674627e-04	1.055931e+00	4.999866e+00	3.780452e+01
5.037778671674628e-04	1.060954e+00	4.999866e+00	3.800718e+01
5.037878671674628e-04	1.065973e+00	4.999866e+00	3.820975e+01
5.037978671674629e-04	1.070987e+00	4.999866e+00	3.841223e+01
5.038078671674629e-04	1.075996e+00	4.999866e+00	3.861462e+01
5.038178671674630e-04	1.081001e+00	4.999866e+00	3.881692e+01
5.038278671674630e-04	1.086001e+00	4.999866e+00	3.901912e+01
5.038378671674631e-04	1.090997e+00	4.999866e+00	3.922124e+01
5.038478671674631e-04	1.095988e+00	4.999866e+00	3.942327e+01
5.038578671674632e-04	1.100975e+00	4.999866e+00	3.962521e+01
5.038678671674632e-04	1.105957e+00	4.999866e+00	3.982705e+01
5.038778671674633e-04	1.110934e+00	4.999866e+00	4.002881e+01
5.038878671674633e-04	1.115907e+00	4.999866e+00	4.023048e+01
5.038978671674634e-04	1.120875e+00	4.999866e+00	4.043205e+01
5.039078671674634e-04	1.125838e+00	4.999866e+00	4.063354e+01
5.039178671674635e-04	1.130797e+00	4.999866e+00	4.083493e+01
5.039278671674635e-04	1.135751e+00	4.999866e+00	4.103624e+01
5.039378671674636e-04	1.140700e+00	4.999866e+00	4.123746e+01
5.039478671674636e-04	1.145645e+00	4.999866e+00	4.143858e+01
5.039578671674637e-04	1.150584e+00	4.999866e+00	4.163962e+01
5.039678671674637e-04	1.155520e+00	4.999866e+00	4.184056e+01
5.039778671674638e-04	1.160450e+00	4.999866e+00	4.204142e+01
5.039878671674638e-04	1.165376e+00	4.999865e+00	4.224219e+01
5.039978671674639e-04	1.170297e+00	4.999865e+00	4.244286e+01
5.040078671674639e-04	1.175214e+00	4.999781e+00	4.264345e+01
5.040121949786987e-04	1.177340e+00	4.994253e+00	4.273023e+01
5.040122478942982e-04	1.177366e+00	4.993998e+00	4.273130e+01
5.040123537254971e-04	1.177418e+00	4.993327e+00	4.273342e+01
5.040125653878949e-04	1.177522e+00	4.991391e+00	4.273766e+01
5.040129887126905e-04	1.177730e+00	4.985449e+00	4.274615e+01
5.040134626051396e-04	1.177963e+00	4.973559e+00	4.275565e+01
5.040140298859156e-04	1.178241e+00	4.944665e+00	4.276702e+01
5.040145535831368e-04	1.178498e+00	4.882488e+00	4.277752e+01
5.040149591142804e-04	1.178698e+00	4.777380e+00	4.278565e+01
5.040153839904939e-04	1.178906e+00	4.609955e+00	4.279417e+01
5.040159459399761e-04	1.179182e+00	4.342207e+00	4.280544e+01
5.040166499964627e-04	1.179528e+00	3.940693e+00	4.281955e+01
5.040177506611728e-04	1.180068e+00	3.105159e+00	4.284161e+01
5.040190090382850e-04	1.180686e+00	1.576814e+00	4.286684e+01
5.040197702986791e-04	1.181060e+00	2.313453e-01	4.288210e+01
5.040200755017291e-04	1.181209e+00	-1.529569e-02	4.288821e+01
5.040201641118713e-04	1.181253e+00	9.538236e-04	4.288999e+01
5.040201918955256e-04	1.181267e+00	6.222311e-04	4.289054e+01
5.040202240002501e-04	1.181282e+00	4.221034e-04	4.289119e+01
5.040202593845170e-04	1.181300e+00	3.173667e-04	4.289190e+01
5.040203285698587e-04	1.181334e+00	2.409955e-04	4.289328e+01
5.040203942309965e-04	1.181366e+00	2.217571e-04	4.289460e+01
5.040205036801915e-04	1.181420e+00	1.998771e-04	4.289679e+01
5.040206358006138e-04	1.181484e+00	1.790724e-04	4.289944e+01
5.040209000414583e-04	1.181614e+00	1.485016e-04	4.290474e+01
5.040214285231475e-04	1.181873e+00	1.116610e-04	4.291533e+01
5.040224854865259e-04	1.182392e+00	8.444799e-05	4.293652e+01
5.040245994132825e-04	1.183429e+00	8.373219e-05	4.297888e+01
5.040288272667958e-04	1.185503e+00	8.374180e-05	4.306359e+01
5.040372829738224e-04	1.189648e+00	8.283836e-05	4.323298e+01
5.040472829738224e-04	1.194546e+00	8.285868e-05	4.343321e+01
5.040572829738225e-04	1.199439e+00	8.229337e-05	4.363335e+01
5.040672829738225e-04	1.204327e+00	8.253750e-05	4.383341e+01
5.040772829738226e-04	1.209210e+00	8.212437e-05	4.403337e+01
5.040872829738226e-04	1.214089e+00	8.243115e-05	4.423325e+01
5.040972829738227e-04	1.218963e+00	8.207767e-05	4.443303e+01
5.041072829738227e-04	1.223832e+00	8.239381e-05	4.463273e+01
5.041172829738228e-04	1.228696e+00	8.206935e-05	4.483234e+01
5.041272829738228e-04	1.233556e+00	8.237845e-05	4.503186e+01
5.041372829738229e-04	1.238410e+00	8.207284e-05	4.523129e+01
5.041472829738229e-04	1.243260e+00	8.237016e-05	4.543063e+01
5.041572829738230e-04	1.248105e+00	8.207974e-05	4.562988e+01
5.041672829738230e-04	1.252945e+00	8.236423e-05	4.582904e+01
5.041772829738231e-04	1.257780e+00	8.208738e-05	4.602811e+01
5.041872829738231e-04	1.262611e+00	8.235913e-05	4.622709e+01
5.041972829738231e-04	1.267437e+00	8.209496e-05	4.642598e+01
5.042072829738232e-04	1.272257e+00	8.235441e-05	4.662479e+01
5.042172829738232e-04	1.277073e+00	8.210224e-05	4.682351e+01
5.042272829738233e-04	1.281884e+00	8.234991e-05	4.702213e+01
5.042372829738233e-04	1.286690e+00	8.210914e-05	4.722067e+01
5.042472829738234e-04	1.291492e+00	8.234558e-05	4.741912e+01
5.042572829738234e-04	1.296288e+00	8.211566e-05	4.761748e+01
5.042672829738235e-04	1.301080e+00	8.234142e-05	4.781575e+01
5.042772829738235e-04	1.305866e+00	8.212181e-05	4.801393e+01
5.042872829738236e-04	1.310648e+00	8.233739e-05	4.821203e+01
5.042972829738236e-04	1.315425e+00	8.212763e-05	4.841003e+01
5.043072829738237e-04	1.320197e+00	8.233352e-05	4.860795e+01
5.043172829738237e-04	1.324964e+00	8.213312e-05	4.880577e+01
5.043272829738238e-04	1.329726e+00	8.232979e-05	4.900351e+01
5.043372829738238e-04	1.334483e+00	8.213830e-05	4.920116e+01
5.043472829738239e-04	1.339235e+00	8.232620e-05	4.939873e+01
5.043572829738239e-04	1.343982e+00	8.214320e-05	4.959620e+01
5.043672829738240e-04	1.348725e+00	8.232275e-05	4.979359e+01
5.043772829738240e-04	1.353462e+00	8.214782e-05	4.999088e+01
5.043872829738241e-04	1.358194e+00	8.231944e-05	5.018809e+01
5.043972829738241e-04	1.362922e+00	8.215220e-05	5.038521e+01
5.044072829738242e-04	1.367645e+00	8.231626e-05	5.058224e+01
5.044172829738242e-04	1.372362e+00	8.215632e-05	5.077918e+01
5.044272829738243e-04	1.377075e+00	8.231321e-05	5.097604e+01
5.044372829738243e-04	1.381783e+00	8.216023e-05	5.117281e+01
5.044472829738244e-04	1.386485e+00	8.231029e-05	5.136948e+01
5.044572829738244e-04	1.391183e+00	8.216392e-05	5.156607e+01
5.044672829738245e-04	1.395876e+00	8.230748e-05	5.176257e+01
5.044772829738245e-04	1.400563e+00	8.216741e-05	5.195899e+01
5.044872829738246e-04	1.405246e+00	8.230480e-05	5.215532e+01
5.044972829738246e-04	1.409924e+00	8.217071e-05	5.235155e+01
5.045072829738247e-04	1.414597e+00	8.230222e-05	5.254770e+01
5.045172829738247e-04	1.419265e+00	8.217384e-05	5.274376e+01
5.045272829738248e-04	1.423927e+00	8.229976e-05	5.293974e+01
5.045372829738248e-04	1.428585e+00	8.217679e-05	5.313562e+01
5.045472829738249e-04	1.433238e+00	8.229740e-05	5.333142e+01
5.045572829738249e-04	1.437886e+00	8.217959e-05	5.352713e+01
5.045672829738250e-04	1.442528e+00	8.229515e-05	5.372276e+01
5.045772829738250e-04	1.447166e+00	8.218224e-05	5.391829e+01
5.045872829738251e-04	1.451799e+00	8.229299e-05	5.411374e+01
5.045972829738251e-04	1.456426e+00	8.218475e-05	5.430910e+01
5.046072829738252e-04	1.461049e+00	8.229093e-05	5.450437e+01
5.046172829738252e-04	1.465667e+00	8.218713e-05	5.469955e+01
5.046272829738253e-04	1.470279e+00	8.228896e-05	5.489465e+01
5.046372829738253e-04	1.474887e+00	8.218938e-05	5.508966e+01
5.046472829738254e-04	1.479489e+00	8.228707e-05	5.528458e+01
5.046572829738254e-04	1.484087e+00	8.219152e-05	5.547942e+01
5.046672829738255e-04	1.488679e+00	8.228527e-05	5.567417e+01
5.046772829738255e-04	1.493266e+00	8.219355e-05	5.586882e+01
5.046872829738256e-04	1.497849e+00	8.228355e-05	5.606340e+01
5.046972829738256e-04	1.502426e+00	8.219547e-05	5.625788e+01
5.047072829738257e-04	1.506998e+00	8.228191e-05	5.645228e+01
5.047172829738257e-04	1.511565e+00	8.219729e-05	5.664659e+01
5.047272829738257e-04	1.516127e+00	8.228034e-05	5.684082e+01
5.047372829738258e-04	1.520684e+00	8.219902e-05	5.703495e+01
5.047472829738258e-04	1.525236e+00	8.227884e-05	5.722900e+01
5.047572829738259e-04	1.529783e+00	8.220066e-05	5.742296e+01
5.047672829738259e-04	1.534324e+00	8.227741e-05	5.761684e+01
5.047772829738260e-04	1.538861e+00	8.220222e-05	5.781063e+01
5.047872829738260e-04	1.543392e+00	8.227604e-05	5.800433e+01
5.047972829738261e-04	1.547919e+00	8.220370e-05	5.819794e+01
5.048072829738261e-04	1.552440e+00	8.227473e-05	5.839147e+01
5.048172829738262e-04	1.556957e+00	8.220511e-05	5.858491e+01
5.048272829738262e-04	1.561468e+00	8.227348e-05	5.877826e+01
5.048372829738263e-04	1.565974e+00	8.220644e-05	5.897153e+01
5.051772829738280e-04	1.716139e+00	8.222144e-05	6.549123e+01
5.056972829738305e-04	1.934313e+00	8.223041e-05	7.527185e+01
5.066072829738350e-04	2.282888e+00	8.224505e-05	9.184715e+01
5.076172829738399e-04	2.621907e+00	8.223754e-05	1.094668e+02
5.086072829738448e-04	2.908461e+00	8.224176e-05	1.259786e+02
5.096072829738497e-04	3.155792e+00	8.224109e-05	1.419289e+02
5.108472829738558e-04	3.409727e+00	8.224065e-05	1.607405e+02
5.113272829738581e-04	3.493781e+00	8.224055e-05	1.677469e+02
5.116972829738599e-04	3.553540e+00	8.223995e-05	1.730461e+02
5.123672829738632e-04	3.651426e+00	8.224040e-05	1.824223e+02
5.127472829738651e-04	3.701304e+00	8.224036e-05	1.876171e+02
5.130972829738668e-04	3.743708e+00	8.224010e-05	1.923246e+02
5.134372829738685e-04	3.781691e+00	8.224012e-05	1.968278e+02
5.138072829738703e-04	3.819479e+00	8.224029e-05	2.016514e+02
5.143272829738728e-04	3.866474e+00	8.224027e-05	2.082975e+02
5.147972829738751e-04	3.903037e+00	8.224018e-05	2.141736e+02
5.149472829738759e-04	3.913580e+00	8.224025e-05	2.160232e+02
5.150972829738766e-04	3.923610e+00	8.224019e-05	2.178605e+02
5.152472829738773e-04	3.933149e+00	8.224024e-05	2.196856e+02
5.153972829738781e-04	3.942216e+00	8.224019e-05	2.214986e+02
5.155472829738788e-04	3.950828e+00	8.224024e-05	2.232996e+02
5.157072829738796e-04	3.959533e+00	8.224023e-05	2.252075e+02
5.158672829738804e-04	3.967758e+00	8.224023e-05	2.271019e+02
5.160372829738812e-04	3.975989e+00	8.224021e-05	2.291001e+02
5.162272829738821e-04	3.984593e+00	8.224022e-05	2.313157e+02
5.164372829738832e-04	3.993397e+00	8.224021e-05	2.337429e+02
5.167772829738848e-04	4.006146e+00	8.224021e-05	2.376252e+02
5.170072829738860e-04	4.013742e+00	8.224021e-05	2.402186e+02
5.173172829738875e-04	4.022688e+00	8.224022e-05	2.436726e+02
5.181772829738917e-04	4.040019e+00	8.224022e-05	2.530108e+02
5.185672829738936e-04	4.044459e+00	8.224021e-05	2.571302e+02
5.189272829738954e-04	4.046799e+00	8.224021e-05	2.608702e+02
5.192772829738971e-04	4.047543e+00	8.224023e-05	2.644500e+02
5.196372829738989e-04	4.046821e+00	8.224023e-05	2.680749e+02
5.200272829739008e-04	4.044435e+00	8.224021e-05	2.719376e+02
5.204872829739030e-04	4.039604e+00	8.224021e-05	2.764092e+02
5.215072829739080e-04	4.021755e+00	8.224020e-05	2.860079e+02
5.215672829739083e-04	4.020417e+00	8.224020e-05	2.865593e+02
5.218972829739099e-04	4.012506e+00	8.224023e-05	2.895658e+02
5.221772829739113e-04	4.005074e+00	8.224023e-05	2.920829e+02
5.226472829739136e-04	3.991134e+00	8.224020e-05	2.962390e+02
5.229172829739149e-04	3.982329e+00	8.224023e-05	2.985880e+02
5.231772829739162e-04	3.973338e+00	8.224023e-05	3.008239e+02
5.234272829739174e-04	3.964246e+00	8.224020e-05	3.029499e+02
5.236772829739187e-04	3.954745e+00	8.224023e-05	3.050527e+02
5.239172829739198e-04	3.945266e+00	8.224023e-05	3.070498e+02
5.241672829739211e-04	3.935048e+00	8.224020e-05	3.091080e+02
5.244172829739223e-04	3.924509e+00	8.224023e-05	3.111438e+02
5.246772829739236e-04	3.913243e+00	8.224023e-05	3.132375e+02
5.249472829739249e-04	3.901249e+00	8.224020e-05	3.153867e+02
5.257872829739290e-04	3.862331e+00	8.224020e-05	3.219136e+02
5.264472829739322e-04	3.830173e+00	8.224020e-05	3.268766e+02
5.270872829739354e-04	3.797719e+00	8.224020e-05	3.315547e+02
5.277372829739386e-04	3.763487e+00	8.224023e-05	3.361740e+02
5.284272829739420e-04	3.725747e+00	8.224021e-05	3.409364e+02
5.291872829739457e-04	3.682507e+00	8.224021e-05	3.460185e+02
5.300672829739500e-04	3.630282e+00	8.224021e-05	3.516963e+02
5.315972829739575e-04	3.534348e+00	8.224023e-05	3.610633e+02
5.318072829739585e-04	3.520749e+00	8.224021e-05	3.623008e+02
5.347872829739731e-04	3.320850e+00	8.224021e-05	3.786958e+02
5.380572829739892e-04	3.093823e+00	8.224023e-05	3.944032e+02
5.413372829740053e-04	2.867308e+00	8.224023e-05	4.080723e+02
5.420472829740087e-04	2.819151e+00	8.224021e-05	4.107841e+02
5.453572829740250e-04	2.601150e+00	8.224022e-05	4.223836e+02
5.486772829740412e-04	2.395894e+00	8.224022e-05	4.324667e+02
5.520172829740576e-04	2.205153e+00	8.224022e-05	4.412542e+02
5.522872829740589e-04	2.190458e+00	8.224021e-05	4.419109e+02
5.556472829740754e-04	2.016770e+00	8.224021e-05	4.494758e+02
5.590272829740920e-04	1.859017e+00	8.224021e-05	4.560596e+02
5.624272829741087e-04	1.716823e+00	8.224021e-05	4.617852e+02
5.625272829741092e-04	1.712881e+00	8.224021e-05	4.619413e+02
5.659372829741259e-04	1.586281e+00	8.224022e-05	4.668822e+02
5.693672829741427e-04	1.473391e+00	8.224021e-05	4.711743e+02
5.727672829741594e-04	1.374500e+00	8.224021e-05	4.748498e+02
5.762472829741764e-04	1.285362e+00	8.224022e-05	4.780967e+02
5.797472829741936e-04	1.206729e+00	8.224027e-05	4.809092e+02
5.830072829742096e-04	1.142336e+00	8.224047e-05	4.831760e+02
5.865772829742271e-04	1.080495e+00	8.224133e-05	4.853213e+02
5.901872829742448e-04	1.026096e+00	8.224425e-05	4.871821e+02
5.919572829742535e-04	1.002101e+00	8.446298e-05	4.879948e+02
5.921472829742544e-04	9.996233e-01	1.514292e-04	4.880785e+02
5.922372829742548e-04	9.984559e-01	2.411361e-04	4.881178e+02
5.922772829742550e-04	9.979384e-01	3.273285e-04	4.881353e+02
5.923072829742552e-04	9.975508e-01	4.475267e-04	4.881484e+02
5.923272829742553e-04	9.972926e-01	5.932695e-04	4.881571e+02
5.923372829742553e-04	9.971637e-01	7.092441e-04	4.881614e+02
5.923472829742554e-04	9.970347e-01	8.828574e-04	4.881658e+02
5.923572829742554e-04	9.969058e-01	1.172297e-03	4.881701e+02
5.923672829742555e-04	9.967769e-01	1.762897e-03	4.881745e+02
5.923733287596471e-04	9.966991e-01	2.558933e-03	4.881771e+02
5.923745787596471e-04	9.966830e-01	2.832475e-03	4.881776e+02
5.923770787596471e-04	9.966508e-01	3.586230e-03	4.881787e+02
5.923794627755007e-04	9.966201e-01	4.872879e-03	4.881797e+02
5.923817259906079e-04	9.965910e-01	7.461830e-03	4.881807e+02
5.923838068818259e-04	9.965641e-01	1.395416e-02	4.881816e+02
5.923859925980004e-04	9.965360e-01	2.609979e-02	4.881826e+02
5.923882379908765e-04	9.965071e-01	4.583473e-02	4.881836e+02
5.923900767306220e-04	9.964834e-01	7.766354e-02	4.881844e+02
5.923918080411899e-04	9.964612e-01	1.400581e-01	4.881851e+02
5.923936983804292e-04	9.964368e-01	2.854090e-01	4.881859e+02
5.923955092169529e-04	9.964135e-01	5.830183e-01	4.881867e+02
5.923973528721510e-04	9.963898e-01	1.247566e+00	4.881875e+02
5.923990845137716e-04	9.963675e-01	2.608792e+00	4.881883e+02
5.924008102759746e-04	9.963453e-01	4.887031e+00	4.881890e+02
5.924012880125955e-04	9.963392e-01	5.028531e+00	4.881892e+02
5.924017480488838e-04	9.963332e-01	4.978884e+00	4.881894e+02
5.924019094835210e-04	9.963312e-01	5.008827e+00	4.881895e+02
5.924019674199052e-04	9.963304e-01	4.998813e+00	4.881895e+02
5.924019942677598e-04	9.963301e-01	4.999515e+00	4.881895e+02
5.924020178571534e-04	9.963298e-01	4.999698e+00	4.881895e+02
5.924020443135901e-04	9.963294e-01	4.999766e+00	4.881895e+02
5.924020951349177e-04	9.963288e-01	4.999798e+00	4.881896e+02
5.924021854344320e-04	9.963276e-01	4.999805e+00	4.881896e+02
5.924023660334606e-04	9.963253e-01	4.999821e+00	4.881897e+02
5.924027272315177e-04	9.963207e-01	4.999845e+00	4.881898e+02
5.924048944198604e-04	9.962928e-01	4.999864e+00	4.881908e+02
5.924077840043172e-04	9.962556e-01	4.999864e+00	4.881920e+02
5.924135631732309e-04	9.961813e-01	4.999864e+00	4.881945e+02
5.924235631732309e-04	9.960527e-01	4.999865e+00	4.881989e+02
5.924335631732310e-04	9.959242e-01	4.999865e+00	4.882032e+02
5.924435631732310e-04	9.957958e-01	4.999866e+00	4.882076e+02
5.924535631732311e-04	9.956673e-01	4.999865e+00	4.882119e+02
5.924635631732311e-04	9.955390e-01	4.999866e+00	4.882162e+02
5.924835631732312e-04	9.952824e-01	4.999866e+00	4.882248e+02
5.925535631732316e-04	9.943860e-01	4.999866e+00	4.882550e+02
5.929935631732337e-04	9.888077e-01	4.999866e+00	4.884429e+02
5.966935631732519e-04	9.455374e-01	4.999866e+00	4.898900e+02
6.004535631732703e-04	9.076018e-01	4.999866e+00	4.911442e+02
6.032335631732839e-04	8.829872e-01	4.999866e+00	4.919502e+02
6.071335631733031e-04	8.527591e-01	4.999866e+00	4.929312e+02
6.111335631733227e-04	8.263040e-01	4.999866e+00	4.937814e+02
6.134735631733342e-04	8.126953e-01	4.999866e+00	4.942155e+02
6.176635631733547e-04	7.913280e-01	4.999866e+00	4.948922e+02
6.220135631733760e-04	7.726775e-01	4.999866e+00	4.954780e+02
6.237135631733844e-04	7.662420e-01	4.999866e+00	4.956789e+02
6.283235631734070e-04	7.508839e-01	4.999866e+00	4.961559e+02
6.331835631734308e-04	7.375504e-01	4.999866e+00	4.965670e+02
6.339535631734346e-04	7.356721e-01	4.999866e+00	4.966246e+02
6.391635631734601e-04	7.244168e-01	4.999866e+00	4.969688e+02
6.441935631734848e-04	7.156259e-01	4.999866e+00	4.972358e+02
6.502235631735143e-04	7.072424e-01	4.999866e+00	4.974890e+02
6.544335631735350e-04	7.025194e-01	4.999866e+00	4.976309e+02
6.615935631735701e-04	6.961690e-01	4.999866e+00	4.978209e+02
6.646735631735852e-04	6.939709e-01	4.999866e+00	4.978864e+02
6.733435631736277e-04	6.891119e-01	4.999866e+00	4.980306e+02
6.749135631736354e-04	6.884062e-01	4.999866e+00	4.980515e+02
6.851535631736856e-04	6.847894e-01	4.999866e+00	4.981583e+02
6.953935631737358e-04	6.824415e-01	4.999866e+00	4.982274e+02
7.056335631737860e-04	6.809188e-01	4.999866e+00	4.982720e+02
7.158735631738362e-04	6.799319e-01	4.999866e+00	4.983009e+02
7.261135631738865e-04	6.792926e-01	4.999866e+00	4.983196e+02
7.363535631739367e-04	6.788787e-01	4.999866e+00	4.983317e+02
7.465935631739869e-04	6.786107e-01	4.999866e+00	4.983395e+02
7.568335631740371e-04	6.784374e-01	4.999866e+00	4.983445e+02
7.670735631740873e-04	6.783252e-01	4.999866e+00	4.983478e+02
7.773135631741375e-04	6.782526e-01	4.999866e+00	4.983499e+02
7.875535631741877e-04	6.782056e-01	4.999866e+00	4.983513e+02
7.977935631742379e-04	6.781752e-01	4.999866e+00	4.983522e+02
8.080335631742881e-04	6.781556e-01	4.999866e+00	4.983528e+02
8.182735631743383e-04	6.781429e-01	4.999866e+00	4.983531e+02
8.285135631743885e-04	6.781347e-01	4.999866e+00	4.983534e+02
8.387535631744387e-04	6.781293e-01	4.999866e+00	4.983535e+02
8.489935631744890e-04	6.781259e-01	4.999866e+00	4.983536e+02
8.592335631745392e-04	6.781237e-01	4.999866e+00	4.983537e+02
8.694735631745894e-04	6.781222e-01	4.999866e+00	4.983537e+02
8.797135631746396e-04	6.781213e-01	4.999866e+00	4.983537e+02
8.899535631746898e-04	6.781207e-01	4.999866e+00	4.983538e+02
9.001935631747400e-04	6.781203e-01	4.999866e+00	4.983538e+02
9.104335631747902e-04	6.781201e-01	4.999866e+00	4.983538e+02
9.206735631748404e-04	6.781199e-01	4.999866e+00	4.983538e+02
9.309135631748906e-04	6.781198e-01	4.999866e+00	4.983538e+02
9.411535631749408e-04	6.781197e-01	4.999866e+00	4.983538e+02
9.513935631749910e-04	6.781197e-01	4.999866e+00	4.983538e+02
9.616335631750413e-04	6.781197e-01	4.999866e+00	4.983538e+02
9.718735631750915e-04	6.781197e-01	4.999866e+00	4.983538e+02
9.821135631750814e-04	6.781196e-01	4.999866e+00	4.983538e+02
9.923535631750206e-04	6.781196e-01	4.999866e+00	4.983538e+02
1.002593563174960e-03	6.781196e-01	4.999866e+00	4.983538e+02
1.012833563174899e-03	6.781196e-01	4.999866e+00	4.983538e+02
1.023073563174838e-03	6.781196e-01	4.999866e+00	4.983538e+02
1.033313563174777e-03	6.781196e-01	4.999866e+00	4.983538e+02
1.043553563174717e-03	6.781196e-01	4.999866e+00	4.983538e+02
1.053793563174656e-03	6.781196e-01	4.999866e+00	4.983538e+02
1.064033563174595e-03	6.781196e-01	4.999866e+00	4.983538e+02
1.074273563174534e-03	6.781196e-01	4.999866e+00	4.983538e+02
1.084513563174473e-03	6.781196e-01	4.999866e+00	4.983538e+02
1.094753563174412e-03	6.781196e-01	4.999866e+00	4.983538e+02
1.104993563174352e-03	6.781196e-01	4.999866e+00	4.983538e+02
1.115233563174291e-03	6.781196e-01	4.999866e+00	4.983538e+02
1.125473563174230e-03	6.781196e-01	4.999866e+00	4.983538e+02
1.135713563174169e-03	6.781196e-01	4.999866e+00	4.983538e+02
1.145953563174108e-03	6.781196e-01	4.999866e+00	4.983538e+02
1.156193563174048e-03	6.781196e-01	4.999866e+00	4.983538e+02
1.166433563173987e-03	6.781196e-01	4.999866e+00	4.983538e+02
1.176673563173926e-03	6.781196e-01	4.999866e+00	4.983538e+02
1.186913563173865e-03	6.781196e-01	4.999866e+00	4.983538e+02
1.197153563173804e-03	6.781196e-01	4.999866e+00	4.983538e+02
1.207393563173743e-03	6.781196e-01	4.999866e+00	4.983538e+02
1.217633563173683e-03	6.781196e-01	4.999866e+00	4.983538e+02
1.227873563173622e-03	6.781196e-01	4.999866e+00	4.983538e+02
1.238113563173561e-03	6.781196e-01	4.999866e+00	4.983538e+02
1.248353563173500e-03	6.781196e-01	4.999866e+00	4.983538e+02
1.258593563173439e-03	6.781196e-01	4.999866e+00	4.983538e+02
1.268833563173379e-03	6.781196e-01	4.999866e+00	4.983538e+02
1.279073563173318e-03	6.781196e-01	4.999866e+00	4.983538e+02
1.289313563173257e-03	6.781196e-01	4.999866e+00	4.983538e+02
1.299553563173196e-03	6.781196e-01	4.999866e+00	4.983538e+02
1.309793563173135e-03	6.781196e-01	4.999866e+00	4.983538e+02
1.320033563173075e-03	6.781196e-01	4.999866e+00	4.983538e+02
1.330273563173014e-03	6.781196e-01	4.999866e+00	4.983538e+02
1.340513563172953e-03	6.781196e-01	4.999866e+00	4.983538e+02
1.350753563172892e-03	6.781196e-01	4.999866e+00	4.983538e+02
1.360993563172831e-03	6.781196e-01	4.999866e+00	4.983538e+02
1.371233563172770e-03	6.781196e-01	4.999866e+00	4.983538e+02
1.381473563172710e-03	6.781196e-01	4.999866e+00	4.983538e+02
1.391713563172649e-03	6.781196e-01	4.999866e+00	4.983538e+02
1.401953563172588e-03	6.781196e-01	4.999866e+00	4.983538e+02
1.412193563172527e-03	6.781196e-01	4.999866e+00	4.983538e+02
1.422433563172466e-03	6.781196e-01	4.999866e+00	4.983538e+02
1.432673563172406e-03	6.781196e-01	4.999866e+00	4.983538e+02
1.442913563172345e-03	6.781196e-01	4.999866e+00	4.983538e+02
1.453153563172284e-03	6.781196e-01	4.999866e+00	4.983538e+02
1.463393563172223e-03	6.781196e-01	4.999866e+00	4.983538e+02
1.473633563172162e-03	6.781196e-01	4.999866e+00	4.983538e+02
1.483873563172102e-03	6.781196e-01	4.999866e+00	4.983538e+02
1.494113563172041e-03	6.781196e-01	4.999866e+00	4.983538e+02
1.504353563171980e-03	6.781196e-01	4.999866e+00	4.983538e+02
1.514593563171919e-03	6.781196e-01	4.999866e+00	4.983538e+02
1.524833563171858e-03	6.781196e-01	4.999866e+00	4.983538e+02
1.535073563171797e-03	6.781196e-01	4.999866e+00	4.983538e+02
1.545313563171737e-03	6.781196e-01	4.999866e+00	4.983538e+02
1.555553563171676e-03	6.781196e-01	4.999866e+00	4.983538e+02
1.565793563171615e-03	6.781196e-01	4.999866e+00	4.983538e+02
1.576033563171554e-03	6.781196e-01	4.999866e+00	4.983538e+02
1.586273563171493e-03	6.781196e-01	4.999866e+00	4.983538e+02
1.596513563171433e-03	6.781196e-01	4.999866e+00	4.983538e+02
1.606753563171372e-03	6.781196e-01	4.999866e+00	4.983538e+02
1.616993563171311e-03	6.781196e-01	4.999866e+00	4.983538e+02
1.627233563171250e-03	6.781196e-01	4.999866e+00	4.983538e+02
1.637473563171189e-03	6.781196e-01	4.999866e+00	4.983538e+02
1.647713563171129e-03	6.781196e-01	4.999866e+00	4.983538e+02
1.657953563171068e-03	6.781196e-01	4.999866e+00	4.983538e+02
1.668193563171007e-03	6.781196e-01	4.999866e+00	4.983538e+02
1.678433563170946e-03	6.781196e-01	4.999866e+00	4.983538e+02
1.688673563170885e-03	6.781196e-01	4.999866e+00	4.983538e+02
1.698913563170824e-03	6.781196e-01	4.999866e+00	4.983538e+02
1.709153563170764e-03	6.781196e-01	4.999866e+00	4.983538e+02
1.719393563170703e-03	6.781196e-01	4.999866e+00	4.983538e+02
1.729633563170642e-03	6.781196e-01	4.999866e+00	4.983538e+02
1.739873563170581e-03	6.781196e-01	4.999866e+00	4.983538e+02
1.750113563170520e-03	6.781196e-01	4.999866e+00	4.983538e+02
1.760353563170460e-03	6.781196e-01	4.999866e+00	4.983538e+02
1.770593563170399e-03	6.781196e-01	4.999866e+00	4.983538e+02
1.780833563170338e-03	6.781196e-01	4.999866e+00	4.983538e+02
1.791073563170277e-03	6.781196e-01	4.999866e+00	4.983538e+02
1.801313563170216e-03	6.781196e-01	4.999866e+00	4.983538e+02
1.811553563170156e-03	6.781196e-01	4.999866e+00	4.983538e+02
1.821793563170095e-03	6.781196e-01	4.999866e+00	4.983538e+02
1.832033563170034e-03	6.781196e-01	4.999866e+00	4.983538e+02
1.842273563169973e-03	6.781196e-01	4.999866e+00	4.983538e+02
1.852513563169912e-03	6.781196e-01	4.999866e+00	4.983538e+02
1.862753563169851e-03	6.781196e-01	4.999866e+00	4.983538e+02
1.872993563169791e-03	6.781196e-01	4.999866e+00	4.983538e+02
1.883233563169730e-03	6.781196e-01	4.999866e+00	4.983538e+02
1.893473563169669e-03	6.781196e-01	4.999866e+00	4.983538e+02
1.903713563169608e-03	6.781196e-01	4.999866e+00	4.983538e+02
1.913953563169547e-03	6.781196e-01	4.999866e+00	4.983538e+02
1.924193563169487e-03	6.781196e-01	4.999866e+00	4.983538e+02
1.934433563169426e-03	6.781196e-01	4.999866e+00	4.983538e+02
1.944673563169365e-03	6.781196e-01	4.999866e+00	4.983538e+02
1.954913563169304e-03	6.781196e-01	4.999866e+00	4.983538e+02
1.965153563169243e-03	6.781196e-01	4.999866e+00	4.983538e+02
1.975393563169182e-03	6.781196e-01	4.999866e+00	4.983538e+02
1.985633563169122e-03	6.781196e-01	4.999866e+00	4.983538e+02
1.995873563169061e-03	6.781196e-01	4.999866e+00	4.983538e+02
2.006113563169000e-03	6.781196e-01	4.999866e+00	4.983538e+02
2.016353563168939e-03	6.781196e-01	4.999866e+00	4.983538e+02
2.026593563168878e-03	6.781196e-01	4.999866e+00	4.983538e+02
2.036833563168818e-03	6.781196e-01	4.999866e+00	4.983538e+02
2.047073563168757e-03	6.781196e-01	4.999866e+00	4.983538e+02
2.057313563168696e-03	6.781196e-01	4.999866e+00	4.983538e+02
2.067553563168635e-03	6.781196e-01	4.999866e+00	4.983538e+02
2.077793563168574e-03	6.781196e-01	4.999866e+00	4.983538e+02
2.088033563168514e-03	6.781196e-01	4.999866e+00	4.983538e+02
2.098273563168453e-03	6.781196e-01	4.999866e+00	4.983538e+02
2.108513563168392e-03	6.781196e-01	4.999866e+00	4.983538e+02
2.118753563168331e-03	6.781196e-01	4.999866e+00	4.983538e+02
2.128993563168270e-03	6.781196e-01	4.999866e+00	4.983538e+02
2.139233563168209e-03	6.781196e-01	4.999866e+00	4.983538e+02
2.149473563168149e-03	6.781196e-01	4.999866e+00	4.983538e+02
2.159713563168088e-03	6.781196e-01	4.999866e+00	4.983538e+02
2.169953563168027e-03	6.781196e-01	4.999866e+00	4.983538e+02
2.180193563167966e-03	6.781196e-01	4.999866e+00	4.983538e+02
2.190433563167905e-03	6.781196e-01	4.999866e+00	4.983538e+02
2.200673563167845e-03	6.781196e-01	4.999866e+00	4.983538e+02
2.210913563167784e-03	6.781196e-01	4.999866e+00	4.983538e+02
2.221153563167723e-03	6.781196e-01	4.999866e+00	4.983538e+02
2.231393563167662e-03	6.781196e-01	4.999866e+00	4.983538e+02
2.241633563167601e-03	6.781196e-01	4.999866e+00	4.983538e+02
2.251873563167541e-03	6.781196e-01	4.999866e+00	4.983538e+02
2.262113563167480e-03	6.781196e-01	4.999866e+00	4.983538e+02
2.272353563167419e-03	6.781196e-01	4.999866e+00	4.983538e+02
2.282593563167358e-03	6.781196e-01	4.999866e+00	4.983538e+02
2.292833563167297e-03	6.781196e-01	4.999866e+00	4.983538e+02
2.303073563167236e-03	6.781196e-01	4.999866e+00	4.983538e+02
2.313313563167176e-03	6.781196e-01	4.999866e+00	4.983538e+02
2.323553563167115e-03	6.781196e-01	4.999866e+00	4.983538e+02
2.333793563167054e-03	6.781196e-01	4.999866e+00	4.983538e+02
2.344033563166993e-03	6.781196e-01	4.999866e+00	4.983538e+02
2.354273563166932e-03	6.781196e-01	4.999866e+00	4.983538e+02
2.364513563166872e-03	6.781196e-01	4.999866e+00	4.983538e+02
2.374753563166811e-03	6.781196e-01	4.999866e+00	4.983538e+02
2.384993563166750e-03	6.781196e-01	4.999866e+00	4.983538e+02
2.395233563166689e-03	6.781196e-01	4.999866e+00	4.983538e+02
2.405473563166628e-03	6.781196e-01	4.999866e+00	4.983538e+02
2.415713563166568e-03	6.781196e-01	4.999866e+00	4.983538e+02
2.425953563166507e-03	6.781196e-01	4.999866e+00	4.983538e+02
2.436193563166446e-03	6.781196e-01	4.999866e+00	4.983538e+02
2.446433563166385e-03	6.781196e-01	4.999866e+00	4.983538e+02
2.456673563166324e-03	6.781196e-01	4.999866e+00	4.983538e+02
2.466913563166263e-03	6.781196e-01	4.999866e+00	4.983538e+02
2.477153563166203e-03	6.781196e-01	4.999866e+00	4.983538e+02
2.487393563166142e-03	6.781196e-01	4.999866e+00	4.983538e+02
2.497633563166081e-03	6.781196e-01	4.999866e+00	4.983538e+02
2.507873563166020e-03	6.781196e-01	4.999866e+00	4.983538e+02
2.518113563165959e-03	6.781196e-01	4.999866e+00	4.983538e+02
2.528353563165899e-03	6.781196e-01	4.999866e+00	4.983538e+02
2.538593563165838e-03	6.781196e-01	4.999866e+00	4.983538e+02
2.548833563165777e-03	6.781196e-01	4.999866e+00	4.983538e+02
2.559073563165716e-03	6.781196e-01	4.999866e+00	4.983538e+02
2.569313563165655e-03	6.781196e-01	4.999866e+00	4.983538e+02
2.579553563165595e-03	6.781196e-01	4.999866e+00	4.983538e+02
2.589793563165534e-03	6.781196e-01	4.999866e+00	4.983538e+02
2.600033563165473e-03	6.781196e-01	4.999866e+00	4.983538e+02
2.610273563165412e-03	6.781196e-01	4.999866e+00	4.983538e+02
2.620513563165351e-03	6.781196e-01	4.999866e+00	4.983538e+02
2.630753563165290e-03	6.781196e-01	4.999866e+00	4.983538e+02
2.640993563165230e-03	6.781196e-01	4.999866e+00	4.983538e+02
2.651233563165169e-03	6.781196e-01	4.999866e+00	4.983538e+02
2.661473563165108e-03	6.781196e-01	4.999866e+00	4.983538e+02
2.671713563165047e-03	6.781196e-01	4.999866e+00	4.983538e+02
2.681953563164986e-03	6.781196e-01	4.999866e+00	4.983538e+02
2.692193563164926e-03	6.781196e-01	4.999866e+00	4.983538e+02
2.702433563164865e-03	6.781196e-01	4.999866e+00	4.983538e+02
2.712673563164804e-03	6.781196e-01	4.999866e+00	4.983538e+02
2.722913563164743e-03	6.781196e-01	4.999866e+00	4.983538e+02
2.733153563164682e-03	6.781196e-01	4.999866e+00	4.983538e+02
2.743393563164621e-03	6.781196e-01	4.999866e+00	4.983538e+02
2.753633563164561e-03	6.781196e-01	4.999866e+00	4.983538e+02
2.763873563164500e-03	6.781196e-01	4.999866e+00	4.983538e+02
2.774113563164439e-03	6.781196e-01	4.999866e+00	4.983538e+02
2.784353563164378e-03	6.781196e-01	4.999866e+00	4.983538e+02
2.794593563164317e-03	6.781196e-01	4.999866e+00	4.983538e+02
2.804833563164257e-03	6.781196e-01	4.999866e+00	4.983538e+02
2.815073563164196e-03	6.781196e-01	4.999866e+00	4.983538e+02
2.825313563164135e-03	6.781196e-01	4.999866e+00	4.983538e+02
2.835553563164074e-03	6.781196e-01	4.999866e+00	4.983538e+02
2.845793563164013e-03	6.781196e-01	4.999866e+00	4.983538e+02
2.856033563163953e-03	6.781196e-01	4.999866e+00	4.983538e+02
2.866273563163892e-03	6.781196e-01	4.999866e+00	4.983538e+02
2.876513563163831e-03	6.781196e-01	4.999866e+00	4.983538e+02
2.886753563163770e-03	6.781196e-01	4.999866e+00	4.983538e+02
2.896993563163709e-03	6.781196e-01	4.999866e+00	4.983538e+02
2.907233563163648e-03	6.781196e-01	4.999866e+00	4.983538e+02
2.917473563163588e-03	6.781196e-01	4.999866e+00	4.983538e+02
2.927713563163527e-03	6.781196e-01	4.999866e+00	4.983538e+02
2.937953563163466e-03	6.781196e-01	4.999866e+00	4.983538e+02
2.948193563163405e-03	6.781196e-01	4.999866e+00	4.983538e+02
2.958433563163344e-03	6.781196e-01	4.999866e+00	4.983538e+02
2.968673563163284e-03	6.781196e-01	4.999866e+00	4.983538e+02
2.978913563163223e-03	6.781196e-01	4.999866e+00	4.983538e+02
2.989153563163162e-03	6.781196e-01	4.999866e+00	4.983538e+02
2.999393563163101e-03	6.781196e-01	4.999866e+00	4.983538e+02
3.000000000000000e-03	6.781196e-01	4.999866e+00	4.983538e+02
Step Information: Ra=4.7M  (Step: 3/4)
0.000000000000000e+00	6.781196e-01	4.999866e+00	4.976587e+02
1.006310719976990e-05	6.781196e-01	4.999866e+00	4.976587e+02
2.030310719977066e-05	6.781196e-01	4.999866e+00	4.976587e+02
3.054310719977230e-05	6.781196e-01	4.999866e+00	4.976587e+02
4.078310719977393e-05	6.781196e-01	4.999866e+00	4.976587e+02
5.102310719977557e-05	6.781196e-01	4.999866e+00	4.976587e+02
6.126310719977705e-05	6.781196e-01	4.999866e+00	4.976587e+02
7.150310719977175e-05	6.781196e-01	4.999866e+00	4.976587e+02
8.174310719976644e-05	6.781196e-01	4.999866e+00	4.976587e+02
9.198310719976114e-05	6.781196e-01	4.999866e+00	4.976587e+02
1.022231071997558e-04	6.781196e-01	4.999866e+00	4.976587e+02
1.124631071997505e-04	6.781196e-01	4.999866e+00	4.976587e+02
1.227031071997452e-04	6.781196e-01	4.999866e+00	4.976587e+02
1.329431071997399e-04	6.781196e-01	4.999866e+00	4.976587e+02
1.431831071997346e-04	6.781196e-01	4.999866e+00	4.976587e+02
1.534231071997293e-04	6.781196e-01	4.999866e+00	4.976587e+02
1.636631071997240e-04	6.781196e-01	4.999866e+00	4.976587e+02
1.739031071997187e-04	6.781196e-01	4.999866e+00	4.976587e+02
1.841431071997134e-04	6.781196e-01	4.999866e+00	4.976587e+02
1.943831071997081e-04	6.781196e-01	4.999866e+00	4.976587e+02
2.046231071997028e-04	6.781196e-01	4.999866e+00	4.976587e+02
2.148631071996975e-04	6.781196e-01	4.999866e+00	4.976587e+02
2.251031071996922e-04	6.781196e-01	4.999866e+00	4.976587e+02
2.353431071996869e-04	6.781196e-01	4.999866e+00	4.976587e+02
2.455831071996817e-04	6.781196e-01	4.999866e+00	4.976587e+02
2.558231071996763e-04	6.781196e-01	4.999866e+00	4.976587e+02
2.660631071996710e-04	6.781196e-01	4.999866e+00	4.976587e+02
2.763031071996657e-04	6.781196e-01	4.999866e+00	4.976587e+02
2.865431071996604e-04	6.781196e-01	4.999866e+00	4.976587e+02
2.967831071996551e-04	6.781196e-01	4.999866e+00	4.976587e+02
3.070231071996498e-04	6.781196e-01	4.999866e+00	4.976587e+02
3.172631071996445e-04	6.781196e-01	4.999866e+00	4.976587e+02
3.275031071996392e-04	6.781196e-01	4.999866e+00	4.976587e+02
3.377431071996339e-04	6.781196e-01	4.999866e+00	4.976587e+02
3.479831071996286e-04	6.781196e-01	4.999866e+00	4.976587e+02
3.582231071996233e-04	6.781196e-01	4.999866e+00	4.976587e+02
3.684631071996180e-04	6.781196e-01	4.999866e+00	4.976587e+02
3.787031071996127e-04	6.781196e-01	4.999866e+00	4.976587e+02
3.889431071996074e-04	6.781196e-01	4.999866e+00	4.976587e+02
3.991831071996021e-04	6.781196e-01	4.999866e+00	4.976587e+02
4.094231071995968e-04	6.781196e-01	4.999866e+00	4.976587e+02
4.196631071995915e-04	6.781196e-01	4.999866e+00	4.976587e+02
4.299031071995862e-04	6.781196e-01	4.999866e+00	4.976587e+02
4.401431071995809e-04	6.781196e-01	4.999866e+00	4.976587e+02
4.503831071995756e-04	6.781196e-01	4.999866e+00	4.976587e+02
4.606231071995703e-04	6.781196e-01	4.999866e+00	4.976587e+02
4.708631071995650e-04	6.781196e-01	4.999866e+00	4.976587e+02
4.811031071995597e-04	6.781196e-01	4.999866e+00	4.976587e+02
4.913431071995710e-04	6.781196e-01	4.999866e+00	4.976587e+02
5.000000000000004e-04	6.781196e-01	4.999866e+00	4.976587e+02
5.000010000000000e-04	6.382892e-01	4.999866e+00	3.747641e+02
5.000024815950348e-04	4.127862e-01	4.999866e+00	1.348196e+02
5.000028822554173e-04	3.210498e-01	4.999866e+00	1.073510e+02
5.000034790442643e-04	1.780933e-01	4.999866e+00	7.817328e+01
5.000040773294033e-04	3.170431e-02	4.999866e+00	5.893968e+01
5.000048310762704e-04	-1.469845e-01	4.999866e+00	4.364057e+01
5.000053146768888e-04	-2.314287e-01	4.999866e+00	3.736979e+01
5.000058133625332e-04	-2.590163e-01	4.999866e+00	3.272253e+01
5.000063291542579e-04	-2.569144e-01	4.999866e+00	2.928399e+01
5.000068649289224e-04	-2.572317e-01	4.999866e+00	2.673675e+01
5.000073857277951e-04	-2.567808e-01	4.999866e+00	2.495477e+01
5.000084273255405e-04	-2.560129e-01	4.999866e+00	2.261579e+01
5.000099674318708e-04	-2.547709e-01	4.999866e+00	2.075655e+01
5.000117336098059e-04	-2.532338e-01	4.999866e+00	1.956483e+01
5.000139887055855e-04	-2.512570e-01	4.999866e+00	1.845451e+01
5.000171523729994e-04	-2.484602e-01	4.999866e+00	1.710845e+01
5.000226726470694e-04	-2.436146e-01	4.999866e+00	1.500950e+01
5.000326726470694e-04	-2.348666e-01	4.999866e+00	1.183237e+01
5.000426726470695e-04	-2.261969e-01	4.999866e+00	9.330616e+00
5.000526726470695e-04	-2.176033e-01	4.999866e+00	7.360062e+00
5.000626726470696e-04	-2.090539e-01	4.999866e+00	5.808255e+00
5.000726726470696e-04	-2.005842e-01	4.999866e+00	4.586022e+00
5.000826726470697e-04	-1.921417e-01	4.999866e+00	3.623473e+00
5.000926726470697e-04	-1.837868e-01	4.999866e+00	2.865374e+00
5.001026726470698e-04	-1.754642e-01	4.999866e+00	2.268331e+00
5.001126726470698e-04	-1.672341e-01	4.999866e+00	1.798110e+00
5.001226726470699e-04	-1.590646e-01	4.999866e+00	1.427779e+00
5.001326726470699e-04	-1.509927e-01	4.999866e+00	1.136114e+00
5.001426726470700e-04	-1.430225e-01	4.999866e+00	9.064036e-01
5.001526726470700e-04	-1.351666e-01	4.999866e+00	7.254865e-01
5.001626726470701e-04	-1.274542e-01	4.999866e+00	5.829964e-01
5.001726726470701e-04	-1.198870e-01	4.999866e+00	4.707696e-01
5.001826726470702e-04	-1.125035e-01	4.999866e+00	3.823760e-01
5.001926726470702e-04	-1.053013e-01	4.999866e+00	3.127522e-01
5.002026726470703e-04	-9.832015e-02	4.999866e+00	2.579099e-01
5.002126726470703e-04	-9.155359e-02	4.999866e+00	2.147084e-01
5.002226726470703e-04	-8.503842e-02	4.999866e+00	1.806742e-01
5.002326726470704e-04	-7.876228e-02	4.999866e+00	1.538594e-01
5.002426726470704e-04	-7.275660e-02	4.999866e+00	1.327300e-01
5.002526726470705e-04	-6.700237e-02	4.999866e+00	1.160780e-01
5.002626726470705e-04	-6.152480e-02	4.999866e+00	1.029522e-01
5.002726726470706e-04	-5.629861e-02	4.999866e+00	9.260356e-02
5.002826726470706e-04	-5.134337e-02	4.999866e+00	8.444226e-02
5.002926726470707e-04	-4.662884e-02	4.999866e+00	7.800391e-02
5.003026726470707e-04	-4.217034e-02	4.999866e+00	7.292286e-02
5.003126726470708e-04	-3.793428e-02	4.999866e+00	6.891116e-02
5.003226726470708e-04	-3.393343e-02	4.999866e+00	6.574214e-02
5.003326726470709e-04	-3.013268e-02	4.999866e+00	6.323723e-02
5.003426726470709e-04	-2.654356e-02	4.999866e+00	6.125589e-02
5.003526726470710e-04	-2.313054e-02	4.999866e+00	5.968740e-02
5.003626726470710e-04	-1.990503e-02	4.999866e+00	5.844457e-02
5.003726726470711e-04	-1.683208e-02	4.999866e+00	5.745871e-02
5.003826726470711e-04	-1.392366e-02	4.999866e+00	5.667571e-02
5.003926726470712e-04	-1.114588e-02	4.999866e+00	5.605295e-02
5.004026726470712e-04	-8.511685e-03	4.999866e+00	5.555681e-02
5.004126726470713e-04	-5.988485e-03	4.999866e+00	5.516080e-02
5.004226726470713e-04	-3.590334e-03	4.999866e+00	5.484404e-02
5.004326726470714e-04	-1.286013e-03	4.999866e+00	5.459005e-02
5.004426726470714e-04	9.093193e-04	4.999866e+00	5.438583e-02
5.004526726470715e-04	3.025566e-03	4.999866e+00	5.422110e-02
5.004626726470715e-04	5.046547e-03	4.999866e+00	5.408777e-02
5.004726726470716e-04	7.000962e-03	4.999866e+00	5.397942e-02
5.004826726470716e-04	8.871732e-03	4.999866e+00	5.389097e-02
5.004926726470717e-04	1.068649e-02	4.999866e+00	5.381843e-02
5.005026726470717e-04	1.242740e-02	4.999866e+00	5.375861e-02
5.005126726470718e-04	1.412116e-02	4.999866e+00	5.370899e-02
5.005226726470718e-04	1.574931e-02	4.999866e+00	5.366758e-02
5.005326726470719e-04	1.733775e-02	4.999866e+00	5.363279e-02
5.005426726470719e-04	1.886749e-02	4.999866e+00	5.360334e-02
5.005526726470720e-04	2.036377e-02	4.999866e+00	5.357824e-02
5.005626726470720e-04	2.180719e-02	4.999866e+00	5.355668e-02
5.005726726470721e-04	2.322241e-02	4.999866e+00	5.353802e-02
5.005826726470721e-04	2.458969e-02	4.999866e+00	5.352174e-02
5.005926726470722e-04	2.593321e-02	4.999866e+00	5.350743e-02
5.006026726470722e-04	2.723298e-02	4.999866e+00	5.349476e-02
5.006126726470723e-04	2.851274e-02	4.999866e+00	5.348345e-02
5.006226726470723e-04	2.975233e-02	4.999866e+00	5.347329e-02
5.006326726470724e-04	3.097511e-02	4.999866e+00	5.346410e-02
5.006426726470724e-04	3.216077e-02	4.999866e+00	5.345575e-02
5.006526726470725e-04	3.333236e-02	4.999866e+00	5.344810e-02
5.006626726470725e-04	3.446947e-02	4.999866e+00	5.344106e-02
5.006726726470726e-04	3.559486e-02	4.999866e+00	5.343455e-02
5.006826726470726e-04	3.668806e-02	4.999866e+00	5.342852e-02
5.006926726470727e-04	3.777158e-02	4.999866e+00	5.342288e-02
5.007026726470727e-04	3.882489e-02	4.999866e+00	5.341762e-02
5.007126726470728e-04	3.987030e-02	4.999866e+00	5.341267e-02
5.007226726470728e-04	4.088723e-02	4.999866e+00	5.340802e-02
5.007326726470729e-04	4.189780e-02	4.999866e+00	5.340362e-02
5.007426726470729e-04	4.288144e-02	4.999866e+00	5.339947e-02
5.007526726470729e-04	4.386007e-02	4.999866e+00	5.339553e-02
5.007626726470730e-04	4.481312e-02	4.999866e+00	5.339178e-02
5.007726726470730e-04	4.576235e-02	4.999866e+00	5.338822e-02
5.007826726470731e-04	4.668722e-02	4.999866e+00	5.338482e-02
5.007926726470731e-04	4.760931e-02	4.999866e+00	5.338158e-02
5.008026726470732e-04	4.850812e-02	4.999866e+00	5.337848e-02
5.008126726470732e-04	4.940510e-02	4.999866e+00	5.337551e-02
5.008226726470733e-04	5.027976e-02	4.999866e+00	5.337267e-02
5.008326726470733e-04	5.115341e-02	4.999866e+00	5.336994e-02
5.008426726470734e-04	5.200563e-02	4.999866e+00	5.336732e-02
5.008526726470734e-04	5.285758e-02	4.999866e+00	5.336480e-02
5.008626726470735e-04	5.368888e-02	4.999866e+00	5.336238e-02
5.008726726470735e-04	5.452059e-02	4.999866e+00	5.336004e-02
5.008826726470736e-04	5.533236e-02	4.999866e+00	5.335780e-02
5.008926726470736e-04	5.614514e-02	4.999866e+00	5.335563e-02
5.009026726470737e-04	5.693863e-02	4.999866e+00	5.335354e-02
5.009126726470737e-04	5.773367e-02	4.999866e+00	5.335153e-02
5.009226726470738e-04	5.851002e-02	4.999866e+00	5.334958e-02
5.009326726470738e-04	5.928842e-02	4.999866e+00	5.334769e-02
5.009426726470739e-04	6.004867e-02	4.999866e+00	5.334587e-02
5.009526726470739e-04	6.081141e-02	4.999866e+00	5.334410e-02
5.009626726470740e-04	6.155651e-02	4.999866e+00	5.334239e-02
5.009726726470740e-04	6.230449e-02	4.999866e+00	5.334074e-02
5.009826726470741e-04	6.303530e-02	4.999866e+00	5.333913e-02
5.009926726470741e-04	6.376936e-02	4.999866e+00	5.333758e-02
5.010026726470742e-04	6.448668e-02	4.999866e+00	5.333607e-02
5.010126726470742e-04	6.520759e-02	4.999866e+00	5.333460e-02
5.010226726470743e-04	6.591216e-02	4.999866e+00	5.333318e-02
5.010326726470743e-04	6.662060e-02	4.999866e+00	5.333180e-02
5.010426726470744e-04	6.731309e-02	4.999866e+00	5.333046e-02
5.010526726470744e-04	6.800973e-02	4.999866e+00	5.332915e-02
5.010626726470745e-04	6.869075e-02	4.999866e+00	5.332788e-02
5.010726726470745e-04	6.937621e-02	4.999866e+00	5.332665e-02
5.010826726470746e-04	7.004634e-02	4.999866e+00	5.332545e-02
5.010926726470746e-04	7.072115e-02	4.999866e+00	5.332427e-02
5.011026726470747e-04	7.138094e-02	4.999866e+00	5.332313e-02
5.011126726470747e-04	7.204562e-02	4.999866e+00	5.332202e-02
5.011226726470748e-04	7.269557e-02	4.999866e+00	5.332094e-02
5.011326726470748e-04	7.335059e-02	4.999866e+00	5.331989e-02
5.011426726470749e-04	7.399116e-02	4.999866e+00	5.331886e-02
5.011526726470749e-04	7.463700e-02	4.999866e+00	5.331785e-02
5.011626726470750e-04	7.526861e-02	4.999866e+00	5.331688e-02
5.011726726470750e-04	7.590566e-02	4.999866e+00	5.331592e-02
5.011826726470751e-04	7.652874e-02	4.999866e+00	5.331499e-02
5.011926726470751e-04	7.715739e-02	4.999866e+00	5.331407e-02
5.012026726470752e-04	7.777230e-02	4.999866e+00	5.331318e-02
5.012126726470752e-04	7.839294e-02	4.999866e+00	5.331231e-02
5.012226726470753e-04	7.900003e-02	4.999866e+00	5.331146e-02
5.012326726470753e-04	7.961299e-02	4.999866e+00	5.331063e-02
5.012426726470754e-04	8.021260e-02	4.999866e+00	5.330982e-02
5.012526726470754e-04	8.081819e-02	4.999866e+00	5.330903e-02
5.012626726470754e-04	8.141064e-02	4.999866e+00	5.330825e-02
5.012726726470755e-04	8.200917e-02	4.999866e+00	5.330749e-02
5.012826726470755e-04	8.259474e-02	4.999866e+00	5.330674e-02
5.012926726470756e-04	8.318650e-02	4.999866e+00	5.330601e-02
5.013026726470756e-04	8.376547e-02	4.999866e+00	5.330530e-02
5.013126726470757e-04	8.435073e-02	4.999866e+00	5.330460e-02
5.013226726470757e-04	8.492336e-02	4.999866e+00	5.330392e-02
5.013326726470758e-04	8.550236e-02	4.999866e+00	5.330325e-02
5.013426726470758e-04	8.606889e-02	4.999866e+00	5.330259e-02
5.013526726470759e-04	8.664189e-02	4.999866e+00	5.330195e-02
5.013626726470759e-04	8.720256e-02	4.999866e+00	5.330132e-02
5.013726726470760e-04	8.776975e-02	4.999866e+00	5.330070e-02
5.013826726470760e-04	8.832478e-02	4.999866e+00	5.330009e-02
5.013926726470761e-04	8.888641e-02	4.999866e+00	5.329949e-02
5.014026726470761e-04	8.943599e-02	4.999866e+00	5.329891e-02
5.014126726470762e-04	8.999225e-02	4.999866e+00	5.329834e-02
5.014226726470762e-04	9.053659e-02	4.999866e+00	5.329778e-02
5.014326726470763e-04	9.108766e-02	4.999866e+00	5.329723e-02
5.014426726470763e-04	9.162695e-02	4.999866e+00	5.329668e-02
5.014526726470764e-04	9.217302e-02	4.999866e+00	5.329615e-02
5.014626726470764e-04	9.270743e-02	4.999866e+00	5.329563e-02
5.014726726470765e-04	9.324867e-02	4.999866e+00	5.329512e-02
5.014826726470765e-04	9.377836e-02	4.999866e+00	5.329461e-02
5.014926726470766e-04	9.431494e-02	4.999866e+00	5.329412e-02
5.015026726470766e-04	9.484009e-02	4.999866e+00	5.329363e-02
5.015126726470767e-04	9.537216e-02	4.999866e+00	5.329315e-02
5.015226726470767e-04	9.589290e-02	4.999866e+00	5.329268e-02
5.015326726470768e-04	9.642060e-02	4.999866e+00	5.329222e-02
5.015426726470768e-04	9.693708e-02	4.999866e+00	5.329177e-02
5.015526726470769e-04	9.746057e-02	4.999866e+00	5.329132e-02
5.015626726470769e-04	9.797294e-02	4.999866e+00	5.329088e-02
5.015726726470770e-04	9.849233e-02	4.999866e+00	5.329045e-02
5.015826726470770e-04	9.900071e-02	4.999866e+00	5.329003e-02
5.015926726470771e-04	9.951615e-02	4.999866e+00	5.328961e-02
5.016026726470771e-04	1.000207e-01	4.999866e+00	5.328920e-02
5.016126726470772e-04	1.005323e-01	4.999866e+00	5.328880e-02
5.016226726470772e-04	1.010330e-01	4.999866e+00	5.328840e-02
5.016326726470773e-04	1.015409e-01	4.999866e+00	5.328801e-02
5.016426726470773e-04	1.020380e-01	4.999866e+00	5.328762e-02
5.016526726470774e-04	1.025423e-01	4.999866e+00	5.328724e-02
5.016626726470774e-04	1.030359e-01	4.999866e+00	5.328687e-02
5.016726726470775e-04	1.035367e-01	4.999866e+00	5.328650e-02
5.016826726470775e-04	1.040269e-01	4.999866e+00	5.328614e-02
5.016926726470776e-04	1.045243e-01	4.999866e+00	5.328578e-02
5.017026726470776e-04	1.050112e-01	4.999866e+00	5.328543e-02
5.017126726470777e-04	1.055052e-01	4.999866e+00	5.328508e-02
5.017226726470777e-04	1.059889e-01	4.999866e+00	5.328474e-02
5.017326726470778e-04	1.064797e-01	4.999866e+00	5.328441e-02
5.017426726470778e-04	1.069602e-01	4.999866e+00	5.328408e-02
5.017526726470779e-04	1.074480e-01	4.999866e+00	5.328375e-02
5.017626726470779e-04	1.079255e-01	4.999866e+00	5.328343e-02
5.017726726470779e-04	1.084102e-01	4.999866e+00	5.328311e-02
5.017826726470780e-04	1.088847e-01	4.999866e+00	5.328280e-02
5.017926726470780e-04	1.093664e-01	4.999866e+00	5.328249e-02
5.018026726470781e-04	1.098381e-01	4.999866e+00	5.328218e-02
5.018126726470781e-04	1.103169e-01	4.999866e+00	5.328188e-02
5.018226726470782e-04	1.107858e-01	4.999866e+00	5.328159e-02
5.018326726470782e-04	1.112619e-01	4.999866e+00	5.328130e-02
5.018426726470783e-04	1.117280e-01	4.999866e+00	5.328101e-02
5.018526726470783e-04	1.122013e-01	4.999866e+00	5.328072e-02
5.018626726470784e-04	1.126648e-01	4.999866e+00	5.328044e-02
5.018726726470784e-04	1.131355e-01	4.999866e+00	5.328017e-02
5.018826726470785e-04	1.135963e-01	4.999866e+00	5.327990e-02
5.018926726470785e-04	1.140644e-01	4.999866e+00	5.327962e-02
5.019026726470786e-04	1.145228e-01	4.999866e+00	5.327936e-02
5.019126726470786e-04	1.149883e-01	4.999866e+00	5.327910e-02
5.019226726470787e-04	1.154442e-01	4.999866e+00	5.327884e-02
5.019326726470787e-04	1.159073e-01	4.999866e+00	5.327858e-02
5.019426726470788e-04	1.163608e-01	4.999866e+00	5.327833e-02
5.019526726470788e-04	1.168215e-01	4.999866e+00	5.327808e-02
5.019626726470789e-04	1.172727e-01	4.999866e+00	5.327784e-02
5.019726726470789e-04	1.177311e-01	4.999866e+00	5.327759e-02
5.019826726470790e-04	1.181799e-01	4.999866e+00	5.327735e-02
5.019926726470790e-04	1.186360e-01	4.999866e+00	5.327712e-02
5.020010000000001e-04	1.190073e-01	4.999866e+00	5.327692e-02
5.020013333333334e-04	1.190244e-01	4.999866e+00	5.327691e-02
5.020020000000001e-04	1.190568e-01	4.999866e+00	6.498691e-02
5.020027646046971e-04	1.191026e-01	4.999866e+00	9.151486e-02
5.020035348776304e-04	1.191608e-01	4.999866e+00	1.175817e-01
5.020043373553365e-04	1.192334e-01	4.999866e+00	1.440679e-01
5.020059423107488e-04	1.194134e-01	4.999866e+00	1.951249e-01
5.020091522215733e-04	1.198965e-01	4.999866e+00	2.904050e-01
5.020155720432224e-04	1.212577e-01	4.999866e+00	4.590654e-01
5.020214400698068e-04	1.228565e-01	4.999866e+00	5.935112e-01
5.020294184280897e-04	1.253857e-01	4.999866e+00	7.564728e-01
5.020394184280897e-04	1.289228e-01	4.999866e+00	9.400956e-01
5.020494184280898e-04	1.326988e-01	4.999866e+00	1.110143e+00
5.020594184280898e-04	1.366024e-01	4.999866e+00	1.272775e+00
5.020694184280899e-04	1.405731e-01	4.999866e+00	1.431347e+00
5.020794184280899e-04	1.445782e-01	4.999866e+00	1.587685e+00
5.020894184280900e-04	1.486001e-01	4.999866e+00	1.742784e+00
5.020994184280900e-04	1.526293e-01	4.999866e+00	1.897185e+00
5.021094184280901e-04	1.566608e-01	4.999866e+00	2.051184e+00
5.021194184280901e-04	1.606919e-01	4.999866e+00	2.204942e+00
5.021294184280902e-04	1.647215e-01	4.999866e+00	2.358547e+00
5.021394184280902e-04	1.687486e-01	4.999866e+00	2.512045e+00
5.021494184280903e-04	1.727732e-01	4.999866e+00	2.665464e+00
5.021594184280903e-04	1.767952e-01	4.999866e+00	2.818817e+00
5.021694184280904e-04	1.808145e-01	4.999866e+00	2.972112e+00
5.021794184280904e-04	1.848313e-01	4.999866e+00	3.125354e+00
5.021894184280905e-04	1.888456e-01	4.999866e+00	3.278544e+00
5.021994184280905e-04	1.928575e-01	4.999866e+00	3.431685e+00
5.022094184280906e-04	1.968672e-01	4.999866e+00	3.584777e+00
5.022194184280906e-04	2.008746e-01	4.999866e+00	3.737821e+00
5.022294184280907e-04	2.048799e-01	4.999866e+00	3.890816e+00
5.022394184280907e-04	2.088830e-01	4.999866e+00	4.043763e+00
5.022494184280908e-04	2.128842e-01	4.999866e+00	4.196662e+00
5.022594184280908e-04	2.168834e-01	4.999866e+00	4.349514e+00
5.022694184280909e-04	2.208807e-01	4.999866e+00	4.502317e+00
5.022794184280909e-04	2.248760e-01	4.999866e+00	4.655073e+00
5.022894184280910e-04	2.288695e-01	4.999866e+00	4.807781e+00
5.022994184280910e-04	2.328611e-01	4.999866e+00	4.960442e+00
5.023094184280910e-04	2.368510e-01	4.999866e+00	5.113054e+00
5.023194184280911e-04	2.408390e-01	4.999866e+00	5.265619e+00
5.023294184280911e-04	2.448253e-01	4.999866e+00	5.418137e+00
5.023394184280912e-04	2.488098e-01	4.999866e+00	5.570607e+00
5.023494184280912e-04	2.527925e-01	4.999866e+00	5.723029e+00
5.023594184280913e-04	2.567734e-01	4.999866e+00	5.875404e+00
5.023694184280913e-04	2.607527e-01	4.999866e+00	6.027731e+00
5.023794184280914e-04	2.647301e-01	4.999866e+00	6.180011e+00
5.023894184280914e-04	2.687059e-01	4.999866e+00	6.332243e+00
5.023994184280915e-04	2.726798e-01	4.999866e+00	6.484428e+00
5.024094184280915e-04	2.766521e-01	4.999866e+00	6.636566e+00
5.024194184280916e-04	2.806225e-01	4.999866e+00	6.788656e+00
5.024294184280916e-04	2.845913e-01	4.999866e+00	6.940699e+00
5.024394184280917e-04	2.885583e-01	4.999866e+00	7.092694e+00
5.024494184280917e-04	2.925235e-01	4.999866e+00	7.244642e+00
5.024594184280918e-04	2.964869e-01	4.999866e+00	7.396543e+00
5.024694184280918e-04	3.004487e-01	4.999866e+00	7.548396e+00
5.024794184280919e-04	3.044085e-01	4.999866e+00	7.700202e+00
5.024894184280919e-04	3.083667e-01	4.999866e+00	7.851960e+00
5.024994184280920e-04	3.123229e-01	4.999866e+00	8.003672e+00
5.025094184280920e-04	3.162775e-01	4.999866e+00	8.155335e+00
5.025194184280921e-04	3.202301e-01	4.999866e+00	8.306952e+00
5.025294184280921e-04	3.241811e-01	4.999866e+00	8.458521e+00
5.025394184280922e-04	3.281301e-01	4.999866e+00	8.610044e+00
5.025494184280922e-04	3.320773e-01	4.999866e+00	8.761518e+00
5.025594184280923e-04	3.360226e-01	4.999866e+00	8.912946e+00
5.025694184280923e-04	3.399661e-01	4.999866e+00	9.064326e+00
5.025794184280924e-04	3.439077e-01	4.999866e+00	9.215659e+00
5.025894184280924e-04	3.478475e-01	4.999866e+00	9.366944e+00
5.025994184280925e-04	3.517853e-01	4.999866e+00	9.518183e+00
5.026094184280925e-04	3.557213e-01	4.999866e+00	9.669374e+00
5.026194184280926e-04	3.596553e-01	4.999866e+00	9.820518e+00
5.026294184280926e-04	3.635875e-01	4.999866e+00	9.971616e+00
5.026394184280927e-04	3.675177e-01	4.999866e+00	1.012267e+01
5.026494184280927e-04	3.714459e-01	4.999866e+00	1.027367e+01
5.026594184280928e-04	3.753722e-01	4.999866e+00	1.042462e+01
5.026694184280928e-04	3.792966e-01	4.999866e+00	1.057553e+01
5.026794184280929e-04	3.832189e-01	4.999866e+00	1.072639e+01
5.026894184280929e-04	3.871393e-01	4.999866e+00	1.087721e+01
5.026994184280930e-04	3.910577e-01	4.999866e+00	1.102797e+01
5.027094184280930e-04	3.949741e-01	4.999866e+00	1.117869e+01
5.027194184280931e-04	3.988885e-01	4.999866e+00	1.132936e+01
5.027294184280931e-04	4.028009e-01	4.999866e+00	1.147999e+01
5.027394184280932e-04	4.067112e-01	4.999866e+00	1.163057e+01
5.027494184280932e-04	4.106195e-01	4.999866e+00	1.178110e+01
5.027594184280933e-04	4.145257e-01	4.999866e+00	1.193158e+01
5.027694184280933e-04	4.184299e-01	4.999866e+00	1.208202e+01
5.027794184280934e-04	4.223320e-01	4.999866e+00	1.223241e+01
5.027894184280934e-04	4.262320e-01	4.999866e+00	1.238275e+01
5.027994184280935e-04	4.301299e-01	4.999866e+00	1.253305e+01
5.028094184280935e-04	4.340258e-01	4.999866e+00	1.268330e+01
5.028194184280935e-04	4.379194e-01	4.999866e+00	1.283350e+01
5.028294184280936e-04	4.418111e-01	4.999866e+00	1.298365e+01
5.028394184280936e-04	4.457005e-01	4.999866e+00	1.313376e+01
5.028494184280937e-04	4.495879e-01	4.999866e+00	1.328382e+01
5.028594184280937e-04	4.534730e-01	4.999866e+00	1.343384e+01
5.028694184280938e-04	4.573560e-01	4.999866e+00	1.358380e+01
5.028794184280938e-04	4.612369e-01	4.999866e+00	1.373372e+01
5.028894184280939e-04	4.651155e-01	4.999866e+00	1.388359e+01
5.028994184280939e-04	4.689920e-01	4.999866e+00	1.403342e+01
5.029094184280940e-04	4.728663e-01	4.999866e+00	1.418320e+01
5.029194184280940e-04	4.767384e-01	4.999866e+00	1.433293e+01
5.029294184280941e-04	4.806083e-01	4.999866e+00	1.448261e+01
5.029394184280941e-04	4.844759e-01	4.999866e+00	1.463225e+01
5.029494184280942e-04	4.883414e-01	4.999866e+00	1.478184e+01
5.029594184280942e-04	4.922045e-01	4.999866e+00	1.493139e+01
5.029694184280943e-04	4.960655e-01	4.999866e+00	1.508088e+01
5.029794184280943e-04	4.999241e-01	4.999866e+00	1.523034e+01
5.029894184280944e-04	5.037805e-01	4.999866e+00	1.537974e+01
5.029994184280944e-04	5.076346e-01	4.999866e+00	1.552909e+01
5.030094184280945e-04	5.114865e-01	4.999866e+00	1.567840e+01
5.030194184280945e-04	5.153360e-01	4.999866e+00	1.582767e+01
5.030294184280946e-04	5.191833e-01	4.999866e+00	1.597688e+01
5.030394184280946e-04	5.230283e-01	4.999866e+00	1.612605e+01
5.030494184280947e-04	5.268709e-01	4.999866e+00	1.627518e+01
5.030594184280947e-04	5.307112e-01	4.999866e+00	1.642425e+01
5.030694184280948e-04	5.345492e-01	4.999866e+00	1.657328e+01
5.030794184280948e-04	5.383848e-01	4.999866e+00	1.672226e+01
5.030894184280949e-04	5.422181e-01	4.999866e+00	1.687119e+01
5.030994184280949e-04	5.460490e-01	4.999866e+00	1.702008e+01
5.031094184280950e-04	5.498776e-01	4.999866e+00	1.716892e+01
5.031194184280950e-04	5.537037e-01	4.999866e+00	1.731772e+01
5.031294184280951e-04	5.575275e-01	4.999866e+00	1.746647e+01
5.031394184280951e-04	5.613489e-01	4.999866e+00	1.761517e+01
5.031494184280952e-04	5.651680e-01	4.999866e+00	1.776382e+01
5.031594184280952e-04	5.689846e-01	4.999866e+00	1.791243e+01
5.031694184280953e-04	5.727988e-01	4.999866e+00	1.806099e+01
5.031794184280953e-04	5.766106e-01	4.999866e+00	1.820951e+01
5.031894184280954e-04	5.804199e-01	4.999866e+00	1.835797e+01
5.031994184280954e-04	5.842268e-01	4.999866e+00	1.850640e+01
5.032094184280955e-04	5.880314e-01	4.999866e+00	1.865477e+01
5.032194184280955e-04	5.918334e-01	4.999866e+00	1.880310e+01
5.032294184280956e-04	5.956329e-01	4.999866e+00	1.895138e+01
5.032394184280956e-04	5.994300e-01	4.999866e+00	1.909961e+01
5.032494184280957e-04	6.032247e-01	4.999866e+00	1.924780e+01
5.032594184280957e-04	6.070168e-01	4.999866e+00	1.939594e+01
5.032694184280958e-04	6.108065e-01	4.999866e+00	1.954403e+01
5.032794184280958e-04	6.145937e-01	4.999866e+00	1.969208e+01
5.032894184280959e-04	6.183784e-01	4.999866e+00	1.984008e+01
5.032994184280959e-04	6.221606e-01	4.999866e+00	1.998804e+01
5.033094184280960e-04	6.259403e-01	4.999866e+00	2.013595e+01
5.033194184280960e-04	6.297174e-01	4.999866e+00	2.028381e+01
5.033294184280961e-04	6.334921e-01	4.999866e+00	2.043162e+01
5.033394184280961e-04	6.372641e-01	4.999866e+00	2.057939e+01
5.033494184280961e-04	6.410336e-01	4.999866e+00	2.072711e+01
5.033594184280962e-04	6.448007e-01	4.999866e+00	2.087479e+01
5.033694184280962e-04	6.485651e-01	4.999866e+00	2.102242e+01
5.033794184280963e-04	6.523270e-01	4.999866e+00	2.117000e+01
5.033894184280963e-04	6.560864e-01	4.999866e+00	2.131754e+01
5.033994184280964e-04	6.598431e-01	4.999866e+00	2.146502e+01
5.034094184280964e-04	6.635973e-01	4.999866e+00	2.161247e+01
5.034194184280965e-04	6.673489e-01	4.999866e+00	2.175986e+01
5.034294184280965e-04	6.710979e-01	4.999866e+00	2.190722e+01
5.034394184280966e-04	6.748443e-01	4.999866e+00	2.205452e+01
5.034494184280966e-04	6.785882e-01	4.999866e+00	2.220178e+01
5.034594184280967e-04	6.823293e-01	4.999866e+00	2.234899e+01
5.034694184280967e-04	6.860679e-01	4.999866e+00	2.249615e+01
5.034794184280968e-04	6.898038e-01	4.999866e+00	2.264327e+01
5.034894184280968e-04	6.935372e-01	4.999866e+00	2.279034e+01
5.034994184280969e-04	6.972679e-01	4.999866e+00	2.293737e+01
5.035094184280969e-04	7.009960e-01	4.999866e+00	2.308434e+01
5.035194184280970e-04	7.047214e-01	4.999866e+00	2.323128e+01
5.035294184280970e-04	7.084442e-01	4.999866e+00	2.337816e+01
5.035394184280971e-04	7.121643e-01	4.999866e+00	2.352500e+01
5.035494184280971e-04	7.158818e-01	4.999866e+00	2.367180e+01
5.035594184280972e-04	7.195966e-01	4.999866e+00	2.381854e+01
5.035694184280972e-04	7.233087e-01	4.999866e+00	2.396524e+01
5.035794184280973e-04	7.270181e-01	4.999866e+00	2.411190e+01
5.035894184280973e-04	7.307249e-01	4.999866e+00	2.425851e+01
5.035994184280974e-04	7.344289e-01	4.999866e+00	2.440507e+01
5.036094184280974e-04	7.381303e-01	4.999866e+00	2.455159e+01
5.036194184280975e-04	7.418290e-01	4.999866e+00	2.469806e+01
5.036294184280975e-04	7.455249e-01	4.999866e+00	2.484448e+01
5.036394184280976e-04	7.492182e-01	4.999866e+00	2.499086e+01
5.036494184280976e-04	7.529088e-01	4.999866e+00	2.513719e+01
5.036594184280977e-04	7.565966e-01	4.999866e+00	2.528347e+01
5.036694184280977e-04	7.602817e-01	4.999866e+00	2.542971e+01
5.036794184280978e-04	7.639640e-01	4.999866e+00	2.557590e+01
5.036894184280978e-04	7.676436e-01	4.999866e+00	2.572205e+01
5.036994184280979e-04	7.713205e-01	4.999866e+00	2.586815e+01
5.037094184280979e-04	7.749947e-01	4.999866e+00	2.601420e+01
5.037194184280980e-04	7.786660e-01	4.999866e+00	2.616021e+01
5.037294184280980e-04	7.823347e-01	4.999866e+00	2.630617e+01
5.037394184280981e-04	7.860005e-01	4.999866e+00	2.645209e+01
5.037494184280981e-04	7.896637e-01	4.999866e+00	2.659796e+01
5.037594184280982e-04	7.933240e-01	4.999866e+00	2.674378e+01
5.037694184280982e-04	7.969816e-01	4.999866e+00	2.688956e+01
5.037794184280983e-04	8.006363e-01	4.999866e+00	2.703529e+01
5.037894184280983e-04	8.042883e-01	4.999866e+00	2.718097e+01
5.037994184280984e-04	8.079375e-01	4.999866e+00	2.732661e+01
5.038094184280984e-04	8.115839e-01	4.999866e+00	2.747221e+01
5.038194184280985e-04	8.152276e-01	4.999866e+00	2.761775e+01
5.038294184280985e-04	8.188684e-01	4.999866e+00	2.776325e+01
5.038394184280986e-04	8.225064e-01	4.999866e+00	2.790871e+01
5.038494184280986e-04	8.261416e-01	4.999866e+00	2.805412e+01
5.038594184280986e-04	8.297739e-01	4.999866e+00	2.819948e+01
5.038694184280987e-04	8.334035e-01	4.999866e+00	2.834480e+01
5.038794184280987e-04	8.370302e-01	4.999866e+00	2.849007e+01
5.038894184280988e-04	8.406541e-01	4.999866e+00	2.863530e+01
5.038994184280988e-04	8.442752e-01	4.999866e+00	2.878048e+01
5.039094184280989e-04	8.478934e-01	4.999866e+00	2.892561e+01
5.039194184280989e-04	8.515088e-01	4.999866e+00	2.907070e+01
5.039294184280990e-04	8.551214e-01	4.999866e+00	2.921574e+01
5.039394184280990e-04	8.587310e-01	4.999866e+00	2.936073e+01
5.039494184280991e-04	8.623379e-01	4.999866e+00	2.950568e+01
5.039594184280991e-04	8.659419e-01	4.999866e+00	2.965059e+01
5.039694184280992e-04	8.695430e-01	4.999866e+00	2.979545e+01
5.039794184280992e-04	8.731412e-01	4.999866e+00	2.994026e+01
5.039894184280993e-04	8.767366e-01	4.999866e+00	3.008503e+01
5.039994184280993e-04	8.803291e-01	4.999866e+00	3.022975e+01
5.040094184280994e-04	8.839188e-01	4.999866e+00	3.037442e+01
5.040194184280994e-04	8.875055e-01	4.999866e+00	3.051905e+01
5.040294184280995e-04	8.910894e-01	4.999866e+00	3.066363e+01
5.040394184280995e-04	8.946704e-01	4.999866e+00	3.080817e+01
5.040494184280996e-04	8.982485e-01	4.999866e+00	3.095266e+01
5.040594184280996e-04	9.018236e-01	4.999866e+00	3.109711e+01
5.040694184280997e-04	9.053960e-01	4.999866e+00	3.124151e+01
5.040794184280997e-04	9.089653e-01	4.999866e+00	3.138586e+01
5.040894184280998e-04	9.125319e-01	4.999866e+00	3.153017e+01
5.040994184280998e-04	9.160954e-01	4.999866e+00	3.167444e+01
5.041094184280999e-04	9.196560e-01	4.999866e+00	3.181866e+01
5.041194184280999e-04	9.232138e-01	4.999866e+00	3.196283e+01
5.041294184281000e-04	9.267686e-01	4.999866e+00	3.210695e+01
5.041394184281000e-04	9.303205e-01	4.999866e+00	3.225103e+01
5.041494184281001e-04	9.338695e-01	4.999866e+00	3.239507e+01
5.041594184281001e-04	9.374155e-01	4.999866e+00	3.253906e+01
5.041694184281002e-04	9.409586e-01	4.999866e+00	3.268300e+01
5.041794184281002e-04	9.444987e-01	4.999866e+00	3.282690e+01
5.041894184281003e-04	9.480360e-01	4.999866e+00	3.297075e+01
5.041994184281003e-04	9.515703e-01	4.999866e+00	3.311456e+01
5.042094184281004e-04	9.551016e-01	4.999866e+00	3.325832e+01
5.042194184281004e-04	9.586300e-01	4.999866e+00	3.340204e+01
5.042294184281005e-04	9.621554e-01	4.999866e+00	3.354571e+01
5.042394184281005e-04	9.656779e-01	4.999866e+00	3.368933e+01
5.042494184281006e-04	9.691974e-01	4.999866e+00	3.383291e+01
5.042594184281006e-04	9.727139e-01	4.999866e+00	3.397645e+01
5.042694184281007e-04	9.762275e-01	4.999866e+00	3.411993e+01
5.042794184281007e-04	9.797381e-01	4.999866e+00	3.426338e+01
5.042894184281008e-04	9.832458e-01	4.999866e+00	3.440678e+01
5.042994184281008e-04	9.867504e-01	4.999866e+00	3.455013e+01
5.043094184281009e-04	9.902521e-01	4.999866e+00	3.469344e+01
5.043194184281009e-04	9.937508e-01	4.999866e+00	3.483670e+01
5.043294184281010e-04	9.972466e-01	4.999866e+00	3.497991e+01
5.043394184281010e-04	1.000739e+00	4.999866e+00	3.512308e+01
5.043494184281011e-04	1.004229e+00	4.999866e+00	3.526620e+01
5.043594184281011e-04	1.007716e+00	4.999866e+00	3.540929e+01
5.043694184281011e-04	1.011200e+00	4.999866e+00	3.555232e+01
5.043794184281012e-04	1.014680e+00	4.999866e+00	3.569531e+01
5.043894184281012e-04	1.018158e+00	4.999866e+00	3.583825e+01
5.043994184281013e-04	1.021633e+00	4.999866e+00	3.598115e+01
5.044094184281013e-04	1.025105e+00	4.999866e+00	3.612400e+01
5.044194184281014e-04	1.028573e+00	4.999866e+00	3.626681e+01
5.044294184281014e-04	1.032039e+00	4.999866e+00	3.640957e+01
5.044394184281015e-04	1.035502e+00	4.999866e+00	3.655229e+01
5.044494184281015e-04	1.038962e+00	4.999866e+00	3.669496e+01
5.044594184281016e-04	1.042418e+00	4.999866e+00	3.683759e+01
5.044694184281016e-04	1.045872e+00	4.999866e+00	3.698017e+01
5.044794184281017e-04	1.049323e+00	4.999866e+00	3.712271e+01
5.044894184281017e-04	1.052770e+00	4.999866e+00	3.726520e+01
5.044994184281018e-04	1.056215e+00	4.999866e+00	3.740764e+01
5.045094184281018e-04	1.059657e+00	4.999866e+00	3.755005e+01
5.045194184281019e-04	1.063095e+00	4.999866e+00	3.769240e+01
5.045294184281019e-04	1.066531e+00	4.999866e+00	3.783471e+01
5.045394184281020e-04	1.069963e+00	4.999866e+00	3.797697e+01
5.045494184281020e-04	1.073393e+00	4.999866e+00	3.811919e+01
5.045594184281021e-04	1.076819e+00	4.999866e+00	3.826137e+01
5.045694184281021e-04	1.080242e+00	4.999866e+00	3.840350e+01
5.045794184281022e-04	1.083663e+00	4.999866e+00	3.854558e+01
5.045894184281022e-04	1.087080e+00	4.999866e+00	3.868762e+01
5.045994184281023e-04	1.090494e+00	4.999866e+00	3.882962e+01
5.046094184281023e-04	1.093905e+00	4.999866e+00	3.897157e+01
5.046194184281024e-04	1.097313e+00	4.999866e+00	3.911347e+01
5.046294184281024e-04	1.100718e+00	4.999866e+00	3.925533e+01
5.046394184281025e-04	1.104120e+00	4.999866e+00	3.939714e+01
5.046494184281025e-04	1.107520e+00	4.999866e+00	3.953891e+01
5.046594184281026e-04	1.110915e+00	4.999866e+00	3.968064e+01
5.046694184281026e-04	1.114308e+00	4.999866e+00	3.982232e+01
5.046794184281027e-04	1.117698e+00	4.999866e+00	3.996395e+01
5.046894184281027e-04	1.121085e+00	4.999866e+00	4.010554e+01
5.046994184281028e-04	1.124468e+00	4.999866e+00	4.024708e+01
5.047094184281028e-04	1.127849e+00	4.999866e+00	4.038858e+01
5.047194184281029e-04	1.131226e+00	4.999866e+00	4.053004e+01
5.047294184281029e-04	1.134601e+00	4.999866e+00	4.067145e+01
5.047394184281030e-04	1.137972e+00	4.999866e+00	4.081281e+01
5.047494184281030e-04	1.141340e+00	4.999866e+00	4.095413e+01
5.047594184281031e-04	1.144706e+00	4.999866e+00	4.109541e+01
5.047694184281031e-04	1.148068e+00	4.999866e+00	4.123664e+01
5.047794184281032e-04	1.151427e+00	4.999866e+00	4.137782e+01
5.047894184281032e-04	1.154783e+00	4.999866e+00	4.151896e+01
5.047994184281033e-04	1.158135e+00	4.999866e+00	4.166006e+01
5.048094184281033e-04	1.161485e+00	4.999866e+00	4.180111e+01
5.048194184281034e-04	1.164832e+00	4.999865e+00	4.194211e+01
5.048294184281034e-04	1.168175e+00	4.999865e+00	4.208307e+01
5.048394184281035e-04	1.171516e+00	4.999851e+00	4.222399e+01
5.048494184281035e-04	1.174853e+00	4.999744e+00	4.236486e+01
5.048506684281035e-04	1.175270e+00	4.999705e+00	4.238247e+01
5.048537934281035e-04	1.176312e+00	4.999517e+00	4.242648e+01
5.048550434281035e-04	1.176729e+00	4.998957e+00	4.244408e+01
5.048559435722834e-04	1.177029e+00	4.995670e+00	4.245676e+01
5.048565734665356e-04	1.177239e+00	4.988293e+00	4.246563e+01
5.048570907446341e-04	1.177412e+00	4.974723e+00	4.247291e+01
5.048575667060305e-04	1.177570e+00	4.948612e+00	4.247961e+01
5.048579875442168e-04	1.177711e+00	4.898537e+00	4.248554e+01
5.048584253356882e-04	1.177857e+00	4.808570e+00	4.249170e+01
5.048588335887597e-04	1.177993e+00	4.698761e+00	4.249745e+01
5.048595619639658e-04	1.178236e+00	4.463530e+00	4.250771e+01
5.048602939523298e-04	1.178479e+00	4.175197e+00	4.251802e+01
5.048617579290578e-04	1.178967e+00	3.293420e+00	4.253863e+01
5.048630869102685e-04	1.179410e+00	1.848189e+00	4.255734e+01
5.048640943122214e-04	1.179746e+00	1.867067e-01	4.257152e+01
5.048644423747967e-04	1.179862e+00	-2.355721e-02	4.257642e+01
5.048644920316968e-04	1.179878e+00	-3.927069e-03	4.257712e+01
5.048645154129731e-04	1.179886e+00	-2.053784e-03	4.257745e+01
5.048645355045466e-04	1.179893e+00	-1.133934e-03	4.257773e+01
5.048645606255339e-04	1.179901e+00	-4.716173e-04	4.257809e+01
5.048646108675086e-04	1.179918e+00	8.324348e-05	4.257879e+01
5.048646743655870e-04	1.179939e+00	2.123021e-04	4.257969e+01
5.048647663451705e-04	1.179970e+00	2.074769e-04	4.258098e+01
5.048648940605584e-04	1.180012e+00	1.841901e-04	4.258278e+01
5.048656603528852e-04	1.180267e+00	1.152799e-04	4.259357e+01
5.048666820759876e-04	1.180608e+00	8.478516e-05	4.260795e+01
5.048687255221924e-04	1.181288e+00	8.341684e-05	4.263671e+01
5.048728124146019e-04	1.182649e+00	8.397685e-05	4.269424e+01
5.048809861994211e-04	1.185369e+00	8.252792e-05	4.280927e+01
5.048909861994212e-04	1.188693e+00	8.309942e-05	4.294995e+01
5.049009861994212e-04	1.192014e+00	8.199688e-05	4.309060e+01
5.049109861994213e-04	1.195333e+00	8.277435e-05	4.323119e+01
5.049209861994213e-04	1.198648e+00	8.182980e-05	4.337174e+01
5.049409861994214e-04	1.205269e+00	8.178914e-05	4.365271e+01
5.049909861994217e-04	1.221768e+00	8.259290e-05	4.435435e+01
5.059209861994262e-04	1.514357e+00	8.209693e-05	5.720355e+01
5.069509861994313e-04	1.806763e+00	8.231306e-05	7.099740e+01
5.080909861994369e-04	2.092710e+00	8.227865e-05	8.574611e+01
5.093609861994431e-04	2.367425e+00	8.222111e-05	1.015591e+02
5.107709861994500e-04	2.623026e+00	8.224896e-05	1.183843e+02
5.113209861994527e-04	2.709845e+00	8.223375e-05	1.247463e+02
5.127709861994598e-04	2.907463e+00	8.224307e-05	1.409983e+02
5.142809861994672e-04	3.070148e+00	8.223901e-05	1.571514e+02
5.158609861994750e-04	3.199853e+00	8.223976e-05	1.732524e+02
5.175409861994832e-04	3.299114e+00	8.224008e-05	1.895204e+02
5.193209861994920e-04	3.367760e+00	8.224021e-05	2.058502e+02
5.211909861995011e-04	3.406308e+00	8.224016e-05	2.220579e+02
5.215609861995029e-04	3.410411e+00	8.224027e-05	2.251547e+02
5.236009861995129e-04	3.415144e+00	8.224028e-05	2.416046e+02
5.259609861995245e-04	3.388906e+00	8.224028e-05	2.593827e+02
5.289309861995391e-04	3.319436e+00	8.224015e-05	2.799911e+02
5.318009861995531e-04	3.224712e+00	8.224027e-05	2.981924e+02
5.364009861995757e-04	3.037861e+00	8.224027e-05	3.242167e+02
5.410409861995984e-04	2.827988e+00	8.224027e-05	3.470045e+02
5.420409861996034e-04	2.781763e+00	8.224027e-05	3.515065e+02
5.467109861996263e-04	2.567110e+00	8.224017e-05	3.708048e+02
5.514109861996493e-04	2.359592e+00	8.224017e-05	3.876444e+02
5.522809861996536e-04	2.322611e+00	8.224026e-05	3.905060e+02
5.570109861996768e-04	2.130938e+00	8.224018e-05	4.048066e+02
5.617609861997000e-04	1.955697e+00	8.224025e-05	4.172429e+02
5.625209861997038e-04	1.929313e+00	8.224025e-05	4.190716e+02
5.673009861997272e-04	1.773750e+00	8.224024e-05	4.296556e+02
5.720909861997507e-04	1.635228e+00	8.224019e-05	4.388301e+02
5.727609861997540e-04	1.617175e+00	8.224024e-05	4.400105e+02
5.775709861997776e-04	1.496536e+00	8.224019e-05	4.478167e+02
5.824009861998012e-04	1.390164e+00	8.224024e-05	4.545911e+02
5.830009861998042e-04	1.377908e+00	8.224024e-05	4.553655e+02
5.878609861998280e-04	1.285826e+00	8.224024e-05	4.611463e+02
5.927509861998520e-04	1.205037e+00	8.224026e-05	4.661651e+02
5.932409861998544e-04	1.197541e+00	8.224030e-05	4.666283e+02
5.981709861998786e-04	1.127686e+00	8.224056e-05	4.709255e+02
6.031409861999029e-04	1.066588e+00	8.224176e-05	4.746553e+02
6.034809861999046e-04	1.062720e+00	8.224190e-05	4.748905e+02
6.085009861999292e-04	1.009820e+00	8.242884e-05	4.780965e+02
6.093509861999334e-04	1.001601e+00	9.344884e-05	4.785927e+02
6.095809861999345e-04	9.994112e-01	1.637830e-04	4.787249e+02
6.096909861999351e-04	9.983693e-01	2.556588e-04	4.787877e+02
6.097509861999353e-04	9.978024e-01	3.684929e-04	4.788219e+02
6.097809861999355e-04	9.975193e-01	4.731522e-04	4.788390e+02
6.098009861999356e-04	9.973307e-01	5.842521e-04	4.788503e+02
6.098109861999356e-04	9.972364e-01	6.624336e-04	4.788560e+02
6.098209861999357e-04	9.971423e-01	7.649834e-04	4.788617e+02
6.098309861999357e-04	9.970480e-01	9.064861e-04	4.788674e+02
6.098409861999358e-04	9.969538e-01	1.114026e-03	4.788731e+02
6.098509861999358e-04	9.968597e-01	1.453038e-03	4.788788e+02
6.098609861999359e-04	9.967656e-01	2.114278e-03	4.788844e+02
6.098665811286478e-04	9.967130e-01	2.873369e-03	4.788876e+02
6.098676015741702e-04	9.967034e-01	3.082594e-03	4.788882e+02
6.098696424652149e-04	9.966841e-01	3.600650e-03	4.788893e+02
6.098718036828370e-04	9.966638e-01	4.421458e-03	4.788906e+02
6.098741462544071e-04	9.966418e-01	5.942593e-03	4.788919e+02
6.098761522478552e-04	9.966229e-01	8.552404e-03	4.788930e+02
6.098781007207570e-04	9.966046e-01	1.458059e-02	4.788941e+02
6.098803615141553e-04	9.965833e-01	2.649745e-02	4.788954e+02
6.098826642465533e-04	9.965616e-01	4.423053e-02	4.788967e+02
6.098845688957866e-04	9.965438e-01	7.188948e-02	4.788978e+02
6.098862786091270e-04	9.965277e-01	1.238104e-01	4.788988e+02
6.098882078120842e-04	9.965096e-01	2.506765e-01	4.788999e+02
6.098900067719486e-04	9.964926e-01	5.030370e-01	4.789009e+02
6.098918925300238e-04	9.964749e-01	1.085932e+00	4.789020e+02
6.098936257272994e-04	9.964586e-01	2.257075e+00	4.789030e+02
6.098951615417905e-04	9.964442e-01	4.298615e+00	4.789038e+02
6.098957582188196e-04	9.964386e-01	4.970615e+00	4.789041e+02
6.098959208651620e-04	9.964370e-01	5.004135e+00	4.789042e+02
6.098959728986018e-04	9.964365e-01	5.000726e+00	4.789043e+02
6.098960047544675e-04	9.964362e-01	5.000121e+00	4.789043e+02
6.098960433496307e-04	9.964359e-01	4.999810e+00	4.789043e+02
6.098960832332976e-04	9.964355e-01	4.999701e+00	4.789043e+02
6.098961630006313e-04	9.964347e-01	4.999665e+00	4.789044e+02
6.098962867080134e-04	9.964336e-01	4.999699e+00	4.789044e+02
6.098970138969181e-04	9.964268e-01	4.999808e+00	4.789049e+02
6.098979734451988e-04	9.964178e-01	4.999862e+00	4.789054e+02
6.098998925417602e-04	9.963997e-01	4.999865e+00	4.789065e+02
6.099037307348830e-04	9.963636e-01	4.999863e+00	4.789087e+02
6.099103730391911e-04	9.963012e-01	4.999866e+00	4.789124e+02
6.099203730391911e-04	9.962072e-01	4.999865e+00	4.789181e+02
6.099303730391912e-04	9.961133e-01	4.999866e+00	4.789238e+02
6.099403730391912e-04	9.960194e-01	4.999865e+00	4.789294e+02
6.099503730391913e-04	9.959255e-01	4.999866e+00	4.789351e+02
6.099603730391913e-04	9.958317e-01	4.999865e+00	4.789408e+02
6.099803730391914e-04	9.956441e-01	4.999865e+00	4.789521e+02
6.100703730391919e-04	9.948012e-01	4.999866e+00	4.790029e+02
6.134703730392085e-04	9.645235e-01	4.999866e+00	4.808251e+02
6.186103730392337e-04	9.240897e-01	4.999866e+00	4.832476e+02
6.237103730392587e-04	8.895527e-01	4.999866e+00	4.853064e+02
6.290103730392847e-04	8.587389e-01	4.999866e+00	4.871348e+02
6.339503730393090e-04	8.340387e-01	4.999866e+00	4.885945e+02
6.394603730393360e-04	8.104192e-01	4.999866e+00	4.899849e+02
6.441903730393592e-04	7.929967e-01	4.999866e+00	4.910071e+02
6.499803730393876e-04	7.747402e-01	4.999866e+00	4.920749e+02
6.544303730394094e-04	7.626934e-01	4.999866e+00	4.927775e+02
6.605803730394395e-04	7.484629e-01	4.999866e+00	4.936054e+02
6.646703730394596e-04	7.403440e-01	4.999866e+00	4.940766e+02
6.712803730394920e-04	7.291473e-01	4.999866e+00	4.947252e+02
6.749103730395098e-04	7.238764e-01	4.999866e+00	4.950299e+02
6.821203730395451e-04	7.149612e-01	4.999866e+00	4.955446e+02
6.851503730395600e-04	7.117523e-01	4.999866e+00	4.957295e+02
6.931103730395990e-04	7.045881e-01	4.999866e+00	4.961420e+02
6.953903730396102e-04	7.028322e-01	4.999866e+00	4.962429e+02
7.042903730396538e-04	6.970208e-01	4.999866e+00	4.965768e+02
7.056303730396604e-04	6.962727e-01	4.999866e+00	4.966197e+02
7.157003730397098e-04	6.915200e-01	4.999866e+00	4.968922e+02
7.158703730397106e-04	6.914515e-01	4.999866e+00	4.968962e+02
7.261103730397608e-04	6.879091e-01	4.999866e+00	4.970991e+02
7.363503730398110e-04	6.853069e-01	4.999866e+00	4.972480e+02
7.465903730398613e-04	6.833959e-01	4.999866e+00	4.973573e+02
7.568303730399115e-04	6.819928e-01	4.999866e+00	4.974375e+02
7.670703730399617e-04	6.809626e-01	4.999866e+00	4.974963e+02
7.773103730400119e-04	6.802063e-01	4.999866e+00	4.975396e+02
7.875503730400621e-04	6.796511e-01	4.999866e+00	4.975712e+02
7.977903730401123e-04	6.792437e-01	4.999866e+00	4.975945e+02
8.080303730401625e-04	6.789446e-01	4.999866e+00	4.976116e+02
8.182703730402127e-04	6.787251e-01	4.999866e+00	4.976241e+02
8.285103730402629e-04	6.785640e-01	4.999866e+00	4.976333e+02
8.387503730403131e-04	6.784457e-01	4.999866e+00	4.976400e+02
8.489903730403633e-04	6.783590e-01	4.999866e+00	4.976450e+02
8.592303730404136e-04	6.782953e-01	4.999866e+00	4.976487e+02
8.694703730404638e-04	6.782485e-01	4.999866e+00	4.976513e+02
8.797103730405140e-04	6.782142e-01	4.999866e+00	4.976533e+02
8.899503730405642e-04	6.781890e-01	4.999866e+00	4.976547e+02
9.001903730406144e-04	6.781706e-01	4.999866e+00	4.976558e+02
9.104303730406646e-04	6.781570e-01	4.999866e+00	4.976565e+02
9.206703730407148e-04	6.781470e-01	4.999866e+00	4.976571e+02
9.309103730407650e-04	6.781397e-01	4.999866e+00	4.976575e+02
9.411503730408152e-04	6.781344e-01	4.999866e+00	4.976578e+02
9.513903730408654e-04	6.781304e-01	4.999866e+00	4.976581e+02
9.616303730409156e-04	6.781276e-01	4.999866e+00	4.976582e+02
9.718703730409659e-04	6.781254e-01	4.999866e+00	4.976583e+02
9.821103730409560e-04	6.781239e-01	4.999866e+00	4.976584e+02
9.923503730408952e-04	6.781228e-01	4.999866e+00	4.976585e+02
1.002590373040834e-03	6.781219e-01	4.999866e+00	4.976585e+02
1.012830373040774e-03	6.781213e-01	4.999866e+00	4.976586e+02
1.023070373040713e-03	6.781209e-01	4.999866e+00	4.976586e+02
1.033310373040652e-03	6.781205e-01	4.999866e+00	4.976586e+02
1.043550373040591e-03	6.781203e-01	4.999866e+00	4.976586e+02
1.053790373040530e-03	6.781201e-01	4.999866e+00	4.976586e+02
1.064030373040469e-03	6.781200e-01	4.999866e+00	4.976586e+02
1.074270373040409e-03	6.781198e-01	4.999866e+00	4.976587e+02
1.084510373040348e-03	6.781198e-01	4.999866e+00	4.976587e+02
1.094750373040287e-03	6.781197e-01	4.999866e+00	4.976587e+02
1.104990373040226e-03	6.781197e-01	4.999866e+00	4.976587e+02
1.115230373040165e-03	6.781197e-01	4.999866e+00	4.976587e+02
1.125470373040105e-03	6.781197e-01	4.999866e+00	4.976587e+02
1.135710373040044e-03	6.781197e-01	4.999866e+00	4.976587e+02
1.145950373039983e-03	6.781197e-01	4.999866e+00	4.976587e+02
1.156190373039922e-03	6.781196e-01	4.999866e+00	4.976587e+02
1.166430373039861e-03	6.781196e-01	4.999866e+00	4.976587e+02
1.176670373039801e-03	6.781196e-01	4.999866e+00	4.976587e+02
1.186910373039740e-03	6.781196e-01	4.999866e+00	4.976587e+02
1.197150373039679e-03	6.781196e-01	4.999866e+00	4.976587e+02
1.207390373039618e-03	6.781196e-01	4.999866e+00	4.976587e+02
1.217630373039557e-03	6.781196e-01	4.999866e+00	4.976587e+02
1.227870373039496e-03	6.781196e-01	4.999866e+00	4.976587e+02
1.238110373039436e-03	6.781196e-01	4.999866e+00	4.976587e+02
1.248350373039375e-03	6.781196e-01	4.999866e+00	4.976587e+02
1.258590373039314e-03	6.781196e-01	4.999866e+00	4.976587e+02
1.268830373039253e-03	6.781196e-01	4.999866e+00	4.976587e+02
1.279070373039192e-03	6.781196e-01	4.999866e+00	4.976587e+02
1.289310373039132e-03	6.781196e-01	4.999866e+00	4.976587e+02
1.299550373039071e-03	6.781196e-01	4.999866e+00	4.976587e+02
1.309790373039010e-03	6.781196e-01	4.999866e+00	4.976587e+02
1.320030373038949e-03	6.781196e-01	4.999866e+00	4.976587e+02
1.330270373038888e-03	6.781196e-01	4.999866e+00	4.976587e+02
1.340510373038828e-03	6.781196e-01	4.999866e+00	4.976587e+02
1.350750373038767e-03	6.781196e-01	4.999866e+00	4.976587e+02
1.360990373038706e-03	6.781196e-01	4.999866e+00	4.976587e+02
1.371230373038645e-03	6.781196e-01	4.999866e+00	4.976587e+02
1.381470373038584e-03	6.781196e-01	4.999866e+00	4.976587e+02
1.391710373038523e-03	6.781196e-01	4.999866e+00	4.976587e+02
1.401950373038463e-03	6.781196e-01	4.999866e+00	4.976587e+02
1.412190373038402e-03	6.781196e-01	4.999866e+00	4.976587e+02
1.422430373038341e-03	6.781196e-01	4.999866e+00	4.976587e+02
1.432670373038280e-03	6.781196e-01	4.999866e+00	4.976587e+02
1.442910373038219e-03	6.781196e-01	4.999866e+00	4.976587e+02
1.453150373038159e-03	6.781196e-01	4.999866e+00	4.976587e+02
1.463390373038098e-03	6.781196e-01	4.999866e+00	4.976587e+02
1.473630373038037e-03	6.781196e-01	4.999866e+00	4.976587e+02
1.483870373037976e-03	6.781196e-01	4.999866e+00	4.976587e+02
1.494110373037915e-03	6.781196e-01	4.999866e+00	4.976587e+02
1.504350373037855e-03	6.781196e-01	4.999866e+00	4.976587e+02
1.514590373037794e-03	6.781196e-01	4.999866e+00	4.976587e+02
1.524830373037733e-03	6.781196e-01	4.999866e+00	4.976587e+02
1.535070373037672e-03	6.781196e-01	4.999866e+00	4.976587e+02
1.545310373037611e-03	6.781196e-01	4.999866e+00	4.976587e+02
1.555550373037550e-03	6.781196e-01	4.999866e+00	4.976587e+02
1.565790373037490e-03	6.781196e-01	4.999866e+00	4.976587e+02
1.576030373037429e-03	6.781196e-01	4.999866e+00	4.976587e+02
1.586270373037368e-03	6.781196e-01	4.999866e+00	4.976587e+02
1.596510373037307e-03	6.781196e-01	4.999866e+00	4.976587e+02
1.606750373037246e-03	6.781196e-01	4.999866e+00	4.976587e+02
1.616990373037186e-03	6.781196e-01	4.999866e+00	4.976587e+02
1.627230373037125e-03	6.781196e-01	4.999866e+00	4.976587e+02
1.637470373037064e-03	6.781196e-01	4.999866e+00	4.976587e+02
1.647710373037003e-03	6.781196e-01	4.999866e+00	4.976587e+02
1.657950373036942e-03	6.781196e-01	4.999866e+00	4.976587e+02
1.668190373036882e-03	6.781196e-01	4.999866e+00	4.976587e+02
1.678430373036821e-03	6.781196e-01	4.999866e+00	4.976587e+02
1.688670373036760e-03	6.781196e-01	4.999866e+00	4.976587e+02
1.698910373036699e-03	6.781196e-01	4.999866e+00	4.976587e+02
1.709150373036638e-03	6.781196e-01	4.999866e+00	4.976587e+02
1.719390373036577e-03	6.781196e-01	4.999866e+00	4.976587e+02
1.729630373036517e-03	6.781196e-01	4.999866e+00	4.976587e+02
1.739870373036456e-03	6.781196e-01	4.999866e+00	4.976587e+02
1.750110373036395e-03	6.781196e-01	4.999866e+00	4.976587e+02
1.760350373036334e-03	6.781196e-01	4.999866e+00	4.976587e+02
1.770590373036273e-03	6.781196e-01	4.999866e+00	4.976587e+02
1.780830373036213e-03	6.781196e-01	4.999866e+00	4.976587e+02
1.791070373036152e-03	6.781196e-01	4.999866e+00	4.976587e+02
1.801310373036091e-03	6.781196e-01	4.999866e+00	4.976587e+02
1.811550373036030e-03	6.781196e-01	4.999866e+00	4.976587e+02
1.821790373035969e-03	6.781196e-01	4.999866e+00	4.976587e+02
1.832030373035908e-03	6.781196e-01	4.999866e+00	4.976587e+02
1.842270373035848e-03	6.781196e-01	4.999866e+00	4.976587e+02
1.852510373035787e-03	6.781196e-01	4.999866e+00	4.976587e+02
1.862750373035726e-03	6.781196e-01	4.999866e+00	4.976587e+02
1.872990373035665e-03	6.781196e-01	4.999866e+00	4.976587e+02
1.883230373035604e-03	6.781196e-01	4.999866e+00	4.976587e+02
1.893470373035544e-03	6.781196e-01	4.999866e+00	4.976587e+02
1.903710373035483e-03	6.781196e-01	4.999866e+00	4.976587e+02
1.913950373035422e-03	6.781196e-01	4.999866e+00	4.976587e+02
1.924190373035361e-03	6.781196e-01	4.999866e+00	4.976587e+02
1.934430373035300e-03	6.781196e-01	4.999866e+00	4.976587e+02
1.944670373035240e-03	6.781196e-01	4.999866e+00	4.976587e+02
1.954910373035179e-03	6.781196e-01	4.999866e+00	4.976587e+02
1.965150373035118e-03	6.781196e-01	4.999866e+00	4.976587e+02
1.975390373035057e-03	6.781196e-01	4.999866e+00	4.976587e+02
1.985630373034997e-03	6.781196e-01	4.999866e+00	4.976587e+02
1.995870373034936e-03	6.781196e-01	4.999866e+00	4.976587e+02
2.006110373034875e-03	6.781196e-01	4.999866e+00	4.976587e+02
2.016350373034814e-03	6.781196e-01	4.999866e+00	4.976587e+02
2.026590373034753e-03	6.781196e-01	4.999866e+00	4.976587e+02
2.036830373034692e-03	6.781196e-01	4.999866e+00	4.976587e+02
2.047070373034632e-03	6.781196e-01	4.999866e+00	4.976587e+02
2.057310373034571e-03	6.781196e-01	4.999866e+00	4.976587e+02
2.067550373034510e-03	6.781196e-01	4.999866e+00	4.976587e+02
2.077790373034449e-03	6.781196e-01	4.999866e+00	4.976587e+02
2.088030373034388e-03	6.781196e-01	4.999866e+00	4.976587e+02
2.098270373034328e-03	6.781196e-01	4.999866e+00	4.976587e+02
2.108510373034267e-03	6.781196e-01	4.999866e+00	4.976587e+02
2.118750373034206e-03	6.781196e-01	4.999866e+00	4.976587e+02
2.128990373034145e-03	6.781196e-01	4.999866e+00	4.976587e+02
2.139230373034084e-03	6.781196e-01	4.999866e+00	4.976587e+02
2.149470373034023e-03	6.781196e-01	4.999866e+00	4.976587e+02
2.159710373033963e-03	6.781196e-01	4.999866e+00	4.976587e+02
2.169950373033902e-03	6.781196e-01	4.999866e+00	4.976587e+02
2.180190373033841e-03	6.781196e-01	4.999866e+00	4.976587e+02
2.190430373033780e-03	6.781196e-01	4.999866e+00	4.976587e+02
2.200670373033719e-03	6.781196e-01	4.999866e+00	4.976587e+02
2.210910373033659e-03	6.781196e-01	4.999866e+00	4.976587e+02
2.221150373033598e-03	6.781196e-01	4.999866e+00	4.976587e+02
2.231390373033537e-03	6.781196e-01	4.999866e+00	4.976587e+02
2.241630373033476e-03	6.781196e-01	4.999866e+00	4.976587e+02
2.251870373033415e-03	6.781196e-01	4.999866e+00	4.976587e+02
2.262110373033355e-03	6.781196e-01	4.999866e+00	4.976587e+02
2.272350373033294e-03	6.781196e-01	4.999866e+00	4.976587e+02
2.282590373033233e-03	6.781196e-01	4.999866e+00	4.976587e+02
2.292830373033172e-03	6.781196e-01	4.999866e+00	4.976587e+02
2.303070373033111e-03	6.781196e-01	4.999866e+00	4.976587e+02
2.313310373033050e-03	6.781196e-01	4.999866e+00	4.976587e+02
2.323550373032990e-03	6.781196e-01	4.999866e+00	4.976587e+02
2.333790373032929e-03	6.781196e-01	4.999866e+00	4.976587e+02
2.344030373032868e-03	6.781196e-01	4.999866e+00	4.976587e+02
2.354270373032807e-03	6.781196e-01	4.999866e+00	4.976587e+02
2.364510373032746e-03	6.781196e-01	4.999866e+00	4.976587e+02
2.374750373032686e-03	6.781196e-01	4.999866e+00	4.976587e+02
2.384990373032625e-03	6.781196e-01	4.999866e+00	4.976587e+02
2.395230373032564e-03	6.781196e-01	4.999866e+00	4.976587e+02
2.405470373032503e-03	6.781196e-01	4.999866e+00	4.976587e+02
2.415710373032442e-03	6.781196e-01	4.999866e+00	4.976587e+02
2.425950373032382e-03	6.781196e-01	4.999866e+00	4.976587e+02
2.436190373032321e-03	6.781196e-01	4.999866e+00	4.976587e+02
2.446430373032260e-03	6.781196e-01	4.999866e+00	4.976587e+02
2.456670373032199e-03	6.781196e-01	4.999866e+00	4.976587e+02
2.466910373032138e-03	6.781196e-01	4.999866e+00	4.976587e+02
2.477150373032077e-03	6.781196e-01	4.999866e+00	4.976587e+02
2.487390373032017e-03	6.781196e-01	4.999866e+00	4.976587e+02
2.497630373031956e-03	6.781196e-01	4.999866e+00	4.976587e+02
2.507870373031895e-03	6.781196e-01	4.999866e+00	4.976587e+02
2.518110373031834e-03	6.781196e-01	4.999866e+00	4.976587e+02
2.528350373031773e-03	6.781196e-01	4.999866e+00	4.976587e+02
2.538590373031713e-03	6.781196e-01	4.999866e+00	4.976587e+02
2.548830373031652e-03	6.781196e-01	4.999866e+00	4.976587e+02
2.559070373031591e-03	6.781196e-01	4.999866e+00	4.976587e+02
2.569310373031530e-03	6.781196e-01	4.999866e+00	4.976587e+02
2.579550373031469e-03	6.781196e-01	4.999866e+00	4.976587e+02
2.589790373031409e-03	6.781196e-01	4.999866e+00	4.976587e+02
2.600030373031348e-03	6.781196e-01	4.999866e+00	4.976587e+02
2.610270373031287e-03	6.781196e-01	4.999866e+00	4.976587e+02
2.620510373031226e-03	6.781196e-01	4.999866e+00	4.976587e+02
2.630750373031165e-03	6.781196e-01	4.999866e+00	4.976587e+02
2.640990373031104e-03	6.781196e-01	4.999866e+00	4.976587e+02
2.651230373031044e-03	6.781196e-01	4.999866e+00	4.976587e+02
2.661470373030983e-03	6.781196e-01	4.999866e+00	4.976587e+02
2.671710373030922e-03	6.781196e-01	4.999866e+00	4.976587e+02
2.681950373030861e-03	6.781196e-01	4.999866e+00	4.976587e+02
2.692190373030800e-03	6.781196e-01	4.999866e+00	4.976587e+02
2.702430373030740e-03	6.781196e-01	4.999866e+00	4.976587e+02
2.712670373030679e-03	6.781196e-01	4.999866e+00	4.976587e+02
2.722910373030618e-03	6.781196e-01	4.999866e+00	4.976587e+02
2.733150373030557e-03	6.781196e-01	4.999866e+00	4.976587e+02
2.743390373030496e-03	6.781196e-01	4.999866e+00	4.976587e+02
2.753630373030436e-03	6.781196e-01	4.999866e+00	4.976587e+02
2.763870373030375e-03	6.781196e-01	4.999866e+00	4.976587e+02
2.774110373030314e-03	6.781196e-01	4.999866e+00	4.976587e+02
2.784350373030253e-03	6.781196e-01	4.999866e+00	4.976587e+02
2.794590373030192e-03	6.781196e-01	4.999866e+00	4.976587e+02
2.804830373030131e-03	6.781196e-01	4.999866e+00	4.976587e+02
2.815070373030071e-03	6.781196e-01	4.999866e+00	4.976587e+02
2.825310373030010e-03	6.781196e-01	4.999866e+00	4.976587e+02
2.835550373029949e-03	6.781196e-01	4.999866e+00	4.976587e+02
2.845790373029888e-03	6.781196e-01	4.999866e+00	4.976587e+02
2.856030373029827e-03	6.781196e-01	4.999866e+00	4.976587e+02
2.866270373029767e-03	6.781196e-01	4.999866e+00	4.976587e+02
2.876510373029706e-03	6.781196e-01	4.999866e+00	4.976587e+02
2.886750373029645e-03	6.781196e-01	4.999866e+00	4.976587e+02
2.896990373029584e-03	6.781196e-01	4.999866e+00	4.976587e+02
2.907230373029523e-03	6.781196e-01	4.999866e+00	4.976587e+02
2.917470373029462e-03	6.781196e-01	4.999866e+00	4.976587e+02
2.927710373029402e-03	6.781196e-01	4.999866e+00	4.976587e+02
2.937950373029341e-03	6.781196e-01	4.999866e+00	4.976587e+02
2.948190373029280e-03	6.781196e-01	4.999866e+00	4.976587e+02
2.958430373029219e-03	6.781196e-01	4.999866e+00	4.976587e+02
2.968670373029158e-03	6.781196e-01	4.999866e+00	4.976587e+02
2.978910373029098e-03	6.781196e-01	4.999866e+00	4.976587e+02
2.989150373029037e-03	6.781196e-01	4.999866e+00	4.976587e+02
2.999390373028976e-03	6.781196e-01	4.999866e+00	4.976587e+02
3.000000000000000e-03	6.781196e-01	4.999866e+00	4.976587e+02
Step Information: Ra=10M  (Step: 4/4)
0.000000000000000e+00	6.781196e-01	4.999866e+00	4.950446e+02
1.006310719976990e-05	6.781196e-01	4.999866e+00	4.950446e+02
2.030310719977066e-05	6.781196e-01	4.999866e+00	4.950446e+02
3.054310719977230e-05	6.781196e-01	4.999866e+00	4.950446e+02
4.078310719977393e-05	6.781196e-01	4.999866e+00	4.950446e+02
5.102310719977557e-05	6.781196e-01	4.999866e+00	4.950446e+02
6.126310719977705e-05	6.781196e-01	4.999866e+00	4.950446e+02
7.150310719977175e-05	6.781196e-01	4.999866e+00	4.950446e+02
8.174310719976644e-05	6.781196e-01	4.999866e+00	4.950446e+02
9.198310719976114e-05	6.781196e-01	4.999866e+00	4.950446e+02
1.022231071997558e-04	6.781196e-01	4.999866e+00	4.950446e+02
1.124631071997505e-04	6.781196e-01	4.999866e+00	4.950446e+02
1.227031071997452e-04	6.781196e-01	4.999866e+00	4.950446e+02
1.329431071997399e-04	6.781196e-01	4.999866e+00	4.950446e+02
1.431831071997346e-04	6.781196e-01	4.999866e+00	4.950446e+02
1.534231071997293e-04	6.781196e-01	4.999866e+00	4.950446e+02
1.636631071997240e-04	6.781196e-01	4.999866e+00	4.950446e+02
1.739031071997187e-04	6.781196e-01	4.999866e+00	4.950446e+02
1.841431071997134e-04	6.781196e-01	4.999866e+00	4.950446e+02
1.943831071997081e-04	6.781196e-01	4.999866e+00	4.950446e+02
2.046231071997028e-04	6.781196e-01	4.999866e+00	4.950446e+02
2.148631071996975e-04	6.781196e-01	4.999866e+00	4.950446e+02
2.251031071996922e-04	6.781196e-01	4.999866e+00	4.950446e+02
2.353431071996869e-04	6.781196e-01	4.999866e+00	4.950446e+02
2.455831071996817e-04	6.781196e-01	4.999866e+00	4.950446e+02
2.558231071996763e-04	6.781196e-01	4.999866e+00	4.950446e+02
2.660631071996710e-04	6.781196e-01	4.999866e+00	4.950446e+02
2.763031071996657e-04	6.781196e-01	4.999866e+00	4.950446e+02
2.865431071996604e-04	6.781196e-01	4.999866e+00	4.950446e+02
2.967831071996551e-04	6.781196e-01	4.999866e+00	4.950446e+02
3.070231071996498e-04	6.781196e-01	4.999866e+00	4.950446e+02
3.172631071996445e-04	6.781196e-01	4.999866e+00	4.950446e+02
3.275031071996392e-04	6.781196e-01	4.999866e+00	4.950446e+02
3.377431071996339e-04	6.781196e-01	4.999866e+00	4.950446e+02
3.479831071996286e-04	6.781196e-01	4.999866e+00	4.950446e+02
3.582231071996233e-04	6.781196e-01	4.999866e+00	4.950446e+02
3.684631071996180e-04	6.781196e-01	4.999866e+00	4.950446e+02
3.787031071996127e-04	6.781196e-01	4.999866e+00	4.950446e+02
3.889431071996074e-04	6.781196e-01	4.999866e+00	4.950446e+02
3.991831071996021e-04	6.781196e-01	4.999866e+00	4.950446e+02
4.094231071995968e-04	6.781196e-01	4.999866e+00	4.950446e+02
4.196631071995915e-04	6.781196e-01	4.999866e+00	4.950446e+02
4.299031071995862e-04	6.781196e-01	4.999866e+00	4.950446e+02
4.401431071995809e-04	6.781196e-01	4.999866e+00	4.950446e+02
4.503831071995756e-04	6.781196e-01	4.999866e+00	4.950446e+02
4.606231071995703e-04	6.781196e-01	4.999866e+00	4.950446e+02
4.708631071995650e-04	6.781196e-01	4.999866e+00	4.950446e+02
4.811031071995597e-04	6.781196e-01	4.999866e+00	4.950446e+02
4.913431071995710e-04	6.781196e-01	4.999866e+00	4.950446e+02
5.000000000000004e-04	6.781196e-01	4.999866e+00	4.950446e+02
5.000010000000000e-04	6.384978e-01	4.999866e+00	3.727938e+02
5.000024856022007e-04	4.133711e-01	4.999866e+00	1.336768e+02
5.000028861231424e-04	3.220517e-01	4.999866e+00	1.064623e+02
5.000034830341463e-04	1.797008e-01	4.999866e+00	7.753716e+01
5.000040805267417e-04	3.416669e-02	4.999866e+00	5.849503e+01
5.000048341579899e-04	-1.440133e-01	4.999866e+00	4.332389e+01
5.000053227632201e-04	-2.300479e-01	4.999866e+00	3.704848e+01
5.000058177220239e-04	-2.585887e-01	4.999866e+00	3.248372e+01
5.000063329089837e-04	-2.567858e-01	4.999866e+00	2.907877e+01
5.000068821477989e-04	-2.569990e-01	4.999866e+00	2.649822e+01
5.000073929418580e-04	-2.565731e-01	4.999866e+00	2.477469e+01
5.000084145299761e-04	-2.558289e-01	4.999866e+00	2.249391e+01
5.000099646599131e-04	-2.545770e-01	4.999866e+00	2.062325e+01
5.000117258069487e-04	-2.530470e-01	4.999866e+00	1.944044e+01
5.000139912592558e-04	-2.510599e-01	4.999866e+00	1.833029e+01
5.000171308033591e-04	-2.482865e-01	4.999866e+00	1.700122e+01
5.000226677694178e-04	-2.434261e-01	4.999866e+00	1.490601e+01
5.000326677694179e-04	-2.346813e-01	4.999866e+00	1.174491e+01
5.000426677694179e-04	-2.260117e-01	4.999866e+00	9.255737e+00
5.000526677694180e-04	-2.174211e-01	4.999866e+00	7.295115e+00
5.000626677694180e-04	-2.088711e-01	4.999866e+00	5.751117e+00
5.000726677694181e-04	-2.004045e-01	4.999866e+00	4.535040e+00
5.000826677694181e-04	-1.919615e-01	4.999866e+00	3.577334e+00
5.000926677694182e-04	-1.836094e-01	4.999866e+00	2.823051e+00
5.001026677694182e-04	-1.752870e-01	4.999866e+00	2.229012e+00
5.001126677694183e-04	-1.670593e-01	4.999866e+00	1.761157e+00
5.001226677694183e-04	-1.588911e-01	4.999866e+00	1.392689e+00
5.001326677694183e-04	-1.508214e-01	4.999866e+00	1.102491e+00
5.001426677694184e-04	-1.428536e-01	4.999866e+00	8.739361e-01
5.001526677694184e-04	-1.350004e-01	4.999866e+00	6.939287e-01
5.001626677694185e-04	-1.272912e-01	4.999866e+00	5.521550e-01
5.001726677694185e-04	-1.197275e-01	4.999866e+00	4.404921e-01
5.001826677694186e-04	-1.123479e-01	4.999866e+00	3.525427e-01
5.001926677694186e-04	-1.051500e-01	4.999866e+00	2.832686e-01
5.002026677694187e-04	-9.817354e-02	4.999866e+00	2.287017e-01
5.002126677694187e-04	-9.141196e-02	4.999866e+00	1.857170e-01
5.002226677694188e-04	-8.490206e-02	4.999866e+00	1.518536e-01
5.002326677694188e-04	-7.863136e-02	4.999866e+00	1.251732e-01
5.002426677694189e-04	-7.263129e-02	4.999866e+00	1.041497e-01
5.002526677694189e-04	-6.688269e-02	4.999866e+00	8.758105e-02
5.002626677694190e-04	-6.141080e-02	4.999866e+00	7.452088e-02
5.002726677694190e-04	-5.619017e-02	4.999866e+00	6.422392e-02
5.002826677694191e-04	-5.124042e-02	4.999866e+00	5.610332e-02
5.002926677694191e-04	-4.653117e-02	4.999866e+00	4.969703e-02
5.003026677694192e-04	-4.207780e-02	4.999866e+00	4.464123e-02
5.003126677694192e-04	-3.784660e-02	4.999866e+00	4.064944e-02
5.003226677694193e-04	-3.385042e-02	4.999866e+00	3.749608e-02
5.003326677694193e-04	-3.005404e-02	4.999866e+00	3.500354e-02
5.003426677694194e-04	-2.646906e-02	4.999866e+00	3.303194e-02
5.003526677694194e-04	-2.305989e-02	4.999866e+00	3.147113e-02
5.003626677694195e-04	-1.983803e-02	4.999866e+00	3.023435e-02
5.003726677694195e-04	-1.676843e-02	4.999866e+00	2.925327e-02
5.003826677694196e-04	-1.386318e-02	4.999866e+00	2.847405e-02
5.003926677694196e-04	-1.108829e-02	4.999866e+00	2.785426e-02
5.004026677694197e-04	-8.456827e-03	4.999866e+00	2.736048e-02
5.004126677694197e-04	-5.936118e-03	4.999866e+00	2.696634e-02
5.004226677694198e-04	-3.540316e-03	4.999866e+00	2.665106e-02
5.004326677694198e-04	-1.238132e-03	4.999866e+00	2.639823e-02
5.004426677694199e-04	9.551811e-04	4.999866e+00	2.619494e-02
5.004526677694199e-04	3.069594e-03	4.999866e+00	2.603095e-02
5.004626677694200e-04	5.088835e-03	4.999866e+00	2.589820e-02
5.004726677694200e-04	7.041672e-03	4.999866e+00	2.579031e-02
5.004826677694201e-04	8.910938e-03	4.999866e+00	2.570224e-02
5.004926677694201e-04	1.072434e-02	4.999866e+00	2.562999e-02
5.005026677694202e-04	1.246394e-02	4.999866e+00	2.557041e-02
5.005126677694202e-04	1.415652e-02	4.999866e+00	2.552098e-02
5.005226677694203e-04	1.578353e-02	4.999866e+00	2.547973e-02
5.005326677694203e-04	1.737094e-02	4.999866e+00	2.544505e-02
5.005426677694204e-04	1.889968e-02	4.999866e+00	2.541571e-02
5.005526677694204e-04	2.039506e-02	4.999866e+00	2.539069e-02
5.005626677694205e-04	2.183760e-02	4.999866e+00	2.536920e-02
5.005726677694205e-04	2.325203e-02	4.999866e+00	2.535059e-02
5.005826677694206e-04	2.461853e-02	4.999866e+00	2.533436e-02
5.005926677694206e-04	2.596135e-02	4.999866e+00	2.532008e-02
5.006026677694207e-04	2.726042e-02	4.999866e+00	2.530744e-02
5.006126677694207e-04	2.853957e-02	4.999866e+00	2.529616e-02
5.006226677694208e-04	2.977853e-02	4.999866e+00	2.528602e-02
5.006326677694208e-04	3.100075e-02	4.999866e+00	2.527685e-02
5.006426677694208e-04	3.218585e-02	4.999866e+00	2.526851e-02
5.006526677694209e-04	3.335694e-02	4.999866e+00	2.526088e-02
5.006626677694209e-04	3.449354e-02	4.999866e+00	2.525385e-02
5.006726677694210e-04	3.561849e-02	4.999866e+00	2.524735e-02
5.006826677694210e-04	3.671122e-02	4.999866e+00	2.524132e-02
5.006926677694211e-04	3.779434e-02	4.999866e+00	2.523570e-02
5.007026677694211e-04	3.884722e-02	4.999866e+00	2.523044e-02
5.007126677694212e-04	3.989226e-02	4.999866e+00	2.522550e-02
5.007226677694212e-04	4.090881e-02	4.999866e+00	2.522085e-02
5.007326677694213e-04	4.191904e-02	4.999866e+00	2.521647e-02
5.007426677694213e-04	4.290232e-02	4.999866e+00	2.521231e-02
5.007526677694214e-04	4.388064e-02	4.999866e+00	2.520838e-02
5.007626677694214e-04	4.483336e-02	4.999866e+00	2.520464e-02
5.007726677694215e-04	4.578231e-02	4.999866e+00	2.520107e-02
5.007826677694215e-04	4.670687e-02	4.999866e+00	2.519768e-02
5.007926677694216e-04	4.762871e-02	4.999866e+00	2.519444e-02
5.008026677694216e-04	4.852723e-02	4.999866e+00	2.519134e-02
5.008126677694217e-04	4.942397e-02	4.999866e+00	2.518838e-02
5.008226677694217e-04	5.029836e-02	4.999866e+00	2.518554e-02
5.008326677694218e-04	5.117180e-02	4.999866e+00	2.518281e-02
5.008426677694218e-04	5.202376e-02	4.999866e+00	2.518019e-02
5.008526677694219e-04	5.287551e-02	4.999866e+00	2.517768e-02
5.008626677694219e-04	5.370658e-02	4.999866e+00	2.517526e-02
5.008726677694220e-04	5.453809e-02	4.999866e+00	2.517293e-02
5.008826677694220e-04	5.534964e-02	4.999866e+00	2.517068e-02
5.008926677694221e-04	5.616225e-02	4.999866e+00	2.516852e-02
5.009026677694221e-04	5.695553e-02	4.999866e+00	2.516643e-02
5.009126677694222e-04	5.775041e-02	4.999866e+00	2.516441e-02
5.009226677694222e-04	5.852657e-02	4.999866e+00	2.516246e-02
5.009326677694223e-04	5.930481e-02	4.999866e+00	2.516058e-02
5.009426677694223e-04	6.006488e-02	4.999866e+00	2.515876e-02
5.009526677694224e-04	6.082747e-02	4.999866e+00	2.515699e-02
5.009626677694224e-04	6.157240e-02	4.999866e+00	2.515529e-02
5.009726677694225e-04	6.232024e-02	4.999866e+00	2.515363e-02
5.009826677694225e-04	6.305089e-02	4.999866e+00	2.515203e-02
5.009926677694226e-04	6.378482e-02	4.999866e+00	2.515047e-02
5.010026677694226e-04	6.450199e-02	4.999866e+00	2.514897e-02
5.010126677694227e-04	6.522278e-02	4.999866e+00	2.514750e-02
5.010226677694227e-04	6.592719e-02	4.999866e+00	2.514608e-02
5.010326677694228e-04	6.663553e-02	4.999866e+00	2.514470e-02
5.010426677694228e-04	6.732786e-02	4.999866e+00	2.514336e-02
5.010526677694229e-04	6.802441e-02	4.999866e+00	2.514205e-02
5.010626677694229e-04	6.870530e-02	4.999866e+00	2.514078e-02
5.010726677694230e-04	6.939065e-02	4.999866e+00	2.513955e-02
5.010826677694230e-04	7.006066e-02	4.999866e+00	2.513835e-02
5.010926677694231e-04	7.073537e-02	4.999866e+00	2.513718e-02
5.011026677694231e-04	7.139504e-02	4.999866e+00	2.513604e-02
5.011126677694232e-04	7.205962e-02	4.999866e+00	2.513493e-02
5.011226677694232e-04	7.270946e-02	4.999866e+00	2.513385e-02
5.011326677694233e-04	7.336440e-02	4.999866e+00	2.513279e-02
5.011426677694233e-04	7.400485e-02	4.999866e+00	2.513176e-02
5.011526677694234e-04	7.465060e-02	4.999866e+00	2.513076e-02
5.011626677694234e-04	7.528211e-02	4.999866e+00	2.512978e-02
5.011726677694234e-04	7.591908e-02	4.999866e+00	2.512882e-02
5.011826677694235e-04	7.654206e-02	4.999866e+00	2.512789e-02
5.011926677694235e-04	7.717064e-02	4.999866e+00	2.512698e-02
5.012026677694236e-04	7.778545e-02	4.999866e+00	2.512609e-02
5.012126677694236e-04	7.840601e-02	4.999866e+00	2.512522e-02
5.012226677694237e-04	7.901301e-02	4.999866e+00	2.512437e-02
5.012326677694237e-04	7.962590e-02	4.999866e+00	2.512354e-02
5.012426677694238e-04	8.022542e-02	4.999866e+00	2.512273e-02
5.012526677694238e-04	8.083095e-02	4.999866e+00	2.512193e-02
5.012626677694239e-04	8.142330e-02	4.999866e+00	2.512116e-02
5.012726677694239e-04	8.202179e-02	4.999866e+00	2.512040e-02
5.012826677694240e-04	8.260727e-02	4.999866e+00	2.511965e-02
5.012926677694240e-04	8.319897e-02	4.999866e+00	2.511892e-02
5.013026677694241e-04	8.377786e-02	4.999866e+00	2.511821e-02
5.013126677694241e-04	8.436307e-02	4.999866e+00	2.511751e-02
5.013226677694242e-04	8.493561e-02	4.999866e+00	2.511683e-02
5.013326677694242e-04	8.551457e-02	4.999866e+00	2.511616e-02
5.013426677694243e-04	8.608102e-02	4.999866e+00	2.511550e-02
5.013526677694243e-04	8.665396e-02	4.999866e+00	2.511486e-02
5.013626677694244e-04	8.721455e-02	4.999866e+00	2.511423e-02
5.013726677694244e-04	8.778171e-02	4.999866e+00	2.511361e-02
5.013826677694245e-04	8.833666e-02	4.999866e+00	2.511300e-02
5.013926677694245e-04	8.889825e-02	4.999866e+00	2.511241e-02
5.014026677694246e-04	8.944776e-02	4.999866e+00	2.511182e-02
5.014126677694246e-04	9.000397e-02	4.999866e+00	2.511125e-02
5.014226677694247e-04	9.054825e-02	4.999866e+00	2.511069e-02
5.014326677694247e-04	9.109928e-02	4.999866e+00	2.511014e-02
5.014426677694248e-04	9.163850e-02	4.999866e+00	2.510960e-02
5.014526677694248e-04	9.218453e-02	4.999866e+00	2.510906e-02
5.014626677694249e-04	9.271888e-02	4.999866e+00	2.510854e-02
5.014726677694249e-04	9.326008e-02	4.999866e+00	2.510803e-02
5.014826677694250e-04	9.378971e-02	4.999866e+00	2.510753e-02
5.014926677694250e-04	9.432626e-02	4.999866e+00	2.510703e-02
5.015026677694251e-04	9.485134e-02	4.999866e+00	2.510655e-02
5.015126677694251e-04	9.538337e-02	4.999866e+00	2.510607e-02
5.015226677694252e-04	9.590405e-02	4.999866e+00	2.510560e-02
5.015326677694252e-04	9.643172e-02	4.999866e+00	2.510514e-02
5.015426677694253e-04	9.694815e-02	4.999866e+00	2.510468e-02
5.015526677694253e-04	9.747161e-02	4.999866e+00	2.510424e-02
5.015626677694254e-04	9.798391e-02	4.999866e+00	2.510380e-02
5.015726677694254e-04	9.850328e-02	4.999866e+00	2.510337e-02
5.015826677694255e-04	9.901160e-02	4.999866e+00	2.510294e-02
5.015926677694255e-04	9.952702e-02	4.999866e+00	2.510253e-02
5.016026677694256e-04	1.000315e-01	4.999866e+00	2.510212e-02
5.016126677694256e-04	1.005430e-01	4.999866e+00	2.510171e-02
5.016226677694257e-04	1.010438e-01	4.999866e+00	2.510131e-02
5.016326677694257e-04	1.015516e-01	4.999866e+00	2.510092e-02
5.016426677694258e-04	1.020487e-01	4.999866e+00	2.510054e-02
5.016526677694258e-04	1.025530e-01	4.999866e+00	2.510016e-02
5.016626677694259e-04	1.030465e-01	4.999866e+00	2.509978e-02
5.016726677694259e-04	1.035473e-01	4.999866e+00	2.509942e-02
5.016826677694259e-04	1.040374e-01	4.999866e+00	2.509905e-02
5.016926677694260e-04	1.045348e-01	4.999866e+00	2.509870e-02
5.017026677694260e-04	1.050216e-01	4.999866e+00	2.509835e-02
5.017126677694261e-04	1.055156e-01	4.999866e+00	2.509800e-02
5.017226677694261e-04	1.059992e-01	4.999866e+00	2.509766e-02
5.017326677694262e-04	1.064901e-01	4.999866e+00	2.509732e-02
5.017426677694262e-04	1.069705e-01	4.999866e+00	2.509699e-02
5.017526677694263e-04	1.074583e-01	4.999866e+00	2.509666e-02
5.017626677694263e-04	1.079357e-01	4.999866e+00	2.509634e-02
5.017726677694264e-04	1.084204e-01	4.999866e+00	2.509603e-02
5.017826677694264e-04	1.088949e-01	4.999866e+00	2.509571e-02
5.017926677694265e-04	1.093766e-01	4.999866e+00	2.509541e-02
5.018026677694265e-04	1.098482e-01	4.999866e+00	2.509510e-02
5.018126677694266e-04	1.103270e-01	4.999866e+00	2.509480e-02
5.018226677694266e-04	1.107958e-01	4.999866e+00	2.509451e-02
5.018326677694267e-04	1.112719e-01	4.999866e+00	2.509421e-02
5.018426677694267e-04	1.117380e-01	4.999866e+00	2.509393e-02
5.018526677694268e-04	1.122113e-01	4.999866e+00	2.509364e-02
5.018626677694268e-04	1.126747e-01	4.999866e+00	2.509336e-02
5.018726677694269e-04	1.131454e-01	4.999866e+00	2.509309e-02
5.018826677694269e-04	1.136062e-01	4.999866e+00	2.509281e-02
5.018926677694270e-04	1.140743e-01	4.999866e+00	2.509254e-02
5.019026677694270e-04	1.145326e-01	4.999866e+00	2.509228e-02
5.019126677694271e-04	1.149982e-01	4.999866e+00	2.509202e-02
5.019226677694271e-04	1.154540e-01	4.999866e+00	2.509176e-02
5.019326677694272e-04	1.159171e-01	4.999866e+00	2.509150e-02
5.019426677694272e-04	1.163705e-01	4.999866e+00	2.509125e-02
5.019526677694273e-04	1.168313e-01	4.999866e+00	2.509100e-02
5.019626677694273e-04	1.172823e-01	4.999866e+00	2.509075e-02
5.019726677694274e-04	1.177407e-01	4.999866e+00	2.509051e-02
5.019826677694274e-04	1.181895e-01	4.999866e+00	2.509027e-02
5.019926677694275e-04	1.186456e-01	4.999866e+00	2.509003e-02
5.020010000000001e-04	1.190171e-01	4.999866e+00	2.508984e-02
5.020013333333334e-04	1.190342e-01	4.999866e+00	2.508983e-02
5.020020000000001e-04	1.190654e-01	4.999866e+00	3.060451e-02
5.020027645366021e-04	1.191051e-01	4.999866e+00	4.309660e-02
5.020035347726816e-04	1.191509e-01	4.999866e+00	5.537243e-02
5.020043372309654e-04	1.192042e-01	4.999866e+00	6.784642e-02
5.020059421475328e-04	1.193271e-01	4.999866e+00	9.189340e-02
5.020091519806676e-04	1.196310e-01	4.999866e+00	1.367726e-01
5.020155716469373e-04	1.204246e-01	4.999866e+00	2.162291e-01
5.020243712223313e-04	1.218007e-01	4.999866e+00	3.090950e-01
5.020337727506787e-04	1.235036e-01	4.999866e+00	3.952937e-01
5.020437727506787e-04	1.254639e-01	4.999866e+00	4.785303e-01
5.020537727506788e-04	1.275083e-01	4.999866e+00	5.568988e-01
5.020637727506788e-04	1.295966e-01	4.999866e+00	6.326101e-01
5.020737727506789e-04	1.317072e-01	4.999866e+00	7.068684e-01
5.020837727506789e-04	1.338283e-01	4.999866e+00	7.803294e-01
5.020937727506790e-04	1.359537e-01	4.999866e+00	8.533505e-01
5.021037727506790e-04	1.380797e-01	4.999866e+00	9.261264e-01
5.021137727506791e-04	1.402049e-01	4.999866e+00	9.987631e-01
5.021237727506791e-04	1.423281e-01	4.999866e+00	1.071318e+00
5.021337727506792e-04	1.444490e-01	4.999866e+00	1.143824e+00
5.021437727506792e-04	1.465673e-01	4.999866e+00	1.216296e+00
5.021537727506793e-04	1.486831e-01	4.999866e+00	1.288746e+00
5.021637727506793e-04	1.507962e-01	4.999866e+00	1.361177e+00
5.021737727506794e-04	1.529068e-01	4.999866e+00	1.433593e+00
5.021837727506794e-04	1.550149e-01	4.999866e+00	1.505995e+00
5.021937727506795e-04	1.571207e-01	4.999866e+00	1.578384e+00
5.022037727506795e-04	1.592241e-01	4.999866e+00	1.650760e+00
5.022137727506796e-04	1.613253e-01	4.999866e+00	1.723125e+00
5.022237727506796e-04	1.634242e-01	4.999866e+00	1.795478e+00
5.022337727506797e-04	1.655211e-01	4.999866e+00	1.867819e+00
5.022437727506797e-04	1.676159e-01	4.999866e+00	1.940148e+00
5.022537727506798e-04	1.697087e-01	4.999866e+00	2.012465e+00
5.022637727506798e-04	1.717996e-01	4.999866e+00	2.084771e+00
5.022737727506799e-04	1.738886e-01	4.999866e+00	2.157066e+00
5.022837727506799e-04	1.759757e-01	4.999866e+00	2.229348e+00
5.022937727506800e-04	1.780610e-01	4.999866e+00	2.301620e+00
5.023037727506800e-04	1.801446e-01	4.999866e+00	2.373879e+00
5.023137727506801e-04	1.822265e-01	4.999866e+00	2.446128e+00
5.023237727506801e-04	1.843066e-01	4.999866e+00	2.518365e+00
5.023337727506802e-04	1.863852e-01	4.999866e+00	2.590590e+00
5.023437727506802e-04	1.884621e-01	4.999866e+00	2.662805e+00
5.023537727506803e-04	1.905376e-01	4.999866e+00	2.735007e+00
5.023637727506803e-04	1.926114e-01	4.999866e+00	2.807199e+00
5.023737727506804e-04	1.946837e-01	4.999866e+00	2.879379e+00
5.023837727506804e-04	1.967545e-01	4.999866e+00	2.951548e+00
5.023937727506805e-04	1.988239e-01	4.999866e+00	3.023706e+00
5.024037727506805e-04	2.008918e-01	4.999866e+00	3.095852e+00
5.024137727506806e-04	2.029584e-01	4.999866e+00	3.167987e+00
5.024237727506806e-04	2.050235e-01	4.999866e+00	3.240111e+00
5.024337727506807e-04	2.070872e-01	4.999866e+00	3.312224e+00
5.024437727506807e-04	2.091495e-01	4.999866e+00	3.384326e+00
5.024537727506808e-04	2.112106e-01	4.999866e+00	3.456416e+00
5.024637727506808e-04	2.132702e-01	4.999866e+00	3.528495e+00
5.024737727506809e-04	2.153287e-01	4.999866e+00	3.600563e+00
5.024837727506809e-04	2.173857e-01	4.999866e+00	3.672620e+00
5.024937727506810e-04	2.194415e-01	4.999866e+00	3.744666e+00
5.025037727506810e-04	2.214960e-01	4.999866e+00	3.816700e+00
5.025137727506810e-04	2.235492e-01	4.999866e+00	3.888724e+00
5.025237727506811e-04	2.256012e-01	4.999866e+00	3.960736e+00
5.025337727506811e-04	2.276520e-01	4.999866e+00	4.032737e+00
5.025437727506812e-04	2.297014e-01	4.999866e+00	4.104727e+00
5.025537727506812e-04	2.317497e-01	4.999866e+00	4.176706e+00
5.025637727506813e-04	2.337967e-01	4.999866e+00	4.248674e+00
5.025737727506813e-04	2.358426e-01	4.999866e+00	4.320631e+00
5.025837727506814e-04	2.378871e-01	4.999866e+00	4.392577e+00
5.025937727506814e-04	2.399306e-01	4.999866e+00	4.464511e+00
5.026037727506815e-04	2.419728e-01	4.999866e+00	4.536435e+00
5.026137727506815e-04	2.440138e-01	4.999866e+00	4.608348e+00
5.026237727506816e-04	2.460536e-01	4.999866e+00	4.680249e+00
5.026337727506816e-04	2.480923e-01	4.999866e+00	4.752140e+00
5.026437727506817e-04	2.501298e-01	4.999866e+00	4.824019e+00
5.026537727506817e-04	2.521661e-01	4.999866e+00	4.895887e+00
5.026637727506818e-04	2.542012e-01	4.999866e+00	4.967745e+00
5.026737727506818e-04	2.562352e-01	4.999866e+00	5.039591e+00
5.026837727506819e-04	2.582680e-01	4.999866e+00	5.111426e+00
5.026937727506819e-04	2.602997e-01	4.999866e+00	5.183251e+00
5.027037727506820e-04	2.623301e-01	4.999866e+00	5.255064e+00
5.027137727506820e-04	2.643595e-01	4.999866e+00	5.326866e+00
5.027237727506821e-04	2.663877e-01	4.999866e+00	5.398657e+00
5.027337727506821e-04	2.684147e-01	4.999866e+00	5.470438e+00
5.027437727506822e-04	2.704406e-01	4.999866e+00	5.542207e+00
5.027537727506822e-04	2.724653e-01	4.999866e+00	5.613965e+00
5.027637727506823e-04	2.744889e-01	4.999866e+00	5.685712e+00
5.027737727506823e-04	2.765114e-01	4.999866e+00	5.757448e+00
5.027837727506824e-04	2.785326e-01	4.999866e+00	5.829174e+00
5.027937727506824e-04	2.805528e-01	4.999866e+00	5.900887e+00
5.028037727506825e-04	2.825718e-01	4.999866e+00	5.972591e+00
5.028137727506825e-04	2.845897e-01	4.999866e+00	6.044283e+00
5.028237727506826e-04	2.866064e-01	4.999866e+00	6.115964e+00
5.028337727506826e-04	2.886220e-01	4.999866e+00	6.187634e+00
5.028437727506827e-04	2.906364e-01	4.999866e+00	6.259294e+00
5.028537727506827e-04	2.926498e-01	4.999866e+00	6.330942e+00
5.028637727506828e-04	2.946619e-01	4.999866e+00	6.402579e+00
5.028737727506828e-04	2.966729e-01	4.999866e+00	6.474205e+00
5.028837727506829e-04	2.986828e-01	4.999866e+00	6.545820e+00
5.028937727506829e-04	3.006916e-01	4.999866e+00	6.617425e+00
5.029037727506830e-04	3.026991e-01	4.999866e+00	6.689018e+00
5.029137727506830e-04	3.047056e-01	4.999866e+00	6.760601e+00
5.029237727506831e-04	3.067109e-01	4.999866e+00	6.832172e+00
5.029337727506831e-04	3.087151e-01	4.999866e+00	6.903732e+00
5.029437727506832e-04	3.107181e-01	4.999866e+00	6.975281e+00
5.029537727506832e-04	3.127200e-01	4.999866e+00	7.046820e+00
5.029637727506833e-04	3.147207e-01	4.999866e+00	7.118347e+00
5.029737727506833e-04	3.167204e-01	4.999866e+00	7.189864e+00
5.029837727506834e-04	3.187188e-01	4.999866e+00	7.261369e+00
5.029937727506834e-04	3.207161e-01	4.999866e+00	7.332864e+00
5.030037727506835e-04	3.227122e-01	4.999866e+00	7.404347e+00
5.030137727506835e-04	3.247073e-01	4.999866e+00	7.475820e+00
5.030237727506835e-04	3.267011e-01	4.999866e+00	7.547282e+00
5.030337727506836e-04	3.286939e-01	4.999866e+00	7.618732e+00
5.030437727506836e-04	3.306854e-01	4.999866e+00	7.690172e+00
5.030537727506837e-04	3.326759e-01	4.999866e+00	7.761601e+00
5.030637727506837e-04	3.346651e-01	4.999866e+00	7.833019e+00
5.030737727506838e-04	3.366532e-01	4.999866e+00	7.904426e+00
5.030837727506838e-04	3.386402e-01	4.999866e+00	7.975821e+00
5.030937727506839e-04	3.406260e-01	4.999866e+00	8.047207e+00
5.031037727506839e-04	3.426106e-01	4.999866e+00	8.118581e+00
5.031137727506840e-04	3.445942e-01	4.999866e+00	8.189943e+00
5.031237727506840e-04	3.465765e-01	4.999866e+00	8.261295e+00
5.031337727506841e-04	3.485577e-01	4.999866e+00	8.332637e+00
5.031437727506841e-04	3.505377e-01	4.999866e+00	8.403967e+00
5.031537727506842e-04	3.525166e-01	4.999866e+00	8.475286e+00
5.031637727506842e-04	3.544942e-01	4.999866e+00	8.546595e+00
5.031737727506843e-04	3.564708e-01	4.999866e+00	8.617891e+00
5.031837727506843e-04	3.584462e-01	4.999866e+00	8.689178e+00
5.031937727506844e-04	3.604204e-01	4.999866e+00	8.760453e+00
5.032037727506844e-04	3.623934e-01	4.999866e+00	8.831718e+00
5.032137727506845e-04	3.643653e-01	4.999866e+00	8.902971e+00
5.032237727506845e-04	3.663360e-01	4.999866e+00	8.974215e+00
5.032337727506846e-04	3.683056e-01	4.999866e+00	9.045445e+00
5.032437727506846e-04	3.702739e-01	4.999866e+00	9.116667e+00
5.032537727506847e-04	3.722411e-01	4.999866e+00	9.187877e+00
5.032637727506847e-04	3.742071e-01	4.999866e+00	9.259075e+00
5.032737727506848e-04	3.761720e-01	4.999866e+00	9.330263e+00
5.032837727506848e-04	3.781357e-01	4.999866e+00	9.401440e+00
5.032937727506849e-04	3.800983e-01	4.999866e+00	9.472606e+00
5.033037727506849e-04	3.820595e-01	4.999866e+00	9.543761e+00
5.033137727506850e-04	3.840197e-01	4.999866e+00	9.614905e+00
5.033237727506850e-04	3.859787e-01	4.999866e+00	9.686039e+00
5.033337727506851e-04	3.879365e-01	4.999866e+00	9.757161e+00
5.033437727506851e-04	3.898931e-01	4.999866e+00	9.828272e+00
5.033537727506852e-04	3.918486e-01	4.999866e+00	9.899373e+00
5.033637727506852e-04	3.938028e-01	4.999866e+00	9.970462e+00
5.033737727506853e-04	3.957559e-01	4.999866e+00	1.004154e+01
5.033837727506853e-04	3.977078e-01	4.999866e+00	1.011261e+01
5.033937727506854e-04	3.996585e-01	4.999866e+00	1.018367e+01
5.034037727506854e-04	4.016080e-01	4.999866e+00	1.025471e+01
5.034137727506855e-04	4.035564e-01	4.999866e+00	1.032575e+01
5.034237727506855e-04	4.055035e-01	4.999866e+00	1.039677e+01
5.034337727506856e-04	4.074495e-01	4.999866e+00	1.046778e+01
5.034437727506856e-04	4.093942e-01	4.999866e+00	1.053878e+01
5.034537727506857e-04	4.113378e-01	4.999866e+00	1.060978e+01
5.034637727506857e-04	4.132802e-01	4.999866e+00	1.068076e+01
5.034737727506858e-04	4.152214e-01	4.999866e+00	1.075173e+01
5.034837727506858e-04	4.171613e-01	4.999866e+00	1.082268e+01
5.034937727506859e-04	4.191002e-01	4.999866e+00	1.089363e+01
5.035037727506859e-04	4.210378e-01	4.999866e+00	1.096457e+01
5.035137727506860e-04	4.229742e-01	4.999866e+00	1.103549e+01
5.035237727506860e-04	4.249094e-01	4.999866e+00	1.110641e+01
5.035337727506860e-04	4.268434e-01	4.999866e+00	1.117731e+01
5.035437727506861e-04	4.287762e-01	4.999866e+00	1.124821e+01
5.035537727506861e-04	4.307078e-01	4.999866e+00	1.131909e+01
5.035637727506862e-04	4.326382e-01	4.999866e+00	1.138996e+01
5.035737727506862e-04	4.345674e-01	4.999866e+00	1.146082e+01
5.035837727506863e-04	4.364954e-01	4.999866e+00	1.153167e+01
5.035937727506863e-04	4.384222e-01	4.999866e+00	1.160251e+01
5.036037727506864e-04	4.403477e-01	4.999866e+00	1.167333e+01
5.036137727506864e-04	4.422721e-01	4.999866e+00	1.174415e+01
5.036237727506865e-04	4.441953e-01	4.999866e+00	1.181496e+01
5.036337727506865e-04	4.461173e-01	4.999866e+00	1.188575e+01
5.036437727506866e-04	4.480380e-01	4.999866e+00	1.195654e+01
5.036537727506866e-04	4.499575e-01	4.999866e+00	1.202731e+01
5.036637727506867e-04	4.518758e-01	4.999866e+00	1.209807e+01
5.036737727506867e-04	4.537930e-01	4.999866e+00	1.216882e+01
5.036837727506868e-04	4.557088e-01	4.999866e+00	1.223956e+01
5.036937727506868e-04	4.576235e-01	4.999866e+00	1.231029e+01
5.037037727506869e-04	4.595370e-01	4.999866e+00	1.238101e+01
5.037137727506869e-04	4.614492e-01	4.999866e+00	1.245172e+01
5.037237727506870e-04	4.633602e-01	4.999866e+00	1.252241e+01
5.037337727506870e-04	4.652701e-01	4.999866e+00	1.259310e+01
5.037437727506871e-04	4.671786e-01	4.999866e+00	1.266378e+01
5.037537727506871e-04	4.690861e-01	4.999866e+00	1.273444e+01
5.037637727506872e-04	4.709922e-01	4.999866e+00	1.280509e+01
5.037737727506872e-04	4.728971e-01	4.999866e+00	1.287573e+01
5.037837727506873e-04	4.748008e-01	4.999866e+00	1.294637e+01
5.037937727506873e-04	4.767033e-01	4.999866e+00	1.301699e+01
5.038037727506874e-04	4.786046e-01	4.999866e+00	1.308760e+01
5.038137727506874e-04	4.805046e-01	4.999866e+00	1.315820e+01
5.038237727506875e-04	4.824034e-01	4.999866e+00	1.322878e+01
5.038337727506875e-04	4.843010e-01	4.999866e+00	1.329936e+01
5.038437727506876e-04	4.861974e-01	4.999866e+00	1.336993e+01
5.038537727506876e-04	4.880925e-01	4.999866e+00	1.344048e+01
5.038637727506877e-04	4.899864e-01	4.999866e+00	1.351103e+01
5.038737727506877e-04	4.918790e-01	4.999866e+00	1.358156e+01
5.038837727506878e-04	4.937705e-01	4.999866e+00	1.365208e+01
5.038937727506878e-04	4.956607e-01	4.999866e+00	1.372259e+01
5.039037727506879e-04	4.975497e-01	4.999866e+00	1.379309e+01
5.039137727506879e-04	4.994374e-01	4.999866e+00	1.386358e+01
5.039237727506880e-04	5.013239e-01	4.999866e+00	1.393406e+01
5.039337727506880e-04	5.032092e-01	4.999866e+00	1.400453e+01
5.039437727506881e-04	5.050932e-01	4.999866e+00	1.407499e+01
5.039537727506881e-04	5.069760e-01	4.999866e+00	1.414544e+01
5.039637727506882e-04	5.088575e-01	4.999866e+00	1.421587e+01
5.039737727506882e-04	5.107380e-01	4.999866e+00	1.428630e+01
5.039837727506883e-04	5.126170e-01	4.999866e+00	1.435671e+01
5.039937727506883e-04	5.144949e-01	4.999866e+00	1.442711e+01
5.040037727506884e-04	5.163714e-01	4.999866e+00	1.449751e+01
5.040137727506884e-04	5.182468e-01	4.999866e+00	1.456789e+01
5.040237727506885e-04	5.201210e-01	4.999866e+00	1.463826e+01
5.040337727506885e-04	5.219939e-01	4.999866e+00	1.470862e+01
5.040437727506886e-04	5.238655e-01	4.999866e+00	1.477896e+01
5.040537727506886e-04	5.257359e-01	4.999866e+00	1.484930e+01
5.040637727506886e-04	5.276051e-01	4.999866e+00	1.491963e+01
5.040737727506887e-04	5.294730e-01	4.999866e+00	1.498995e+01
5.040837727506887e-04	5.313396e-01	4.999866e+00	1.506025e+01
5.040937727506888e-04	5.332051e-01	4.999866e+00	1.513055e+01
5.041037727506888e-04	5.350692e-01	4.999866e+00	1.520083e+01
5.041137727506889e-04	5.369322e-01	4.999866e+00	1.527110e+01
5.041237727506889e-04	5.387939e-01	4.999866e+00	1.534136e+01
5.041337727506890e-04	5.406543e-01	4.999866e+00	1.541162e+01
5.041437727506890e-04	5.425135e-01	4.999866e+00	1.548186e+01
5.041537727506891e-04	5.443714e-01	4.999866e+00	1.555208e+01
5.041637727506891e-04	5.462281e-01	4.999866e+00	1.562230e+01
5.041737727506892e-04	5.480836e-01	4.999866e+00	1.569251e+01
5.041837727506892e-04	5.499377e-01	4.999866e+00	1.576271e+01
5.041937727506893e-04	5.517907e-01	4.999866e+00	1.583289e+01
5.042037727506893e-04	5.536423e-01	4.999866e+00	1.590307e+01
5.042137727506894e-04	5.554928e-01	4.999866e+00	1.597323e+01
5.042237727506894e-04	5.573419e-01	4.999866e+00	1.604339e+01
5.042337727506895e-04	5.591899e-01	4.999866e+00	1.611353e+01
5.042437727506895e-04	5.610365e-01	4.999866e+00	1.618366e+01
5.042537727506896e-04	5.628820e-01	4.999866e+00	1.625378e+01
5.042637727506896e-04	5.647261e-01	4.999866e+00	1.632389e+01
5.042737727506897e-04	5.665690e-01	4.999866e+00	1.639399e+01
5.042837727506897e-04	5.684106e-01	4.999866e+00	1.646408e+01
5.042937727506898e-04	5.702510e-01	4.999866e+00	1.653416e+01
5.043037727506898e-04	5.720901e-01	4.999866e+00	1.660423e+01
5.043137727506899e-04	5.739281e-01	4.999866e+00	1.667428e+01
5.043237727506899e-04	5.757647e-01	4.999866e+00	1.674433e+01
5.043337727506900e-04	5.776000e-01	4.999866e+00	1.681436e+01
5.043437727506900e-04	5.794341e-01	4.999866e+00	1.688439e+01
5.043537727506901e-04	5.812669e-01	4.999866e+00	1.695440e+01
5.043637727506901e-04	5.830985e-01	4.999866e+00	1.702440e+01
5.043737727506902e-04	5.849288e-01	4.999866e+00	1.709439e+01
5.043837727506902e-04	5.867578e-01	4.999866e+00	1.716437e+01
5.043937727506903e-04	5.885857e-01	4.999866e+00	1.723434e+01
5.044037727506903e-04	5.904121e-01	4.999866e+00	1.730430e+01
5.044137727506904e-04	5.922374e-01	4.999866e+00	1.737425e+01
5.044237727506904e-04	5.940614e-01	4.999866e+00	1.744419e+01
5.044337727506905e-04	5.958841e-01	4.999866e+00	1.751411e+01
5.044437727506905e-04	5.977056e-01	4.999866e+00	1.758403e+01
5.044537727506906e-04	5.995258e-01	4.999866e+00	1.765393e+01
5.044637727506906e-04	6.013447e-01	4.999866e+00	1.772383e+01
5.044737727506907e-04	6.031624e-01	4.999866e+00	1.779371e+01
5.044837727506907e-04	6.049788e-01	4.999866e+00	1.786358e+01
5.044937727506908e-04	6.067939e-01	4.999866e+00	1.793344e+01
5.045037727506908e-04	6.086078e-01	4.999866e+00	1.800329e+01
5.045137727506909e-04	6.104204e-01	4.999866e+00	1.807313e+01
5.045237727506909e-04	6.122317e-01	4.999866e+00	1.814296e+01
5.045337727506910e-04	6.140418e-01	4.999866e+00	1.821278e+01
5.045437727506910e-04	6.158506e-01	4.999866e+00	1.828259e+01
5.045537727506911e-04	6.176581e-01	4.999866e+00	1.835238e+01
5.045637727506911e-04	6.194643e-01	4.999866e+00	1.842217e+01
5.045737727506911e-04	6.212693e-01	4.999866e+00	1.849195e+01
5.045837727506912e-04	6.230730e-01	4.999866e+00	1.856171e+01
5.045937727506912e-04	6.248755e-01	4.999866e+00	1.863146e+01
5.046037727506913e-04	6.266766e-01	4.999866e+00	1.870121e+01
5.046137727506913e-04	6.284766e-01	4.999866e+00	1.877094e+01
5.046237727506914e-04	6.302751e-01	4.999866e+00	1.884066e+01
5.046337727506914e-04	6.320725e-01	4.999866e+00	1.891037e+01
5.046437727506915e-04	6.338686e-01	4.999866e+00	1.898007e+01
5.046537727506915e-04	6.356634e-01	4.999866e+00	1.904976e+01
5.046637727506916e-04	6.374569e-01	4.999866e+00	1.911944e+01
5.046737727506916e-04	6.392492e-01	4.999866e+00	1.918910e+01
5.046837727506917e-04	6.410401e-01	4.999866e+00	1.925876e+01
5.046937727506917e-04	6.428299e-01	4.999866e+00	1.932841e+01
5.047037727506918e-04	6.446183e-01	4.999866e+00	1.939804e+01
5.047137727506918e-04	6.464055e-01	4.999866e+00	1.946766e+01
5.047237727506919e-04	6.481913e-01	4.999866e+00	1.953728e+01
5.047337727506919e-04	6.499760e-01	4.999866e+00	1.960688e+01
5.047437727506920e-04	6.517593e-01	4.999866e+00	1.967647e+01
5.047537727506920e-04	6.535414e-01	4.999866e+00	1.974605e+01
5.047637727506921e-04	6.553221e-01	4.999866e+00	1.981562e+01
5.047737727506921e-04	6.571016e-01	4.999866e+00	1.988518e+01
5.047837727506922e-04	6.588798e-01	4.999866e+00	1.995473e+01
5.047937727506922e-04	6.606568e-01	4.999866e+00	2.002427e+01
5.048037727506923e-04	6.624324e-01	4.999866e+00	2.009380e+01
5.048137727506923e-04	6.642069e-01	4.999866e+00	2.016331e+01
5.048237727506924e-04	6.659799e-01	4.999866e+00	2.023282e+01
5.048337727506924e-04	6.677518e-01	4.999866e+00	2.030231e+01
5.048437727506925e-04	6.695223e-01	4.999866e+00	2.037180e+01
5.048537727506925e-04	6.712916e-01	4.999866e+00	2.044127e+01
5.048637727506926e-04	6.730596e-01	4.999866e+00	2.051073e+01
5.048737727506926e-04	6.748263e-01	4.999866e+00	2.058019e+01
5.048837727506927e-04	6.765918e-01	4.999866e+00	2.064963e+01
5.048937727506927e-04	6.783559e-01	4.999866e+00	2.071906e+01
5.049037727506928e-04	6.801187e-01	4.999866e+00	2.078848e+01
5.049137727506928e-04	6.818804e-01	4.999866e+00	2.085789e+01
5.049237727506929e-04	6.836407e-01	4.999866e+00	2.092729e+01
5.049337727506929e-04	6.853997e-01	4.999866e+00	2.099667e+01
5.049437727506930e-04	6.871575e-01	4.999866e+00	2.106605e+01
5.049537727506930e-04	6.889139e-01	4.999866e+00	2.113542e+01
5.049637727506931e-04	6.906691e-01	4.999866e+00	2.120477e+01
5.049737727506931e-04	6.924230e-01	4.999866e+00	2.127412e+01
5.049837727506932e-04	6.941756e-01	4.999866e+00	2.134345e+01
5.049937727506932e-04	6.959270e-01	4.999866e+00	2.141277e+01
5.050037727506933e-04	6.976770e-01	4.999866e+00	2.148209e+01
5.050137727506933e-04	6.994258e-01	4.999866e+00	2.155139e+01
5.050237727506934e-04	7.011732e-01	4.999866e+00	2.162068e+01
5.050337727506934e-04	7.029195e-01	4.999866e+00	2.168996e+01
5.050437727506935e-04	7.046644e-01	4.999866e+00	2.175923e+01
5.050537727506935e-04	7.064080e-01	4.999866e+00	2.182849e+01
5.050637727506936e-04	7.081504e-01	4.999866e+00	2.189774e+01
5.050737727506936e-04	7.098914e-01	4.999866e+00	2.196697e+01
5.050837727506936e-04	7.116312e-01	4.999866e+00	2.203620e+01
5.050937727506937e-04	7.133697e-01	4.999866e+00	2.210542e+01
5.051037727506937e-04	7.151070e-01	4.999866e+00	2.217462e+01
5.051137727506938e-04	7.168429e-01	4.999866e+00	2.224381e+01
5.051237727506938e-04	7.185775e-01	4.999866e+00	2.231300e+01
5.051337727506939e-04	7.203109e-01	4.999866e+00	2.238217e+01
5.051437727506939e-04	7.220430e-01	4.999866e+00	2.245133e+01
5.051537727506940e-04	7.237738e-01	4.999866e+00	2.252048e+01
5.051637727506940e-04	7.255033e-01	4.999866e+00	2.258963e+01
5.051737727506941e-04	7.272315e-01	4.999866e+00	2.265876e+01
5.051837727506941e-04	7.289584e-01	4.999866e+00	2.272787e+01
5.051937727506942e-04	7.306841e-01	4.999866e+00	2.279698e+01
5.052037727506942e-04	7.324084e-01	4.999866e+00	2.286608e+01
5.052137727506943e-04	7.341315e-01	4.999866e+00	2.293517e+01
5.052237727506943e-04	7.358533e-01	4.999866e+00	2.300425e+01
5.052337727506944e-04	7.375738e-01	4.999866e+00	2.307331e+01
5.052437727506944e-04	7.392930e-01	4.999866e+00	2.314237e+01
5.052537727506945e-04	7.410110e-01	4.999866e+00	2.321141e+01
5.052637727506945e-04	7.427276e-01	4.999866e+00	2.328045e+01
5.052737727506946e-04	7.444430e-01	4.999866e+00	2.334947e+01
5.052837727506946e-04	7.461571e-01	4.999866e+00	2.341848e+01
5.052937727506947e-04	7.478698e-01	4.999866e+00	2.348748e+01
5.053037727506947e-04	7.495813e-01	4.999866e+00	2.355647e+01
5.053137727506948e-04	7.512916e-01	4.999866e+00	2.362546e+01
5.053237727506948e-04	7.530004e-01	4.999866e+00	2.369443e+01
5.053337727506949e-04	7.547081e-01	4.999866e+00	2.376338e+01
5.053437727506949e-04	7.564145e-01	4.999866e+00	2.383233e+01
5.053537727506950e-04	7.581195e-01	4.999866e+00	2.390127e+01
5.053637727506950e-04	7.598233e-01	4.999866e+00	2.397020e+01
5.053737727506951e-04	7.615258e-01	4.999866e+00	2.403911e+01
5.053837727506951e-04	7.632270e-01	4.999866e+00	2.410802e+01
5.053937727506952e-04	7.649269e-01	4.999866e+00	2.417691e+01
5.054037727506952e-04	7.666255e-01	4.999866e+00	2.424580e+01
5.054137727506953e-04	7.683229e-01	4.999866e+00	2.431467e+01
5.054237727506953e-04	7.700189e-01	4.999866e+00	2.438354e+01
5.054337727506954e-04	7.717137e-01	4.999866e+00	2.445239e+01
5.054437727506954e-04	7.734072e-01	4.999866e+00	2.452123e+01
5.054537727506955e-04	7.750994e-01	4.999866e+00	2.459006e+01
5.054637727506955e-04	7.767903e-01	4.999866e+00	2.465888e+01
5.054737727506956e-04	7.784799e-01	4.999866e+00	2.472769e+01
5.054837727506956e-04	7.801682e-01	4.999866e+00	2.479649e+01
5.054937727506957e-04	7.818553e-01	4.999866e+00	2.486528e+01
5.055037727506957e-04	7.835410e-01	4.999866e+00	2.493406e+01
5.055137727506958e-04	7.852255e-01	4.999866e+00	2.500282e+01
5.055237727506958e-04	7.869086e-01	4.999866e+00	2.507158e+01
5.055337727506959e-04	7.885906e-01	4.999866e+00	2.514033e+01
5.055437727506959e-04	7.902712e-01	4.999866e+00	2.520906e+01
5.055537727506960e-04	7.919505e-01	4.999866e+00	2.527778e+01
5.055637727506960e-04	7.936285e-01	4.999866e+00	2.534650e+01
5.055737727506961e-04	7.953053e-01	4.999866e+00	2.541520e+01
5.055837727506961e-04	7.969807e-01	4.999866e+00	2.548389e+01
5.055937727506962e-04	7.986549e-01	4.999866e+00	2.555258e+01
5.056037727506962e-04	8.003277e-01	4.999866e+00	2.562125e+01
5.056137727506962e-04	8.019993e-01	4.999866e+00	2.568991e+01
5.056237727506963e-04	8.036696e-01	4.999866e+00	2.575856e+01
5.056337727506963e-04	8.053386e-01	4.999866e+00	2.582720e+01
5.056437727506964e-04	8.070064e-01	4.999866e+00	2.589583e+01
5.056537727506964e-04	8.086728e-01	4.999866e+00	2.596445e+01
5.056637727506965e-04	8.103380e-01	4.999866e+00	2.603305e+01
5.056737727506965e-04	8.120018e-01	4.999866e+00	2.610165e+01
5.056837727506966e-04	8.136644e-01	4.999866e+00	2.617023e+01
5.056937727506966e-04	8.153257e-01	4.999866e+00	2.623881e+01
5.057037727506967e-04	8.169857e-01	4.999866e+00	2.630737e+01
5.057137727506967e-04	8.186444e-01	4.999866e+00	2.637593e+01
5.057237727506968e-04	8.203018e-01	4.999866e+00	2.644447e+01
5.057337727506968e-04	8.219580e-01	4.999866e+00	2.651301e+01
5.057437727506969e-04	8.236128e-01	4.999866e+00	2.658153e+01
5.057537727506969e-04	8.252664e-01	4.999866e+00	2.665004e+01
5.057637727506970e-04	8.269187e-01	4.999866e+00	2.671854e+01
5.057737727506970e-04	8.285697e-01	4.999866e+00	2.678703e+01
5.057837727506971e-04	8.302194e-01	4.999866e+00	2.685551e+01
5.057937727506971e-04	8.318678e-01	4.999866e+00	2.692398e+01
5.058037727506972e-04	8.335149e-01	4.999866e+00	2.699244e+01
5.058137727506972e-04	8.351608e-01	4.999866e+00	2.706089e+01
5.058237727506973e-04	8.368053e-01	4.999866e+00	2.712933e+01
5.058337727506973e-04	8.384486e-01	4.999866e+00	2.719775e+01
5.058437727506974e-04	8.400906e-01	4.999866e+00	2.726617e+01
5.058537727506974e-04	8.417314e-01	4.999866e+00	2.733458e+01
5.058637727506975e-04	8.433707e-01	4.999866e+00	2.740297e+01
5.058737727506975e-04	8.450089e-01	4.999866e+00	2.747136e+01
5.058837727506976e-04	8.466458e-01	4.999866e+00	2.753973e+01
5.058937727506976e-04	8.482813e-01	4.999866e+00	2.760809e+01
5.059037727506977e-04	8.499156e-01	4.999866e+00	2.767645e+01
5.059137727506977e-04	8.515486e-01	4.999866e+00	2.774479e+01
5.059237727506978e-04	8.531803e-01	4.999866e+00	2.781312e+01
5.059337727506978e-04	8.548107e-01	4.999866e+00	2.788144e+01
5.059437727506979e-04	8.564399e-01	4.999866e+00	2.794975e+01
5.059537727506979e-04	8.580678e-01	4.999866e+00	2.801805e+01
5.059637727506980e-04	8.596943e-01	4.999866e+00	2.808634e+01
5.059737727506980e-04	8.613196e-01	4.999866e+00	2.815462e+01
5.059837727506981e-04	8.629436e-01	4.999866e+00	2.822289e+01
5.059937727506981e-04	8.645663e-01	4.999866e+00	2.829114e+01
5.060037727506982e-04	8.661878e-01	4.999866e+00	2.835939e+01
5.060137727506982e-04	8.678079e-01	4.999866e+00	2.842763e+01
5.060237727506983e-04	8.694267e-01	4.999866e+00	2.849585e+01
5.060337727506983e-04	8.710443e-01	4.999866e+00	2.856407e+01
5.060437727506984e-04	8.726606e-01	4.999866e+00	2.863227e+01
5.060537727506984e-04	8.742757e-01	4.999866e+00	2.870047e+01
5.060637727506985e-04	8.758894e-01	4.999866e+00	2.876865e+01
5.060737727506985e-04	8.775018e-01	4.999866e+00	2.883682e+01
5.060837727506986e-04	8.791130e-01	4.999866e+00	2.890498e+01
5.060937727506986e-04	8.807229e-01	4.999866e+00	2.897313e+01
5.061037727506987e-04	8.823315e-01	4.999866e+00	2.904128e+01
5.061137727506987e-04	8.839388e-01	4.999866e+00	2.910941e+01
5.061237727506987e-04	8.855448e-01	4.999866e+00	2.917753e+01
5.061337727506988e-04	8.871496e-01	4.999866e+00	2.924564e+01
5.061437727506988e-04	8.887531e-01	4.999866e+00	2.931374e+01
5.061537727506989e-04	8.903553e-01	4.999866e+00	2.938182e+01
5.061637727506989e-04	8.919562e-01	4.999866e+00	2.944990e+01
5.061737727506990e-04	8.935558e-01	4.999866e+00	2.951797e+01
5.061837727506990e-04	8.951542e-01	4.999866e+00	2.958603e+01
5.061937727506991e-04	8.967512e-01	4.999866e+00	2.965407e+01
5.062037727506991e-04	8.983470e-01	4.999866e+00	2.972211e+01
5.062137727506992e-04	8.999416e-01	4.999866e+00	2.979013e+01
5.062237727506992e-04	9.015347e-01	4.999866e+00	2.985815e+01
5.062337727506993e-04	9.031267e-01	4.999866e+00	2.992615e+01
5.062437727506993e-04	9.047174e-01	4.999866e+00	2.999415e+01
5.062537727506994e-04	9.063068e-01	4.999866e+00	3.006213e+01
5.062637727506994e-04	9.078949e-01	4.999866e+00	3.013010e+01
5.062737727506995e-04	9.094817e-01	4.999866e+00	3.019806e+01
5.062837727506995e-04	9.110672e-01	4.999866e+00	3.026601e+01
5.062937727506996e-04	9.126515e-01	4.999866e+00	3.033396e+01
5.063037727506996e-04	9.142345e-01	4.999866e+00	3.040189e+01
5.063137727506997e-04	9.158162e-01	4.999866e+00	3.046980e+01
5.063237727506997e-04	9.173967e-01	4.999866e+00	3.053771e+01
5.063337727506998e-04	9.189759e-01	4.999866e+00	3.060561e+01
5.063437727506998e-04	9.205537e-01	4.999866e+00	3.067350e+01
5.063537727506999e-04	9.221303e-01	4.999866e+00	3.074138e+01
5.063637727506999e-04	9.237057e-01	4.999866e+00	3.080925e+01
5.063737727507000e-04	9.252797e-01	4.999866e+00	3.087710e+01
5.063837727507000e-04	9.268525e-01	4.999866e+00	3.094495e+01
5.063937727507001e-04	9.284241e-01	4.999866e+00	3.101278e+01
5.064037727507001e-04	9.299942e-01	4.999866e+00	3.108061e+01
5.064137727507002e-04	9.315632e-01	4.999866e+00	3.114842e+01
5.064237727507002e-04	9.331309e-01	4.999866e+00	3.121623e+01
5.064337727507003e-04	9.346973e-01	4.999866e+00	3.128402e+01
5.064437727507003e-04	9.362624e-01	4.999866e+00	3.135180e+01
5.064537727507004e-04	9.378263e-01	4.999866e+00	3.141958e+01
5.064637727507004e-04	9.393888e-01	4.999866e+00	3.148734e+01
5.064737727507005e-04	9.409502e-01	4.999866e+00	3.155509e+01
5.064837727507005e-04	9.425102e-01	4.999866e+00	3.162283e+01
5.064937727507006e-04	9.440689e-01	4.999866e+00	3.169056e+01
5.065037727507006e-04	9.456264e-01	4.999866e+00	3.175828e+01
5.065137727507007e-04	9.471826e-01	4.999866e+00	3.182599e+01
5.065237727507007e-04	9.487376e-01	4.999866e+00	3.189369e+01
5.065337727507008e-04	9.502912e-01	4.999866e+00	3.196138e+01
5.065437727507008e-04	9.518436e-01	4.999866e+00	3.202906e+01
5.065537727507009e-04	9.533947e-01	4.999866e+00	3.209673e+01
5.065637727507009e-04	9.549446e-01	4.999866e+00	3.216438e+01
5.065737727507010e-04	9.564931e-01	4.999866e+00	3.223203e+01
5.065837727507010e-04	9.580404e-01	4.999866e+00	3.229966e+01
5.065937727507011e-04	9.595865e-01	4.999866e+00	3.236729e+01
5.066037727507011e-04	9.611312e-01	4.999866e+00	3.243491e+01
5.066137727507012e-04	9.626747e-01	4.999866e+00	3.250251e+01
5.066237727507012e-04	9.642169e-01	4.999866e+00	3.257010e+01
5.066337727507012e-04	9.657579e-01	4.999866e+00	3.263769e+01
5.066437727507013e-04	9.672976e-01	4.999866e+00	3.270526e+01
5.066537727507013e-04	9.688360e-01	4.999866e+00	3.277282e+01
5.066637727507014e-04	9.703732e-01	4.999866e+00	3.284038e+01
5.066737727507014e-04	9.719090e-01	4.999866e+00	3.290792e+01
5.066837727507015e-04	9.734436e-01	4.999866e+00	3.297545e+01
5.066937727507015e-04	9.749770e-01	4.999866e+00	3.304297e+01
5.067037727507016e-04	9.765090e-01	4.999866e+00	3.311048e+01
5.067137727507016e-04	9.780399e-01	4.999866e+00	3.317798e+01
5.067237727507017e-04	9.795694e-01	4.999866e+00	3.324547e+01
5.067337727507017e-04	9.810977e-01	4.999866e+00	3.331295e+01
5.067437727507018e-04	9.826247e-01	4.999866e+00	3.338042e+01
5.067537727507018e-04	9.841505e-01	4.999866e+00	3.344788e+01
5.067637727507019e-04	9.856749e-01	4.999866e+00	3.351532e+01
5.067737727507019e-04	9.871981e-01	4.999866e+00	3.358276e+01
5.067837727507020e-04	9.887201e-01	4.999866e+00	3.365019e+01
5.067937727507020e-04	9.902408e-01	4.999866e+00	3.371761e+01
5.068037727507021e-04	9.917601e-01	4.999866e+00	3.378501e+01
5.068137727507021e-04	9.932783e-01	4.999866e+00	3.385241e+01
5.068237727507022e-04	9.947952e-01	4.999866e+00	3.391979e+01
5.068337727507022e-04	9.963108e-01	4.999866e+00	3.398717e+01
5.068437727507023e-04	9.978252e-01	4.999866e+00	3.405453e+01
5.068537727507023e-04	9.993383e-01	4.999866e+00	3.412188e+01
5.068637727507024e-04	1.000850e+00	4.999866e+00	3.418923e+01
5.068737727507024e-04	1.002361e+00	4.999866e+00	3.425656e+01
5.068837727507025e-04	1.003870e+00	4.999866e+00	3.432388e+01
5.068937727507025e-04	1.005378e+00	4.999866e+00	3.439119e+01
5.069037727507026e-04	1.006885e+00	4.999866e+00	3.445850e+01
5.069137727507026e-04	1.008390e+00	4.999866e+00	3.452579e+01
5.069237727507027e-04	1.009895e+00	4.999866e+00	3.459307e+01
5.069337727507027e-04	1.011398e+00	4.999866e+00	3.466034e+01
5.069437727507028e-04	1.012900e+00	4.999866e+00	3.472760e+01
5.069537727507028e-04	1.014400e+00	4.999866e+00	3.479485e+01
5.069637727507029e-04	1.015899e+00	4.999866e+00	3.486209e+01
5.069737727507029e-04	1.017397e+00	4.999866e+00	3.492931e+01
5.069837727507030e-04	1.018894e+00	4.999866e+00	3.499653e+01
5.069937727507030e-04	1.020389e+00	4.999866e+00	3.506374e+01
5.070037727507031e-04	1.021884e+00	4.999866e+00	3.513094e+01
5.070137727507031e-04	1.023377e+00	4.999866e+00	3.519812e+01
5.070237727507032e-04	1.024868e+00	4.999866e+00	3.526530e+01
5.070337727507032e-04	1.026359e+00	4.999866e+00	3.533247e+01
5.070437727507033e-04	1.027848e+00	4.999866e+00	3.539962e+01
5.070537727507033e-04	1.029336e+00	4.999866e+00	3.546677e+01
5.070637727507034e-04	1.030822e+00	4.999866e+00	3.553391e+01
5.070737727507034e-04	1.032308e+00	4.999866e+00	3.560103e+01
5.070837727507035e-04	1.033792e+00	4.999866e+00	3.566814e+01
5.070937727507035e-04	1.035275e+00	4.999866e+00	3.573525e+01
5.071037727507036e-04	1.036757e+00	4.999866e+00	3.580234e+01
5.071137727507036e-04	1.038237e+00	4.999866e+00	3.586942e+01
5.071237727507037e-04	1.039716e+00	4.999866e+00	3.593650e+01
5.071337727507037e-04	1.041194e+00	4.999866e+00	3.600356e+01
5.071437727507038e-04	1.042671e+00	4.999866e+00	3.607061e+01
5.071537727507038e-04	1.044146e+00	4.999866e+00	3.613765e+01
5.071637727507038e-04	1.045620e+00	4.999866e+00	3.620468e+01
5.071737727507039e-04	1.047093e+00	4.999866e+00	3.627170e+01
5.071837727507039e-04	1.048565e+00	4.999866e+00	3.633871e+01
5.071937727507040e-04	1.050035e+00	4.999866e+00	3.640571e+01
5.072037727507040e-04	1.051504e+00	4.999866e+00	3.647270e+01
5.072137727507041e-04	1.052972e+00	4.999866e+00	3.653968e+01
5.072237727507041e-04	1.054439e+00	4.999866e+00	3.660665e+01
5.072337727507042e-04	1.055904e+00	4.999866e+00	3.667361e+01
5.072437727507042e-04	1.057368e+00	4.999866e+00	3.674055e+01
5.072537727507043e-04	1.058831e+00	4.999866e+00	3.680750e+01
5.072637727507043e-04	1.060293e+00	4.999866e+00	3.687442e+01
5.072737727507044e-04	1.061753e+00	4.999866e+00	3.694134e+01
5.072837727507044e-04	1.063213e+00	4.999866e+00	3.700824e+01
5.072937727507045e-04	1.064670e+00	4.999866e+00	3.707514e+01
5.073037727507045e-04	1.066127e+00	4.999866e+00	3.714202e+01
5.073137727507046e-04	1.067583e+00	4.999866e+00	3.720890e+01
5.073237727507046e-04	1.069037e+00	4.999866e+00	3.727577e+01
5.073337727507047e-04	1.070490e+00	4.999866e+00	3.734262e+01
5.073437727507047e-04	1.071941e+00	4.999866e+00	3.740947e+01
5.073537727507048e-04	1.073392e+00	4.999866e+00	3.747630e+01
5.073637727507048e-04	1.074841e+00	4.999866e+00	3.754313e+01
5.073737727507049e-04	1.076289e+00	4.999866e+00	3.760994e+01
5.073837727507049e-04	1.077736e+00	4.999866e+00	3.767674e+01
5.073937727507050e-04	1.079181e+00	4.999866e+00	3.774353e+01
5.074037727507050e-04	1.080626e+00	4.999866e+00	3.781031e+01
5.074137727507051e-04	1.082069e+00	4.999866e+00	3.787709e+01
5.074237727507051e-04	1.083510e+00	4.999866e+00	3.794385e+01
5.074337727507052e-04	1.084951e+00	4.999866e+00	3.801060e+01
5.074437727507052e-04	1.086390e+00	4.999866e+00	3.807734e+01
5.074537727507053e-04	1.087828e+00	4.999866e+00	3.814407e+01
5.074637727507053e-04	1.089265e+00	4.999866e+00	3.821079e+01
5.074737727507054e-04	1.090701e+00	4.999866e+00	3.827750e+01
5.074837727507054e-04	1.092135e+00	4.999866e+00	3.834420e+01
5.074937727507055e-04	1.093568e+00	4.999866e+00	3.841089e+01
5.075037727507055e-04	1.095000e+00	4.999866e+00	3.847757e+01
5.075137727507056e-04	1.096430e+00	4.999866e+00	3.854424e+01
5.075237727507056e-04	1.097860e+00	4.999866e+00	3.861090e+01
5.075337727507057e-04	1.099288e+00	4.999866e+00	3.867754e+01
5.075437727507057e-04	1.100715e+00	4.999866e+00	3.874418e+01
5.075537727507058e-04	1.102141e+00	4.999866e+00	3.881081e+01
5.075637727507058e-04	1.103565e+00	4.999866e+00	3.887743e+01
5.075737727507059e-04	1.104988e+00	4.999866e+00	3.894403e+01
5.075837727507059e-04	1.106410e+00	4.999866e+00	3.901063e+01
5.075937727507060e-04	1.107831e+00	4.999866e+00	3.907722e+01
5.076037727507060e-04	1.109251e+00	4.999866e+00	3.914379e+01
5.076137727507061e-04	1.110669e+00	4.999866e+00	3.921036e+01
5.076237727507061e-04	1.112086e+00	4.999866e+00	3.927691e+01
5.076337727507062e-04	1.113502e+00	4.999866e+00	3.934346e+01
5.076437727507062e-04	1.114916e+00	4.999866e+00	3.940999e+01
5.076537727507063e-04	1.116330e+00	4.999866e+00	3.947652e+01
5.076637727507063e-04	1.117742e+00	4.999866e+00	3.954303e+01
5.076737727507063e-04	1.119153e+00	4.999866e+00	3.960954e+01
5.076837727507064e-04	1.120562e+00	4.999866e+00	3.967603e+01
5.076937727507064e-04	1.121971e+00	4.999866e+00	3.974251e+01
5.077037727507065e-04	1.123378e+00	4.999866e+00	3.980898e+01
5.077137727507065e-04	1.124784e+00	4.999866e+00	3.987545e+01
5.077237727507066e-04	1.126189e+00	4.999866e+00	3.994190e+01
5.077337727507066e-04	1.127592e+00	4.999866e+00	4.000834e+01
5.077437727507067e-04	1.128995e+00	4.999866e+00	4.007477e+01
5.077537727507067e-04	1.130396e+00	4.999866e+00	4.014119e+01
5.077637727507068e-04	1.131796e+00	4.999866e+00	4.020761e+01
5.077737727507068e-04	1.133194e+00	4.999866e+00	4.027401e+01
5.077837727507069e-04	1.134592e+00	4.999866e+00	4.034040e+01
5.077937727507069e-04	1.135988e+00	4.999866e+00	4.040678e+01
5.078037727507070e-04	1.137383e+00	4.999866e+00	4.047315e+01
5.078137727507070e-04	1.138777e+00	4.999866e+00	4.053951e+01
5.078237727507071e-04	1.140169e+00	4.999866e+00	4.060586e+01
5.078337727507071e-04	1.141561e+00	4.999866e+00	4.067220e+01
5.078437727507072e-04	1.142951e+00	4.999866e+00	4.073853e+01
5.078537727507072e-04	1.144340e+00	4.999866e+00	4.080484e+01
5.078637727507073e-04	1.145727e+00	4.999866e+00	4.087115e+01
5.078737727507073e-04	1.147114e+00	4.999866e+00	4.093745e+01
5.078837727507074e-04	1.148499e+00	4.999866e+00	4.100374e+01
5.078937727507074e-04	1.149883e+00	4.999866e+00	4.107001e+01
5.079037727507075e-04	1.151266e+00	4.999866e+00	4.113628e+01
5.079137727507075e-04	1.152647e+00	4.999866e+00	4.120254e+01
5.079237727507076e-04	1.154028e+00	4.999866e+00	4.126879e+01
5.079337727507076e-04	1.155407e+00	4.999866e+00	4.133503e+01
5.079437727507077e-04	1.156785e+00	4.999866e+00	4.140125e+01
5.079537727507077e-04	1.158162e+00	4.999866e+00	4.146747e+01
5.079637727507078e-04	1.159537e+00	4.999866e+00	4.153367e+01
5.079737727507078e-04	1.160911e+00	4.999866e+00	4.159987e+01
5.079837727507079e-04	1.162284e+00	4.999865e+00	4.166605e+01
5.079937727507079e-04	1.163656e+00	4.999865e+00	4.173223e+01
5.080037727507080e-04	1.165027e+00	4.999865e+00	4.179839e+01
5.080137727507080e-04	1.166396e+00	4.999865e+00	4.186455e+01
5.080237727507081e-04	1.167765e+00	4.999865e+00	4.193069e+01
5.080337727507081e-04	1.169132e+00	4.999865e+00	4.199683e+01
5.080437727507082e-04	1.170497e+00	4.999864e+00	4.206295e+01
5.080537727507082e-04	1.171862e+00	4.999840e+00	4.212907e+01
5.080637727507083e-04	1.173225e+00	4.999765e+00	4.219517e+01
5.080737727507083e-04	1.174588e+00	4.999600e+00	4.226126e+01
5.080837727507084e-04	1.175949e+00	4.998667e+00	4.232735e+01
5.080844921782667e-04	1.176046e+00	4.998295e+00	4.233210e+01
5.080859310333833e-04	1.176242e+00	4.994383e+00	4.234161e+01
5.080868004482897e-04	1.176360e+00	4.984767e+00	4.234735e+01
5.080874125882245e-04	1.176444e+00	4.966386e+00	4.235139e+01
5.080879240185001e-04	1.176513e+00	4.938108e+00	4.235477e+01
5.080884861005241e-04	1.176590e+00	4.894884e+00	4.235849e+01
5.080890690015061e-04	1.176669e+00	4.839616e+00	4.236234e+01
5.080902348034703e-04	1.176827e+00	4.688402e+00	4.237004e+01
5.080915585776766e-04	1.177007e+00	4.411165e+00	4.237879e+01
5.080931152747748e-04	1.177219e+00	3.805597e+00	4.238907e+01
5.080945757217304e-04	1.177418e+00	2.709854e+00	4.239872e+01
5.080960093172164e-04	1.177612e+00	7.333412e-01	4.240820e+01
5.080966070451791e-04	1.177694e+00	3.057321e-02	4.241214e+01
5.080967741512180e-04	1.177716e+00	-5.516492e-03	4.241325e+01
5.080968371656634e-04	1.177725e+00	-3.693346e-04	4.241366e+01
5.080968633133950e-04	1.177728e+00	-6.205844e-05	4.241384e+01
5.080969003054679e-04	1.177733e+00	1.299761e-04	4.241408e+01
5.080969493547684e-04	1.177740e+00	2.021889e-04	4.241441e+01
5.080970474533696e-04	1.177753e+00	2.059721e-04	4.241505e+01
5.080971800160231e-04	1.177771e+00	1.806162e-04	4.241593e+01
5.080978891573621e-04	1.177868e+00	1.173150e-04	4.242061e+01
5.080988346791474e-04	1.177996e+00	8.507622e-05	4.242686e+01
5.081007257227181e-04	1.178253e+00	8.325827e-05	4.243935e+01
5.081045078098593e-04	1.178767e+00	8.438635e-05	4.246434e+01
5.081120719841416e-04	1.179793e+00	8.245669e-05	4.251430e+01
5.081220719841417e-04	1.181150e+00	8.330873e-05	4.258035e+01
5.081320719841417e-04	1.182505e+00	8.175038e-05	4.264638e+01
5.081420719841418e-04	1.183859e+00	8.293469e-05	4.271240e+01
5.081520719841418e-04	1.185212e+00	8.159707e-05	4.277842e+01
5.081720719841419e-04	1.187914e+00	8.155643e-05	4.291041e+01
5.082120719841421e-04	1.193303e+00	8.157690e-05	4.317428e+01
5.096220719841490e-04	1.371270e+00	8.240579e-05	5.237227e+01
5.112820719841572e-04	1.552495e+00	8.230441e-05	6.294806e+01
5.113720719841576e-04	1.561499e+00	8.217891e-05	6.351377e+01
5.132420719841668e-04	1.730976e+00	8.226191e-05	7.509344e+01
5.153520719841771e-04	1.885548e+00	8.223348e-05	8.776900e+01
5.177520719841889e-04	2.021190e+00	8.223854e-05	1.017029e+02
5.205020719842024e-04	2.133357e+00	8.224038e-05	1.170626e+02
5.216120719842078e-04	2.167662e+00	8.224016e-05	1.230856e+02
5.250020719842245e-04	2.240693e+00	8.224003e-05	1.408766e+02
5.290620719842444e-04	2.279025e+00	8.224002e-05	1.610428e+02
5.318520719842580e-04	2.282645e+00	8.224036e-05	1.742192e+02
5.377320719842869e-04	2.249586e+00	8.224035e-05	2.002891e+02
5.420920719843083e-04	2.201988e+00	8.224034e-05	2.182286e+02
5.514320719843541e-04	2.068140e+00	8.224032e-05	2.530466e+02
5.523320719843585e-04	2.054120e+00	8.224032e-05	2.561599e+02
5.622520719844071e-04	1.897575e+00	8.224030e-05	2.879247e+02
5.625720719844087e-04	1.892577e+00	8.224030e-05	2.888756e+02
5.725820719844578e-04	1.741779e+00	8.224013e-05	3.165138e+02
5.728120719844589e-04	1.738466e+00	8.224029e-05	3.171032e+02
5.828520719845081e-04	1.601638e+00	8.224027e-05	3.410204e+02
5.830520719845091e-04	1.599071e+00	8.224027e-05	3.414626e+02
5.931220719845585e-04	1.477860e+00	8.224016e-05	3.621615e+02
5.932920719845593e-04	1.475947e+00	8.224027e-05	3.624859e+02
6.033920719846088e-04	1.369771e+00	8.224026e-05	3.804001e+02
6.035320719846095e-04	1.368400e+00	8.224026e-05	3.806306e+02
6.136720719846592e-04	1.275810e+00	8.224026e-05	3.961494e+02
6.137720719846597e-04	1.274960e+00	8.224026e-05	3.962914e+02
6.239620719847097e-04	1.194357e+00	8.224027e-05	4.097471e+02
6.240120719847099e-04	1.193989e+00	8.224032e-05	4.098084e+02
6.342520719847601e-04	1.123912e+00	8.224064e-05	4.214751e+02
6.444920719848103e-04	1.063302e+00	8.224189e-05	4.315449e+02
6.547320719848606e-04	1.010898e+00	8.237144e-05	4.402364e+02
6.567120719848703e-04	1.001617e+00	9.379147e-05	4.417743e+02
6.571920719848726e-04	9.994059e-01	1.660895e-04	4.421406e+02
6.574120719848737e-04	9.983975e-01	2.566018e-04	4.423076e+02
6.575320719848743e-04	9.978489e-01	3.653538e-04	4.423985e+02
6.576020719848746e-04	9.975293e-01	4.860272e-04	4.424514e+02
6.576520719848749e-04	9.973012e-01	6.373177e-04	4.424892e+02
6.576820719848750e-04	9.971644e-01	7.856321e-04	4.425119e+02
6.577020719848751e-04	9.970732e-01	9.317138e-04	4.425270e+02
6.577220719848752e-04	9.969821e-01	1.148550e-03	4.425421e+02
6.577320719848753e-04	9.969365e-01	1.302588e-03	4.425496e+02
6.577420719848753e-04	9.968910e-01	1.509350e-03	4.425572e+02
6.577520719848754e-04	9.968454e-01	1.802054e-03	4.425647e+02
6.577620719848754e-04	9.967999e-01	2.261457e-03	4.425722e+02
6.577720719848755e-04	9.967543e-01	3.111649e-03	4.425798e+02
6.577777901689237e-04	9.967284e-01	4.068176e-03	4.425841e+02
6.577830030841040e-04	9.967046e-01	5.965888e-03	4.425880e+02
6.577863320608328e-04	9.966894e-01	9.043077e-03	4.425905e+02
6.577893269742439e-04	9.966758e-01	1.768371e-02	4.425928e+02
6.577920772209122e-04	9.966633e-01	3.216659e-02	4.425949e+02
6.577942757946132e-04	9.966533e-01	4.875223e-02	4.425965e+02
6.577960472923564e-04	9.966452e-01	7.265692e-02	4.425979e+02
6.577976889399560e-04	9.966378e-01	1.173771e-01	4.425991e+02
6.577996403146234e-04	9.966289e-01	2.325317e-01	4.426006e+02
6.578014253834806e-04	9.966208e-01	4.563999e-01	4.426019e+02
6.578033479388748e-04	9.966120e-01	9.899296e-01	4.426034e+02
6.578050821522765e-04	9.966041e-01	2.044230e+00	4.426047e+02
6.578065736362010e-04	9.965973e-01	3.859070e+00	4.426058e+02
6.578072307988408e-04	9.965944e-01	4.878737e+00	4.426063e+02
6.578074230956204e-04	9.965935e-01	5.007388e+00	4.426064e+02
6.578074815058856e-04	9.965932e-01	5.001500e+00	4.426065e+02
6.578075072820077e-04	9.965931e-01	5.000685e+00	4.426065e+02
6.578075436509888e-04	9.965929e-01	5.000070e+00	4.426065e+02
6.578075839781115e-04	9.965928e-01	4.999778e+00	4.426066e+02
6.578076646323569e-04	9.965923e-01	4.999625e+00	4.426066e+02
6.578079485508345e-04	9.965911e-01	4.999704e+00	4.426068e+02
6.578088289073878e-04	9.965871e-01	4.999823e+00	4.426075e+02
6.578100027161256e-04	9.965817e-01	4.999864e+00	4.426084e+02
6.578123503336012e-04	9.965711e-01	4.999864e+00	4.426102e+02
6.578170455685524e-04	9.965497e-01	4.999864e+00	4.426137e+02
6.578263106149902e-04	9.965075e-01	4.999865e+00	4.426207e+02
6.578363106149903e-04	9.964620e-01	4.999865e+00	4.426282e+02
6.578463106149903e-04	9.964166e-01	4.999866e+00	4.426357e+02
6.578563106149904e-04	9.963711e-01	4.999865e+00	4.426433e+02
6.578663106149904e-04	9.963256e-01	4.999866e+00	4.426508e+02
6.578863106149905e-04	9.962347e-01	4.999866e+00	4.426659e+02
6.579363106149908e-04	9.960075e-01	4.999866e+00	4.427035e+02
6.647463106150242e-04	9.665282e-01	4.999866e+00	4.475844e+02
6.749863106150744e-04	9.272496e-01	4.999866e+00	4.540804e+02
6.852263106151246e-04	8.933045e-01	4.999866e+00	4.596872e+02
6.954663106151748e-04	8.639717e-01	4.999866e+00	4.645266e+02
7.057063106152250e-04	8.386270e-01	4.999866e+00	4.687036e+02
7.159463106152752e-04	8.167301e-01	4.999866e+00	4.723089e+02
7.261863106153254e-04	7.978137e-01	4.999866e+00	4.754208e+02
7.364263106153756e-04	7.814736e-01	4.999866e+00	4.781067e+02
7.466663106154258e-04	7.673599e-01	4.999866e+00	4.804250e+02
7.569063106154761e-04	7.551703e-01	4.999866e+00	4.824259e+02
7.671463106155263e-04	7.446432e-01	4.999866e+00	4.841530e+02
7.773863106155765e-04	7.355523e-01	4.999866e+00	4.856438e+02
7.876263106156267e-04	7.277023e-01	4.999866e+00	4.869305e+02
7.978663106156769e-04	7.209241e-01	4.999866e+00	4.880410e+02
8.081063106157271e-04	7.150716e-01	4.999866e+00	4.889996e+02
8.183463106157773e-04	7.100186e-01	4.999866e+00	4.898270e+02
8.285863106158275e-04	7.056561e-01	4.999866e+00	4.905411e+02
8.388263106158777e-04	7.018898e-01	4.999866e+00	4.911575e+02
8.490663106159279e-04	6.986384e-01	4.999866e+00	4.916895e+02
8.593063106159781e-04	6.958315e-01	4.999866e+00	4.921487e+02
8.695463106160284e-04	6.934084e-01	4.999866e+00	4.925450e+02
8.797863106160786e-04	6.913167e-01	4.999866e+00	4.928871e+02
8.900263106161288e-04	6.895110e-01	4.999866e+00	4.931824e+02
9.002663106161790e-04	6.879523e-01	4.999866e+00	4.934373e+02
9.105063106162292e-04	6.866069e-01	4.999866e+00	4.936573e+02
9.207463106162794e-04	6.854455e-01	4.999866e+00	4.938472e+02
9.309863106163296e-04	6.844430e-01	4.999866e+00	4.940111e+02
9.412263106163798e-04	6.835777e-01	4.999866e+00	4.941525e+02
9.514663106164300e-04	6.828308e-01	4.999866e+00	4.942746e+02
9.617063106164802e-04	6.821861e-01	4.999866e+00	4.943800e+02
9.719463106165304e-04	6.816295e-01	4.999866e+00	4.944710e+02
9.821863106165196e-04	6.811492e-01	4.999866e+00	4.945495e+02
9.924263106164588e-04	6.807346e-01	4.999866e+00	4.946172e+02
1.002666310616398e-03	6.803767e-01	4.999866e+00	4.946758e+02
1.012906310616337e-03	6.800678e-01	4.999866e+00	4.947262e+02
1.023146310616276e-03	6.798012e-01	4.999866e+00	4.947698e+02
1.033386310616216e-03	6.795710e-01	4.999866e+00	4.948074e+02
1.043626310616155e-03	6.793724e-01	4.999866e+00	4.948399e+02
1.053866310616094e-03	6.792009e-01	4.999866e+00	4.948679e+02
1.064106310616033e-03	6.790529e-01	4.999866e+00	4.948921e+02
1.074346310615972e-03	6.789252e-01	4.999866e+00	4.949130e+02
1.084586310615911e-03	6.788149e-01	4.999866e+00	4.949310e+02
1.094826310615851e-03	6.787198e-01	4.999866e+00	4.949465e+02
1.105066310615790e-03	6.786376e-01	4.999866e+00	4.949600e+02
1.115306310615729e-03	6.785667e-01	4.999866e+00	4.949715e+02
1.125546310615668e-03	6.785055e-01	4.999866e+00	4.949815e+02
1.135786310615607e-03	6.784527e-01	4.999866e+00	4.949902e+02
1.146026310615547e-03	6.784071e-01	4.999866e+00	4.949976e+02
1.156266310615486e-03	6.783678e-01	4.999866e+00	4.950041e+02
1.166506310615425e-03	6.783338e-01	4.999866e+00	4.950096e+02
1.176746310615364e-03	6.783045e-01	4.999866e+00	4.950144e+02
1.186986310615303e-03	6.782792e-01	4.999866e+00	4.950185e+02
1.197226310615243e-03	6.782573e-01	4.999866e+00	4.950221e+02
1.207466310615182e-03	6.782385e-01	4.999866e+00	4.950252e+02
1.217706310615121e-03	6.782222e-01	4.999866e+00	4.950278e+02
1.227946310615060e-03	6.782082e-01	4.999866e+00	4.950301e+02
1.238186310614999e-03	6.781961e-01	4.999866e+00	4.950321e+02
1.248426310614938e-03	6.781856e-01	4.999866e+00	4.950338e+02
1.258666310614878e-03	6.781766e-01	4.999866e+00	4.950353e+02
1.268906310614817e-03	6.781688e-01	4.999866e+00	4.950366e+02
1.279146310614756e-03	6.781620e-01	4.999866e+00	4.950377e+02
1.289386310614695e-03	6.781562e-01	4.999866e+00	4.950386e+02
1.299626310614634e-03	6.781512e-01	4.999866e+00	4.950394e+02
1.309866310614574e-03	6.781469e-01	4.999866e+00	4.950401e+02
1.320106310614513e-03	6.781431e-01	4.999866e+00	4.950407e+02
1.330346310614452e-03	6.781399e-01	4.999866e+00	4.950413e+02
1.340586310614391e-03	6.781371e-01	4.999866e+00	4.950417e+02
1.350826310614330e-03	6.781347e-01	4.999866e+00	4.950421e+02
1.361066310614270e-03	6.781327e-01	4.999866e+00	4.950425e+02
1.371306310614209e-03	6.781309e-01	4.999866e+00	4.950428e+02
1.381546310614148e-03	6.781293e-01	4.999866e+00	4.950430e+02
1.391786310614087e-03	6.781280e-01	4.999866e+00	4.950432e+02
1.402026310614026e-03	6.781269e-01	4.999866e+00	4.950434e+02
1.412266310613965e-03	6.781259e-01	4.999866e+00	4.950436e+02
1.422506310613905e-03	6.781250e-01	4.999866e+00	4.950437e+02
1.432746310613844e-03	6.781242e-01	4.999866e+00	4.950439e+02
1.442986310613783e-03	6.781237e-01	4.999866e+00	4.950439e+02
1.453226310613722e-03	6.781231e-01	4.999866e+00	4.950440e+02
1.463466310613661e-03	6.781226e-01	4.999866e+00	4.950441e+02
1.473706310613601e-03	6.781222e-01	4.999866e+00	4.950442e+02
1.483946310613540e-03	6.781219e-01	4.999866e+00	4.950443e+02
1.494186310613479e-03	6.781215e-01	4.999866e+00	4.950443e+02
1.504426310613418e-03	6.781213e-01	4.999866e+00	4.950443e+02
1.514666310613357e-03	6.781210e-01	4.999866e+00	4.950444e+02
1.524906310613297e-03	6.781209e-01	4.999866e+00	4.950444e+02
1.535146310613236e-03	6.781207e-01	4.999866e+00	4.950444e+02
1.545386310613175e-03	6.781206e-01	4.999866e+00	4.950445e+02
1.555626310613114e-03	6.781204e-01	4.999866e+00	4.950445e+02
1.565866310613053e-03	6.781203e-01	4.999866e+00	4.950445e+02
1.576106310612992e-03	6.781202e-01	4.999866e+00	4.950445e+02
1.586346310612932e-03	6.781201e-01	4.999866e+00	4.950445e+02
1.596586310612871e-03	6.781200e-01	4.999866e+00	4.950445e+02
1.606826310612810e-03	6.781200e-01	4.999866e+00	4.950446e+02
1.617066310612749e-03	6.781200e-01	4.999866e+00	4.950446e+02
1.627306310612688e-03	6.781199e-01	4.999866e+00	4.950446e+02
1.637546310612628e-03	6.781198e-01	4.999866e+00	4.950446e+02
1.647786310612567e-03	6.781198e-01	4.999866e+00	4.950446e+02
1.658026310612506e-03	6.781198e-01	4.999866e+00	4.950446e+02
1.668266310612445e-03	6.781198e-01	4.999866e+00	4.950446e+02
1.678506310612384e-03	6.781197e-01	4.999866e+00	4.950446e+02
1.688746310612323e-03	6.781197e-01	4.999866e+00	4.950446e+02
1.698986310612263e-03	6.781197e-01	4.999866e+00	4.950446e+02
1.709226310612202e-03	6.781197e-01	4.999866e+00	4.950446e+02
1.719466310612141e-03	6.781197e-01	4.999866e+00	4.950446e+02
1.729706310612080e-03	6.781197e-01	4.999866e+00	4.950446e+02
1.739946310612019e-03	6.781197e-01	4.999866e+00	4.950446e+02
1.750186310611959e-03	6.781197e-01	4.999866e+00	4.950446e+02
1.760426310611898e-03	6.781197e-01	4.999866e+00	4.950446e+02
1.770666310611837e-03	6.781197e-01	4.999866e+00	4.950446e+02
1.780906310611776e-03	6.781197e-01	4.999866e+00	4.950446e+02
1.791146310611715e-03	6.781196e-01	4.999866e+00	4.950446e+02
1.801386310611655e-03	6.781196e-01	4.999866e+00	4.950446e+02
1.811626310611594e-03	6.781196e-01	4.999866e+00	4.950446e+02
1.821866310611533e-03	6.781196e-01	4.999866e+00	4.950446e+02
1.832106310611472e-03	6.781196e-01	4.999866e+00	4.950446e+02
1.842346310611411e-03	6.781196e-01	4.999866e+00	4.950446e+02
1.852586310611350e-03	6.781196e-01	4.999866e+00	4.950446e+02
1.862826310611290e-03	6.781196e-01	4.999866e+00	4.950446e+02
1.873066310611229e-03	6.781196e-01	4.999866e+00	4.950446e+02
1.883306310611168e-03	6.781196e-01	4.999866e+00	4.950446e+02
1.893546310611107e-03	6.781196e-01	4.999866e+00	4.950446e+02
1.903786310611046e-03	6.781196e-01	4.999866e+00	4.950446e+02
1.914026310610986e-03	6.781196e-01	4.999866e+00	4.950446e+02
1.924266310610925e-03	6.781196e-01	4.999866e+00	4.950446e+02
1.934506310610864e-03	6.781196e-01	4.999866e+00	4.950446e+02
1.944746310610803e-03	6.781196e-01	4.999866e+00	4.950446e+02
1.954986310610743e-03	6.781196e-01	4.999866e+00	4.950446e+02
1.965226310610682e-03	6.781196e-01	4.999866e+00	4.950446e+02
1.975466310610621e-03	6.781196e-01	4.999866e+00	4.950446e+02
1.985706310610560e-03	6.781196e-01	4.999866e+00	4.950446e+02
1.995946310610499e-03	6.781196e-01	4.999866e+00	4.950446e+02
2.006186310610438e-03	6.781196e-01	4.999866e+00	4.950446e+02
2.016426310610378e-03	6.781196e-01	4.999866e+00	4.950446e+02
2.026666310610317e-03	6.781196e-01	4.999866e+00	4.950446e+02
2.036906310610256e-03	6.781196e-01	4.999866e+00	4.950446e+02
2.047146310610195e-03	6.781196e-01	4.999866e+00	4.950446e+02
2.057386310610134e-03	6.781196e-01	4.999866e+00	4.950446e+02
2.067626310610074e-03	6.781196e-01	4.999866e+00	4.950446e+02
2.077866310610013e-03	6.781196e-01	4.999866e+00	4.950446e+02
2.088106310609952e-03	6.781196e-01	4.999866e+00	4.950446e+02
2.098346310609891e-03	6.781196e-01	4.999866e+00	4.950446e+02
2.108586310609830e-03	6.781196e-01	4.999866e+00	4.950446e+02
2.118826310609770e-03	6.781196e-01	4.999866e+00	4.950446e+02
2.129066310609709e-03	6.781196e-01	4.999866e+00	4.950446e+02
2.139306310609648e-03	6.781196e-01	4.999866e+00	4.950446e+02
2.149546310609587e-03	6.781196e-01	4.999866e+00	4.950446e+02
2.159786310609526e-03	6.781196e-01	4.999866e+00	4.950446e+02
2.170026310609465e-03	6.781196e-01	4.999866e+00	4.950446e+02
2.180266310609405e-03	6.781196e-01	4.999866e+00	4.950446e+02
2.190506310609344e-03	6.781196e-01	4.999866e+00	4.950446e+02
2.200746310609283e-03	6.781196e-01	4.999866e+00	4.950446e+02
2.210986310609222e-03	6.781196e-01	4.999866e+00	4.950446e+02
2.221226310609161e-03	6.781196e-01	4.999866e+00	4.950446e+02
2.231466310609101e-03	6.781196e-01	4.999866e+00	4.950446e+02
2.241706310609040e-03	6.781196e-01	4.999866e+00	4.950446e+02
2.251946310608979e-03	6.781196e-01	4.999866e+00	4.950446e+02
2.262186310608918e-03	6.781196e-01	4.999866e+00	4.950446e+02
2.272426310608857e-03	6.781196e-01	4.999866e+00	4.950446e+02
2.282666310608797e-03	6.781196e-01	4.999866e+00	4.950446e+02
2.292906310608736e-03	6.781196e-01	4.999866e+00	4.950446e+02
2.303146310608675e-03	6.781196e-01	4.999866e+00	4.950446e+02
2.313386310608614e-03	6.781196e-01	4.999866e+00	4.950446e+02
2.323626310608553e-03	6.781196e-01	4.999866e+00	4.950446e+02
2.333866310608492e-03	6.781196e-01	4.999866e+00	4.950446e+02
2.344106310608432e-03	6.781196e-01	4.999866e+00	4.950446e+02
2.354346310608371e-03	6.781196e-01	4.999866e+00	4.950446e+02
2.364586310608310e-03	6.781196e-01	4.999866e+00	4.950446e+02
2.374826310608249e-03	6.781196e-01	4.999866e+00	4.950446e+02
2.385066310608188e-03	6.781196e-01	4.999866e+00	4.950446e+02
2.395306310608128e-03	6.781196e-01	4.999866e+00	4.950446e+02
2.405546310608067e-03	6.781196e-01	4.999866e+00	4.950446e+02
2.415786310608006e-03	6.781196e-01	4.999866e+00	4.950446e+02
2.426026310607945e-03	6.781196e-01	4.999866e+00	4.950446e+02
2.436266310607884e-03	6.781196e-01	4.999866e+00	4.950446e+02
2.446506310607824e-03	6.781196e-01	4.999866e+00	4.950446e+02
2.456746310607763e-03	6.781196e-01	4.999866e+00	4.950446e+02
2.466986310607702e-03	6.781196e-01	4.999866e+00	4.950446e+02
2.477226310607641e-03	6.781196e-01	4.999866e+00	4.950446e+02
2.487466310607580e-03	6.781196e-01	4.999866e+00	4.950446e+02
2.497706310607519e-03	6.781196e-01	4.999866e+00	4.950446e+02
2.507946310607459e-03	6.781196e-01	4.999866e+00	4.950446e+02
2.518186310607398e-03	6.781196e-01	4.999866e+00	4.950446e+02
2.528426310607337e-03	6.781196e-01	4.999866e+00	4.950446e+02
2.538666310607276e-03	6.781196e-01	4.999866e+00	4.950446e+02
2.548906310607215e-03	6.781196e-01	4.999866e+00	4.950446e+02
2.559146310607155e-03	6.781196e-01	4.999866e+00	4.950446e+02
2.569386310607094e-03	6.781196e-01	4.999866e+00	4.950446e+02
2.579626310607033e-03	6.781196e-01	4.999866e+00	4.950446e+02
2.589866310606972e-03	6.781196e-01	4.999866e+00	4.950446e+02
2.600106310606911e-03	6.781196e-01	4.999866e+00	4.950446e+02
2.610346310606851e-03	6.781196e-01	4.999866e+00	4.950446e+02
2.620586310606790e-03	6.781196e-01	4.999866e+00	4.950446e+02
2.630826310606729e-03	6.781196e-01	4.999866e+00	4.950446e+02
2.641066310606668e-03	6.781196e-01	4.999866e+00	4.950446e+02
2.651306310606607e-03	6.781196e-01	4.999866e+00	4.950446e+02
2.661546310606546e-03	6.781196e-01	4.999866e+00	4.950446e+02
2.671786310606486e-03	6.781196e-01	4.999866e+00	4.950446e+02
2.682026310606425e-03	6.781196e-01	4.999866e+00	4.950446e+02
2.692266310606364e-03	6.781196e-01	4.999866e+00	4.950446e+02
2.702506310606303e-03	6.781196e-01	4.999866e+00	4.950446e+02
2.712746310606242e-03	6.781196e-01	4.999866e+00	4.950446e+02
2.722986310606182e-03	6.781196e-01	4.999866e+00	4.950446e+02
2.733226310606121e-03	6.781196e-01	4.999866e+00	4.950446e+02
2.743466310606060e-03	6.781196e-01	4.999866e+00	4.950446e+02
2.753706310605999e-03	6.781196e-01	4.999866e+00	4.950446e+02
2.763946310605938e-03	6.781196e-01	4.999866e+00	4.950446e+02
2.774186310605877e-03	6.781196e-01	4.999866e+00	4.950446e+02
2.784426310605817e-03	6.781196e-01	4.999866e+00	4.950446e+02
2.794666310605756e-03	6.781196e-01	4.999866e+00	4.950446e+02
2.804906310605695e-03	6.781196e-01	4.999866e+00	4.950446e+02
2.815146310605634e-03	6.781196e-01	4.999866e+00	4.950446e+02
2.825386310605573e-03	6.781196e-01	4.999866e+00	4.950446e+02
2.835626310605513e-03	6.781196e-01	4.999866e+00	4.950446e+02
2.845866310605452e-03	6.781196e-01	4.999866e+00	4.950446e+02
2.856106310605391e-03	6.781196e-01	4.999866e+00	4.950446e+02
2.866346310605330e-03	6.781196e-01	4.999866e+00	4.950446e+02
2.876586310605269e-03	6.781196e-01	4.999866e+00	4.950446e+02
2.886826310605209e-03	6.781196e-01	4.999866e+00	4.950446e+02
2.897066310605148e-03	6.781196e-01	4.999866e+00	4.950446e+02
2.907306310605087e-03	6.781196e-01	4.999866e+00	4.950446e+02
2.917546310605026e-03	6.781196e-01	4.999866e+00	4.950446e+02
2.927786310604965e-03	6.781196e-01	4.999866e+00	4.950446e+02
2.938026310604904e-03	6.781196e-01	4.999866e+00	4.950446e+02
2.948266310604844e-03	6.781196e-01	4.999866e+00	4.950446e+02
2.958506310604783e-03	6.781196e-01	4.999866e+00	4.950446e+02
2.968746310604722e-03	6.781196e-01	4.999866e+00	4.950446e+02
2.978986310604661e-03	6.781196e-01	4.999866e+00	4.950446e+02
2.989226310604600e-03	6.781196e-01	4.999866e+00	4.950446e+02
2.999466310604540e-03	6.781196e-01	4.999866e+00	4.950446e+02
3.000000000000000e-03	6.781196e-01	4.999866e+00	4.950446e+02
