time	V(comp_in)	V(out)	V(tube)
Step Information: Cpar=0  (Step: 1/8)
0.000000000000000e+00	6.781196e-01	4.999866e+00	4.983538e+02
1.007310719976990e-05	6.781196e-01	4.999866e+00	4.983538e+02
2.031310719977066e-05	6.781196e-01	4.999866e+00	4.983538e+02
3.055310719977230e-05	6.781196e-01	4.999866e+00	4.983538e+02
4.079310719977393e-05	6.781196e-01	4.999866e+00	4.983538e+02
5.103310719977557e-05	6.781196e-01	4.999866e+00	4.983538e+02
6.127310719977704e-05	6.781196e-01	4.999866e+00	4.983538e+02
7.151310719977174e-05	6.781196e-01	4.999866e+00	4.983538e+02
8.175310719976644e-05	6.781196e-01	4.999866e+00	4.983538e+02
9.199310719976114e-05	6.781196e-01	4.999866e+00	4.983538e+02
1.022331071997558e-04	6.781196e-01	4.999866e+00	4.983538e+02
1.124731071997505e-04	6.781196e-01	4.999866e+00	4.983538e+02
1.227131071997452e-04	6.781196e-01	4.999866e+00	4.983538e+02
1.329531071997399e-04	6.781196e-01	4.999866e+00	4.983538e+02
1.431931071997346e-04	6.781196e-01	4.999866e+00	4.983538e+02
1.534331071997293e-04	6.781196e-01	4.999866e+00	4.983538e+02
1.636731071997240e-04	6.781196e-01	4.999866e+00	4.983538e+02
1.739131071997187e-04	6.781196e-01	4.999866e+00	4.983538e+02
1.841531071997134e-04	6.781196e-01	4.999866e+00	4.983538e+02
1.943931071997081e-04	6.781196e-01	4.999866e+00	4.983538e+02
2.046331071997028e-04	6.781196e-01	4.999866e+00	4.983538e+02
2.148731071996975e-04	6.781196e-01	4.999866e+00	4.983538e+02
2.251131071996922e-04	6.781196e-01	4.999866e+00	4.983538e+02
2.353531071996869e-04	6.781196e-01	4.999866e+00	4.983538e+02
2.455931071996816e-04	6.781196e-01	4.999866e+00	4.983538e+02
2.558331071996763e-04	6.781196e-01	4.999866e+00	4.983538e+02
2.660731071996710e-04	6.781196e-01	4.999866e+00	4.983538e+02
2.763131071996657e-04	6.781196e-01	4.999866e+00	4.983538e+02
2.865531071996604e-04	6.781196e-01	4.999866e+00	4.983538e+02
2.967931071996551e-04	6.781196e-01	4.999866e+00	4.983538e+02
3.070331071996498e-04	6.781196e-01	4.999866e+00	4.983538e+02
3.172731071996445e-04	6.781196e-01	4.999866e+00	4.983538e+02
3.275131071996392e-04	6.781196e-01	4.999866e+00	4.983538e+02
3.377531071996339e-04	6.781196e-01	4.999866e+00	4.983538e+02
3.479931071996286e-04	6.781196e-01	4.999866e+00	4.983538e+02
3.582331071996233e-04	6.781196e-01	4.999866e+00	4.983538e+02
3.684731071996180e-04	6.781196e-01	4.999866e+00	4.983538e+02
3.787131071996127e-04	6.781196e-01	4.999866e+00	4.983538e+02
3.889531071996074e-04	6.781196e-01	4.999866e+00	4.983538e+02
3.991931071996021e-04	6.781196e-01	4.999866e+00	4.983538e+02
4.094331071995968e-04	6.781196e-01	4.999866e+00	4.983538e+02
4.196731071995915e-04	6.781196e-01	4.999866e+00	4.983538e+02
4.299131071995862e-04	6.781196e-01	4.999866e+00	4.983538e+02
4.401531071995809e-04	6.781196e-01	4.999866e+00	4.983538e+02
4.503931071995756e-04	6.781196e-01	4.999866e+00	4.983538e+02
4.606331071995703e-04	6.781196e-01	4.999866e+00	4.983538e+02
4.708731071995650e-04	6.781196e-01	4.999866e+00	4.983538e+02
4.811131071995597e-04	6.781196e-01	4.999866e+00	4.983538e+02
4.913531071995711e-04	6.781196e-01	4.999866e+00	4.983538e+02
5.000000000000004e-04	6.781196e-01	4.999866e+00	4.983538e+02
5.000010000000000e-04	6.382340e-01	4.999866e+00	3.752889e+02
5.000024805452893e-04	4.126318e-01	4.999866e+00	1.351277e+02
5.000028812522172e-04	3.207836e-01	4.999866e+00	1.075926e+02
5.000034780157607e-04	1.776667e-01	4.999866e+00	7.834965e+01
5.000040765146123e-04	3.105234e-02	4.999866e+00	5.906678e+01
5.000048303441335e-04	-1.477751e-01	4.999866e+00	4.373447e+01
5.000053126675652e-04	-2.317957e-01	4.999866e+00	3.746551e+01
5.000058124590371e-04	-2.591271e-01	4.999866e+00	3.279619e+01
5.000063285346663e-04	-2.569472e-01	4.999866e+00	2.934899e+01
5.000068609055439e-04	-2.572921e-01	4.999866e+00	2.681103e+01
5.000073845411073e-04	-2.568345e-01	4.999866e+00	2.501364e+01
5.000084318122342e-04	-2.560598e-01	4.999866e+00	2.265978e+01
5.000099698092424e-04	-2.548198e-01	4.999866e+00	2.080424e+01
5.000117381424657e-04	-2.532801e-01	4.999866e+00	1.961035e+01
5.000139918100582e-04	-2.513048e-01	4.999866e+00	1.849975e+01
5.000171644505381e-04	-2.484995e-01	4.999866e+00	1.714839e+01
5.000226865691539e-04	-2.436524e-01	4.999866e+00	1.504665e+01
5.000326865691539e-04	-2.349036e-01	4.999866e+00	1.186641e+01
5.000426865691540e-04	-2.262341e-01	4.999866e+00	9.362215e+00
5.000526865691540e-04	-2.176397e-01	4.999866e+00	7.389735e+00
5.000626865691541e-04	-2.090905e-01	4.999866e+00	5.836415e+00
5.000726865691541e-04	-2.006200e-01	4.999866e+00	4.612989e+00
5.000826865691542e-04	-1.921777e-01	4.999866e+00	3.649503e+00
5.000926865691542e-04	-1.838222e-01	4.999866e+00	2.890665e+00
5.001026865691543e-04	-1.754996e-01	4.999866e+00	2.293041e+00
5.001126865691543e-04	-1.672690e-01	4.999866e+00	1.822362e+00
5.001226865691544e-04	-1.590992e-01	4.999866e+00	1.451671e+00
5.001326865691544e-04	-1.510268e-01	4.999866e+00	1.159722e+00
5.001426865691545e-04	-1.430561e-01	4.999866e+00	9.297889e-01
5.001526865691545e-04	-1.351997e-01	4.999866e+00	7.486961e-01
5.001626865691546e-04	-1.274867e-01	4.999866e+00	6.060679e-01
5.001726865691546e-04	-1.199188e-01	4.999866e+00	4.937322e-01
5.001826865691547e-04	-1.125344e-01	4.999866e+00	4.052530e-01
5.001926865691547e-04	-1.053314e-01	4.999866e+00	3.355618e-01
5.002026865691548e-04	-9.834930e-02	4.999866e+00	2.806664e-01
5.002126865691548e-04	-9.158175e-02	4.999866e+00	2.374232e-01
5.002226865691549e-04	-8.506551e-02	4.999866e+00	2.033561e-01
5.002326865691549e-04	-7.878829e-02	4.999866e+00	1.765155e-01
5.002426865691550e-04	-7.278148e-02	4.999866e+00	1.553657e-01
5.002526865691550e-04	-6.702614e-02	4.999866e+00	1.386977e-01
5.002626865691551e-04	-6.154743e-02	4.999866e+00	1.255593e-01
5.002726865691551e-04	-5.632014e-02	4.999866e+00	1.152007e-01
5.002826865691552e-04	-5.136380e-02	4.999866e+00	1.070316e-01
5.002926865691552e-04	-4.664822e-02	4.999866e+00	1.005871e-01
5.003026865691553e-04	-4.218869e-02	4.999866e+00	9.550119e-02
5.003126865691553e-04	-3.795167e-02	4.999866e+00	9.148569e-02
5.003226865691554e-04	-3.394989e-02	4.999866e+00	8.831365e-02
5.003326865691554e-04	-3.014828e-02	4.999866e+00	8.580639e-02
5.003426865691555e-04	-2.655832e-02	4.999866e+00	8.382319e-02
5.003526865691555e-04	-2.314454e-02	4.999866e+00	8.225323e-02
5.003626865691556e-04	-1.991831e-02	4.999866e+00	8.100923e-02
5.003726865691556e-04	-1.684469e-02	4.999866e+00	8.002246e-02
5.003826865691556e-04	-1.393564e-02	4.999866e+00	7.923874e-02
5.003926865691557e-04	-1.115729e-02	4.999866e+00	7.861540e-02
5.004026865691557e-04	-8.522547e-03	4.999866e+00	7.811882e-02
5.004126865691558e-04	-5.998856e-03	4.999866e+00	7.772246e-02
5.004226865691558e-04	-3.600236e-03	4.999866e+00	7.740542e-02
5.004326865691559e-04	-1.295495e-03	4.999866e+00	7.715121e-02
5.004426865691559e-04	9.002418e-04	4.999866e+00	7.694681e-02
5.004526865691560e-04	3.016849e-03	4.999866e+00	7.678194e-02
5.004626865691560e-04	5.038179e-03	4.999866e+00	7.664850e-02
5.004726865691561e-04	6.992903e-03	4.999866e+00	7.654005e-02
5.004826865691561e-04	8.863974e-03	4.999866e+00	7.645154e-02
5.004926865691562e-04	1.067900e-02	4.999866e+00	7.637894e-02
5.005026865691562e-04	1.242017e-02	4.999866e+00	7.631908e-02
5.005126865691563e-04	1.411416e-02	4.999866e+00	7.626943e-02
5.005226865691563e-04	1.574254e-02	4.999866e+00	7.622799e-02
5.005326865691564e-04	1.733117e-02	4.999866e+00	7.619317e-02
5.005426865691564e-04	1.886112e-02	4.999866e+00	7.616371e-02
5.005526865691565e-04	2.035757e-02	4.999866e+00	7.613859e-02
5.005626865691565e-04	2.180117e-02	4.999866e+00	7.611702e-02
5.005726865691566e-04	2.321654e-02	4.999866e+00	7.609835e-02
5.005826865691566e-04	2.458399e-02	4.999866e+00	7.608206e-02
5.005926865691567e-04	2.592764e-02	4.999866e+00	7.606774e-02
5.006026865691567e-04	2.722755e-02	4.999866e+00	7.605506e-02
5.006126865691568e-04	2.850743e-02	4.999866e+00	7.604375e-02
5.006226865691568e-04	2.974715e-02	4.999866e+00	7.603358e-02
5.006326865691569e-04	3.097003e-02	4.999866e+00	7.602440e-02
5.006426865691569e-04	3.215580e-02	4.999866e+00	7.601604e-02
5.006526865691570e-04	3.332749e-02	4.999866e+00	7.600839e-02
5.006626865691570e-04	3.446471e-02	4.999866e+00	7.600135e-02
5.006726865691571e-04	3.559019e-02	4.999866e+00	7.599483e-02
5.006826865691571e-04	3.668348e-02	4.999866e+00	7.598880e-02
5.006926865691572e-04	3.776708e-02	4.999866e+00	7.598317e-02
5.007026865691572e-04	3.882048e-02	4.999866e+00	7.597790e-02
5.007126865691573e-04	3.986595e-02	4.999866e+00	7.597295e-02
5.007226865691573e-04	4.088296e-02	4.999866e+00	7.596830e-02
5.007326865691574e-04	4.189360e-02	4.999866e+00	7.596390e-02
5.007426865691574e-04	4.287731e-02	4.999866e+00	7.595974e-02
5.007526865691575e-04	4.385599e-02	4.999866e+00	7.595580e-02
5.007626865691575e-04	4.480912e-02	4.999866e+00	7.595205e-02
5.007726865691576e-04	4.575840e-02	4.999866e+00	7.594849e-02
5.007826865691576e-04	4.668333e-02	4.999866e+00	7.594509e-02
5.007926865691577e-04	4.760547e-02	4.999866e+00	7.594185e-02
5.008026865691577e-04	4.850435e-02	4.999866e+00	7.593875e-02
5.008126865691578e-04	4.940137e-02	4.999866e+00	7.593578e-02
5.008226865691578e-04	5.027608e-02	4.999866e+00	7.593293e-02
5.008326865691579e-04	5.114978e-02	4.999866e+00	7.593021e-02
5.008426865691579e-04	5.200204e-02	4.999866e+00	7.592759e-02
5.008526865691580e-04	5.285403e-02	4.999866e+00	7.592507e-02
5.008626865691580e-04	5.368538e-02	4.999866e+00	7.592265e-02
5.008726865691581e-04	5.451712e-02	4.999866e+00	7.592031e-02
5.008826865691581e-04	5.532894e-02	4.999866e+00	7.591807e-02
5.008926865691581e-04	5.614175e-02	4.999866e+00	7.591590e-02
5.009026865691582e-04	5.693528e-02	4.999866e+00	7.591381e-02
5.009126865691582e-04	5.773036e-02	4.999866e+00	7.591179e-02
5.009226865691583e-04	5.850675e-02	4.999866e+00	7.590985e-02
5.009326865691583e-04	5.928518e-02	4.999866e+00	7.590796e-02
5.009426865691584e-04	6.004547e-02	4.999866e+00	7.590614e-02
5.009526865691584e-04	6.080823e-02	4.999866e+00	7.590437e-02
5.009626865691585e-04	6.155337e-02	4.999866e+00	7.590266e-02
5.009726865691585e-04	6.230137e-02	4.999866e+00	7.590101e-02
5.009826865691586e-04	6.303222e-02	4.999866e+00	7.589940e-02
5.009926865691586e-04	6.376631e-02	4.999866e+00	7.589785e-02
5.010026865691587e-04	6.448366e-02	4.999866e+00	7.589634e-02
5.010126865691587e-04	6.520458e-02	4.999866e+00	7.589487e-02
5.010226865691588e-04	6.590918e-02	4.999866e+00	7.589345e-02
5.010326865691588e-04	6.661765e-02	4.999866e+00	7.589207e-02
5.010426865691589e-04	6.731016e-02	4.999866e+00	7.589073e-02
5.010526865691589e-04	6.800683e-02	4.999866e+00	7.588942e-02
5.010626865691590e-04	6.868789e-02	4.999866e+00	7.588815e-02
5.010726865691590e-04	6.937335e-02	4.999866e+00	7.588691e-02
5.010826865691591e-04	7.004352e-02	4.999866e+00	7.588571e-02
5.010926865691591e-04	7.071833e-02	4.999866e+00	7.588454e-02
5.011026865691592e-04	7.137816e-02	4.999866e+00	7.588340e-02
5.011126865691592e-04	7.204285e-02	4.999866e+00	7.588229e-02
5.011226865691593e-04	7.269283e-02	4.999866e+00	7.588121e-02
5.011326865691593e-04	7.334787e-02	4.999866e+00	7.588015e-02
5.011426865691594e-04	7.398846e-02	4.999866e+00	7.587913e-02
5.011526865691594e-04	7.463430e-02	4.999866e+00	7.587812e-02
5.011626865691595e-04	7.526594e-02	4.999866e+00	7.587714e-02
5.011726865691595e-04	7.590301e-02	4.999866e+00	7.587618e-02
5.011826865691596e-04	7.652611e-02	4.999866e+00	7.587525e-02
5.011926865691596e-04	7.715477e-02	4.999866e+00	7.587434e-02
5.012026865691597e-04	7.776970e-02	4.999866e+00	7.587345e-02
5.012126865691597e-04	7.839034e-02	4.999866e+00	7.587258e-02
5.012226865691598e-04	7.899746e-02	4.999866e+00	7.587173e-02
5.012326865691598e-04	7.961042e-02	4.999866e+00	7.587090e-02
5.012426865691599e-04	8.021006e-02	4.999866e+00	7.587009e-02
5.012526865691599e-04	8.081567e-02	4.999866e+00	7.586929e-02
5.012626865691600e-04	8.140813e-02	4.999866e+00	7.586852e-02
5.012726865691600e-04	8.200667e-02	4.999866e+00	7.586775e-02
5.012826865691601e-04	8.259226e-02	4.999866e+00	7.586701e-02
5.012926865691601e-04	8.318403e-02	4.999866e+00	7.586628e-02
5.013026865691602e-04	8.376302e-02	4.999866e+00	7.586557e-02
5.013126865691602e-04	8.434828e-02	4.999866e+00	7.586487e-02
5.013226865691603e-04	8.492094e-02	4.999866e+00	7.586418e-02
5.013326865691603e-04	8.549994e-02	4.999866e+00	7.586351e-02
5.013426865691604e-04	8.606650e-02	4.999866e+00	7.586285e-02
5.013526865691604e-04	8.663949e-02	4.999866e+00	7.586221e-02
5.013626865691605e-04	8.720018e-02	4.999866e+00	7.586158e-02
5.013726865691605e-04	8.776739e-02	4.999866e+00	7.586096e-02
5.013826865691606e-04	8.832243e-02	4.999866e+00	7.586036e-02
5.013926865691606e-04	8.888406e-02	4.999866e+00	7.585976e-02
5.014026865691606e-04	8.943367e-02	4.999866e+00	7.585917e-02
5.014126865691607e-04	8.998992e-02	4.999866e+00	7.585860e-02
5.014226865691607e-04	9.053428e-02	4.999866e+00	7.585804e-02
5.014326865691608e-04	9.108536e-02	4.999866e+00	7.585749e-02
5.014426865691608e-04	9.162467e-02	4.999866e+00	7.585695e-02
5.014526865691609e-04	9.217074e-02	4.999866e+00	7.585642e-02
5.014626865691609e-04	9.270517e-02	4.999866e+00	7.585590e-02
5.014726865691610e-04	9.324642e-02	4.999866e+00	7.585538e-02
5.014826865691610e-04	9.377612e-02	4.999866e+00	7.585488e-02
5.014926865691611e-04	9.431271e-02	4.999866e+00	7.585438e-02
5.015026865691611e-04	9.483787e-02	4.999866e+00	7.585390e-02
5.015126865691612e-04	9.536994e-02	4.999866e+00	7.585341e-02
5.015226865691612e-04	9.589069e-02	4.999866e+00	7.585295e-02
5.015326865691613e-04	9.641840e-02	4.999866e+00	7.585248e-02
5.015426865691613e-04	9.693490e-02	4.999866e+00	7.585204e-02
5.015526865691614e-04	9.745838e-02	4.999866e+00	7.585159e-02
5.015626865691614e-04	9.797077e-02	4.999866e+00	7.585115e-02
5.015726865691615e-04	9.849016e-02	4.999866e+00	7.585072e-02
5.015826865691615e-04	9.899855e-02	4.999866e+00	7.585029e-02
5.015926865691616e-04	9.951399e-02	4.999866e+00	7.584988e-02
5.016026865691616e-04	1.000185e-01	4.999866e+00	7.584947e-02
5.016126865691617e-04	1.005301e-01	4.999866e+00	7.584906e-02
5.016226865691617e-04	1.010309e-01	4.999866e+00	7.584866e-02
5.016326865691618e-04	1.015388e-01	4.999866e+00	7.584827e-02
5.016426865691618e-04	1.020359e-01	4.999866e+00	7.584789e-02
5.016526865691619e-04	1.025402e-01	4.999866e+00	7.584751e-02
5.016626865691619e-04	1.030338e-01	4.999866e+00	7.584713e-02
5.016726865691620e-04	1.035346e-01	4.999866e+00	7.584676e-02
5.016826865691620e-04	1.040248e-01	4.999866e+00	7.584640e-02
5.016926865691621e-04	1.045222e-01	4.999866e+00	7.584605e-02
5.017026865691621e-04	1.050091e-01	4.999866e+00	7.584570e-02
5.017126865691622e-04	1.055031e-01	4.999866e+00	7.584535e-02
5.017226865691622e-04	1.059868e-01	4.999866e+00	7.584501e-02
5.017326865691623e-04	1.064777e-01	4.999866e+00	7.584467e-02
5.017426865691623e-04	1.069582e-01	4.999866e+00	7.584434e-02
5.017526865691624e-04	1.074459e-01	4.999866e+00	7.584401e-02
5.017626865691624e-04	1.079234e-01	4.999866e+00	7.584369e-02
5.017726865691625e-04	1.084081e-01	4.999866e+00	7.584337e-02
5.017826865691625e-04	1.088827e-01	4.999866e+00	7.584306e-02
5.017926865691626e-04	1.093644e-01	4.999866e+00	7.584275e-02
5.018026865691626e-04	1.098361e-01	4.999866e+00	7.584245e-02
5.018126865691627e-04	1.103149e-01	4.999866e+00	7.584215e-02
5.018226865691627e-04	1.107838e-01	4.999866e+00	7.584185e-02
5.018326865691628e-04	1.112599e-01	4.999866e+00	7.584156e-02
5.018426865691628e-04	1.117260e-01	4.999866e+00	7.584127e-02
5.018526865691629e-04	1.121993e-01	4.999866e+00	7.584099e-02
5.018626865691629e-04	1.126628e-01	4.999866e+00	7.584071e-02
5.018726865691630e-04	1.131335e-01	4.999866e+00	7.584043e-02
5.018826865691630e-04	1.135944e-01	4.999866e+00	7.584016e-02
5.018926865691631e-04	1.140625e-01	4.999866e+00	7.583989e-02
5.019026865691631e-04	1.145208e-01	4.999866e+00	7.583962e-02
5.019126865691632e-04	1.149864e-01	4.999866e+00	7.583936e-02
5.019226865691632e-04	1.154423e-01	4.999866e+00	7.583910e-02
5.019326865691632e-04	1.159054e-01	4.999866e+00	7.583885e-02
5.019426865691633e-04	1.163589e-01	4.999866e+00	7.583860e-02
5.019526865691633e-04	1.168196e-01	4.999866e+00	7.583834e-02
5.019626865691634e-04	1.172708e-01	4.999866e+00	7.583810e-02
5.019726865691634e-04	1.177291e-01	4.999866e+00	7.583786e-02
5.019826865691635e-04	1.181780e-01	4.999866e+00	7.583762e-02
5.019926865691635e-04	1.186341e-01	4.999866e+00	7.583738e-02
5.020010000000001e-04	1.190048e-01	4.999866e+00	7.583719e-02
5.020013333333334e-04	1.190218e-01	4.999866e+00	7.583718e-02
5.020020000000001e-04	1.190553e-01	4.999866e+00	9.250566e-02
5.020027648417863e-04	1.191060e-01	4.999866e+00	1.302777e-01
5.020035352650501e-04	1.191741e-01	4.999866e+00	1.673879e-01
5.020043378364342e-04	1.192622e-01	4.999866e+00	2.050911e-01
5.020059429792026e-04	1.194878e-01	4.999866e+00	2.777681e-01
5.020091532647393e-04	1.201146e-01	4.999866e+00	4.133839e-01
5.020139194674985e-04	1.214056e-01	4.999866e+00	5.947226e-01
5.020196274180409e-04	1.233902e-01	4.999866e+00	7.875080e-01
5.020278671674542e-04	1.268364e-01	4.999866e+00	1.033381e+00
5.020378671674543e-04	1.316089e-01	4.999866e+00	1.298700e+00
5.020478671674543e-04	1.367571e-01	4.999866e+00	1.542775e+00
5.020578671674544e-04	1.421071e-01	4.999866e+00	1.775241e+00
5.020678671674544e-04	1.475647e-01	4.999866e+00	2.001340e+00
5.020778671674545e-04	1.530786e-01	4.999866e+00	2.223929e+00
5.020878671674545e-04	1.586215e-01	4.999866e+00	2.444562e+00
5.020978671674546e-04	1.641784e-01	4.999866e+00	2.664087e+00
5.021078671674546e-04	1.697414e-01	4.999866e+00	2.882963e+00
5.021178671674547e-04	1.753062e-01	4.999866e+00	3.101442e+00
5.021278671674547e-04	1.808708e-01	4.999866e+00	3.319662e+00
5.021378671674548e-04	1.864340e-01	4.999866e+00	3.537696e+00
5.021478671674548e-04	1.919954e-01	4.999866e+00	3.755585e+00
5.021578671674549e-04	1.975547e-01	4.999866e+00	3.973352e+00
5.021678671674549e-04	2.031119e-01	4.999866e+00	4.191008e+00
5.021778671674549e-04	2.086669e-01	4.999866e+00	4.408561e+00
5.021878671674550e-04	2.142199e-01	4.999866e+00	4.626014e+00
5.021978671674550e-04	2.197708e-01	4.999866e+00	4.843369e+00
5.022078671674551e-04	2.253197e-01	4.999866e+00	5.060627e+00
5.022178671674551e-04	2.308667e-01	4.999866e+00	5.277788e+00
5.022278671674552e-04	2.364118e-01	4.999866e+00	5.494854e+00
5.022378671674552e-04	2.419549e-01	4.999866e+00	5.711825e+00
5.022478671674553e-04	2.474962e-01	4.999866e+00	5.928700e+00
5.022578671674553e-04	2.530356e-01	4.999866e+00	6.145480e+00
5.022678671674554e-04	2.585733e-01	4.999866e+00	6.362165e+00
5.022778671674554e-04	2.641090e-01	4.999866e+00	6.578755e+00
5.022878671674555e-04	2.696429e-01	4.999866e+00	6.795250e+00
5.022978671674555e-04	2.751748e-01	4.999866e+00	7.011650e+00
5.023078671674556e-04	2.807050e-01	4.999866e+00	7.227954e+00
5.023178671674556e-04	2.862332e-01	4.999866e+00	7.444165e+00
5.023278671674557e-04	2.917595e-01	4.999866e+00	7.660280e+00
5.023378671674557e-04	2.972839e-01	4.999866e+00	7.876300e+00
5.023478671674558e-04	3.028064e-01	4.999866e+00	8.092225e+00
5.023578671674558e-04	3.083268e-01	4.999866e+00	8.308056e+00
5.023678671674559e-04	3.138453e-01	4.999866e+00	8.523792e+00
5.023778671674559e-04	3.193617e-01	4.999866e+00	8.739433e+00
5.023878671674560e-04	3.248762e-01	4.999866e+00	8.954980e+00
5.023978671674560e-04	3.303885e-01	4.999866e+00	9.170431e+00
5.024078671674561e-04	3.358988e-01	4.999866e+00	9.385789e+00
5.024178671674561e-04	3.414069e-01	4.999866e+00	9.601051e+00
5.024278671674562e-04	3.469129e-01	4.999866e+00	9.816219e+00
5.024378671674562e-04	3.524166e-01	4.999866e+00	1.003129e+01
5.024478671674563e-04	3.579182e-01	4.999866e+00	1.024627e+01
5.024578671674563e-04	3.634176e-01	4.999866e+00	1.046116e+01
5.024678671674564e-04	3.689147e-01	4.999866e+00	1.067595e+01
5.024778671674564e-04	3.744095e-01	4.999866e+00	1.089064e+01
5.024878671674565e-04	3.799020e-01	4.999866e+00	1.110524e+01
5.024978671674565e-04	3.853921e-01	4.999866e+00	1.131975e+01
5.025078671674566e-04	3.908800e-01	4.999866e+00	1.153416e+01
5.025178671674566e-04	3.963653e-01	4.999866e+00	1.174848e+01
5.025278671674567e-04	4.018483e-01	4.999866e+00	1.196270e+01
5.025378671674567e-04	4.073288e-01	4.999866e+00	1.217683e+01
5.025478671674568e-04	4.128069e-01	4.999866e+00	1.239087e+01
5.025578671674568e-04	4.182824e-01	4.999866e+00	1.260481e+01
5.025678671674569e-04	4.237554e-01	4.999866e+00	1.281866e+01
5.025778671674569e-04	4.292259e-01	4.999866e+00	1.303241e+01
5.025878671674570e-04	4.346938e-01	4.999866e+00	1.324607e+01
5.025978671674570e-04	4.401590e-01	4.999866e+00	1.345963e+01
5.026078671674571e-04	4.456216e-01	4.999866e+00	1.367310e+01
5.026178671674571e-04	4.510816e-01	4.999866e+00	1.388648e+01
5.026278671674572e-04	4.565389e-01	4.999866e+00	1.409976e+01
5.026378671674572e-04	4.619935e-01	4.999866e+00	1.431294e+01
5.026478671674573e-04	4.674453e-01	4.999866e+00	1.452604e+01
5.026578671674573e-04	4.728944e-01	4.999866e+00	1.473904e+01
5.026678671674574e-04	4.783407e-01	4.999866e+00	1.495194e+01
5.026778671674574e-04	4.837841e-01	4.999866e+00	1.516476e+01
5.026878671674574e-04	4.892248e-01	4.999866e+00	1.537747e+01
5.026978671674575e-04	4.946626e-01	4.999866e+00	1.559010e+01
5.027078671674575e-04	5.000975e-01	4.999866e+00	1.580263e+01
5.027178671674576e-04	5.055295e-01	4.999866e+00	1.601506e+01
5.027278671674576e-04	5.109586e-01	4.999866e+00	1.622741e+01
5.027378671674577e-04	5.163847e-01	4.999866e+00	1.643966e+01
5.027478671674577e-04	5.218078e-01	4.999866e+00	1.665181e+01
5.027578671674578e-04	5.272280e-01	4.999866e+00	1.686387e+01
5.027678671674578e-04	5.326451e-01	4.999866e+00	1.707584e+01
5.027778671674579e-04	5.380592e-01	4.999866e+00	1.728771e+01
5.027878671674579e-04	5.434702e-01	4.999866e+00	1.749949e+01
5.027978671674580e-04	5.488781e-01	4.999866e+00	1.771118e+01
5.028078671674580e-04	5.542830e-01	4.999866e+00	1.792277e+01
5.028178671674581e-04	5.596846e-01	4.999866e+00	1.813427e+01
5.028278671674581e-04	5.650832e-01	4.999866e+00	1.834568e+01
5.028378671674582e-04	5.704786e-01	4.999866e+00	1.855699e+01
5.028478671674582e-04	5.758708e-01	4.999866e+00	1.876821e+01
5.028578671674583e-04	5.812597e-01	4.999866e+00	1.897933e+01
5.028678671674583e-04	5.866454e-01	4.999866e+00	1.919037e+01
5.028778671674584e-04	5.920278e-01	4.999866e+00	1.940131e+01
5.028878671674584e-04	5.974070e-01	4.999866e+00	1.961215e+01
5.028978671674585e-04	6.027828e-01	4.999866e+00	1.982290e+01
5.029078671674585e-04	6.081554e-01	4.999866e+00	2.003356e+01
5.029178671674586e-04	6.135246e-01	4.999866e+00	2.024413e+01
5.029278671674586e-04	6.188905e-01	4.999866e+00	2.045460e+01
5.029378671674587e-04	6.242529e-01	4.999866e+00	2.066498e+01
5.029478671674587e-04	6.296120e-01	4.999866e+00	2.087527e+01
5.029578671674588e-04	6.349677e-01	4.999866e+00	2.108546e+01
5.029678671674588e-04	6.403199e-01	4.999866e+00	2.129556e+01
5.029778671674589e-04	6.456687e-01	4.999866e+00	2.150556e+01
5.029878671674589e-04	6.510140e-01	4.999866e+00	2.171548e+01
5.029978671674590e-04	6.563557e-01	4.999866e+00	2.192530e+01
5.030078671674590e-04	6.616940e-01	4.999866e+00	2.213503e+01
5.030178671674591e-04	6.670288e-01	4.999866e+00	2.234466e+01
5.030278671674591e-04	6.723600e-01	4.999866e+00	2.255420e+01
5.030378671674592e-04	6.776876e-01	4.999866e+00	2.276365e+01
5.030478671674592e-04	6.830117e-01	4.999866e+00	2.297300e+01
5.030578671674593e-04	6.883321e-01	4.999866e+00	2.318227e+01
5.030678671674593e-04	6.936490e-01	4.999866e+00	2.339144e+01
5.030778671674594e-04	6.989622e-01	4.999866e+00	2.360051e+01
5.030878671674594e-04	7.042717e-01	4.999866e+00	2.380950e+01
5.030978671674595e-04	7.095776e-01	4.999866e+00	2.401839e+01
5.031078671674595e-04	7.148798e-01	4.999866e+00	2.422719e+01
5.031178671674596e-04	7.201782e-01	4.999866e+00	2.443590e+01
5.031278671674596e-04	7.254729e-01	4.999866e+00	2.464451e+01
5.031378671674597e-04	7.307639e-01	4.999866e+00	2.485303e+01
5.031478671674597e-04	7.360512e-01	4.999866e+00	2.506146e+01
5.031578671674598e-04	7.413347e-01	4.999866e+00	2.526979e+01
5.031678671674598e-04	7.466144e-01	4.999866e+00	2.547804e+01
5.031778671674599e-04	7.518902e-01	4.999866e+00	2.568619e+01
5.031878671674599e-04	7.571623e-01	4.999866e+00	2.589425e+01
5.031978671674600e-04	7.624305e-01	4.999866e+00	2.610221e+01
5.032078671674600e-04	7.676950e-01	4.999866e+00	2.631009e+01
5.032178671674600e-04	7.729554e-01	4.999866e+00	2.651787e+01
5.032278671674601e-04	7.782121e-01	4.999866e+00	2.672556e+01
5.032378671674601e-04	7.834648e-01	4.999866e+00	2.693315e+01
5.032478671674602e-04	7.887136e-01	4.999866e+00	2.714066e+01
5.032578671674602e-04	7.939585e-01	4.999866e+00	2.734807e+01
5.032678671674603e-04	7.991995e-01	4.999866e+00	2.755539e+01
5.032778671674603e-04	8.044365e-01	4.999866e+00	2.776262e+01
5.032878671674604e-04	8.096696e-01	4.999866e+00	2.796975e+01
5.032978671674604e-04	8.148986e-01	4.999866e+00	2.817679e+01
5.033078671674605e-04	8.201236e-01	4.999866e+00	2.838375e+01
5.033178671674605e-04	8.253446e-01	4.999866e+00	2.859060e+01
5.033278671674606e-04	8.305616e-01	4.999866e+00	2.879737e+01
5.033378671674606e-04	8.357746e-01	4.999866e+00	2.900405e+01
5.033478671674607e-04	8.409835e-01	4.999866e+00	2.921063e+01
5.033578671674607e-04	8.461884e-01	4.999866e+00	2.941712e+01
5.033678671674608e-04	8.513891e-01	4.999866e+00	2.962352e+01
5.033778671674608e-04	8.565857e-01	4.999866e+00	2.982983e+01
5.033878671674609e-04	8.617783e-01	4.999866e+00	3.003605e+01
5.033978671674609e-04	8.669667e-01	4.999866e+00	3.024217e+01
5.034078671674610e-04	8.721510e-01	4.999866e+00	3.044820e+01
5.034178671674610e-04	8.773311e-01	4.999866e+00	3.065414e+01
5.034278671674611e-04	8.825071e-01	4.999866e+00	3.085999e+01
5.034378671674611e-04	8.876790e-01	4.999866e+00	3.106575e+01
5.034478671674612e-04	8.928466e-01	4.999866e+00	3.127141e+01
5.034578671674612e-04	8.980100e-01	4.999866e+00	3.147699e+01
5.034678671674613e-04	9.031692e-01	4.999866e+00	3.168247e+01
5.034778671674613e-04	9.083242e-01	4.999866e+00	3.188786e+01
5.034878671674614e-04	9.134750e-01	4.999866e+00	3.209316e+01
5.034978671674614e-04	9.186215e-01	4.999866e+00	3.229837e+01
5.035078671674615e-04	9.237638e-01	4.999866e+00	3.250348e+01
5.035178671674615e-04	9.289017e-01	4.999866e+00	3.270851e+01
5.035278671674616e-04	9.340354e-01	4.999866e+00	3.291344e+01
5.035378671674616e-04	9.391648e-01	4.999866e+00	3.311828e+01
5.035478671674617e-04	9.442899e-01	4.999866e+00	3.332304e+01
5.035578671674617e-04	9.494107e-01	4.999866e+00	3.352769e+01
5.035678671674618e-04	9.545271e-01	4.999866e+00	3.373226e+01
5.035778671674618e-04	9.596393e-01	4.999866e+00	3.393674e+01
5.035878671674619e-04	9.647470e-01	4.999866e+00	3.414112e+01
5.035978671674619e-04	9.698504e-01	4.999866e+00	3.434542e+01
5.036078671674620e-04	9.749495e-01	4.999866e+00	3.454963e+01
5.036178671674620e-04	9.800441e-01	4.999866e+00	3.475374e+01
5.036278671674621e-04	9.851344e-01	4.999866e+00	3.495776e+01
5.036378671674621e-04	9.902202e-01	4.999866e+00	3.516169e+01
5.036478671674622e-04	9.953017e-01	4.999866e+00	3.536553e+01
5.036578671674622e-04	1.000379e+00	4.999866e+00	3.556928e+01
5.036678671674623e-04	1.005451e+00	4.999866e+00	3.577293e+01
5.036778671674623e-04	1.010519e+00	4.999866e+00	3.597650e+01
5.036878671674624e-04	1.015583e+00	4.999866e+00	3.617998e+01
5.036978671674624e-04	1.020642e+00	4.999866e+00	3.638336e+01
5.037078671674625e-04	1.025697e+00	4.999866e+00	3.658666e+01
5.037178671674625e-04	1.030747e+00	4.999866e+00	3.678986e+01
5.037278671674625e-04	1.035793e+00	4.999866e+00	3.699297e+01
5.037378671674626e-04	1.040834e+00	4.999866e+00	3.719600e+01
5.037478671674626e-04	1.045871e+00	4.999866e+00	3.739893e+01
5.037578671674627e-04	1.050903e+00	4.999866e+00	3.760177e+01
5.037678671674627e-04	1.055931e+00	4.999866e+00	3.780452e+01
5.037778671674628e-04	1.060954e+00	4.999866e+00	3.800718e+01
5.037878671674628e-04	1.065973e+00	4.999866e+00	3.820975e+01
5.037978671674629e-04	1.070987e+00	4.999866e+00	3.841223e+01
5.038078671674629e-04	1.075996e+00	4.999866e+00	3.861462e+01
5.038178671674630e-04	1.081001e+00	4.999866e+00	3.881692e+01
5.038278671674630e-04	1.086001e+00	4.999866e+00	3.901912e+01
5.038378671674631e-04	1.090997e+00	4.999866e+00	3.922124e+01
5.038478671674631e-04	1.095988e+00	4.999866e+00	3.942327e+01
5.038578671674632e-04	1.100975e+00	4.999866e+00	3.962521e+01
5.038678671674632e-04	1.105957e+00	4.999866e+00	3.982705e+01
5.038778671674633e-04	1.110934e+00	4.999866e+00	4.002881e+01
5.038878671674633e-04	1.115907e+00	4.999866e+00	4.023048e+01
5.038978671674634e-04	1.120875e+00	4.999866e+00	4.043205e+01
5.039078671674634e-04	1.125838e+00	4.999866e+00	4.063354e+01
5.039178671674635e-04	1.130797e+00	4.999866e+00	4.083493e+01
5.039278671674635e-04	1.135751e+00	4.999866e+00	4.103624e+01
5.039378671674636e-04	1.140700e+00	4.999866e+00	4.123746e+01
5.039478671674636e-04	1.145645e+00	4.999866e+00	4.143858e+01
5.039578671674637e-04	1.150584e+00	4.999866e+00	4.163962e+01
5.039678671674637e-04	1.155520e+00	4.999866e+00	4.184056e+01
5.039778671674638e-04	1.160450e+00	4.999866e+00	4.204142e+01
5.039878671674638e-04	1.165376e+00	4.999865e+00	4.224219e+01
5.039978671674639e-04	1.170297e+00	4.999865e+00	4.244286e+01
5.040078671674639e-04	1.175214e+00	4.999781e+00	4.264345e+01
5.040121949786987e-04	1.177340e+00	4.994253e+00	4.273023e+01
5.040122478942982e-04	1.177366e+00	4.993998e+00	4.273130e+01
5.040123537254971e-04	1.177418e+00	4.993327e+00	4.273342e+01
5.040125653878949e-04	1.177522e+00	4.991391e+00	4.273766e+01
5.040129887126905e-04	1.177730e+00	4.985449e+00	4.274615e+01
5.040134626051396e-04	1.177963e+00	4.973559e+00	4.275565e+01
5.040140298859156e-04	1.178241e+00	4.944665e+00	4.276702e+01
5.040145535831368e-04	1.178498e+00	4.882488e+00	4.277752e+01
5.040149591142804e-04	1.178698e+00	4.777380e+00	4.278565e+01
5.040153839904939e-04	1.178906e+00	4.609955e+00	4.279417e+01
5.040159459399761e-04	1.179182e+00	4.342207e+00	4.280544e+01
5.040166499964627e-04	1.179528e+00	3.940693e+00	4.281955e+01
5.040177506611728e-04	1.180068e+00	3.105159e+00	4.284161e+01
5.040190090382850e-04	1.180686e+00	1.576814e+00	4.286684e+01
5.040197702986791e-04	1.181060e+00	2.313453e-01	4.288210e+01
5.040200755017291e-04	1.181209e+00	-1.529569e-02	4.288821e+01
5.040201641118713e-04	1.181253e+00	9.538236e-04	4.288999e+01
5.040201918955256e-04	1.181267e+00	6.222311e-04	4.289054e+01
5.040202240002501e-04	1.181282e+00	4.221034e-04	4.289119e+01
5.040202593845170e-04	1.181300e+00	3.173667e-04	4.289190e+01
5.040203285698587e-04	1.181334e+00	2.409955e-04	4.289328e+01
5.040203942309965e-04	1.181366e+00	2.217571e-04	4.289460e+01
5.040205036801915e-04	1.181420e+00	1.998771e-04	4.289679e+01
5.040206358006138e-04	1.181484e+00	1.790724e-04	4.289944e+01
5.040209000414583e-04	1.181614e+00	1.485016e-04	4.290474e+01
5.040214285231475e-04	1.181873e+00	1.116610e-04	4.291533e+01
5.040224854865259e-04	1.182392e+00	8.444799e-05	4.293652e+01
5.040245994132825e-04	1.183429e+00	8.373219e-05	4.297888e+01
5.040288272667958e-04	1.185503e+00	8.374180e-05	4.306359e+01
5.040372829738224e-04	1.189648e+00	8.283836e-05	4.323298e+01
5.040472829738224e-04	1.194546e+00	8.285868e-05	4.343321e+01
5.040572829738225e-04	1.199439e+00	8.229337e-05	4.363335e+01
5.040672829738225e-04	1.204327e+00	8.253750e-05	4.383341e+01
5.040772829738226e-04	1.209210e+00	8.212437e-05	4.403337e+01
5.040872829738226e-04	1.214089e+00	8.243115e-05	4.423325e+01
5.040972829738227e-04	1.218963e+00	8.207767e-05	4.443303e+01
5.041072829738227e-04	1.223832e+00	8.239381e-05	4.463273e+01
5.041172829738228e-04	1.228696e+00	8.206935e-05	4.483234e+01
5.041272829738228e-04	1.233556e+00	8.237845e-05	4.503186e+01
5.041372829738229e-04	1.238410e+00	8.207284e-05	4.523129e+01
5.041472829738229e-04	1.243260e+00	8.237016e-05	4.543063e+01
5.041572829738230e-04	1.248105e+00	8.207974e-05	4.562988e+01
5.041672829738230e-04	1.252945e+00	8.236423e-05	4.582904e+01
5.041772829738231e-04	1.257780e+00	8.208738e-05	4.602811e+01
5.041872829738231e-04	1.262611e+00	8.235913e-05	4.622709e+01
5.041972829738231e-04	1.267437e+00	8.209496e-05	4.642598e+01
5.042072829738232e-04	1.272257e+00	8.235441e-05	4.662479e+01
5.042172829738232e-04	1.277073e+00	8.210224e-05	4.682351e+01
5.042272829738233e-04	1.281884e+00	8.234991e-05	4.702213e+01
5.042372829738233e-04	1.286690e+00	8.210914e-05	4.722067e+01
5.042472829738234e-04	1.291492e+00	8.234558e-05	4.741912e+01
5.042572829738234e-04	1.296288e+00	8.211566e-05	4.761748e+01
5.042672829738235e-04	1.301080e+00	8.234142e-05	4.781575e+01
5.042772829738235e-04	1.305866e+00	8.212181e-05	4.801393e+01
5.042872829738236e-04	1.310648e+00	8.233739e-05	4.821203e+01
5.042972829738236e-04	1.315425e+00	8.212763e-05	4.841003e+01
5.043072829738237e-04	1.320197e+00	8.233352e-05	4.860795e+01
5.043172829738237e-04	1.324964e+00	8.213312e-05	4.880577e+01
5.043272829738238e-04	1.329726e+00	8.232979e-05	4.900351e+01
5.043372829738238e-04	1.334483e+00	8.213830e-05	4.920116e+01
5.043472829738239e-04	1.339235e+00	8.232620e-05	4.939873e+01
5.043572829738239e-04	1.343982e+00	8.214320e-05	4.959620e+01
5.043672829738240e-04	1.348725e+00	8.232275e-05	4.979359e+01
5.043772829738240e-04	1.353462e+00	8.214782e-05	4.999088e+01
5.043872829738241e-04	1.358194e+00	8.231944e-05	5.018809e+01
5.043972829738241e-04	1.362922e+00	8.215220e-05	5.038521e+01
5.044072829738242e-04	1.367645e+00	8.231626e-05	5.058224e+01
5.044172829738242e-04	1.372362e+00	8.215632e-05	5.077918e+01
5.044272829738243e-04	1.377075e+00	8.231321e-05	5.097604e+01
5.044372829738243e-04	1.381783e+00	8.216023e-05	5.117281e+01
5.044472829738244e-04	1.386485e+00	8.231029e-05	5.136948e+01
5.044572829738244e-04	1.391183e+00	8.216392e-05	5.156607e+01
5.044672829738245e-04	1.395876e+00	8.230748e-05	5.176257e+01
5.044772829738245e-04	1.400563e+00	8.216741e-05	5.195899e+01
5.044872829738246e-04	1.405246e+00	8.230480e-05	5.215532e+01
5.044972829738246e-04	1.409924e+00	8.217071e-05	5.235155e+01
5.045072829738247e-04	1.414597e+00	8.230222e-05	5.254770e+01
5.045172829738247e-04	1.419265e+00	8.217384e-05	5.274376e+01
5.045272829738248e-04	1.423927e+00	8.229976e-05	5.293974e+01
5.045372829738248e-04	1.428585e+00	8.217679e-05	5.313562e+01
5.045472829738249e-04	1.433238e+00	8.229740e-05	5.333142e+01
5.045572829738249e-04	1.437886e+00	8.217959e-05	5.352713e+01
5.045672829738250e-04	1.442528e+00	8.229515e-05	5.372276e+01
5.045772829738250e-04	1.447166e+00	8.218224e-05	5.391829e+01
5.045872829738251e-04	1.451799e+00	8.229299e-05	5.411374e+01
5.045972829738251e-04	1.456426e+00	8.218475e-05	5.430910e+01
5.046072829738252e-04	1.461049e+00	8.229093e-05	5.450437e+01
5.046172829738252e-04	1.465667e+00	8.218713e-05	5.469955e+01
5.046272829738253e-04	1.470279e+00	8.228896e-05	5.489465e+01
5.046372829738253e-04	1.474887e+00	8.218938e-05	5.508966e+01
5.046472829738254e-04	1.479489e+00	8.228707e-05	5.528458e+01
5.046572829738254e-04	1.484087e+00	8.219152e-05	5.547942e+01
5.046672829738255e-04	1.488679e+00	8.228527e-05	5.567417e+01
5.046772829738255e-04	1.493266e+00	8.219355e-05	5.586882e+01
5.046872829738256e-04	1.497849e+00	8.228355e-05	5.606340e+01
5.046972829738256e-04	1.502426e+00	8.219547e-05	5.625788e+01
5.047072829738257e-04	1.506998e+00	8.228191e-05	5.645228e+01
5.047172829738257e-04	1.511565e+00	8.219729e-05	5.664659e+01
5.047272829738257e-04	1.516127e+00	8.228034e-05	5.684082e+01
5.047372829738258e-04	1.520684e+00	8.219902e-05	5.703495e+01
5.047472829738258e-04	1.525236e+00	8.227884e-05	5.722900e+01
5.047572829738259e-04	1.529783e+00	8.220066e-05	5.742296e+01
5.047672829738259e-04	1.534324e+00	8.227741e-05	5.761684e+01
5.047772829738260e-04	1.538861e+00	8.220222e-05	5.781063e+01
5.047872829738260e-04	1.543392e+00	8.227604e-05	5.800433e+01
5.047972829738261e-04	1.547919e+00	8.220370e-05	5.819794e+01
5.048072829738261e-04	1.552440e+00	8.227473e-05	5.839147e+01
5.048172829738262e-04	1.556957e+00	8.220511e-05	5.858491e+01
5.048272829738262e-04	1.561468e+00	8.227348e-05	5.877826e+01
5.048372829738263e-04	1.565974e+00	8.220644e-05	5.897153e+01
5.051772829738280e-04	1.716139e+00	8.222144e-05	6.549123e+01
5.056972829738305e-04	1.934313e+00	8.223041e-05	7.527185e+01
5.066072829738350e-04	2.282888e+00	8.224505e-05	9.184715e+01
5.076172829738399e-04	2.621907e+00	8.223754e-05	1.094668e+02
5.086072829738448e-04	2.908461e+00	8.224176e-05	1.259786e+02
5.096072829738497e-04	3.155792e+00	8.224109e-05	1.419289e+02
5.108472829738558e-04	3.409727e+00	8.224065e-05	1.607405e+02
5.113372829738582e-04	3.495452e+00	8.223989e-05	1.678913e+02
5.117072829738600e-04	3.555096e+00	8.224048e-05	1.731882e+02
5.123672829738632e-04	3.651426e+00	8.224040e-05	1.824223e+02
5.127472829738651e-04	3.701304e+00	8.224036e-05	1.876171e+02
5.130972829738668e-04	3.743708e+00	8.224010e-05	1.923246e+02
5.134372829738685e-04	3.781691e+00	8.224012e-05	1.968278e+02
5.138072829738703e-04	3.819479e+00	8.224029e-05	2.016514e+02
5.143272829738728e-04	3.866474e+00	8.224027e-05	2.082975e+02
5.147972829738751e-04	3.903037e+00	8.224018e-05	2.141736e+02
5.149472829738759e-04	3.913580e+00	8.224025e-05	2.160232e+02
5.150972829738766e-04	3.923610e+00	8.224019e-05	2.178605e+02
5.152472829738773e-04	3.933149e+00	8.224024e-05	2.196856e+02
5.153972829738781e-04	3.942216e+00	8.224019e-05	2.214986e+02
5.155472829738788e-04	3.950828e+00	8.224024e-05	2.232996e+02
5.157072829738796e-04	3.959533e+00	8.224023e-05	2.252075e+02
5.158672829738804e-04	3.967758e+00	8.224023e-05	2.271019e+02
5.160372829738812e-04	3.975989e+00	8.224021e-05	2.291001e+02
5.162272829738821e-04	3.984593e+00	8.224022e-05	2.313157e+02
5.164372829738832e-04	3.993397e+00	8.224021e-05	2.337429e+02
5.167772829738848e-04	4.006146e+00	8.224021e-05	2.376252e+02
5.170072829738860e-04	4.013742e+00	8.224021e-05	2.402186e+02
5.173172829738875e-04	4.022688e+00	8.224022e-05	2.436726e+02
5.181772829738917e-04	4.040019e+00	8.224022e-05	2.530108e+02
5.185672829738936e-04	4.044459e+00	8.224021e-05	2.571302e+02
5.189272829738954e-04	4.046799e+00	8.224021e-05	2.608702e+02
5.192772829738971e-04	4.047543e+00	8.224023e-05	2.644500e+02
5.196372829738989e-04	4.046821e+00	8.224023e-05	2.680749e+02
5.200272829739008e-04	4.044435e+00	8.224021e-05	2.719376e+02
5.204872829739030e-04	4.039604e+00	8.224021e-05	2.764092e+02
5.215072829739080e-04	4.021755e+00	8.224020e-05	2.860079e+02
5.215772829739084e-04	4.020191e+00	8.224023e-05	2.866510e+02
5.219072829739100e-04	4.012252e+00	8.224020e-05	2.896562e+02
5.221872829739114e-04	4.004796e+00	8.224020e-05	2.921722e+02
5.226372829739136e-04	3.991449e+00	8.224023e-05	2.961514e+02
5.229072829739149e-04	3.982665e+00	8.224020e-05	2.985015e+02
5.231672829739162e-04	3.973693e+00	8.224020e-05	3.007384e+02
5.234172829739174e-04	3.964618e+00	8.224023e-05	3.028653e+02
5.236672829739186e-04	3.955133e+00	8.224020e-05	3.049690e+02
5.239072829739198e-04	3.945668e+00	8.224020e-05	3.069670e+02
5.241572829739210e-04	3.935463e+00	8.224023e-05	3.090261e+02
5.244072829739222e-04	3.924937e+00	8.224020e-05	3.110627e+02
5.246672829739235e-04	3.913681e+00	8.224020e-05	3.131574e+02
5.249372829739248e-04	3.901699e+00	8.224023e-05	3.153076e+02
5.257872829739290e-04	3.862331e+00	8.224020e-05	3.219136e+02
5.264472829739322e-04	3.830173e+00	8.224020e-05	3.268766e+02
5.270872829739354e-04	3.797719e+00	8.224020e-05	3.315547e+02
5.277372829739386e-04	3.763487e+00	8.224023e-05	3.361740e+02
5.284272829739420e-04	3.725747e+00	8.224021e-05	3.409364e+02
5.291872829739457e-04	3.682507e+00	8.224021e-05	3.460185e+02
5.300672829739500e-04	3.630282e+00	8.224021e-05	3.516963e+02
5.315972829739575e-04	3.534348e+00	8.224023e-05	3.610633e+02
5.318172829739586e-04	3.520100e+00	8.224023e-05	3.623595e+02
5.347772829739731e-04	3.321537e+00	8.224023e-05	3.786443e+02
5.380472829739891e-04	3.094520e+00	8.224021e-05	3.943585e+02
5.413272829740052e-04	2.867990e+00	8.224021e-05	4.080335e+02
5.420572829740088e-04	2.818476e+00	8.224023e-05	4.108217e+02
5.453672829740250e-04	2.600510e+00	8.224021e-05	4.224162e+02
5.486872829740413e-04	2.395299e+00	8.224021e-05	4.324949e+02
5.520272829740577e-04	2.204607e+00	8.224021e-05	4.412787e+02
5.522972829740590e-04	2.189916e+00	8.224022e-05	4.419351e+02
5.556572829740755e-04	2.016278e+00	8.224022e-05	4.494968e+02
5.590372829740920e-04	1.858575e+00	8.224022e-05	4.560777e+02
5.624372829741087e-04	1.716428e+00	8.224022e-05	4.618009e+02
5.625372829741092e-04	1.712488e+00	8.224022e-05	4.619569e+02
5.659572829741260e-04	1.585582e+00	8.224022e-05	4.669091e+02
5.693872829741428e-04	1.472773e+00	8.224021e-05	4.711975e+02
5.727772829741594e-04	1.374227e+00	8.224022e-05	4.748599e+02
5.762572829741765e-04	1.285123e+00	8.224023e-05	4.781053e+02
5.797572829741936e-04	1.206519e+00	8.224028e-05	4.809167e+02
5.830172829742096e-04	1.142151e+00	8.224048e-05	4.831824e+02
5.865872829742271e-04	1.080334e+00	8.224133e-05	4.853269e+02
5.901972829742448e-04	1.025956e+00	8.224427e-05	4.871869e+02
5.919572829742535e-04	1.002101e+00	8.446298e-05	4.879948e+02
5.921472829742544e-04	9.996233e-01	1.514292e-04	4.880785e+02
5.922372829742548e-04	9.984559e-01	2.411361e-04	4.881178e+02
5.922772829742550e-04	9.979384e-01	3.273285e-04	4.881353e+02
5.923072829742552e-04	9.975508e-01	4.475267e-04	4.881484e+02
5.923272829742553e-04	9.972926e-01	5.932695e-04	4.881571e+02
5.923372829742553e-04	9.971637e-01	7.092441e-04	4.881614e+02
5.923472829742554e-04	9.970347e-01	8.828574e-04	4.881658e+02
5.923572829742554e-04	9.969058e-01	1.172297e-03	4.881701e+02
5.923672829742555e-04	9.967769e-01	1.762897e-03	4.881745e+02
5.923733287596471e-04	9.966991e-01	2.558933e-03	4.881771e+02
5.923745787596471e-04	9.966830e-01	2.832475e-03	4.881776e+02
5.923770787596471e-04	9.966508e-01	3.586230e-03	4.881787e+02
5.923794627755007e-04	9.966201e-01	4.872879e-03	4.881797e+02
5.923817259906079e-04	9.965910e-01	7.461830e-03	4.881807e+02
5.923838068818259e-04	9.965641e-01	1.395416e-02	4.881816e+02
5.923859925980004e-04	9.965360e-01	2.609979e-02	4.881826e+02
5.923882379908765e-04	9.965071e-01	4.583473e-02	4.881836e+02
5.923900767306220e-04	9.964834e-01	7.766354e-02	4.881844e+02
5.923918080411899e-04	9.964612e-01	1.400581e-01	4.881851e+02
5.923936983804292e-04	9.964368e-01	2.854090e-01	4.881859e+02
5.923955092169529e-04	9.964135e-01	5.830183e-01	4.881867e+02
5.923973528721510e-04	9.963898e-01	1.247566e+00	4.881875e+02
5.923990845137716e-04	9.963675e-01	2.608792e+00	4.881883e+02
5.924008102759746e-04	9.963453e-01	4.887031e+00	4.881890e+02
5.924012880125955e-04	9.963392e-01	5.028531e+00	4.881892e+02
5.924017480488838e-04	9.963332e-01	4.978884e+00	4.881894e+02
5.924019094835210e-04	9.963312e-01	5.008827e+00	4.881895e+02
5.924019674199052e-04	9.963304e-01	4.998813e+00	4.881895e+02
5.924019942677598e-04	9.963301e-01	4.999515e+00	4.881895e+02
5.924020178571534e-04	9.963298e-01	4.999698e+00	4.881895e+02
5.924020443135901e-04	9.963294e-01	4.999766e+00	4.881895e+02
5.924020951349177e-04	9.963288e-01	4.999798e+00	4.881896e+02
5.924021854344320e-04	9.963276e-01	4.999805e+00	4.881896e+02
5.924023660334606e-04	9.963253e-01	4.999821e+00	4.881897e+02
5.924027272315177e-04	9.963207e-01	4.999845e+00	4.881898e+02
5.924048944198604e-04	9.962928e-01	4.999864e+00	4.881908e+02
5.924077840043172e-04	9.962556e-01	4.999864e+00	4.881920e+02
5.924135631732309e-04	9.961813e-01	4.999864e+00	4.881945e+02
5.924235631732309e-04	9.960527e-01	4.999865e+00	4.881989e+02
5.924335631732310e-04	9.959242e-01	4.999865e+00	4.882032e+02
5.924435631732310e-04	9.957958e-01	4.999866e+00	4.882076e+02
5.924535631732311e-04	9.956673e-01	4.999865e+00	4.882119e+02
5.924635631732311e-04	9.955390e-01	4.999866e+00	4.882162e+02
5.924835631732312e-04	9.952824e-01	4.999866e+00	4.882248e+02
5.925535631732316e-04	9.943860e-01	4.999866e+00	4.882550e+02
5.930035631732338e-04	9.886820e-01	4.999866e+00	4.884471e+02
5.967035631732519e-04	9.454288e-01	4.999866e+00	4.898936e+02
6.004635631732704e-04	9.075083e-01	4.999866e+00	4.911472e+02
6.032435631732840e-04	8.829035e-01	4.999866e+00	4.919529e+02
6.071435631733031e-04	8.526874e-01	4.999866e+00	4.929335e+02
6.111435631733227e-04	8.262431e-01	4.999866e+00	4.937833e+02
6.134835631733342e-04	8.126399e-01	4.999866e+00	4.942172e+02
6.176735631733547e-04	7.912812e-01	4.999866e+00	4.948937e+02
6.220235631733761e-04	7.726384e-01	4.999866e+00	4.954792e+02
6.237235631733844e-04	7.662054e-01	4.999866e+00	4.956801e+02
6.283335631734070e-04	7.508537e-01	4.999866e+00	4.961569e+02
6.331935631734308e-04	7.375256e-01	4.999866e+00	4.965677e+02
6.339635631734346e-04	7.356480e-01	4.999866e+00	4.966253e+02
6.391735631734602e-04	7.243975e-01	4.999866e+00	4.969693e+02
6.442035631734848e-04	7.156101e-01	4.999866e+00	4.972363e+02
6.502335631735144e-04	7.072302e-01	4.999866e+00	4.974894e+02
6.544435631735350e-04	7.025091e-01	4.999866e+00	4.976312e+02
6.616035631735701e-04	6.961614e-01	4.999866e+00	4.978211e+02
6.646835631735852e-04	6.939642e-01	4.999866e+00	4.978866e+02
6.733535631736278e-04	6.891073e-01	4.999866e+00	4.980308e+02
6.749235631736355e-04	6.884019e-01	4.999866e+00	4.980516e+02
6.851635631736857e-04	6.847866e-01	4.999866e+00	4.981584e+02
6.954035631737359e-04	6.824397e-01	4.999866e+00	4.982274e+02
7.056435631737861e-04	6.809176e-01	4.999866e+00	4.982721e+02
7.158835631738363e-04	6.799311e-01	4.999866e+00	4.983009e+02
7.261235631738865e-04	6.792921e-01	4.999866e+00	4.983196e+02
7.363635631739367e-04	6.788784e-01	4.999866e+00	4.983317e+02
7.466035631739869e-04	6.786106e-01	4.999866e+00	4.983395e+02
7.568435631740371e-04	6.784372e-01	4.999866e+00	4.983445e+02
7.670835631740873e-04	6.783251e-01	4.999866e+00	4.983478e+02
7.773235631741375e-04	6.782525e-01	4.999866e+00	4.983499e+02
7.875635631741878e-04	6.782055e-01	4.999866e+00	4.983513e+02
7.978035631742380e-04	6.781752e-01	4.999866e+00	4.983522e+02
8.080435631742882e-04	6.781555e-01	4.999866e+00	4.983528e+02
8.182835631743384e-04	6.781428e-01	4.999866e+00	4.983531e+02
8.285235631743886e-04	6.781346e-01	4.999866e+00	4.983534e+02
8.387635631744388e-04	6.781293e-01	4.999866e+00	4.983535e+02
8.490035631744890e-04	6.781259e-01	4.999866e+00	4.983536e+02
8.592435631745392e-04	6.781237e-01	4.999866e+00	4.983537e+02
8.694835631745894e-04	6.781222e-01	4.999866e+00	4.983537e+02
8.797235631746396e-04	6.781213e-01	4.999866e+00	4.983537e+02
8.899635631746898e-04	6.781207e-01	4.999866e+00	4.983538e+02
9.002035631747401e-04	6.781203e-01	4.999866e+00	4.983538e+02
9.104435631747903e-04	6.781201e-01	4.999866e+00	4.983538e+02
9.206835631748405e-04	6.781199e-01	4.999866e+00	4.983538e+02
9.309235631748907e-04	6.781198e-01	4.999866e+00	4.983538e+02
9.411635631749409e-04	6.781197e-01	4.999866e+00	4.983538e+02
9.514035631749911e-04	6.781197e-01	4.999866e+00	4.983538e+02
9.616435631750413e-04	6.781197e-01	4.999866e+00	4.983538e+02
9.718835631750915e-04	6.781197e-01	4.999866e+00	4.983538e+02
9.821235631750813e-04	6.781196e-01	4.999866e+00	4.983538e+02
9.923635631750205e-04	6.781196e-01	4.999866e+00	4.983538e+02
1.002603563174960e-03	6.781196e-01	4.999866e+00	4.983538e+02
1.012843563174899e-03	6.781196e-01	4.999866e+00	4.983538e+02
1.023083563174838e-03	6.781196e-01	4.999866e+00	4.983538e+02
1.033323563174777e-03	6.781196e-01	4.999866e+00	4.983538e+02
1.043563563174716e-03	6.781196e-01	4.999866e+00	4.983538e+02
1.053803563174656e-03	6.781196e-01	4.999866e+00	4.983538e+02
1.064043563174595e-03	6.781196e-01	4.999866e+00	4.983538e+02
1.074283563174534e-03	6.781196e-01	4.999866e+00	4.983538e+02
1.084523563174473e-03	6.781196e-01	4.999866e+00	4.983538e+02
1.094763563174412e-03	6.781196e-01	4.999866e+00	4.983538e+02
1.105003563174352e-03	6.781196e-01	4.999866e+00	4.983538e+02
1.115243563174291e-03	6.781196e-01	4.999866e+00	4.983538e+02
1.125483563174230e-03	6.781196e-01	4.999866e+00	4.983538e+02
1.135723563174169e-03	6.781196e-01	4.999866e+00	4.983538e+02
1.145963563174108e-03	6.781196e-01	4.999866e+00	4.983538e+02
1.156203563174048e-03	6.781196e-01	4.999866e+00	4.983538e+02
1.166443563173987e-03	6.781196e-01	4.999866e+00	4.983538e+02
1.176683563173926e-03	6.781196e-01	4.999866e+00	4.983538e+02
1.186923563173865e-03	6.781196e-01	4.999866e+00	4.983538e+02
1.197163563173804e-03	6.781196e-01	4.999866e+00	4.983538e+02
1.207403563173743e-03	6.781196e-01	4.999866e+00	4.983538e+02
1.217643563173683e-03	6.781196e-01	4.999866e+00	4.983538e+02
1.227883563173622e-03	6.781196e-01	4.999866e+00	4.983538e+02
1.238123563173561e-03	6.781196e-01	4.999866e+00	4.983538e+02
1.248363563173500e-03	6.781196e-01	4.999866e+00	4.983538e+02
1.258603563173439e-03	6.781196e-01	4.999866e+00	4.983538e+02
1.268843563173379e-03	6.781196e-01	4.999866e+00	4.983538e+02
1.279083563173318e-03	6.781196e-01	4.999866e+00	4.983538e+02
1.289323563173257e-03	6.781196e-01	4.999866e+00	4.983538e+02
1.299563563173196e-03	6.781196e-01	4.999866e+00	4.983538e+02
1.309803563173135e-03	6.781196e-01	4.999866e+00	4.983538e+02
1.320043563173074e-03	6.781196e-01	4.999866e+00	4.983538e+02
1.330283563173014e-03	6.781196e-01	4.999866e+00	4.983538e+02
1.340523563172953e-03	6.781196e-01	4.999866e+00	4.983538e+02
1.350763563172892e-03	6.781196e-01	4.999866e+00	4.983538e+02
1.361003563172831e-03	6.781196e-01	4.999866e+00	4.983538e+02
1.371243563172770e-03	6.781196e-01	4.999866e+00	4.983538e+02
1.381483563172710e-03	6.781196e-01	4.999866e+00	4.983538e+02
1.391723563172649e-03	6.781196e-01	4.999866e+00	4.983538e+02
1.401963563172588e-03	6.781196e-01	4.999866e+00	4.983538e+02
1.412203563172527e-03	6.781196e-01	4.999866e+00	4.983538e+02
1.422443563172466e-03	6.781196e-01	4.999866e+00	4.983538e+02
1.432683563172406e-03	6.781196e-01	4.999866e+00	4.983538e+02
1.442923563172345e-03	6.781196e-01	4.999866e+00	4.983538e+02
1.453163563172284e-03	6.781196e-01	4.999866e+00	4.983538e+02
1.463403563172223e-03	6.781196e-01	4.999866e+00	4.983538e+02
1.473643563172162e-03	6.781196e-01	4.999866e+00	4.983538e+02
1.483883563172101e-03	6.781196e-01	4.999866e+00	4.983538e+02
1.494123563172041e-03	6.781196e-01	4.999866e+00	4.983538e+02
1.504363563171980e-03	6.781196e-01	4.999866e+00	4.983538e+02
1.514603563171919e-03	6.781196e-01	4.999866e+00	4.983538e+02
1.524843563171858e-03	6.781196e-01	4.999866e+00	4.983538e+02
1.535083563171797e-03	6.781196e-01	4.999866e+00	4.983538e+02
1.545323563171737e-03	6.781196e-01	4.999866e+00	4.983538e+02
1.555563563171676e-03	6.781196e-01	4.999866e+00	4.983538e+02
1.565803563171615e-03	6.781196e-01	4.999866e+00	4.983538e+02
1.576043563171554e-03	6.781196e-01	4.999866e+00	4.983538e+02
1.586283563171493e-03	6.781196e-01	4.999866e+00	4.983538e+02
1.596523563171433e-03	6.781196e-01	4.999866e+00	4.983538e+02
1.606763563171372e-03	6.781196e-01	4.999866e+00	4.983538e+02
1.617003563171311e-03	6.781196e-01	4.999866e+00	4.983538e+02
1.627243563171250e-03	6.781196e-01	4.999866e+00	4.983538e+02
1.637483563171189e-03	6.781196e-01	4.999866e+00	4.983538e+02
1.647723563171128e-03	6.781196e-01	4.999866e+00	4.983538e+02
1.657963563171068e-03	6.781196e-01	4.999866e+00	4.983538e+02
1.668203563171007e-03	6.781196e-01	4.999866e+00	4.983538e+02
1.678443563170946e-03	6.781196e-01	4.999866e+00	4.983538e+02
1.688683563170885e-03	6.781196e-01	4.999866e+00	4.983538e+02
1.698923563170824e-03	6.781196e-01	4.999866e+00	4.983538e+02
1.709163563170764e-03	6.781196e-01	4.999866e+00	4.983538e+02
1.719403563170703e-03	6.781196e-01	4.999866e+00	4.983538e+02
1.729643563170642e-03	6.781196e-01	4.999866e+00	4.983538e+02
1.739883563170581e-03	6.781196e-01	4.999866e+00	4.983538e+02
1.750123563170520e-03	6.781196e-01	4.999866e+00	4.983538e+02
1.760363563170460e-03	6.781196e-01	4.999866e+00	4.983538e+02
1.770603563170399e-03	6.781196e-01	4.999866e+00	4.983538e+02
1.780843563170338e-03	6.781196e-01	4.999866e+00	4.983538e+02
1.791083563170277e-03	6.781196e-01	4.999866e+00	4.983538e+02
1.801323563170216e-03	6.781196e-01	4.999866e+00	4.983538e+02
1.811563563170155e-03	6.781196e-01	4.999866e+00	4.983538e+02
1.821803563170095e-03	6.781196e-01	4.999866e+00	4.983538e+02
1.832043563170034e-03	6.781196e-01	4.999866e+00	4.983538e+02
1.842283563169973e-03	6.781196e-01	4.999866e+00	4.983538e+02
1.852523563169912e-03	6.781196e-01	4.999866e+00	4.983538e+02
1.862763563169851e-03	6.781196e-01	4.999866e+00	4.983538e+02
1.873003563169791e-03	6.781196e-01	4.999866e+00	4.983538e+02
1.883243563169730e-03	6.781196e-01	4.999866e+00	4.983538e+02
1.893483563169669e-03	6.781196e-01	4.999866e+00	4.983538e+02
1.903723563169608e-03	6.781196e-01	4.999866e+00	4.983538e+02
1.913963563169547e-03	6.781196e-01	4.999866e+00	4.983538e+02
1.924203563169487e-03	6.781196e-01	4.999866e+00	4.983538e+02
1.934443563169426e-03	6.781196e-01	4.999866e+00	4.983538e+02
1.944683563169365e-03	6.781196e-01	4.999866e+00	4.983538e+02
1.954923563169304e-03	6.781196e-01	4.999866e+00	4.983538e+02
1.965163563169243e-03	6.781196e-01	4.999866e+00	4.983538e+02
1.975403563169182e-03	6.781196e-01	4.999866e+00	4.983538e+02
1.985643563169122e-03	6.781196e-01	4.999866e+00	4.983538e+02
1.995883563169061e-03	6.781196e-01	4.999866e+00	4.983538e+02
2.006123563169000e-03	6.781196e-01	4.999866e+00	4.983538e+02
2.016363563168939e-03	6.781196e-01	4.999866e+00	4.983538e+02
2.026603563168878e-03	6.781196e-01	4.999866e+00	4.983538e+02
2.036843563168818e-03	6.781196e-01	4.999866e+00	4.983538e+02
2.047083563168757e-03	6.781196e-01	4.999866e+00	4.983538e+02
2.057323563168696e-03	6.781196e-01	4.999866e+00	4.983538e+02
2.067563563168635e-03	6.781196e-01	4.999866e+00	4.983538e+02
2.077803563168574e-03	6.781196e-01	4.999866e+00	4.983538e+02
2.088043563168513e-03	6.781196e-01	4.999866e+00	4.983538e+02
2.098283563168453e-03	6.781196e-01	4.999866e+00	4.983538e+02
2.108523563168392e-03	6.781196e-01	4.999866e+00	4.983538e+02
2.118763563168331e-03	6.781196e-01	4.999866e+00	4.983538e+02
2.129003563168270e-03	6.781196e-01	4.999866e+00	4.983538e+02
2.139243563168209e-03	6.781196e-01	4.999866e+00	4.983538e+02
2.149483563168149e-03	6.781196e-01	4.999866e+00	4.983538e+02
2.159723563168088e-03	6.781196e-01	4.999866e+00	4.983538e+02
2.169963563168027e-03	6.781196e-01	4.999866e+00	4.983538e+02
2.180203563167966e-03	6.781196e-01	4.999866e+00	4.983538e+02
2.190443563167905e-03	6.781196e-01	4.999866e+00	4.983538e+02
2.200683563167845e-03	6.781196e-01	4.999866e+00	4.983538e+02
2.210923563167784e-03	6.781196e-01	4.999866e+00	4.983538e+02
2.221163563167723e-03	6.781196e-01	4.999866e+00	4.983538e+02
2.231403563167662e-03	6.781196e-01	4.999866e+00	4.983538e+02
2.241643563167601e-03	6.781196e-01	4.999866e+00	4.983538e+02
2.251883563167540e-03	6.781196e-01	4.999866e+00	4.983538e+02
2.262123563167480e-03	6.781196e-01	4.999866e+00	4.983538e+02
2.272363563167419e-03	6.781196e-01	4.999866e+00	4.983538e+02
2.282603563167358e-03	6.781196e-01	4.999866e+00	4.983538e+02
2.292843563167297e-03	6.781196e-01	4.999866e+00	4.983538e+02
2.303083563167236e-03	6.781196e-01	4.999866e+00	4.983538e+02
2.313323563167176e-03	6.781196e-01	4.999866e+00	4.983538e+02
2.323563563167115e-03	6.781196e-01	4.999866e+00	4.983538e+02
2.333803563167054e-03	6.781196e-01	4.999866e+00	4.983538e+02
2.344043563166993e-03	6.781196e-01	4.999866e+00	4.983538e+02
2.354283563166932e-03	6.781196e-01	4.999866e+00	4.983538e+02
2.364523563166872e-03	6.781196e-01	4.999866e+00	4.983538e+02
2.374763563166811e-03	6.781196e-01	4.999866e+00	4.983538e+02
2.385003563166750e-03	6.781196e-01	4.999866e+00	4.983538e+02
2.395243563166689e-03	6.781196e-01	4.999866e+00	4.983538e+02
2.405483563166628e-03	6.781196e-01	4.999866e+00	4.983538e+02
2.415723563166567e-03	6.781196e-01	4.999866e+00	4.983538e+02
2.425963563166507e-03	6.781196e-01	4.999866e+00	4.983538e+02
2.436203563166446e-03	6.781196e-01	4.999866e+00	4.983538e+02
2.446443563166385e-03	6.781196e-01	4.999866e+00	4.983538e+02
2.456683563166324e-03	6.781196e-01	4.999866e+00	4.983538e+02
2.466923563166263e-03	6.781196e-01	4.999866e+00	4.983538e+02
2.477163563166203e-03	6.781196e-01	4.999866e+00	4.983538e+02
2.487403563166142e-03	6.781196e-01	4.999866e+00	4.983538e+02
2.497643563166081e-03	6.781196e-01	4.999866e+00	4.983538e+02
2.507883563166020e-03	6.781196e-01	4.999866e+00	4.983538e+02
2.518123563165959e-03	6.781196e-01	4.999866e+00	4.983538e+02
2.528363563165899e-03	6.781196e-01	4.999866e+00	4.983538e+02
2.538603563165838e-03	6.781196e-01	4.999866e+00	4.983538e+02
2.548843563165777e-03	6.781196e-01	4.999866e+00	4.983538e+02
2.559083563165716e-03	6.781196e-01	4.999866e+00	4.983538e+02
2.569323563165655e-03	6.781196e-01	4.999866e+00	4.983538e+02
2.579563563165594e-03	6.781196e-01	4.999866e+00	4.983538e+02
2.589803563165534e-03	6.781196e-01	4.999866e+00	4.983538e+02
2.600043563165473e-03	6.781196e-01	4.999866e+00	4.983538e+02
2.610283563165412e-03	6.781196e-01	4.999866e+00	4.983538e+02
2.620523563165351e-03	6.781196e-01	4.999866e+00	4.983538e+02
2.630763563165290e-03	6.781196e-01	4.999866e+00	4.983538e+02
2.641003563165230e-03	6.781196e-01	4.999866e+00	4.983538e+02
2.651243563165169e-03	6.781196e-01	4.999866e+00	4.983538e+02
2.661483563165108e-03	6.781196e-01	4.999866e+00	4.983538e+02
2.671723563165047e-03	6.781196e-01	4.999866e+00	4.983538e+02
2.681963563164986e-03	6.781196e-01	4.999866e+00	4.983538e+02
2.692203563164926e-03	6.781196e-01	4.999866e+00	4.983538e+02
2.702443563164865e-03	6.781196e-01	4.999866e+00	4.983538e+02
2.712683563164804e-03	6.781196e-01	4.999866e+00	4.983538e+02
2.722923563164743e-03	6.781196e-01	4.999866e+00	4.983538e+02
2.733163563164682e-03	6.781196e-01	4.999866e+00	4.983538e+02
2.743403563164621e-03	6.781196e-01	4.999866e+00	4.983538e+02
2.753643563164561e-03	6.781196e-01	4.999866e+00	4.983538e+02
2.763883563164500e-03	6.781196e-01	4.999866e+00	4.983538e+02
2.774123563164439e-03	6.781196e-01	4.999866e+00	4.983538e+02
2.784363563164378e-03	6.781196e-01	4.999866e+00	4.983538e+02
2.794603563164317e-03	6.781196e-01	4.999866e+00	4.983538e+02
2.804843563164257e-03	6.781196e-01	4.999866e+00	4.983538e+02
2.815083563164196e-03	6.781196e-01	4.999866e+00	4.983538e+02
2.825323563164135e-03	6.781196e-01	4.999866e+00	4.983538e+02
2.835563563164074e-03	6.781196e-01	4.999866e+00	4.983538e+02
2.845803563164013e-03	6.781196e-01	4.999866e+00	4.983538e+02
2.856043563163952e-03	6.781196e-01	4.999866e+00	4.983538e+02
2.866283563163892e-03	6.781196e-01	4.999866e+00	4.983538e+02
2.876523563163831e-03	6.781196e-01	4.999866e+00	4.983538e+02
2.886763563163770e-03	6.781196e-01	4.999866e+00	4.983538e+02
2.897003563163709e-03	6.781196e-01	4.999866e+00	4.983538e+02
2.907243563163648e-03	6.781196e-01	4.999866e+00	4.983538e+02
2.917483563163588e-03	6.781196e-01	4.999866e+00	4.983538e+02
2.927723563163527e-03	6.781196e-01	4.999866e+00	4.983538e+02
2.937963563163466e-03	6.781196e-01	4.999866e+00	4.983538e+02
2.948203563163405e-03	6.781196e-01	4.999866e+00	4.983538e+02
2.958443563163344e-03	6.781196e-01	4.999866e+00	4.983538e+02
2.968683563163284e-03	6.781196e-01	4.999866e+00	4.983538e+02
2.978923563163223e-03	6.781196e-01	4.999866e+00	4.983538e+02
2.989163563163162e-03	6.781196e-01	4.999866e+00	4.983538e+02
2.999403563163101e-03	6.781196e-01	4.999866e+00	4.983538e+02
3.000000000000000e-03	6.781196e-01	4.999866e+00	4.983538e+02
Step Information: Cpar=1p  (Step: 2/8)
0.000000000000000e+00	6.781196e-01	4.999866e+00	4.983538e+02
1.006310719976990e-05	6.781196e-01	4.999866e+00	4.983538e+02
2.030310719977066e-05	6.781196e-01	4.999866e+00	4.983538e+02
3.054310719977230e-05	6.781196e-01	4.999866e+00	4.983538e+02
4.078310719977393e-05	6.781196e-01	4.999866e+00	4.983538e+02
5.102310719977557e-05	6.781196e-01	4.999866e+00	4.983538e+02
6.126310719977705e-05	6.781196e-01	4.999866e+00	4.983538e+02
7.150310719977175e-05	6.781196e-01	4.999866e+00	4.983538e+02
8.174310719976644e-05	6.781196e-01	4.999866e+00	4.983538e+02
9.198310719976114e-05	6.781196e-01	4.999866e+00	4.983538e+02
1.022231071997558e-04	6.781196e-01	4.999866e+00	4.983538e+02
1.124631071997505e-04	6.781196e-01	4.999866e+00	4.983538e+02
1.227031071997452e-04	6.781196e-01	4.999866e+00	4.983538e+02
1.329431071997399e-04	6.781196e-01	4.999866e+00	4.983538e+02
1.431831071997346e-04	6.781196e-01	4.999866e+00	4.983538e+02
1.534231071997293e-04	6.781196e-01	4.999866e+00	4.983538e+02
1.636631071997240e-04	6.781196e-01	4.999866e+00	4.983538e+02
1.739031071997187e-04	6.781196e-01	4.999866e+00	4.983538e+02
1.841431071997134e-04	6.781196e-01	4.999866e+00	4.983538e+02
1.943831071997081e-04	6.781196e-01	4.999866e+00	4.983538e+02
2.046231071997028e-04	6.781196e-01	4.999866e+00	4.983538e+02
2.148631071996975e-04	6.781196e-01	4.999866e+00	4.983538e+02
2.251031071996922e-04	6.781196e-01	4.999866e+00	4.983538e+02
2.353431071996869e-04	6.781196e-01	4.999866e+00	4.983538e+02
2.455831071996817e-04	6.781196e-01	4.999866e+00	4.983538e+02
2.558231071996763e-04	6.781196e-01	4.999866e+00	4.983538e+02
2.660631071996710e-04	6.781196e-01	4.999866e+00	4.983538e+02
2.763031071996657e-04	6.781196e-01	4.999866e+00	4.983538e+02
2.865431071996604e-04	6.781196e-01	4.999866e+00	4.983538e+02
2.967831071996551e-04	6.781196e-01	4.999866e+00	4.983538e+02
3.070231071996498e-04	6.781196e-01	4.999866e+00	4.983538e+02
3.172631071996445e-04	6.781196e-01	4.999866e+00	4.983538e+02
3.275031071996392e-04	6.781196e-01	4.999866e+00	4.983538e+02
3.377431071996339e-04	6.781196e-01	4.999866e+00	4.983538e+02
3.479831071996286e-04	6.781196e-01	4.999866e+00	4.983538e+02
3.582231071996233e-04	6.781196e-01	4.999866e+00	4.983538e+02
3.684631071996180e-04	6.781196e-01	4.999866e+00	4.983538e+02
3.787031071996127e-04	6.781196e-01	4.999866e+00	4.983538e+02
3.889431071996074e-04	6.781196e-01	4.999866e+00	4.983538e+02
3.991831071996021e-04	6.781196e-01	4.999866e+00	4.983538e+02
4.094231071995968e-04	6.781196e-01	4.999866e+00	4.983538e+02
4.196631071995915e-04	6.781196e-01	4.999866e+00	4.983538e+02
4.299031071995862e-04	6.781196e-01	4.999866e+00	4.983538e+02
4.401431071995809e-04	6.781196e-01	4.999866e+00	4.983538e+02
4.503831071995756e-04	6.781196e-01	4.999866e+00	4.983538e+02
4.606231071995703e-04	6.781196e-01	4.999866e+00	4.983538e+02
4.708631071995650e-04	6.781196e-01	4.999866e+00	4.983538e+02
4.811031071995597e-04	6.781196e-01	4.999866e+00	4.983538e+02
4.913431071995710e-04	6.781196e-01	4.999866e+00	4.983538e+02
5.000000000000004e-04	6.781196e-01	4.999866e+00	4.983538e+02
5.000010000000000e-04	6.461328e-01	4.999866e+00	3.996605e+02
5.000025686276033e-04	4.409977e-01	4.999866e+00	1.802379e+02
5.000030843387875e-04	3.352186e-01	4.999866e+00	1.427966e+02
5.000038160977694e-04	1.733071e-01	4.999866e+00	1.041809e+02
5.000047133420303e-04	-3.335249e-02	4.999866e+00	7.308043e+01
5.000053931836514e-04	-1.805595e-01	4.999866e+00	5.768093e+01
5.000058461984795e-04	-2.424381e-01	4.999866e+00	5.008823e+01
5.000064741771696e-04	-2.593212e-01	4.999866e+00	4.205267e+01
5.000069301156450e-04	-2.558825e-01	4.999866e+00	3.764484e+01
5.000074711702976e-04	-2.564997e-01	4.999866e+00	3.355271e+01
5.000081322192432e-04	-2.560323e-01	4.999866e+00	2.981149e+01
5.000093294125335e-04	-2.554504e-01	4.999866e+00	2.533809e+01
5.000109457660714e-04	-2.542062e-01	4.999866e+00	2.203664e+01
5.000126838596917e-04	-2.528271e-01	4.999866e+00	2.015348e+01
5.000147767601344e-04	-2.509925e-01	4.999866e+00	1.876219e+01
5.000174465994042e-04	-2.486829e-01	4.999866e+00	1.747410e+01
5.000213758673329e-04	-2.452122e-01	4.999866e+00	1.589321e+01
5.000273337362958e-04	-2.400222e-01	4.999866e+00	1.380347e+01
5.000373337362958e-04	-2.312915e-01	4.999866e+00	1.088907e+01
5.000473337362959e-04	-2.226868e-01	4.999866e+00	8.593652e+00
5.000573337362959e-04	-2.140843e-01	4.999866e+00	6.785492e+00
5.000673337362960e-04	-2.056100e-01	4.999866e+00	5.361275e+00
5.000773337362960e-04	-1.971172e-01	4.999866e+00	4.239422e+00
5.000873337362961e-04	-1.887539e-01	4.999866e+00	3.355763e+00
5.000973337362961e-04	-1.803812e-01	4.999866e+00	2.659714e+00
5.001073337362962e-04	-1.721292e-01	4.999866e+00	2.111446e+00
5.001173337362962e-04	-1.639063e-01	4.999866e+00	1.679581e+00
5.001273337362963e-04	-1.557921e-01	4.999866e+00	1.339406e+00
5.001373337362963e-04	-1.477587e-01	4.999866e+00	1.071451e+00
5.001473337362964e-04	-1.398378e-01	4.999866e+00	8.603837e-01
5.001573337362964e-04	-1.320440e-01	4.999866e+00	6.941237e-01
5.001673337362964e-04	-1.243889e-01	4.999866e+00	5.631580e-01
5.001773337362965e-04	-1.169011e-01	4.999866e+00	4.599915e-01
5.001873337362965e-04	-1.095879e-01	4.999866e+00	3.787217e-01
5.001973337362966e-04	-1.024802e-01	4.999866e+00	3.146984e-01
5.002073337362966e-04	-9.558231e-02	4.999866e+00	2.642593e-01
5.002173337362967e-04	-8.892249e-02	4.999866e+00	2.245196e-01
5.002273337362967e-04	-8.250014e-02	4.999866e+00	1.932070e-01
5.002373337362968e-04	-7.633850e-02	4.999866e+00	1.685319e-01
5.002473337362968e-04	-7.043060e-02	4.999866e+00	1.490847e-01
5.002573337362969e-04	-6.479347e-02	4.999866e+00	1.337553e-01
5.002673337362969e-04	-5.941368e-02	4.999866e+00	1.216694e-01
5.002773337362970e-04	-5.430233e-02	4.999866e+00	1.121383e-01
5.002873337362970e-04	-4.944059e-02	4.999866e+00	1.046200e-01
5.002973337362971e-04	-4.483485e-02	4.999866e+00	9.868725e-02
5.003073337362971e-04	-4.046249e-02	4.999866e+00	9.400386e-02
5.003173337362972e-04	-3.632677e-02	4.999866e+00	9.030499e-02
5.003273337362972e-04	-3.240293e-02	4.999866e+00	8.738208e-02
5.003373337362973e-04	-2.869282e-02	4.999866e+00	8.507087e-02
5.003473337362973e-04	-2.517091e-02	4.999866e+00	8.324199e-02
5.003573337362974e-04	-2.183865e-02	4.999866e+00	8.179355e-02
5.003673337362974e-04	-1.867075e-02	4.999866e+00	8.064529e-02
5.003773337362975e-04	-1.566911e-02	4.999866e+00	7.973395e-02
5.003873337362975e-04	-1.280935e-02	4.999866e+00	7.900970e-02
5.003973337362976e-04	-1.009429e-02	4.999866e+00	7.843329e-02
5.004073337362976e-04	-7.500723e-03	4.999866e+00	7.797374e-02
5.004173337362977e-04	-5.032626e-03	4.999866e+00	7.760663e-02
5.004273337362977e-04	-2.668106e-03	4.999866e+00	7.731273e-02
5.004373337362978e-04	-4.122943e-04	4.999866e+00	7.707683e-02
5.004473337362978e-04	1.755411e-03	4.999866e+00	7.688693e-02
5.004573337362979e-04	3.828779e-03	4.999866e+00	7.673357e-02
5.004673337362979e-04	5.827223e-03	4.999866e+00	7.660927e-02
5.004773337362980e-04	7.743524e-03	4.999866e+00	7.650810e-02
5.004873337362980e-04	9.596039e-03	4.999866e+00	7.642538e-02
5.004973337362981e-04	1.137670e-02	4.999866e+00	7.635741e-02
5.005073337362981e-04	1.310294e-02	4.999866e+00	7.630125e-02
5.005173337362982e-04	1.476597e-02	4.999866e+00	7.625458e-02
5.005273337362982e-04	1.638245e-02	4.999866e+00	7.621553e-02
5.005373337362983e-04	1.794299e-02	4.999866e+00	7.618265e-02
5.005473337362983e-04	1.946358e-02	4.999866e+00	7.615475e-02
5.005573337362984e-04	2.093435e-02	4.999866e+00	7.613091e-02
5.005673337362984e-04	2.237073e-02	4.999866e+00	7.611038e-02
5.005773337362985e-04	2.376245e-02	4.999866e+00	7.609256e-02
5.005873337362985e-04	2.512447e-02	4.999866e+00	7.607698e-02
5.005973337362986e-04	2.644621e-02	4.999866e+00	7.606325e-02
5.006073337362986e-04	2.774222e-02	4.999866e+00	7.605106e-02
5.006173337362987e-04	2.900166e-02	4.999866e+00	7.604016e-02
5.006273337362987e-04	3.023875e-02	4.999866e+00	7.603034e-02
5.006373337362988e-04	3.144246e-02	4.999866e+00	7.602144e-02
5.006473337362988e-04	3.262671e-02	4.999866e+00	7.601333e-02
5.006573337362989e-04	3.378032e-02	4.999866e+00	7.600590e-02
5.006673337362989e-04	3.491695e-02	4.999866e+00	7.599905e-02
5.006773337362989e-04	3.602529e-02	4.999866e+00	7.599271e-02
5.006873337362990e-04	3.711881e-02	4.999866e+00	7.598681e-02
5.006973337362990e-04	3.818610e-02	4.999866e+00	7.598131e-02
5.007073337362991e-04	3.924043e-02	4.999866e+00	7.597616e-02
5.007173337362991e-04	4.027032e-02	4.999866e+00	7.597131e-02
5.007273337362992e-04	4.128887e-02	4.999866e+00	7.596675e-02
5.007373337362992e-04	4.228456e-02	4.999866e+00	7.596244e-02
5.007473337362993e-04	4.327034e-02	4.999866e+00	7.595836e-02
5.007573337362993e-04	4.423465e-02	4.999866e+00	7.595448e-02
5.007673337362994e-04	4.519030e-02	4.999866e+00	7.595080e-02
5.007773337362994e-04	4.612572e-02	4.999866e+00	7.594730e-02
5.007873337362995e-04	4.705359e-02	4.999866e+00	7.594395e-02
5.007973337362995e-04	4.796232e-02	4.999866e+00	7.594076e-02
5.008073337362996e-04	4.886450e-02	4.999866e+00	7.593770e-02
5.008173337362996e-04	4.974851e-02	4.999866e+00	7.593478e-02
5.008273337362997e-04	5.062684e-02	4.999866e+00	7.593198e-02
5.008373337362997e-04	5.148790e-02	4.999866e+00	7.592929e-02
5.008473337362998e-04	5.234408e-02	4.999866e+00	7.592671e-02
5.008573337362998e-04	5.318376e-02	4.999866e+00	7.592422e-02
5.008673337362999e-04	5.401927e-02	4.999866e+00	7.592183e-02
5.008773337362999e-04	5.483902e-02	4.999866e+00	7.591953e-02
5.008873337363000e-04	5.565522e-02	4.999866e+00	7.591731e-02
5.008973337363000e-04	5.645631e-02	4.999866e+00	7.591517e-02
5.009073337363001e-04	5.725444e-02	4.999866e+00	7.591310e-02
5.009173337363001e-04	5.803805e-02	4.999866e+00	7.591111e-02
5.009273337363002e-04	5.881922e-02	4.999866e+00	7.590918e-02
5.009373337363002e-04	5.958641e-02	4.999866e+00	7.590732e-02
5.009473337363003e-04	6.035164e-02	4.999866e+00	7.590552e-02
5.009573337363003e-04	6.110339e-02	4.999866e+00	7.590377e-02
5.009673337363004e-04	6.185361e-02	4.999866e+00	7.590208e-02
5.009773337363004e-04	6.259082e-02	4.999866e+00	7.590044e-02
5.009873337363005e-04	6.332687e-02	4.999866e+00	7.589886e-02
5.009973337363005e-04	6.405035e-02	4.999866e+00	7.589732e-02
5.010073337363006e-04	6.477303e-02	4.999866e+00	7.589582e-02
5.010173337363006e-04	6.548352e-02	4.999866e+00	7.589438e-02
5.010273337363007e-04	6.619355e-02	4.999866e+00	7.589296e-02
5.010373337363007e-04	6.689174e-02	4.999866e+00	7.589160e-02
5.010473337363008e-04	6.758980e-02	4.999866e+00	7.589027e-02
5.010573337363008e-04	6.827635e-02	4.999866e+00	7.588898e-02
5.010673337363009e-04	6.896301e-02	4.999866e+00	7.588772e-02
5.010773337363009e-04	6.963851e-02	4.999866e+00	7.588650e-02
5.010873337363010e-04	7.031438e-02	4.999866e+00	7.588530e-02
5.010973337363010e-04	7.097936e-02	4.999866e+00	7.588414e-02
5.011073337363011e-04	7.164495e-02	4.999866e+00	7.588302e-02
5.011173337363011e-04	7.229993e-02	4.999866e+00	7.588191e-02
5.011273337363012e-04	7.295575e-02	4.999866e+00	7.588084e-02
5.011373337363012e-04	7.360120e-02	4.999866e+00	7.587979e-02
5.011473337363013e-04	7.424770e-02	4.999866e+00	7.587877e-02
5.011573337363013e-04	7.488406e-02	4.999866e+00	7.587778e-02
5.011673337363014e-04	7.552166e-02	4.999866e+00	7.587681e-02
5.011773337363014e-04	7.614935e-02	4.999866e+00	7.587586e-02
5.011873337363014e-04	7.677845e-02	4.999866e+00	7.587493e-02
5.011973337363015e-04	7.739785e-02	4.999866e+00	7.587403e-02
5.012073337363015e-04	7.801883e-02	4.999866e+00	7.587314e-02
5.012173337363016e-04	7.863031e-02	4.999866e+00	7.587228e-02
5.012273337363016e-04	7.924351e-02	4.999866e+00	7.587144e-02
5.012373337363017e-04	7.984740e-02	4.999866e+00	7.587062e-02
5.012473337363017e-04	8.045316e-02	4.999866e+00	7.586981e-02
5.012573337363018e-04	8.104978e-02	4.999866e+00	7.586902e-02
5.012673337363018e-04	8.164839e-02	4.999866e+00	7.586825e-02
5.012773337363019e-04	8.223804e-02	4.999866e+00	7.586750e-02
5.012873337363019e-04	8.282981e-02	4.999866e+00	7.586675e-02
5.012973337363020e-04	8.341277e-02	4.999866e+00	7.586603e-02
5.013073337363020e-04	8.399796e-02	4.999866e+00	7.586532e-02
5.013173337363021e-04	8.457449e-02	4.999866e+00	7.586463e-02
5.013273337363021e-04	8.515336e-02	4.999866e+00	7.586395e-02
5.013373337363022e-04	8.572372e-02	4.999866e+00	7.586329e-02
5.013473337363022e-04	8.629651e-02	4.999866e+00	7.586263e-02
5.013573337363023e-04	8.686093e-02	4.999866e+00	7.586199e-02
5.013673337363023e-04	8.742788e-02	4.999866e+00	7.586136e-02
5.013773337363024e-04	8.798658e-02	4.999866e+00	7.586075e-02
5.013873337363024e-04	8.854789e-02	4.999866e+00	7.586015e-02
5.013973337363025e-04	8.910108e-02	4.999866e+00	7.585955e-02
5.014073337363025e-04	8.965697e-02	4.999866e+00	7.585897e-02
5.014173337363026e-04	9.020486e-02	4.999866e+00	7.585841e-02
5.014273337363026e-04	9.075551e-02	4.999866e+00	7.585785e-02
5.014373337363027e-04	9.129828e-02	4.999866e+00	7.585730e-02
5.014473337363027e-04	9.184389e-02	4.999866e+00	7.585676e-02
5.014573337363028e-04	9.238172e-02	4.999866e+00	7.585623e-02
5.014673337363028e-04	9.292245e-02	4.999866e+00	7.585572e-02
5.014773337363029e-04	9.345551e-02	4.999866e+00	7.585520e-02
5.014873337363029e-04	9.399153e-02	4.999866e+00	7.585470e-02
5.014973337363030e-04	9.451999e-02	4.999866e+00	7.585421e-02
5.015073337363030e-04	9.505147e-02	4.999866e+00	7.585373e-02
5.015173337363031e-04	9.557547e-02	4.999866e+00	7.585325e-02
5.015273337363031e-04	9.610254e-02	4.999866e+00	7.585279e-02
5.015373337363032e-04	9.662224e-02	4.999866e+00	7.585233e-02
5.015473337363032e-04	9.714506e-02	4.999866e+00	7.585188e-02
5.015573337363033e-04	9.766059e-02	4.999866e+00	7.585143e-02
5.015673337363033e-04	9.817929e-02	4.999866e+00	7.585100e-02
5.015773337363034e-04	9.869078e-02	4.999866e+00	7.585057e-02
5.015873337363034e-04	9.920549e-02	4.999866e+00	7.585014e-02
5.015973337363035e-04	9.971307e-02	4.999866e+00	7.584973e-02
5.016073337363035e-04	1.002239e-01	4.999866e+00	7.584932e-02
5.016173337363036e-04	1.007277e-01	4.999866e+00	7.584892e-02
5.016273337363036e-04	1.012348e-01	4.999866e+00	7.584853e-02
5.016373337363037e-04	1.017349e-01	4.999866e+00	7.584814e-02
5.016473337363037e-04	1.022384e-01	4.999866e+00	7.584775e-02
5.016573337363038e-04	1.027350e-01	4.999866e+00	7.584737e-02
5.016673337363038e-04	1.032349e-01	4.999866e+00	7.584701e-02
5.016773337363039e-04	1.037280e-01	4.999866e+00	7.584663e-02
5.016873337363039e-04	1.042245e-01	4.999866e+00	7.584628e-02
5.016973337363040e-04	1.047143e-01	4.999866e+00	7.584592e-02
5.017073337363040e-04	1.052074e-01	4.999866e+00	7.584557e-02
5.017173337363040e-04	1.056939e-01	4.999866e+00	7.584523e-02
5.017273337363041e-04	1.061839e-01	4.999866e+00	7.584489e-02
5.017373337363041e-04	1.066672e-01	4.999866e+00	7.584456e-02
5.017473337363042e-04	1.071540e-01	4.999866e+00	7.584423e-02
5.017573337363042e-04	1.076343e-01	4.999866e+00	7.584390e-02
5.017673337363043e-04	1.081180e-01	4.999866e+00	7.584358e-02
5.017773337363043e-04	1.085953e-01	4.999866e+00	7.584327e-02
5.017873337363044e-04	1.090761e-01	4.999866e+00	7.584295e-02
5.017973337363044e-04	1.095504e-01	4.999866e+00	7.584265e-02
5.018073337363045e-04	1.100283e-01	4.999866e+00	7.584234e-02
5.018173337363045e-04	1.104998e-01	4.999866e+00	7.584205e-02
5.018273337363046e-04	1.109749e-01	4.999866e+00	7.584175e-02
5.018373337363046e-04	1.114437e-01	4.999866e+00	7.584146e-02
5.018473337363047e-04	1.119160e-01	4.999866e+00	7.584117e-02
5.018573337363047e-04	1.123821e-01	4.999866e+00	7.584089e-02
5.018673337363048e-04	1.128518e-01	4.999866e+00	7.584061e-02
5.018773337363048e-04	1.133152e-01	4.999866e+00	7.584034e-02
5.018873337363049e-04	1.137823e-01	4.999866e+00	7.584006e-02
5.018973337363049e-04	1.142432e-01	4.999866e+00	7.583980e-02
5.019073337363050e-04	1.147077e-01	4.999866e+00	7.583953e-02
5.019173337363050e-04	1.151662e-01	4.999866e+00	7.583927e-02
5.019273337363051e-04	1.156282e-01	4.999866e+00	7.583901e-02
5.019373337363051e-04	1.160842e-01	4.999866e+00	7.583876e-02
5.019473337363052e-04	1.165439e-01	4.999866e+00	7.583851e-02
5.019573337363052e-04	1.169975e-01	4.999866e+00	7.583826e-02
5.019673337363053e-04	1.174548e-01	4.999866e+00	7.583801e-02
5.019773337363053e-04	1.179061e-01	4.999866e+00	7.583778e-02
5.019873337363054e-04	1.183611e-01	4.999866e+00	7.583753e-02
5.019973337363054e-04	1.188102e-01	4.999866e+00	7.583730e-02
5.020010000000001e-04	1.189778e-01	4.999866e+00	7.583721e-02
5.020013333333334e-04	1.189917e-01	4.999866e+00	7.583720e-02
5.020020000000001e-04	1.190242e-01	4.999866e+00	8.837282e-02
5.020028885391368e-04	1.190797e-01	4.999866e+00	1.214270e-01
5.020038309614324e-04	1.191571e-01	4.999866e+00	1.557150e-01
5.020047291825993e-04	1.192479e-01	4.999866e+00	1.876891e-01
5.020065256249331e-04	1.194758e-01	4.999866e+00	2.497077e-01
5.020101185096006e-04	1.200979e-01	4.999866e+00	3.668310e-01
5.020157440006075e-04	1.214434e-01	4.999866e+00	5.347403e-01
5.020222968511618e-04	1.234558e-01	4.999866e+00	7.117565e-01
5.020318471205339e-04	1.269788e-01	4.999866e+00	9.450092e-01
5.020418471205339e-04	1.311650e-01	4.999866e+00	1.168294e+00
5.020518471205340e-04	1.356565e-01	4.999866e+00	1.378581e+00
5.020618471205340e-04	1.403278e-01	4.999866e+00	1.581092e+00
5.020718471205341e-04	1.451041e-01	4.999866e+00	1.778940e+00
5.020818471205341e-04	1.499413e-01	4.999866e+00	1.973977e+00
5.020918471205342e-04	1.548131e-01	4.999866e+00	2.167310e+00
5.021018471205342e-04	1.597040e-01	4.999866e+00	2.359597e+00
5.021118471205343e-04	1.646048e-01	4.999866e+00	2.551231e+00
5.021218471205343e-04	1.695104e-01	4.999866e+00	2.742445e+00
5.021318471205344e-04	1.744175e-01	4.999866e+00	2.933379e+00
5.021418471205344e-04	1.793244e-01	4.999866e+00	3.124117e+00
5.021518471205345e-04	1.842302e-01	4.999866e+00	3.314707e+00
5.021618471205345e-04	1.891343e-01	4.999866e+00	3.505180e+00
5.021718471205346e-04	1.940364e-01	4.999866e+00	3.695554e+00
5.021818471205346e-04	1.989365e-01	4.999866e+00	3.885838e+00
5.021918471205347e-04	2.038344e-01	4.999866e+00	4.076040e+00
5.022018471205347e-04	2.087303e-01	4.999866e+00	4.266162e+00
5.022118471205348e-04	2.136240e-01	4.999866e+00	4.456208e+00
5.022218471205348e-04	2.185158e-01	4.999866e+00	4.646179e+00
5.022318471205349e-04	2.234056e-01	4.999866e+00	4.836076e+00
5.022418471205349e-04	2.282934e-01	4.999866e+00	5.025898e+00
5.022518471205350e-04	2.331792e-01	4.999866e+00	5.215647e+00
5.022618471205350e-04	2.380632e-01	4.999866e+00	5.405323e+00
5.022718471205351e-04	2.429453e-01	4.999866e+00	5.594926e+00
5.022818471205351e-04	2.478255e-01	4.999866e+00	5.784455e+00
5.022918471205352e-04	2.527038e-01	4.999866e+00	5.973912e+00
5.023018471205352e-04	2.575804e-01	4.999866e+00	6.163296e+00
5.023118471205353e-04	2.624550e-01	4.999866e+00	6.352607e+00
5.023218471205353e-04	2.673278e-01	4.999866e+00	6.541845e+00
5.023318471205354e-04	2.721988e-01	4.999866e+00	6.731010e+00
5.023418471205354e-04	2.770679e-01	4.999866e+00	6.920103e+00
5.023518471205355e-04	2.819351e-01	4.999866e+00	7.109122e+00
5.023618471205355e-04	2.868005e-01	4.999866e+00	7.298069e+00
5.023718471205355e-04	2.916640e-01	4.999866e+00	7.486944e+00
5.023818471205356e-04	2.965256e-01	4.999866e+00	7.675746e+00
5.023918471205356e-04	3.013852e-01	4.999866e+00	7.864475e+00
5.024018471205357e-04	3.062430e-01	4.999866e+00	8.053131e+00
5.024118471205357e-04	3.110988e-01	4.999866e+00	8.241715e+00
5.024218471205358e-04	3.159527e-01	4.999866e+00	8.430227e+00
5.024318471205358e-04	3.208046e-01	4.999866e+00	8.618666e+00
5.024418471205359e-04	3.256545e-01	4.999866e+00	8.807032e+00
5.024518471205359e-04	3.305024e-01	4.999866e+00	8.995326e+00
5.024618471205360e-04	3.353483e-01	4.999866e+00	9.183547e+00
5.024718471205360e-04	3.401921e-01	4.999866e+00	9.371696e+00
5.024818471205361e-04	3.450339e-01	4.999866e+00	9.559772e+00
5.024918471205361e-04	3.498736e-01	4.999866e+00	9.747777e+00
5.025018471205362e-04	3.547112e-01	4.999866e+00	9.935708e+00
5.025118471205362e-04	3.595467e-01	4.999866e+00	1.012357e+01
5.025218471205363e-04	3.643801e-01	4.999866e+00	1.031135e+01
5.025318471205363e-04	3.692113e-01	4.999866e+00	1.049907e+01
5.025418471205364e-04	3.740403e-01	4.999866e+00	1.068671e+01
5.025518471205364e-04	3.788671e-01	4.999866e+00	1.087428e+01
5.025618471205365e-04	3.836918e-01	4.999866e+00	1.106178e+01
5.025718471205365e-04	3.885142e-01	4.999866e+00	1.124920e+01
5.025818471205366e-04	3.933344e-01	4.999866e+00	1.143656e+01
5.025918471205366e-04	3.981523e-01	4.999866e+00	1.162384e+01
5.026018471205367e-04	4.029679e-01	4.999866e+00	1.181105e+01
5.026118471205367e-04	4.077812e-01	4.999866e+00	1.199818e+01
5.026218471205368e-04	4.125922e-01	4.999866e+00	1.218525e+01
5.026318471205368e-04	4.174008e-01	4.999866e+00	1.237224e+01
5.026418471205369e-04	4.222071e-01	4.999866e+00	1.255916e+01
5.026518471205369e-04	4.270111e-01	4.999866e+00	1.274601e+01
5.026618471205370e-04	4.318126e-01	4.999866e+00	1.293278e+01
5.026718471205370e-04	4.366117e-01	4.999866e+00	1.311948e+01
5.026818471205371e-04	4.414084e-01	4.999866e+00	1.330612e+01
5.026918471205371e-04	4.462027e-01	4.999866e+00	1.349267e+01
5.027018471205372e-04	4.509945e-01	4.999866e+00	1.367916e+01
5.027118471205372e-04	4.557838e-01	4.999866e+00	1.386558e+01
5.027218471205373e-04	4.605706e-01	4.999866e+00	1.405192e+01
5.027318471205373e-04	4.653548e-01	4.999866e+00	1.423819e+01
5.027418471205374e-04	4.701366e-01	4.999866e+00	1.442439e+01
5.027518471205374e-04	4.749158e-01	4.999866e+00	1.461052e+01
5.027618471205375e-04	4.796925e-01	4.999866e+00	1.479657e+01
5.027718471205375e-04	4.844665e-01	4.999866e+00	1.498256e+01
5.027818471205376e-04	4.892380e-01	4.999866e+00	1.516847e+01
5.027918471205376e-04	4.940068e-01	4.999866e+00	1.535431e+01
5.028018471205377e-04	4.987730e-01	4.999866e+00	1.554008e+01
5.028118471205377e-04	5.035366e-01	4.999866e+00	1.572577e+01
5.028218471205378e-04	5.082975e-01	4.999866e+00	1.591140e+01
5.028318471205378e-04	5.130557e-01	4.999866e+00	1.609695e+01
5.028418471205379e-04	5.178112e-01	4.999866e+00	1.628243e+01
5.028518471205379e-04	5.225641e-01	4.999866e+00	1.646784e+01
5.028618471205380e-04	5.273142e-01	4.999866e+00	1.665318e+01
5.028718471205380e-04	5.320615e-01	4.999866e+00	1.683844e+01
5.028818471205380e-04	5.368061e-01	4.999866e+00	1.702363e+01
5.028918471205381e-04	5.415479e-01	4.999866e+00	1.720876e+01
5.029018471205381e-04	5.462869e-01	4.999866e+00	1.739381e+01
5.029118471205382e-04	5.510232e-01	4.999866e+00	1.757878e+01
5.029218471205382e-04	5.557566e-01	4.999866e+00	1.776369e+01
5.029318471205383e-04	5.604872e-01	4.999866e+00	1.794853e+01
5.029418471205383e-04	5.652149e-01	4.999866e+00	1.813329e+01
5.029518471205384e-04	5.699397e-01	4.999866e+00	1.831798e+01
5.029618471205384e-04	5.746618e-01	4.999866e+00	1.850260e+01
5.029718471205385e-04	5.793809e-01	4.999866e+00	1.868715e+01
5.029818471205385e-04	5.840971e-01	4.999866e+00	1.887163e+01
5.029918471205386e-04	5.888103e-01	4.999866e+00	1.905604e+01
5.030018471205386e-04	5.935207e-01	4.999866e+00	1.924037e+01
5.030118471205387e-04	5.982281e-01	4.999866e+00	1.942463e+01
5.030218471205387e-04	6.029326e-01	4.999866e+00	1.960883e+01
5.030318471205388e-04	6.076340e-01	4.999866e+00	1.979295e+01
5.030418471205388e-04	6.123325e-01	4.999866e+00	1.997700e+01
5.030518471205389e-04	6.170280e-01	4.999866e+00	2.016097e+01
5.030618471205389e-04	6.217205e-01	4.999866e+00	2.034488e+01
5.030718471205390e-04	6.264099e-01	4.999866e+00	2.052872e+01
5.030818471205390e-04	6.310964e-01	4.999866e+00	2.071248e+01
5.030918471205391e-04	6.357797e-01	4.999866e+00	2.089617e+01
5.031018471205391e-04	6.404600e-01	4.999866e+00	2.107979e+01
5.031118471205392e-04	6.451372e-01	4.999866e+00	2.126334e+01
5.031218471205392e-04	6.498113e-01	4.999866e+00	2.144682e+01
5.031318471205393e-04	6.544823e-01	4.999866e+00	2.163023e+01
5.031418471205393e-04	6.591502e-01	4.999866e+00	2.181357e+01
5.031518471205394e-04	6.638150e-01	4.999866e+00	2.199683e+01
5.031618471205394e-04	6.684767e-01	4.999866e+00	2.218003e+01
5.031718471205395e-04	6.731352e-01	4.999866e+00	2.236315e+01
5.031818471205395e-04	6.777905e-01	4.999866e+00	2.254620e+01
5.031918471205396e-04	6.824426e-01	4.999866e+00	2.272918e+01
5.032018471205396e-04	6.870916e-01	4.999866e+00	2.291209e+01
5.032118471205397e-04	6.917374e-01	4.999866e+00	2.309493e+01
5.032218471205397e-04	6.963799e-01	4.999866e+00	2.327770e+01
5.032318471205398e-04	7.010192e-01	4.999866e+00	2.346039e+01
5.032418471205398e-04	7.056553e-01	4.999866e+00	2.364302e+01
5.032518471205399e-04	7.102882e-01	4.999866e+00	2.382557e+01
5.032618471205399e-04	7.149178e-01	4.999866e+00	2.400806e+01
5.032718471205400e-04	7.195441e-01	4.999866e+00	2.419047e+01
5.032818471205400e-04	7.241672e-01	4.999866e+00	2.437281e+01
5.032918471205401e-04	7.287869e-01	4.999866e+00	2.455508e+01
5.033018471205401e-04	7.334034e-01	4.999866e+00	2.473728e+01
5.033118471205402e-04	7.380165e-01	4.999866e+00	2.491941e+01
5.033218471205402e-04	7.426263e-01	4.999866e+00	2.510147e+01
5.033318471205403e-04	7.472328e-01	4.999866e+00	2.528346e+01
5.033418471205403e-04	7.518359e-01	4.999866e+00	2.546538e+01
5.033518471205404e-04	7.564358e-01	4.999866e+00	2.564722e+01
5.033618471205404e-04	7.610322e-01	4.999866e+00	2.582900e+01
5.033718471205405e-04	7.656252e-01	4.999866e+00	2.601071e+01
5.033818471205405e-04	7.702149e-01	4.999866e+00	2.619234e+01
5.033918471205405e-04	7.748012e-01	4.999866e+00	2.637390e+01
5.034018471205406e-04	7.793841e-01	4.999866e+00	2.655540e+01
5.034118471205406e-04	7.839635e-01	4.999866e+00	2.673682e+01
5.034218471205407e-04	7.885395e-01	4.999866e+00	2.691817e+01
5.034318471205407e-04	7.931121e-01	4.999866e+00	2.709945e+01
5.034418471205408e-04	7.976813e-01	4.999866e+00	2.728066e+01
5.034518471205408e-04	8.022470e-01	4.999866e+00	2.746180e+01
5.034618471205409e-04	8.068092e-01	4.999866e+00	2.764287e+01
5.034718471205409e-04	8.113680e-01	4.999866e+00	2.782387e+01
5.034818471205410e-04	8.159233e-01	4.999866e+00	2.800480e+01
5.034918471205410e-04	8.204750e-01	4.999866e+00	2.818566e+01
5.035018471205411e-04	8.250234e-01	4.999866e+00	2.836645e+01
5.035118471205411e-04	8.295681e-01	4.999866e+00	2.854716e+01
5.035218471205412e-04	8.341094e-01	4.999866e+00	2.872781e+01
5.035318471205412e-04	8.386471e-01	4.999866e+00	2.890839e+01
5.035418471205413e-04	8.431814e-01	4.999866e+00	2.908890e+01
5.035518471205413e-04	8.477120e-01	4.999866e+00	2.926933e+01
5.035618471205414e-04	8.522391e-01	4.999866e+00	2.944970e+01
5.035718471205414e-04	8.567626e-01	4.999866e+00	2.963000e+01
5.035818471205415e-04	8.612826e-01	4.999866e+00	2.981022e+01
5.035918471205415e-04	8.657990e-01	4.999866e+00	2.999038e+01
5.036018471205416e-04	8.703119e-01	4.999866e+00	3.017046e+01
5.036118471205416e-04	8.748210e-01	4.999866e+00	3.035048e+01
5.036218471205417e-04	8.793266e-01	4.999866e+00	3.053042e+01
5.036318471205417e-04	8.838286e-01	4.999866e+00	3.071029e+01
5.036418471205418e-04	8.883270e-01	4.999866e+00	3.089010e+01
5.036518471205418e-04	8.928217e-01	4.999866e+00	3.106984e+01
5.036618471205419e-04	8.973129e-01	4.999866e+00	3.124950e+01
5.036718471205419e-04	9.018003e-01	4.999866e+00	3.142909e+01
5.036818471205420e-04	9.062842e-01	4.999866e+00	3.160862e+01
5.036918471205420e-04	9.107643e-01	4.999866e+00	3.178807e+01
5.037018471205421e-04	9.152408e-01	4.999866e+00	3.196746e+01
5.037118471205421e-04	9.197136e-01	4.999866e+00	3.214677e+01
5.037218471205422e-04	9.241827e-01	4.999866e+00	3.232602e+01
5.037318471205422e-04	9.286481e-01	4.999866e+00	3.250519e+01
5.037418471205423e-04	9.331099e-01	4.999866e+00	3.268430e+01
5.037518471205423e-04	9.375679e-01	4.999866e+00	3.286333e+01
5.037618471205424e-04	9.420222e-01	4.999866e+00	3.304230e+01
5.037718471205424e-04	9.464728e-01	4.999866e+00	3.322119e+01
5.037818471205425e-04	9.509197e-01	4.999866e+00	3.340002e+01
5.037918471205425e-04	9.553628e-01	4.999866e+00	3.357877e+01
5.038018471205426e-04	9.598022e-01	4.999866e+00	3.375746e+01
5.038118471205426e-04	9.642379e-01	4.999866e+00	3.393608e+01
5.038218471205427e-04	9.686698e-01	4.999866e+00	3.411462e+01
5.038318471205427e-04	9.730979e-01	4.999866e+00	3.429310e+01
5.038418471205428e-04	9.775223e-01	4.999866e+00	3.447151e+01
5.038518471205428e-04	9.819428e-01	4.999866e+00	3.464985e+01
5.038618471205429e-04	9.863597e-01	4.999866e+00	3.482811e+01
5.038718471205429e-04	9.907727e-01	4.999866e+00	3.500631e+01
5.038818471205430e-04	9.951819e-01	4.999866e+00	3.518444e+01
5.038918471205430e-04	9.995873e-01	4.999866e+00	3.536250e+01
5.039018471205431e-04	1.003989e+00	4.999866e+00	3.554049e+01
5.039118471205431e-04	1.008387e+00	4.999866e+00	3.571841e+01
5.039218471205431e-04	1.012781e+00	4.999866e+00	3.589626e+01
5.039318471205432e-04	1.017171e+00	4.999866e+00	3.607405e+01
5.039418471205432e-04	1.021557e+00	4.999866e+00	3.625176e+01
5.039518471205433e-04	1.025940e+00	4.999866e+00	3.642940e+01
5.039618471205433e-04	1.030318e+00	4.999866e+00	3.660698e+01
5.039718471205434e-04	1.034693e+00	4.999866e+00	3.678448e+01
5.039818471205434e-04	1.039064e+00	4.999866e+00	3.696191e+01
5.039918471205435e-04	1.043431e+00	4.999866e+00	3.713928e+01
5.040018471205435e-04	1.047794e+00	4.999866e+00	3.731658e+01
5.040118471205436e-04	1.052154e+00	4.999866e+00	3.749380e+01
5.040218471205436e-04	1.056509e+00	4.999866e+00	3.767096e+01
5.040318471205437e-04	1.060861e+00	4.999866e+00	3.784805e+01
5.040418471205437e-04	1.065208e+00	4.999866e+00	3.802507e+01
5.040518471205438e-04	1.069552e+00	4.999866e+00	3.820202e+01
5.040618471205438e-04	1.073892e+00	4.999866e+00	3.837890e+01
5.040718471205439e-04	1.078228e+00	4.999866e+00	3.855571e+01
5.040818471205439e-04	1.082560e+00	4.999866e+00	3.873246e+01
5.040918471205440e-04	1.086888e+00	4.999866e+00	3.890913e+01
5.041018471205440e-04	1.091212e+00	4.999866e+00	3.908574e+01
5.041118471205441e-04	1.095533e+00	4.999866e+00	3.926227e+01
5.041218471205441e-04	1.099849e+00	4.999866e+00	3.943874e+01
5.041318471205442e-04	1.104161e+00	4.999866e+00	3.961514e+01
5.041418471205442e-04	1.108470e+00	4.999866e+00	3.979147e+01
5.041518471205443e-04	1.112774e+00	4.999866e+00	3.996773e+01
5.041618471205443e-04	1.117075e+00	4.999866e+00	4.014392e+01
5.041718471205444e-04	1.121372e+00	4.999866e+00	4.032004e+01
5.041818471205444e-04	1.125664e+00	4.999866e+00	4.049610e+01
5.041918471205445e-04	1.129953e+00	4.999866e+00	4.067208e+01
5.042018471205445e-04	1.134238e+00	4.999866e+00	4.084800e+01
5.042118471205446e-04	1.138518e+00	4.999866e+00	4.102385e+01
5.042218471205446e-04	1.142795e+00	4.999866e+00	4.119962e+01
5.042318471205447e-04	1.147068e+00	4.999866e+00	4.137533e+01
5.042418471205447e-04	1.151337e+00	4.999866e+00	4.155097e+01
5.042518471205448e-04	1.155601e+00	4.999866e+00	4.172655e+01
5.042618471205448e-04	1.159862e+00	4.999866e+00	4.190205e+01
5.042718471205449e-04	1.164119e+00	4.999865e+00	4.207748e+01
5.042818471205449e-04	1.168372e+00	4.999865e+00	4.225285e+01
5.042918471205450e-04	1.172621e+00	4.999837e+00	4.242815e+01
5.042990238469342e-04	1.175667e+00	4.999712e+00	4.255391e+01
5.043002738469342e-04	1.176198e+00	4.999648e+00	4.257581e+01
5.043027738469342e-04	1.177258e+00	4.995826e+00	4.261961e+01
5.043037548582783e-04	1.177675e+00	4.981930e+00	4.263680e+01
5.043044578639490e-04	1.177973e+00	4.948799e+00	4.264911e+01
5.043049407764266e-04	1.178178e+00	4.889899e+00	4.265757e+01
5.043053475643623e-04	1.178350e+00	4.791850e+00	4.266470e+01
5.043057660797670e-04	1.178528e+00	4.650061e+00	4.267203e+01
5.043065148809717e-04	1.178845e+00	4.339856e+00	4.268515e+01
5.043072099142592e-04	1.179140e+00	3.988865e+00	4.269732e+01
5.043085999808342e-04	1.179729e+00	2.959564e+00	4.272167e+01
5.043100117287092e-04	1.180328e+00	1.101472e+00	4.274640e+01
5.043106735912322e-04	1.180609e+00	9.019805e-02	4.275799e+01
5.043109196051357e-04	1.180713e+00	-1.695566e-02	4.276229e+01
5.043109872670023e-04	1.180741e+00	-2.500917e-04	4.276348e+01
5.043110133949660e-04	1.180753e+00	-5.353240e-06	4.276394e+01
5.043110398601331e-04	1.180764e+00	1.180250e-04	4.276440e+01
5.043110697388407e-04	1.180776e+00	1.814917e-04	4.276492e+01
5.043111294962557e-04	1.180802e+00	2.159004e-04	4.276597e+01
5.043116119062944e-04	1.181006e+00	1.510650e-04	4.277442e+01
5.043120873769284e-04	1.181208e+00	1.157004e-04	4.278275e+01
5.043130383181964e-04	1.181611e+00	8.482529e-05	4.279940e+01
5.043149402007325e-04	1.182417e+00	8.351182e-05	4.283270e+01
5.043187439658048e-04	1.184028e+00	8.415662e-05	4.289930e+01
5.043263514959491e-04	1.187250e+00	8.269617e-05	4.303248e+01
5.043363514959492e-04	1.191481e+00	8.311627e-05	4.320747e+01
5.043463514959492e-04	1.195707e+00	8.200272e-05	4.338239e+01
5.043563514959493e-04	1.199930e+00	8.274130e-05	4.355725e+01
5.043663514959493e-04	1.204149e+00	8.183865e-05	4.373204e+01
5.043863514959494e-04	1.212574e+00	8.179394e-05	4.408141e+01
5.044263514959496e-04	1.229376e+00	8.180486e-05	4.477933e+01
5.050463514959527e-04	1.481370e+00	8.207693e-05	5.545845e+01
5.059263514959570e-04	1.811264e+00	8.216439e-05	7.017699e+01
5.068963514959617e-04	2.137154e+00	8.228208e-05	8.582245e+01
5.079763514959670e-04	2.455128e+00	8.226302e-05	1.025553e+02
5.091163514959726e-04	2.742888e+00	8.225221e-05	1.194655e+02
5.102563514959782e-04	2.985836e+00	8.224644e-05	1.356373e+02
5.113563514959836e-04	3.182088e+00	8.224344e-05	1.505730e+02
5.126763514959901e-04	3.373757e+00	8.224158e-05	1.676702e+02
5.140263514959967e-04	3.526433e+00	8.223962e-05	1.842704e+02
5.146863514959999e-04	3.586985e+00	8.223987e-05	1.920746e+02
5.156263514960045e-04	3.659145e+00	8.224011e-05	2.028504e+02
5.166863514960097e-04	3.722219e+00	8.224026e-05	2.145403e+02
5.182163514960172e-04	3.782499e+00	8.223995e-05	2.305899e+02
5.190163514960212e-04	3.801201e+00	8.223992e-05	2.386115e+02
5.197163514960246e-04	3.811211e+00	8.223992e-05	2.454301e+02
5.203963514960279e-04	3.815805e+00	8.223991e-05	2.518801e+02
5.210963514960314e-04	3.815763e+00	8.223990e-05	2.583457e+02
5.215963514960338e-04	3.813034e+00	8.223990e-05	2.628586e+02
5.224363514960379e-04	3.803877e+00	8.223991e-05	2.702477e+02
5.235463514960434e-04	3.783971e+00	8.224043e-05	2.796534e+02
5.262063514960564e-04	3.706737e+00	8.224042e-05	3.006292e+02
5.276163514960633e-04	3.651944e+00	8.223993e-05	3.109113e+02
5.301563514960758e-04	3.533884e+00	8.223995e-05	3.280905e+02
5.318363514960840e-04	3.445468e+00	8.223996e-05	3.385709e+02
5.355563514961023e-04	3.232269e+00	8.223998e-05	3.595218e+02
5.392963514961206e-04	3.006404e+00	8.224000e-05	3.777982e+02
5.420763514961342e-04	2.838227e+00	8.224001e-05	3.897968e+02
5.458463514961527e-04	2.616536e+00	8.224037e-05	4.041740e+02
5.496363514961713e-04	2.406089e+00	8.224004e-05	4.167007e+02
5.523163514961844e-04	2.266601e+00	8.224005e-05	4.245356e+02
5.561363514962032e-04	2.082377e+00	8.224006e-05	4.344179e+02
5.599763514962220e-04	1.914863e+00	8.224008e-05	4.430156e+02
5.625563514962347e-04	1.812099e+00	8.224008e-05	4.481313e+02
5.664263514962536e-04	1.672047e+00	8.224032e-05	4.549305e+02
5.703063514962727e-04	1.547545e+00	8.224032e-05	4.608217e+02
5.727963514962849e-04	1.475414e+00	8.224011e-05	4.641737e+02
5.767063514963040e-04	1.373374e+00	8.224030e-05	4.688427e+02
5.806463514963234e-04	1.283160e+00	8.224031e-05	4.729019e+02
5.830363514963351e-04	1.234013e+00	8.224016e-05	4.750867e+02
5.870163514963546e-04	1.160580e+00	8.224030e-05	4.783165e+02
5.910363514963743e-04	1.095972e+00	8.224092e-05	4.811234e+02
5.932763514963853e-04	1.063703e+00	8.224179e-05	4.825130e+02
5.973563514964053e-04	1.011050e+00	8.236295e-05	4.847623e+02
5.981063514964090e-04	1.002166e+00	8.385997e-05	4.851396e+02
5.981263514964091e-04	1.001933e+00	8.750328e-05	4.851495e+02
5.983263514964100e-04	9.996045e-01	1.528167e-04	4.852483e+02
5.984263514964105e-04	9.984466e-01	2.434976e-04	4.852974e+02
5.984763514964108e-04	9.978692e-01	3.463900e-04	4.853218e+02
5.985063514964109e-04	9.975232e-01	4.640507e-04	4.853365e+02
5.985263514964110e-04	9.972928e-01	6.008341e-04	4.853463e+02
5.985363514964111e-04	9.971776e-01	7.057069e-04	4.853511e+02
5.985463514964111e-04	9.970625e-01	8.545560e-04	4.853560e+02
5.985563514964112e-04	9.969474e-01	1.087362e-03	4.853609e+02
5.985663514964112e-04	9.968324e-01	1.499652e-03	4.853658e+02
5.985763514964113e-04	9.967174e-01	2.484390e-03	4.853707e+02
5.985776014964113e-04	9.967030e-01	2.704965e-03	4.853713e+02
5.985801014964112e-04	9.966743e-01	3.299241e-03	4.853725e+02
5.985823631434836e-04	9.966483e-01	4.164949e-03	4.853736e+02
5.985849234753561e-04	9.966189e-01	5.999045e-03	4.853748e+02
5.985868414292827e-04	9.965968e-01	9.008149e-03	4.853758e+02
5.985889394374140e-04	9.965727e-01	1.689964e-02	4.853768e+02
5.985909964854152e-04	9.965491e-01	2.920315e-02	4.853778e+02
5.985932450318982e-04	9.965232e-01	5.022409e-02	4.853789e+02
5.985950290054530e-04	9.965028e-01	8.369441e-02	4.853798e+02
5.985967707009791e-04	9.964827e-01	1.517862e-01	4.853806e+02
5.985986463246999e-04	9.964612e-01	3.076881e-01	4.853815e+02
5.986004686857160e-04	9.964402e-01	6.323963e-01	4.853824e+02
5.986022982010514e-04	9.964192e-01	1.347275e+00	4.853833e+02
5.986040319061618e-04	9.963993e-01	2.825274e+00	4.853841e+02
5.986054195161221e-04	9.963834e-01	4.838341e+00	4.853848e+02
5.986058392356508e-04	9.963785e-01	5.027735e+00	4.853850e+02
5.986062480898895e-04	9.963738e-01	4.980594e+00	4.853852e+02
5.986063573900167e-04	9.963726e-01	5.004421e+00	4.853853e+02
5.986063961240896e-04	9.963722e-01	5.000611e+00	4.853853e+02
5.986064192842361e-04	9.963719e-01	5.000107e+00	4.853853e+02
5.986064487693549e-04	9.963716e-01	4.999861e+00	4.853853e+02
5.986064790171909e-04	9.963712e-01	4.999786e+00	4.853853e+02
5.986065395128629e-04	9.963705e-01	4.999762e+00	4.853853e+02
5.986066515820055e-04	9.963692e-01	4.999779e+00	4.853854e+02
5.986072856510435e-04	9.963619e-01	4.999836e+00	4.853857e+02
5.986081310764275e-04	9.963523e-01	4.999863e+00	4.853861e+02
5.986098219271955e-04	9.963328e-01	4.999864e+00	4.853870e+02
5.986132036287316e-04	9.962940e-01	4.999864e+00	4.853886e+02
5.986199670318037e-04	9.962163e-01	4.999865e+00	4.853919e+02
5.986299670318037e-04	9.961016e-01	4.999865e+00	4.853968e+02
5.986399670318038e-04	9.959868e-01	4.999866e+00	4.854016e+02
5.986499670318038e-04	9.958721e-01	4.999865e+00	4.854065e+02
5.986599670318039e-04	9.957575e-01	4.999866e+00	4.854113e+02
5.986699670318039e-04	9.956428e-01	4.999865e+00	4.854162e+02
5.986899670318040e-04	9.954137e-01	4.999865e+00	4.854259e+02
5.987699670318044e-04	9.944989e-01	4.999865e+00	4.854647e+02
6.029199670318248e-04	9.504210e-01	4.999866e+00	4.873236e+02
6.032599670318264e-04	9.470887e-01	4.999866e+00	4.874635e+02
6.074799670318471e-04	9.089125e-01	4.999866e+00	4.890584e+02
6.117799670318682e-04	8.754923e-01	4.999866e+00	4.904435e+02
6.134999670318767e-04	8.634989e-01	4.999866e+00	4.909378e+02
6.179199670318983e-04	8.358699e-01	4.999866e+00	4.920710e+02
6.224499670319205e-04	8.117657e-01	4.999866e+00	4.930529e+02
6.237399670319269e-04	8.055926e-01	4.999866e+00	4.933033e+02
6.284499670319500e-04	7.853504e-01	4.999866e+00	4.941212e+02
6.333199670319738e-04	7.677593e-01	4.999866e+00	4.948279e+02
6.339799670319771e-04	7.656062e-01	4.999866e+00	4.949141e+02
6.390799670320021e-04	7.506059e-01	4.999866e+00	4.955129e+02
6.442199670320273e-04	7.380673e-01	4.999866e+00	4.960110e+02
6.498499670320549e-04	7.267898e-01	4.999866e+00	4.964569e+02
6.544599670320775e-04	7.191435e-01	4.999866e+00	4.967581e+02
6.607999670321086e-04	7.105392e-01	4.999866e+00	4.970957e+02
6.646999670321277e-04	7.061639e-01	4.999866e+00	4.972668e+02
6.719799670321634e-04	6.995079e-01	4.999866e+00	4.975265e+02
6.749399670321779e-04	6.972749e-01	4.999866e+00	4.976134e+02
6.834599670322197e-04	6.920614e-01	4.999866e+00	4.978159e+02
6.851799670322281e-04	6.911948e-01	4.999866e+00	4.978494e+02
6.952999670322777e-04	6.870801e-01	4.999866e+00	4.980087e+02
6.954199670322783e-04	6.870400e-01	4.999866e+00	4.980102e+02
7.056599670323285e-04	6.842032e-01	4.999866e+00	4.981198e+02
7.158999670323787e-04	6.822673e-01	4.999866e+00	4.981944e+02
7.261399670324290e-04	6.809468e-01	4.999866e+00	4.982452e+02
7.363799670324792e-04	6.800464e-01	4.999866e+00	4.982798e+02
7.466199670325294e-04	6.794326e-01	4.999866e+00	4.983034e+02
7.568599670325796e-04	6.790143e-01	4.999866e+00	4.983195e+02
7.670999670326298e-04	6.787292e-01	4.999866e+00	4.983304e+02
7.773399670326800e-04	6.785349e-01	4.999866e+00	4.983379e+02
7.875799670327302e-04	6.784025e-01	4.999866e+00	4.983429e+02
7.978199670327804e-04	6.783124e-01	4.999866e+00	4.983464e+02
8.080599670328306e-04	6.782509e-01	4.999866e+00	4.983488e+02
8.182999670328808e-04	6.782091e-01	4.999866e+00	4.983503e+02
8.285399670329310e-04	6.781805e-01	4.999866e+00	4.983514e+02
8.387799670329813e-04	6.781611e-01	4.999866e+00	4.983522e+02
8.490199670330315e-04	6.781479e-01	4.999866e+00	4.983527e+02
8.592599670330817e-04	6.781389e-01	4.999866e+00	4.983531e+02
8.694999670331319e-04	6.781327e-01	4.999866e+00	4.983533e+02
8.797399670331821e-04	6.781285e-01	4.999866e+00	4.983535e+02
8.899799670332323e-04	6.781257e-01	4.999866e+00	4.983535e+02
9.002199670332825e-04	6.781238e-01	4.999866e+00	4.983536e+02
9.104599670333327e-04	6.781224e-01	4.999866e+00	4.983537e+02
9.206999670333829e-04	6.781215e-01	4.999866e+00	4.983537e+02
9.309399670334331e-04	6.781209e-01	4.999866e+00	4.983537e+02
9.411799670334833e-04	6.781205e-01	4.999866e+00	4.983538e+02
9.514199670335336e-04	6.781202e-01	4.999866e+00	4.983538e+02
9.616599670335838e-04	6.781200e-01	4.999866e+00	4.983538e+02
9.718999670336340e-04	6.781199e-01	4.999866e+00	4.983538e+02
9.821399670336237e-04	6.781198e-01	4.999866e+00	4.983538e+02
9.923799670335629e-04	6.781197e-01	4.999866e+00	4.983538e+02
1.002619967033502e-03	6.781197e-01	4.999866e+00	4.983538e+02
1.012859967033441e-03	6.781197e-01	4.999866e+00	4.983538e+02
1.023099967033380e-03	6.781197e-01	4.999866e+00	4.983538e+02
1.033339967033320e-03	6.781197e-01	4.999866e+00	4.983538e+02
1.043579967033259e-03	6.781196e-01	4.999866e+00	4.983538e+02
1.053819967033198e-03	6.781196e-01	4.999866e+00	4.983538e+02
1.064059967033137e-03	6.781196e-01	4.999866e+00	4.983538e+02
1.074299967033076e-03	6.781196e-01	4.999866e+00	4.983538e+02
1.084539967033016e-03	6.781196e-01	4.999866e+00	4.983538e+02
1.094779967032955e-03	6.781196e-01	4.999866e+00	4.983538e+02
1.105019967032894e-03	6.781196e-01	4.999866e+00	4.983538e+02
1.115259967032833e-03	6.781196e-01	4.999866e+00	4.983538e+02
1.125499967032772e-03	6.781196e-01	4.999866e+00	4.983538e+02
1.135739967032711e-03	6.781196e-01	4.999866e+00	4.983538e+02
1.145979967032651e-03	6.781196e-01	4.999866e+00	4.983538e+02
1.156219967032590e-03	6.781196e-01	4.999866e+00	4.983538e+02
1.166459967032529e-03	6.781196e-01	4.999866e+00	4.983538e+02
1.176699967032468e-03	6.781196e-01	4.999866e+00	4.983538e+02
1.186939967032407e-03	6.781196e-01	4.999866e+00	4.983538e+02
1.197179967032347e-03	6.781196e-01	4.999866e+00	4.983538e+02
1.207419967032286e-03	6.781196e-01	4.999866e+00	4.983538e+02
1.217659967032225e-03	6.781196e-01	4.999866e+00	4.983538e+02
1.227899967032164e-03	6.781196e-01	4.999866e+00	4.983538e+02
1.238139967032103e-03	6.781196e-01	4.999866e+00	4.983538e+02
1.248379967032043e-03	6.781196e-01	4.999866e+00	4.983538e+02
1.258619967031982e-03	6.781196e-01	4.999866e+00	4.983538e+02
1.268859967031921e-03	6.781196e-01	4.999866e+00	4.983538e+02
1.279099967031860e-03	6.781196e-01	4.999866e+00	4.983538e+02
1.289339967031799e-03	6.781196e-01	4.999866e+00	4.983538e+02
1.299579967031738e-03	6.781196e-01	4.999866e+00	4.983538e+02
1.309819967031678e-03	6.781196e-01	4.999866e+00	4.983538e+02
1.320059967031617e-03	6.781196e-01	4.999866e+00	4.983538e+02
1.330299967031556e-03	6.781196e-01	4.999866e+00	4.983538e+02
1.340539967031495e-03	6.781196e-01	4.999866e+00	4.983538e+02
1.350779967031434e-03	6.781196e-01	4.999866e+00	4.983538e+02
1.361019967031374e-03	6.781196e-01	4.999866e+00	4.983538e+02
1.371259967031313e-03	6.781196e-01	4.999866e+00	4.983538e+02
1.381499967031252e-03	6.781196e-01	4.999866e+00	4.983538e+02
1.391739967031191e-03	6.781196e-01	4.999866e+00	4.983538e+02
1.401979967031130e-03	6.781196e-01	4.999866e+00	4.983538e+02
1.412219967031070e-03	6.781196e-01	4.999866e+00	4.983538e+02
1.422459967031009e-03	6.781196e-01	4.999866e+00	4.983538e+02
1.432699967030948e-03	6.781196e-01	4.999866e+00	4.983538e+02
1.442939967030887e-03	6.781196e-01	4.999866e+00	4.983538e+02
1.453179967030826e-03	6.781196e-01	4.999866e+00	4.983538e+02
1.463419967030765e-03	6.781196e-01	4.999866e+00	4.983538e+02
1.473659967030705e-03	6.781196e-01	4.999866e+00	4.983538e+02
1.483899967030644e-03	6.781196e-01	4.999866e+00	4.983538e+02
1.494139967030583e-03	6.781196e-01	4.999866e+00	4.983538e+02
1.504379967030522e-03	6.781196e-01	4.999866e+00	4.983538e+02
1.514619967030461e-03	6.781196e-01	4.999866e+00	4.983538e+02
1.524859967030401e-03	6.781196e-01	4.999866e+00	4.983538e+02
1.535099967030340e-03	6.781196e-01	4.999866e+00	4.983538e+02
1.545339967030279e-03	6.781196e-01	4.999866e+00	4.983538e+02
1.555579967030218e-03	6.781196e-01	4.999866e+00	4.983538e+02
1.565819967030157e-03	6.781196e-01	4.999866e+00	4.983538e+02
1.576059967030097e-03	6.781196e-01	4.999866e+00	4.983538e+02
1.586299967030036e-03	6.781196e-01	4.999866e+00	4.983538e+02
1.596539967029975e-03	6.781196e-01	4.999866e+00	4.983538e+02
1.606779967029914e-03	6.781196e-01	4.999866e+00	4.983538e+02
1.617019967029853e-03	6.781196e-01	4.999866e+00	4.983538e+02
1.627259967029792e-03	6.781196e-01	4.999866e+00	4.983538e+02
1.637499967029732e-03	6.781196e-01	4.999866e+00	4.983538e+02
1.647739967029671e-03	6.781196e-01	4.999866e+00	4.983538e+02
1.657979967029610e-03	6.781196e-01	4.999866e+00	4.983538e+02
1.668219967029549e-03	6.781196e-01	4.999866e+00	4.983538e+02
1.678459967029488e-03	6.781196e-01	4.999866e+00	4.983538e+02
1.688699967029428e-03	6.781196e-01	4.999866e+00	4.983538e+02
1.698939967029367e-03	6.781196e-01	4.999866e+00	4.983538e+02
1.709179967029306e-03	6.781196e-01	4.999866e+00	4.983538e+02
1.719419967029245e-03	6.781196e-01	4.999866e+00	4.983538e+02
1.729659967029184e-03	6.781196e-01	4.999866e+00	4.983538e+02
1.739899967029123e-03	6.781196e-01	4.999866e+00	4.983538e+02
1.750139967029063e-03	6.781196e-01	4.999866e+00	4.983538e+02
1.760379967029002e-03	6.781196e-01	4.999866e+00	4.983538e+02
1.770619967028941e-03	6.781196e-01	4.999866e+00	4.983538e+02
1.780859967028880e-03	6.781196e-01	4.999866e+00	4.983538e+02
1.791099967028819e-03	6.781196e-01	4.999866e+00	4.983538e+02
1.801339967028759e-03	6.781196e-01	4.999866e+00	4.983538e+02
1.811579967028698e-03	6.781196e-01	4.999866e+00	4.983538e+02
1.821819967028637e-03	6.781196e-01	4.999866e+00	4.983538e+02
1.832059967028576e-03	6.781196e-01	4.999866e+00	4.983538e+02
1.842299967028515e-03	6.781196e-01	4.999866e+00	4.983538e+02
1.852539967028455e-03	6.781196e-01	4.999866e+00	4.983538e+02
1.862779967028394e-03	6.781196e-01	4.999866e+00	4.983538e+02
1.873019967028333e-03	6.781196e-01	4.999866e+00	4.983538e+02
1.883259967028272e-03	6.781196e-01	4.999866e+00	4.983538e+02
1.893499967028211e-03	6.781196e-01	4.999866e+00	4.983538e+02
1.903739967028150e-03	6.781196e-01	4.999866e+00	4.983538e+02
1.913979967028090e-03	6.781196e-01	4.999866e+00	4.983538e+02
1.924219967028029e-03	6.781196e-01	4.999866e+00	4.983538e+02
1.934459967027968e-03	6.781196e-01	4.999866e+00	4.983538e+02
1.944699967027907e-03	6.781196e-01	4.999866e+00	4.983538e+02
1.954939967027846e-03	6.781196e-01	4.999866e+00	4.983538e+02
1.965179967027786e-03	6.781196e-01	4.999866e+00	4.983538e+02
1.975419967027725e-03	6.781196e-01	4.999866e+00	4.983538e+02
1.985659967027664e-03	6.781196e-01	4.999866e+00	4.983538e+02
1.995899967027603e-03	6.781196e-01	4.999866e+00	4.983538e+02
2.006139967027542e-03	6.781196e-01	4.999866e+00	4.983538e+02
2.016379967027482e-03	6.781196e-01	4.999866e+00	4.983538e+02
2.026619967027421e-03	6.781196e-01	4.999866e+00	4.983538e+02
2.036859967027360e-03	6.781196e-01	4.999866e+00	4.983538e+02
2.047099967027299e-03	6.781196e-01	4.999866e+00	4.983538e+02
2.057339967027238e-03	6.781196e-01	4.999866e+00	4.983538e+02
2.067579967027177e-03	6.781196e-01	4.999866e+00	4.983538e+02
2.077819967027117e-03	6.781196e-01	4.999866e+00	4.983538e+02
2.088059967027056e-03	6.781196e-01	4.999866e+00	4.983538e+02
2.098299967026995e-03	6.781196e-01	4.999866e+00	4.983538e+02
2.108539967026934e-03	6.781196e-01	4.999866e+00	4.983538e+02
2.118779967026873e-03	6.781196e-01	4.999866e+00	4.983538e+02
2.129019967026813e-03	6.781196e-01	4.999866e+00	4.983538e+02
2.139259967026752e-03	6.781196e-01	4.999866e+00	4.983538e+02
2.149499967026691e-03	6.781196e-01	4.999866e+00	4.983538e+02
2.159739967026630e-03	6.781196e-01	4.999866e+00	4.983538e+02
2.169979967026569e-03	6.781196e-01	4.999866e+00	4.983538e+02
2.180219967026509e-03	6.781196e-01	4.999866e+00	4.983538e+02
2.190459967026448e-03	6.781196e-01	4.999866e+00	4.983538e+02
2.200699967026387e-03	6.781196e-01	4.999866e+00	4.983538e+02
2.210939967026326e-03	6.781196e-01	4.999866e+00	4.983538e+02
2.221179967026265e-03	6.781196e-01	4.999866e+00	4.983538e+02
2.231419967026204e-03	6.781196e-01	4.999866e+00	4.983538e+02
2.241659967026144e-03	6.781196e-01	4.999866e+00	4.983538e+02
2.251899967026083e-03	6.781196e-01	4.999866e+00	4.983538e+02
2.262139967026022e-03	6.781196e-01	4.999866e+00	4.983538e+02
2.272379967025961e-03	6.781196e-01	4.999866e+00	4.983538e+02
2.282619967025900e-03	6.781196e-01	4.999866e+00	4.983538e+02
2.292859967025840e-03	6.781196e-01	4.999866e+00	4.983538e+02
2.303099967025779e-03	6.781196e-01	4.999866e+00	4.983538e+02
2.313339967025718e-03	6.781196e-01	4.999866e+00	4.983538e+02
2.323579967025657e-03	6.781196e-01	4.999866e+00	4.983538e+02
2.333819967025596e-03	6.781196e-01	4.999866e+00	4.983538e+02
2.344059967025536e-03	6.781196e-01	4.999866e+00	4.983538e+02
2.354299967025475e-03	6.781196e-01	4.999866e+00	4.983538e+02
2.364539967025414e-03	6.781196e-01	4.999866e+00	4.983538e+02
2.374779967025353e-03	6.781196e-01	4.999866e+00	4.983538e+02
2.385019967025292e-03	6.781196e-01	4.999866e+00	4.983538e+02
2.395259967025231e-03	6.781196e-01	4.999866e+00	4.983538e+02
2.405499967025171e-03	6.781196e-01	4.999866e+00	4.983538e+02
2.415739967025110e-03	6.781196e-01	4.999866e+00	4.983538e+02
2.425979967025049e-03	6.781196e-01	4.999866e+00	4.983538e+02
2.436219967024988e-03	6.781196e-01	4.999866e+00	4.983538e+02
2.446459967024927e-03	6.781196e-01	4.999866e+00	4.983538e+02
2.456699967024867e-03	6.781196e-01	4.999866e+00	4.983538e+02
2.466939967024806e-03	6.781196e-01	4.999866e+00	4.983538e+02
2.477179967024745e-03	6.781196e-01	4.999866e+00	4.983538e+02
2.487419967024684e-03	6.781196e-01	4.999866e+00	4.983538e+02
2.497659967024623e-03	6.781196e-01	4.999866e+00	4.983538e+02
2.507899967024562e-03	6.781196e-01	4.999866e+00	4.983538e+02
2.518139967024502e-03	6.781196e-01	4.999866e+00	4.983538e+02
2.528379967024441e-03	6.781196e-01	4.999866e+00	4.983538e+02
2.538619967024380e-03	6.781196e-01	4.999866e+00	4.983538e+02
2.548859967024319e-03	6.781196e-01	4.999866e+00	4.983538e+02
2.559099967024258e-03	6.781196e-01	4.999866e+00	4.983538e+02
2.569339967024198e-03	6.781196e-01	4.999866e+00	4.983538e+02
2.579579967024137e-03	6.781196e-01	4.999866e+00	4.983538e+02
2.589819967024076e-03	6.781196e-01	4.999866e+00	4.983538e+02
2.600059967024015e-03	6.781196e-01	4.999866e+00	4.983538e+02
2.610299967023954e-03	6.781196e-01	4.999866e+00	4.983538e+02
2.620539967023894e-03	6.781196e-01	4.999866e+00	4.983538e+02
2.630779967023833e-03	6.781196e-01	4.999866e+00	4.983538e+02
2.641019967023772e-03	6.781196e-01	4.999866e+00	4.983538e+02
2.651259967023711e-03	6.781196e-01	4.999866e+00	4.983538e+02
2.661499967023650e-03	6.781196e-01	4.999866e+00	4.983538e+02
2.671739967023589e-03	6.781196e-01	4.999866e+00	4.983538e+02
2.681979967023529e-03	6.781196e-01	4.999866e+00	4.983538e+02
2.692219967023468e-03	6.781196e-01	4.999866e+00	4.983538e+02
2.702459967023407e-03	6.781196e-01	4.999866e+00	4.983538e+02
2.712699967023346e-03	6.781196e-01	4.999866e+00	4.983538e+02
2.722939967023285e-03	6.781196e-01	4.999866e+00	4.983538e+02
2.733179967023225e-03	6.781196e-01	4.999866e+00	4.983538e+02
2.743419967023164e-03	6.781196e-01	4.999866e+00	4.983538e+02
2.753659967023103e-03	6.781196e-01	4.999866e+00	4.983538e+02
2.763899967023042e-03	6.781196e-01	4.999866e+00	4.983538e+02
2.774139967022981e-03	6.781196e-01	4.999866e+00	4.983538e+02
2.784379967022921e-03	6.781196e-01	4.999866e+00	4.983538e+02
2.794619967022860e-03	6.781196e-01	4.999866e+00	4.983538e+02
2.804859967022799e-03	6.781196e-01	4.999866e+00	4.983538e+02
2.815099967022738e-03	6.781196e-01	4.999866e+00	4.983538e+02
2.825339967022677e-03	6.781196e-01	4.999866e+00	4.983538e+02
2.835579967022616e-03	6.781196e-01	4.999866e+00	4.983538e+02
2.845819967022556e-03	6.781196e-01	4.999866e+00	4.983538e+02
2.856059967022495e-03	6.781196e-01	4.999866e+00	4.983538e+02
2.866299967022434e-03	6.781196e-01	4.999866e+00	4.983538e+02
2.876539967022373e-03	6.781196e-01	4.999866e+00	4.983538e+02
2.886779967022312e-03	6.781196e-01	4.999866e+00	4.983538e+02
2.897019967022252e-03	6.781196e-01	4.999866e+00	4.983538e+02
2.907259967022191e-03	6.781196e-01	4.999866e+00	4.983538e+02
2.917499967022130e-03	6.781196e-01	4.999866e+00	4.983538e+02
2.927739967022069e-03	6.781196e-01	4.999866e+00	4.983538e+02
2.937979967022008e-03	6.781196e-01	4.999866e+00	4.983538e+02
2.948219967021948e-03	6.781196e-01	4.999866e+00	4.983538e+02
2.958459967021887e-03	6.781196e-01	4.999866e+00	4.983538e+02
2.968699967021826e-03	6.781196e-01	4.999866e+00	4.983538e+02
2.978939967021765e-03	6.781196e-01	4.999866e+00	4.983538e+02
2.989179967021704e-03	6.781196e-01	4.999866e+00	4.983538e+02
2.999419967021643e-03	6.781196e-01	4.999866e+00	4.983538e+02
3.000000000000000e-03	6.781196e-01	4.999866e+00	4.983538e+02
Step Information: Cpar=5p  (Step: 3/8)
0.000000000000000e+00	6.781196e-01	4.999866e+00	4.983538e+02
1.006310719976990e-05	6.781196e-01	4.999866e+00	4.983538e+02
2.030310719977066e-05	6.781196e-01	4.999866e+00	4.983538e+02
3.054310719977230e-05	6.781196e-01	4.999866e+00	4.983538e+02
4.078310719977393e-05	6.781196e-01	4.999866e+00	4.983538e+02
5.102310719977557e-05	6.781196e-01	4.999866e+00	4.983538e+02
6.126310719977705e-05	6.781196e-01	4.999866e+00	4.983538e+02
7.150310719977175e-05	6.781196e-01	4.999866e+00	4.983538e+02
8.174310719976644e-05	6.781196e-01	4.999866e+00	4.983538e+02
9.198310719976114e-05	6.781196e-01	4.999866e+00	4.983538e+02
1.022231071997558e-04	6.781196e-01	4.999866e+00	4.983538e+02
1.124631071997505e-04	6.781196e-01	4.999866e+00	4.983538e+02
1.227031071997452e-04	6.781196e-01	4.999866e+00	4.983538e+02
1.329431071997399e-04	6.781196e-01	4.999866e+00	4.983538e+02
1.431831071997346e-04	6.781196e-01	4.999866e+00	4.983538e+02
1.534231071997293e-04	6.781196e-01	4.999866e+00	4.983538e+02
1.636631071997240e-04	6.781196e-01	4.999866e+00	4.983538e+02
1.739031071997187e-04	6.781196e-01	4.999866e+00	4.983538e+02
1.841431071997134e-04	6.781196e-01	4.999866e+00	4.983538e+02
1.943831071997081e-04	6.781196e-01	4.999866e+00	4.983538e+02
2.046231071997028e-04	6.781196e-01	4.999866e+00	4.983538e+02
2.148631071996975e-04	6.781196e-01	4.999866e+00	4.983538e+02
2.251031071996922e-04	6.781196e-01	4.999866e+00	4.983538e+02
2.353431071996869e-04	6.781196e-01	4.999866e+00	4.983538e+02
2.455831071996817e-04	6.781196e-01	4.999866e+00	4.983538e+02
2.558231071996763e-04	6.781196e-01	4.999866e+00	4.983538e+02
2.660631071996710e-04	6.781196e-01	4.999866e+00	4.983538e+02
2.763031071996657e-04	6.781196e-01	4.999866e+00	4.983538e+02
2.865431071996604e-04	6.781196e-01	4.999866e+00	4.983538e+02
2.967831071996551e-04	6.781196e-01	4.999866e+00	4.983538e+02
3.070231071996498e-04	6.781196e-01	4.999866e+00	4.983538e+02
3.172631071996445e-04	6.781196e-01	4.999866e+00	4.983538e+02
3.275031071996392e-04	6.781196e-01	4.999866e+00	4.983538e+02
3.377431071996339e-04	6.781196e-01	4.999866e+00	4.983538e+02
3.479831071996286e-04	6.781196e-01	4.999866e+00	4.983538e+02
3.582231071996233e-04	6.781196e-01	4.999866e+00	4.983538e+02
3.684631071996180e-04	6.781196e-01	4.999866e+00	4.983538e+02
3.787031071996127e-04	6.781196e-01	4.999866e+00	4.983538e+02
3.889431071996074e-04	6.781196e-01	4.999866e+00	4.983538e+02
3.991831071996021e-04	6.781196e-01	4.999866e+00	4.983538e+02
4.094231071995968e-04	6.781196e-01	4.999866e+00	4.983538e+02
4.196631071995915e-04	6.781196e-01	4.999866e+00	4.983538e+02
4.299031071995862e-04	6.781196e-01	4.999866e+00	4.983538e+02
4.401431071995809e-04	6.781196e-01	4.999866e+00	4.983538e+02
4.503831071995756e-04	6.781196e-01	4.999866e+00	4.983538e+02
4.606231071995703e-04	6.781196e-01	4.999866e+00	4.983538e+02
4.708631071995650e-04	6.781196e-01	4.999866e+00	4.983538e+02
4.811031071995597e-04	6.781196e-01	4.999866e+00	4.983538e+02
4.913431071995710e-04	6.781196e-01	4.999866e+00	4.983538e+02
5.000000000000004e-04	6.781196e-01	4.999866e+00	4.983538e+02
5.000010000000000e-04	6.602714e-01	4.999866e+00	4.432842e+02
5.000028552063878e-04	5.003067e-01	4.999866e+00	2.789098e+02
5.000037408379822e-04	3.675367e-01	4.999866e+00	2.256749e+02
5.000048709218674e-04	1.697939e-01	4.999866e+00	1.733149e+02
5.000063003092065e-04	-1.019098e-01	4.999866e+00	1.256728e+02
5.000070123793033e-04	-2.150292e-01	4.999866e+00	1.079670e+02
5.000075797304758e-04	-2.510787e-01	4.999866e+00	9.602737e+01
5.000082409803213e-04	-2.520652e-01	4.999866e+00	8.413465e+01
5.000087732359497e-04	-2.523672e-01	4.999866e+00	7.593000e+01
5.000093952093582e-04	-2.526542e-01	4.999866e+00	6.764723e+01
5.000106391561752e-04	-2.528833e-01	4.999866e+00	5.445414e+01
5.000131270498091e-04	-2.523682e-01	4.999866e+00	3.740734e+01
5.000153889451440e-04	-2.511744e-01	4.999866e+00	2.888771e+01
5.000179727333527e-04	-2.493931e-01	4.999866e+00	2.326320e+01
5.000204467690146e-04	-2.474709e-01	4.999866e+00	2.007844e+01
5.000237412475190e-04	-2.447518e-01	4.999866e+00	1.742111e+01
5.000273743869910e-04	-2.416597e-01	4.999866e+00	1.550497e+01
5.000323890660913e-04	-2.373373e-01	4.999866e+00	1.356837e+01
5.000384692403236e-04	-2.320888e-01	4.999866e+00	1.170911e+01
5.000477878539088e-04	-2.240625e-01	4.999866e+00	9.390343e+00
5.000577878539089e-04	-2.155069e-01	4.999866e+00	7.418294e+00
5.000677878539089e-04	-2.070066e-01	4.999866e+00	5.863239e+00
5.000777878539090e-04	-1.985666e-01	4.999866e+00	4.637680e+00
5.000877878539090e-04	-1.901763e-01	4.999866e+00	3.671707e+00
5.000977878539091e-04	-1.818491e-01	4.999866e+00	2.910350e+00
5.001077878539091e-04	-1.735790e-01	4.999866e+00	2.310264e+00
5.001177878539092e-04	-1.653824e-01	4.999866e+00	1.837288e+00
5.001277878539092e-04	-1.572623e-01	4.999866e+00	1.464496e+00
5.001377878539093e-04	-1.492345e-01	4.999866e+00	1.170667e+00
5.001477878539093e-04	-1.413119e-01	4.999866e+00	9.390740e-01
5.001577878539094e-04	-1.335097e-01	4.999866e+00	7.565329e-01
5.001677878539094e-04	-1.258473e-01	4.999866e+00	6.126528e-01
5.001777878539095e-04	-1.183406e-01	4.999866e+00	4.992436e-01
5.001877878539095e-04	-1.110113e-01	4.999866e+00	4.098500e-01
5.001977878539096e-04	-1.038746e-01	4.999866e+00	3.393842e-01
5.002077878539096e-04	-9.695131e-02	4.999866e+00	2.838360e-01
5.002177878539097e-04	-9.025343e-02	4.999866e+00	2.400450e-01
5.002277878539097e-04	-8.379767e-02	4.999866e+00	2.055199e-01
5.002377878539098e-04	-7.759085e-02	4.999866e+00	1.782976e-01
5.002477878539098e-04	-7.164380e-02	4.999866e+00	1.568308e-01
5.002577878539099e-04	-6.595699e-02	4.999866e+00	1.399002e-01
5.002677878539099e-04	-6.053498e-02	4.999866e+00	1.265448e-01
5.002777878539100e-04	-5.537219e-02	4.999866e+00	1.160072e-01
5.002877878539100e-04	-5.046769e-02	4.999866e+00	1.076908e-01
5.002977878539101e-04	-4.581112e-02	4.999866e+00	1.011254e-01
5.003077878539101e-04	-4.139752e-02	4.999866e+00	9.594028e-02
5.003177878539102e-04	-3.721331e-02	4.999866e+00	9.184356e-02
5.003277878539102e-04	-3.325118e-02	4.999866e+00	8.860511e-02
5.003377878539103e-04	-2.949605e-02	4.999866e+00	8.604362e-02
5.003477878539103e-04	-2.593961e-02	4.999866e+00	8.401618e-02
5.003577878539104e-04	-2.256634e-02	4.999866e+00	8.241017e-02
5.003677878539104e-04	-1.936797e-02	4.999866e+00	8.113683e-02
5.003777878539105e-04	-1.632947e-02	4.999866e+00	8.012619e-02
5.003877878539105e-04	-1.344328e-02	4.999866e+00	7.932307e-02
5.003977878539106e-04	-1.069533e-02	4.999866e+00	7.868396e-02
5.004077878539106e-04	-8.079152e-03	4.999866e+00	7.817458e-02
5.004177878539107e-04	-5.581852e-03	4.999866e+00	7.776783e-02
5.004277878539107e-04	-3.198156e-03	4.999866e+00	7.744236e-02
5.004377878539108e-04	-9.164339e-04	4.999866e+00	7.718132e-02
5.004477878539108e-04	1.267403e-03	4.999866e+00	7.697137e-02
5.004577878539109e-04	3.363793e-03	4.999866e+00	7.680202e-02
5.004677878539109e-04	5.375722e-03	4.999866e+00	7.666492e-02
5.004777878539109e-04	7.312548e-03	4.999866e+00	7.655352e-02
5.004877878539110e-04	9.176275e-03	4.999866e+00	7.646260e-02
5.004977878539110e-04	1.097532e-02	4.999866e+00	7.638805e-02
5.005077878539111e-04	1.271083e-02	4.999866e+00	7.632661e-02
5.005177878539111e-04	1.439042e-02	4.999866e+00	7.627567e-02
5.005277878539112e-04	1.601453e-02	4.999866e+00	7.623318e-02
5.005377878539112e-04	1.759007e-02	4.999866e+00	7.619750e-02
5.005477878539113e-04	1.911689e-02	4.999866e+00	7.616735e-02
5.005577878539113e-04	2.060134e-02	4.999866e+00	7.614166e-02
5.005677878539114e-04	2.204277e-02	4.999866e+00	7.611962e-02
5.005777878539114e-04	2.344704e-02	4.999866e+00	7.610057e-02
5.005877878539115e-04	2.481311e-02	4.999866e+00	7.608397e-02
5.005977878539115e-04	2.614642e-02	4.999866e+00	7.606938e-02
5.006077878539116e-04	2.744562e-02	4.999866e+00	7.605649e-02
5.006177878539116e-04	2.871582e-02	4.999866e+00	7.604500e-02
5.006277878539117e-04	2.995537e-02	4.999866e+00	7.603469e-02
5.006377878539117e-04	3.116913e-02	4.999866e+00	7.602537e-02
5.006477878539118e-04	3.235522e-02	4.999866e+00	7.601691e-02
5.006577878539118e-04	3.351825e-02	4.999866e+00	7.600917e-02
5.006677878539119e-04	3.465617e-02	4.999866e+00	7.600205e-02
5.006777878539119e-04	3.577342e-02	4.999866e+00	7.599548e-02
5.006877878539120e-04	3.686777e-02	4.999866e+00	7.598939e-02
5.006977878539120e-04	3.794348e-02	4.999866e+00	7.598370e-02
5.007077878539121e-04	3.899823e-02	4.999866e+00	7.597840e-02
5.007177878539121e-04	4.003614e-02	4.999866e+00	7.597341e-02
5.007277878539122e-04	4.105476e-02	4.999866e+00	7.596873e-02
5.007377878539122e-04	4.205811e-02	4.999866e+00	7.596430e-02
5.007477878539123e-04	4.304365e-02	4.999866e+00	7.596012e-02
5.007577878539123e-04	4.401529e-02	4.999866e+00	7.595616e-02
5.007677878539124e-04	4.497044e-02	4.999866e+00	7.595240e-02
5.007777878539124e-04	4.591290e-02	4.999866e+00	7.594881e-02
5.007877878539125e-04	4.684002e-02	4.999866e+00	7.594539e-02
5.007977878539125e-04	4.775554e-02	4.999866e+00	7.594214e-02
5.008077878539126e-04	4.865675e-02	4.999866e+00	7.593902e-02
5.008177878539126e-04	4.954732e-02	4.999866e+00	7.593604e-02
5.008277878539127e-04	5.042452e-02	4.999866e+00	7.593319e-02
5.008377878539127e-04	5.129192e-02	4.999866e+00	7.593045e-02
5.008477878539128e-04	5.214678e-02	4.999866e+00	7.592782e-02
5.008577878539128e-04	5.299263e-02	4.999866e+00	7.592529e-02
5.008677878539129e-04	5.382667e-02	4.999866e+00	7.592285e-02
5.008777878539129e-04	5.465240e-02	4.999866e+00	7.592051e-02
5.008877878539130e-04	5.546701e-02	4.999866e+00	7.591826e-02
5.008977878539130e-04	5.627393e-02	4.999866e+00	7.591609e-02
5.009077878539131e-04	5.707034e-02	4.999866e+00	7.591400e-02
5.009177878539131e-04	5.785964e-02	4.999866e+00	7.591197e-02
5.009277878539132e-04	5.863898e-02	4.999866e+00	7.591001e-02
5.009377878539132e-04	5.941173e-02	4.999866e+00	7.590812e-02
5.009477878539133e-04	6.017503e-02	4.999866e+00	7.590629e-02
5.009577878539133e-04	6.093222e-02	4.999866e+00	7.590453e-02
5.009677878539134e-04	6.168042e-02	4.999866e+00	7.590281e-02
5.009777878539134e-04	6.242294e-02	4.999866e+00	7.590115e-02
5.009877878539134e-04	6.315691e-02	4.999866e+00	7.589954e-02
5.009977878539135e-04	6.388559e-02	4.999866e+00	7.589798e-02
5.010077878539135e-04	6.460612e-02	4.999866e+00	7.589646e-02
5.010177878539136e-04	6.532172e-02	4.999866e+00	7.589500e-02
5.010277878539136e-04	6.602953e-02	4.999866e+00	7.589357e-02
5.010377878539137e-04	6.673274e-02	4.999866e+00	7.589219e-02
5.010477878539137e-04	6.742851e-02	4.999866e+00	7.589084e-02
5.010577878539138e-04	6.811999e-02	4.999866e+00	7.588953e-02
5.010677878539138e-04	6.880432e-02	4.999866e+00	7.588826e-02
5.010777878539139e-04	6.948467e-02	4.999866e+00	7.588702e-02
5.010877878539139e-04	7.015815e-02	4.999866e+00	7.588582e-02
5.010977878539140e-04	7.082791e-02	4.999866e+00	7.588464e-02
5.011077878539140e-04	7.149107e-02	4.999866e+00	7.588350e-02
5.011177878539141e-04	7.215076e-02	4.999866e+00	7.588238e-02
5.011277878539141e-04	7.280410e-02	4.999866e+00	7.588130e-02
5.011377878539142e-04	7.345419e-02	4.999866e+00	7.588024e-02
5.011477878539142e-04	7.409818e-02	4.999866e+00	7.587921e-02
5.011577878539143e-04	7.473912e-02	4.999866e+00	7.587820e-02
5.011677878539143e-04	7.537417e-02	4.999866e+00	7.587723e-02
5.011777878539144e-04	7.600638e-02	4.999866e+00	7.587627e-02
5.011877878539144e-04	7.663291e-02	4.999866e+00	7.587533e-02
5.011977878539145e-04	7.725678e-02	4.999866e+00	7.587442e-02
5.012077878539145e-04	7.787514e-02	4.999866e+00	7.587352e-02
5.012177878539146e-04	7.849104e-02	4.999866e+00	7.587265e-02
5.012277878539146e-04	7.910161e-02	4.999866e+00	7.587180e-02
5.012377878539147e-04	7.970986e-02	4.999866e+00	7.587097e-02
5.012477878539147e-04	8.031295e-02	4.999866e+00	7.587016e-02
5.012577878539148e-04	8.091389e-02	4.999866e+00	7.586936e-02
5.012677878539148e-04	8.150982e-02	4.999866e+00	7.586858e-02
5.012777878539149e-04	8.210374e-02	4.999866e+00	7.586782e-02
5.012877878539149e-04	8.269281e-02	4.999866e+00	7.586707e-02
5.012977878539150e-04	8.327999e-02	4.999866e+00	7.586634e-02
5.013077878539150e-04	8.386246e-02	4.999866e+00	7.586563e-02
5.013177878539151e-04	8.444317e-02	4.999866e+00	7.586493e-02
5.013277878539151e-04	8.501931e-02	4.999866e+00	7.586424e-02
5.013377878539152e-04	8.559381e-02	4.999866e+00	7.586357e-02
5.013477878539152e-04	8.616386e-02	4.999866e+00	7.586291e-02
5.013577878539153e-04	8.673237e-02	4.999866e+00	7.586227e-02
5.013677878539153e-04	8.729656e-02	4.999866e+00	7.586163e-02
5.013777878539154e-04	8.785933e-02	4.999866e+00	7.586101e-02
5.013877878539154e-04	8.841787e-02	4.999866e+00	7.586040e-02
5.013977878539155e-04	8.897509e-02	4.999866e+00	7.585981e-02
5.014077878539155e-04	8.952819e-02	4.999866e+00	7.585923e-02
5.014177878539156e-04	9.008007e-02	4.999866e+00	7.585865e-02
5.014277878539156e-04	9.062793e-02	4.999866e+00	7.585809e-02
5.014377878539157e-04	9.117465e-02	4.999866e+00	7.585754e-02
5.014477878539157e-04	9.171747e-02	4.999866e+00	7.585699e-02
5.014577878539158e-04	9.225921e-02	4.999866e+00	7.585646e-02
5.014677878539158e-04	9.279715e-02	4.999866e+00	7.585594e-02
5.014777878539159e-04	9.333409e-02	4.999866e+00	7.585543e-02
5.014877878539159e-04	9.386731e-02	4.999866e+00	7.585492e-02
5.014977878539159e-04	9.439962e-02	4.999866e+00	7.585442e-02
5.015077878539160e-04	9.492829e-02	4.999866e+00	7.585394e-02
5.015177878539160e-04	9.545612e-02	4.999866e+00	7.585346e-02
5.015277878539161e-04	9.598038e-02	4.999866e+00	7.585299e-02
5.015377878539161e-04	9.650387e-02	4.999866e+00	7.585253e-02
5.015477878539162e-04	9.702387e-02	4.999866e+00	7.585207e-02
5.015577878539162e-04	9.754317e-02	4.999866e+00	7.585163e-02
5.015677878539163e-04	9.805904e-02	4.999866e+00	7.585119e-02
5.015777878539163e-04	9.857427e-02	4.999866e+00	7.585075e-02
5.015877878539164e-04	9.908616e-02	4.999866e+00	7.585033e-02
5.015977878539164e-04	9.959746e-02	4.999866e+00	7.584991e-02
5.016077878539165e-04	1.001055e-01	4.999866e+00	7.584950e-02
5.016177878539165e-04	1.006130e-01	4.999866e+00	7.584909e-02
5.016277878539166e-04	1.011172e-01	4.999866e+00	7.584870e-02
5.016377878539166e-04	1.016210e-01	4.999866e+00	7.584830e-02
5.016477878539167e-04	1.021217e-01	4.999866e+00	7.584792e-02
5.016577878539167e-04	1.026219e-01	4.999866e+00	7.584754e-02
5.016677878539168e-04	1.031190e-01	4.999866e+00	7.584716e-02
5.016777878539168e-04	1.036157e-01	4.999866e+00	7.584680e-02
5.016877878539169e-04	1.041094e-01	4.999866e+00	7.584643e-02
5.016977878539169e-04	1.046027e-01	4.999866e+00	7.584608e-02
5.017077878539170e-04	1.050931e-01	4.999866e+00	7.584573e-02
5.017177878539170e-04	1.055831e-01	4.999866e+00	7.584538e-02
5.017277878539171e-04	1.060703e-01	4.999866e+00	7.584503e-02
5.017377878539171e-04	1.065571e-01	4.999866e+00	7.584470e-02
5.017477878539172e-04	1.070411e-01	4.999866e+00	7.584437e-02
5.017577878539172e-04	1.075249e-01	4.999866e+00	7.584404e-02
5.017677878539173e-04	1.080058e-01	4.999866e+00	7.584371e-02
5.017777878539173e-04	1.084866e-01	4.999866e+00	7.584340e-02
5.017877878539174e-04	1.089646e-01	4.999866e+00	7.584309e-02
5.017977878539174e-04	1.094424e-01	4.999866e+00	7.584278e-02
5.018077878539175e-04	1.099175e-01	4.999866e+00	7.584247e-02
5.018177878539175e-04	1.103924e-01	4.999866e+00	7.584217e-02
5.018277878539176e-04	1.108647e-01	4.999866e+00	7.584187e-02
5.018377878539176e-04	1.113369e-01	4.999866e+00	7.584158e-02
5.018477878539177e-04	1.118064e-01	4.999866e+00	7.584130e-02
5.018577878539177e-04	1.122759e-01	4.999866e+00	7.584101e-02
5.018677878539178e-04	1.127428e-01	4.999866e+00	7.584073e-02
5.018777878539178e-04	1.132097e-01	4.999866e+00	7.584046e-02
5.018877878539179e-04	1.136739e-01	4.999866e+00	7.584018e-02
5.018977878539179e-04	1.141382e-01	4.999866e+00	7.583991e-02
5.019077878539180e-04	1.146000e-01	4.999866e+00	7.583965e-02
5.019177878539180e-04	1.150617e-01	4.999866e+00	7.583939e-02
5.019277878539181e-04	1.155210e-01	4.999866e+00	7.583912e-02
5.019377878539181e-04	1.159803e-01	4.999866e+00	7.583887e-02
5.019477878539182e-04	1.164372e-01	4.999866e+00	7.583862e-02
5.019577878539182e-04	1.168942e-01	4.999866e+00	7.583836e-02
5.019677878539183e-04	1.173487e-01	4.999866e+00	7.583812e-02
5.019777878539183e-04	1.178033e-01	4.999866e+00	7.583788e-02
5.019877878539184e-04	1.182555e-01	4.999866e+00	7.583763e-02
5.019977878539184e-04	1.187079e-01	4.999866e+00	7.583740e-02
5.020010000000001e-04	1.188521e-01	4.999866e+00	7.583732e-02
5.020013333333334e-04	1.188675e-01	4.999866e+00	7.583731e-02
5.020020000000001e-04	1.188988e-01	4.999866e+00	8.213099e-02
5.020031485718669e-04	1.189622e-01	4.999866e+00	1.036657e-01
5.020041874260515e-04	1.190320e-01	4.999866e+00	1.228874e-01
5.020054308595843e-04	1.191301e-01	4.999866e+00	1.455889e-01
5.020079177266498e-04	1.193713e-01	4.999866e+00	1.900575e-01
5.020128914607809e-04	1.200138e-01	4.999866e+00	2.756608e-01
5.020208681129532e-04	1.214120e-01	4.999866e+00	4.052699e-01
5.020296284792764e-04	1.233516e-01	4.999866e+00	5.391547e-01
5.020396284792765e-04	1.259322e-01	4.999866e+00	6.842673e-01
5.020496284792765e-04	1.287846e-01	4.999866e+00	8.236132e-01
5.020596284792766e-04	1.318201e-01	4.999866e+00	9.590275e-01
5.020696284792766e-04	1.349785e-01	4.999866e+00	1.091758e+00
5.020796284792767e-04	1.382193e-01	4.999866e+00	1.222654e+00
5.020896284792767e-04	1.415146e-01	4.999866e+00	1.352291e+00
5.020996284792768e-04	1.448458e-01	4.999866e+00	1.481061e+00
5.021096284792768e-04	1.482002e-01	4.999866e+00	1.609232e+00
5.021196284792768e-04	1.515694e-01	4.999866e+00	1.736985e+00
5.021296284792769e-04	1.549475e-01	4.999866e+00	1.864442e+00
5.021396284792769e-04	1.583309e-01	4.999866e+00	1.991688e+00
5.021496284792770e-04	1.617168e-01	4.999866e+00	2.118780e+00
5.021596284792770e-04	1.651035e-01	4.999866e+00	2.245756e+00
5.021696284792771e-04	1.684901e-01	4.999866e+00	2.372643e+00
5.021796284792771e-04	1.718756e-01	4.999866e+00	2.499459e+00
5.021896284792772e-04	1.752598e-01	4.999866e+00	2.626216e+00
5.021996284792772e-04	1.786422e-01	4.999866e+00	2.752922e+00
5.022096284792773e-04	1.820228e-01	4.999866e+00	2.879583e+00
5.022196284792773e-04	1.854014e-01	4.999866e+00	3.006204e+00
5.022296284792774e-04	1.887780e-01	4.999866e+00	3.132785e+00
5.022396284792774e-04	1.921527e-01	4.999866e+00	3.259331e+00
5.022496284792775e-04	1.955253e-01	4.999866e+00	3.385840e+00
5.022596284792775e-04	1.988960e-01	4.999866e+00	3.512316e+00
5.022696284792776e-04	2.022647e-01	4.999866e+00	3.638757e+00
5.022796284792776e-04	2.056315e-01	4.999866e+00	3.765165e+00
5.022896284792777e-04	2.089965e-01	4.999866e+00	3.891540e+00
5.022996284792777e-04	2.123596e-01	4.999866e+00	4.017881e+00
5.023096284792778e-04	2.157209e-01	4.999866e+00	4.144190e+00
5.023196284792778e-04	2.190804e-01	4.999866e+00	4.270465e+00
5.023296284792779e-04	2.224382e-01	4.999866e+00	4.396708e+00
5.023396284792779e-04	2.257943e-01	4.999866e+00	4.522919e+00
5.023496284792780e-04	2.291486e-01	4.999866e+00	4.649097e+00
5.023596284792780e-04	2.325013e-01	4.999866e+00	4.775242e+00
5.023696284792781e-04	2.358522e-01	4.999866e+00	4.901355e+00
5.023796284792781e-04	2.392016e-01	4.999866e+00	5.027435e+00
5.023896284792782e-04	2.425492e-01	4.999866e+00	5.153483e+00
5.023996284792782e-04	2.458953e-01	4.999866e+00	5.279498e+00
5.024096284792783e-04	2.492397e-01	4.999866e+00	5.405481e+00
5.024196284792783e-04	2.525825e-01	4.999866e+00	5.531431e+00
5.024296284792784e-04	2.559237e-01	4.999866e+00	5.657349e+00
5.024396284792784e-04	2.592632e-01	4.999866e+00	5.783235e+00
5.024496284792785e-04	2.626012e-01	4.999866e+00	5.909088e+00
5.024596284792785e-04	2.659376e-01	4.999866e+00	6.034908e+00
5.024696284792786e-04	2.692724e-01	4.999866e+00	6.160697e+00
5.024796284792786e-04	2.726056e-01	4.999866e+00	6.286452e+00
5.024896284792787e-04	2.759371e-01	4.999866e+00	6.412176e+00
5.024996284792787e-04	2.792671e-01	4.999866e+00	6.537867e+00
5.025096284792788e-04	2.825955e-01	4.999866e+00	6.663525e+00
5.025196284792788e-04	2.859223e-01	4.999866e+00	6.789152e+00
5.025296284792789e-04	2.892475e-01	4.999866e+00	6.914746e+00
5.025396284792789e-04	2.925711e-01	4.999866e+00	7.040307e+00
5.025496284792790e-04	2.958931e-01	4.999866e+00	7.165836e+00
5.025596284792790e-04	2.992134e-01	4.999866e+00	7.291334e+00
5.025696284792791e-04	3.025322e-01	4.999866e+00	7.416798e+00
5.025796284792791e-04	3.058493e-01	4.999866e+00	7.542231e+00
5.025896284792792e-04	3.091649e-01	4.999866e+00	7.667631e+00
5.025996284792792e-04	3.124788e-01	4.999866e+00	7.792998e+00
5.026096284792793e-04	3.157910e-01	4.999866e+00	7.918334e+00
5.026196284792793e-04	3.191016e-01	4.999866e+00	8.043637e+00
5.026296284792793e-04	3.224106e-01	4.999866e+00	8.168908e+00
5.026396284792794e-04	3.257180e-01	4.999866e+00	8.294147e+00
5.026496284792794e-04	3.290237e-01	4.999866e+00	8.419353e+00
5.026596284792795e-04	3.323277e-01	4.999866e+00	8.544527e+00
5.026696284792795e-04	3.356301e-01	4.999866e+00	8.669669e+00
5.026796284792796e-04	3.389308e-01	4.999866e+00	8.794779e+00
5.026896284792796e-04	3.422298e-01	4.999866e+00	8.919856e+00
5.026996284792797e-04	3.455272e-01	4.999866e+00	9.044901e+00
5.027096284792797e-04	3.488229e-01	4.999866e+00	9.169914e+00
5.027196284792798e-04	3.521169e-01	4.999866e+00	9.294895e+00
5.027296284792798e-04	3.554091e-01	4.999866e+00	9.419844e+00
5.027396284792799e-04	3.586997e-01	4.999866e+00	9.544760e+00
5.027496284792799e-04	3.619886e-01	4.999866e+00	9.669644e+00
5.027596284792800e-04	3.652758e-01	4.999866e+00	9.794496e+00
5.027696284792800e-04	3.685612e-01	4.999866e+00	9.919315e+00
5.027796284792801e-04	3.718450e-01	4.999866e+00	1.004410e+01
5.027896284792801e-04	3.751270e-01	4.999866e+00	1.016886e+01
5.027996284792802e-04	3.784072e-01	4.999866e+00	1.029358e+01
5.028096284792802e-04	3.816857e-01	4.999866e+00	1.041827e+01
5.028196284792803e-04	3.849625e-01	4.999866e+00	1.054293e+01
5.028296284792803e-04	3.882375e-01	4.999866e+00	1.066756e+01
5.028396284792804e-04	3.915108e-01	4.999866e+00	1.079215e+01
5.028496284792804e-04	3.947823e-01	4.999866e+00	1.091672e+01
5.028596284792805e-04	3.980520e-01	4.999866e+00	1.104125e+01
5.028696284792805e-04	4.013199e-01	4.999866e+00	1.116574e+01
5.028796284792806e-04	4.045861e-01	4.999866e+00	1.129021e+01
5.028896284792806e-04	4.078505e-01	4.999866e+00	1.141464e+01
5.028996284792807e-04	4.111131e-01	4.999866e+00	1.153905e+01
5.029096284792807e-04	4.143738e-01	4.999866e+00	1.166342e+01
5.029196284792808e-04	4.176328e-01	4.999866e+00	1.178775e+01
5.029296284792808e-04	4.208899e-01	4.999866e+00	1.191206e+01
5.029396284792809e-04	4.241453e-01	4.999866e+00	1.203633e+01
5.029496284792809e-04	4.273988e-01	4.999866e+00	1.216057e+01
5.029596284792810e-04	4.306505e-01	4.999866e+00	1.228478e+01
5.029696284792810e-04	4.339003e-01	4.999866e+00	1.240896e+01
5.029796284792811e-04	4.371483e-01	4.999866e+00	1.253311e+01
5.029896284792811e-04	4.403945e-01	4.999866e+00	1.265722e+01
5.029996284792812e-04	4.436388e-01	4.999866e+00	1.278130e+01
5.030096284792812e-04	4.468812e-01	4.999866e+00	1.290535e+01
5.030196284792813e-04	4.501218e-01	4.999866e+00	1.302937e+01
5.030296284792813e-04	4.533606e-01	4.999866e+00	1.315335e+01
5.030396284792814e-04	4.565974e-01	4.999866e+00	1.327731e+01
5.030496284792814e-04	4.598324e-01	4.999866e+00	1.340123e+01
5.030596284792815e-04	4.630654e-01	4.999866e+00	1.352512e+01
5.030696284792815e-04	4.662966e-01	4.999866e+00	1.364897e+01
5.030796284792816e-04	4.695260e-01	4.999866e+00	1.377280e+01
5.030896284792816e-04	4.727533e-01	4.999866e+00	1.389659e+01
5.030996284792817e-04	4.759789e-01	4.999866e+00	1.402035e+01
5.031096284792817e-04	4.792024e-01	4.999866e+00	1.414408e+01
5.031196284792818e-04	4.824241e-01	4.999866e+00	1.426778e+01
5.031296284792818e-04	4.856439e-01	4.999866e+00	1.439144e+01
5.031396284792818e-04	4.888617e-01	4.999866e+00	1.451508e+01
5.031496284792819e-04	4.920776e-01	4.999866e+00	1.463868e+01
5.031596284792819e-04	4.952916e-01	4.999866e+00	1.476225e+01
5.031696284792820e-04	4.985036e-01	4.999866e+00	1.488579e+01
5.031796284792820e-04	5.017136e-01	4.999866e+00	1.500929e+01
5.031896284792821e-04	5.049218e-01	4.999866e+00	1.513276e+01
5.031996284792821e-04	5.081279e-01	4.999866e+00	1.525621e+01
5.032096284792822e-04	5.113322e-01	4.999866e+00	1.537962e+01
5.032196284792822e-04	5.145344e-01	4.999866e+00	1.550299e+01
5.032296284792823e-04	5.177347e-01	4.999866e+00	1.562634e+01
5.032396284792823e-04	5.209330e-01	4.999866e+00	1.574965e+01
5.032496284792824e-04	5.241293e-01	4.999866e+00	1.587294e+01
5.032596284792824e-04	5.273237e-01	4.999866e+00	1.599619e+01
5.032696284792825e-04	5.305160e-01	4.999866e+00	1.611941e+01
5.032796284792825e-04	5.337064e-01	4.999866e+00	1.624259e+01
5.032896284792826e-04	5.368947e-01	4.999866e+00	1.636575e+01
5.032996284792826e-04	5.400811e-01	4.999866e+00	1.648887e+01
5.033096284792827e-04	5.432655e-01	4.999866e+00	1.661196e+01
5.033196284792827e-04	5.464478e-01	4.999866e+00	1.673502e+01
5.033296284792828e-04	5.496281e-01	4.999866e+00	1.685805e+01
5.033396284792828e-04	5.528064e-01	4.999866e+00	1.698104e+01
5.033496284792829e-04	5.559827e-01	4.999866e+00	1.710401e+01
5.033596284792829e-04	5.591570e-01	4.999866e+00	1.722694e+01
5.033696284792830e-04	5.623292e-01	4.999866e+00	1.734984e+01
5.033796284792830e-04	5.654994e-01	4.999866e+00	1.747271e+01
5.033896284792831e-04	5.686675e-01	4.999866e+00	1.759554e+01
5.033996284792831e-04	5.718337e-01	4.999866e+00	1.771835e+01
5.034096284792832e-04	5.749977e-01	4.999866e+00	1.784112e+01
5.034196284792832e-04	5.781597e-01	4.999866e+00	1.796386e+01
5.034296284792833e-04	5.813196e-01	4.999866e+00	1.808657e+01
5.034396284792833e-04	5.844775e-01	4.999866e+00	1.820925e+01
5.034496284792834e-04	5.876334e-01	4.999866e+00	1.833189e+01
5.034596284792834e-04	5.907871e-01	4.999866e+00	1.845451e+01
5.034696284792835e-04	5.939388e-01	4.999866e+00	1.857709e+01
5.034796284792835e-04	5.970883e-01	4.999866e+00	1.869964e+01
5.034896284792836e-04	6.002359e-01	4.999866e+00	1.882216e+01
5.034996284792836e-04	6.033813e-01	4.999866e+00	1.894465e+01
5.035096284792837e-04	6.065246e-01	4.999866e+00	1.906710e+01
5.035196284792837e-04	6.096659e-01	4.999866e+00	1.918953e+01
5.035296284792838e-04	6.128050e-01	4.999866e+00	1.931192e+01
5.035396284792838e-04	6.159421e-01	4.999866e+00	1.943428e+01
5.035496284792839e-04	6.190770e-01	4.999866e+00	1.955661e+01
5.035596284792839e-04	6.222098e-01	4.999866e+00	1.967891e+01
5.035696284792840e-04	6.253406e-01	4.999866e+00	1.980117e+01
5.035796284792840e-04	6.284692e-01	4.999866e+00	1.992340e+01
5.035896284792841e-04	6.315956e-01	4.999866e+00	2.004561e+01
5.035996284792841e-04	6.347200e-01	4.999866e+00	2.016778e+01
5.036096284792842e-04	6.378422e-01	4.999866e+00	2.028992e+01
5.036196284792842e-04	6.409623e-01	4.999866e+00	2.041202e+01
5.036296284792843e-04	6.440803e-01	4.999866e+00	2.053410e+01
5.036396284792843e-04	6.471961e-01	4.999866e+00	2.065614e+01
5.036496284792844e-04	6.503098e-01	4.999866e+00	2.077816e+01
5.036596284792844e-04	6.534213e-01	4.999866e+00	2.090014e+01
5.036696284792844e-04	6.565307e-01	4.999866e+00	2.102209e+01
5.036796284792845e-04	6.596380e-01	4.999866e+00	2.114400e+01
5.036896284792845e-04	6.627431e-01	4.999866e+00	2.126589e+01
5.036996284792846e-04	6.658460e-01	4.999866e+00	2.138774e+01
5.037096284792846e-04	6.689468e-01	4.999866e+00	2.150957e+01
5.037196284792847e-04	6.720454e-01	4.999866e+00	2.163136e+01
5.037296284792847e-04	6.751418e-01	4.999866e+00	2.175312e+01
5.037396284792848e-04	6.782361e-01	4.999866e+00	2.187484e+01
5.037496284792848e-04	6.813282e-01	4.999866e+00	2.199654e+01
5.037596284792849e-04	6.844181e-01	4.999866e+00	2.211821e+01
5.037696284792849e-04	6.875058e-01	4.999866e+00	2.223984e+01
5.037796284792850e-04	6.905913e-01	4.999866e+00	2.236144e+01
5.037896284792850e-04	6.936747e-01	4.999866e+00	2.248301e+01
5.037996284792851e-04	6.967559e-01	4.999866e+00	2.260455e+01
5.038096284792851e-04	6.998348e-01	4.999866e+00	2.272606e+01
5.038196284792852e-04	7.029116e-01	4.999866e+00	2.284753e+01
5.038296284792852e-04	7.059862e-01	4.999866e+00	2.296898e+01
5.038396284792853e-04	7.090586e-01	4.999866e+00	2.309039e+01
5.038496284792853e-04	7.121288e-01	4.999866e+00	2.321177e+01
5.038596284792854e-04	7.151967e-01	4.999866e+00	2.333312e+01
5.038696284792854e-04	7.182624e-01	4.999866e+00	2.345444e+01
5.038796284792855e-04	7.213260e-01	4.999866e+00	2.357573e+01
5.038896284792855e-04	7.243873e-01	4.999866e+00	2.369698e+01
5.038996284792856e-04	7.274464e-01	4.999866e+00	2.381821e+01
5.039096284792856e-04	7.305033e-01	4.999866e+00	2.393940e+01
5.039196284792857e-04	7.335579e-01	4.999866e+00	2.406056e+01
5.039296284792857e-04	7.366103e-01	4.999866e+00	2.418169e+01
5.039396284792858e-04	7.396605e-01	4.999866e+00	2.430279e+01
5.039496284792858e-04	7.427084e-01	4.999866e+00	2.442386e+01
5.039596284792859e-04	7.457541e-01	4.999866e+00	2.454489e+01
5.039696284792859e-04	7.487976e-01	4.999866e+00	2.466590e+01
5.039796284792860e-04	7.518389e-01	4.999866e+00	2.478687e+01
5.039896284792860e-04	7.548778e-01	4.999866e+00	2.490781e+01
5.039996284792861e-04	7.579145e-01	4.999866e+00	2.502872e+01
5.040096284792861e-04	7.609490e-01	4.999866e+00	2.514960e+01
5.040196284792862e-04	7.639813e-01	4.999866e+00	2.527045e+01
5.040296284792862e-04	7.670112e-01	4.999866e+00	2.539126e+01
5.040396284792863e-04	7.700390e-01	4.999866e+00	2.551205e+01
5.040496284792863e-04	7.730644e-01	4.999866e+00	2.563280e+01
5.040596284792864e-04	7.760876e-01	4.999866e+00	2.575352e+01
5.040696284792864e-04	7.791085e-01	4.999866e+00	2.587421e+01
5.040796284792865e-04	7.821272e-01	4.999866e+00	2.599487e+01
5.040896284792865e-04	7.851436e-01	4.999866e+00	2.611550e+01
5.040996284792866e-04	7.881577e-01	4.999866e+00	2.623610e+01
5.041096284792866e-04	7.911695e-01	4.999866e+00	2.635666e+01
5.041196284792867e-04	7.941791e-01	4.999866e+00	2.647720e+01
5.041296284792867e-04	7.971864e-01	4.999866e+00	2.659770e+01
5.041396284792868e-04	8.001913e-01	4.999866e+00	2.671817e+01
5.041496284792868e-04	8.031940e-01	4.999866e+00	2.683861e+01
5.041596284792869e-04	8.061945e-01	4.999866e+00	2.695902e+01
5.041696284792869e-04	8.091926e-01	4.999866e+00	2.707940e+01
5.041796284792869e-04	8.121884e-01	4.999866e+00	2.719975e+01
5.041896284792870e-04	8.151820e-01	4.999866e+00	2.732006e+01
5.041996284792870e-04	8.181733e-01	4.999866e+00	2.744034e+01
5.042096284792871e-04	8.211622e-01	4.999866e+00	2.756060e+01
5.042196284792871e-04	8.241489e-01	4.999866e+00	2.768082e+01
5.042296284792872e-04	8.271332e-01	4.999866e+00	2.780101e+01
5.042396284792872e-04	8.301153e-01	4.999866e+00	2.792117e+01
5.042496284792873e-04	8.330950e-01	4.999866e+00	2.804130e+01
5.042596284792873e-04	8.360724e-01	4.999866e+00	2.816139e+01
5.042696284792874e-04	8.390476e-01	4.999866e+00	2.828146e+01
5.042796284792874e-04	8.420203e-01	4.999866e+00	2.840149e+01
5.042896284792875e-04	8.449908e-01	4.999866e+00	2.852150e+01
5.042996284792875e-04	8.479590e-01	4.999866e+00	2.864147e+01
5.043096284792876e-04	8.509248e-01	4.999866e+00	2.876141e+01
5.043196284792876e-04	8.538883e-01	4.999866e+00	2.888132e+01
5.043296284792877e-04	8.568496e-01	4.999866e+00	2.900120e+01
5.043396284792877e-04	8.598084e-01	4.999866e+00	2.912104e+01
5.043496284792878e-04	8.627650e-01	4.999866e+00	2.924086e+01
5.043596284792878e-04	8.657192e-01	4.999866e+00	2.936065e+01
5.043696284792879e-04	8.686711e-01	4.999866e+00	2.948040e+01
5.043796284792879e-04	8.716207e-01	4.999866e+00	2.960012e+01
5.043896284792880e-04	8.745679e-01	4.999866e+00	2.971982e+01
5.043996284792880e-04	8.775128e-01	4.999866e+00	2.983948e+01
5.044096284792881e-04	8.804553e-01	4.999866e+00	2.995911e+01
5.044196284792881e-04	8.833955e-01	4.999866e+00	3.007870e+01
5.044296284792882e-04	8.863333e-01	4.999866e+00	3.019827e+01
5.044396284792882e-04	8.892689e-01	4.999866e+00	3.031781e+01
5.044496284792883e-04	8.922021e-01	4.999866e+00	3.043731e+01
5.044596284792883e-04	8.951329e-01	4.999866e+00	3.055679e+01
5.044696284792884e-04	8.980613e-01	4.999866e+00	3.067623e+01
5.044796284792884e-04	9.009875e-01	4.999866e+00	3.079565e+01
5.044896284792885e-04	9.039112e-01	4.999866e+00	3.091503e+01
5.044996284792885e-04	9.068327e-01	4.999866e+00	3.103438e+01
5.045096284792886e-04	9.097518e-01	4.999866e+00	3.115370e+01
5.045196284792886e-04	9.126685e-01	4.999866e+00	3.127299e+01
5.045296284792887e-04	9.155828e-01	4.999866e+00	3.139224e+01
5.045396284792887e-04	9.184948e-01	4.999866e+00	3.151147e+01
5.045496284792888e-04	9.214044e-01	4.999866e+00	3.163066e+01
5.045596284792888e-04	9.243116e-01	4.999866e+00	3.174983e+01
5.045696284792889e-04	9.272165e-01	4.999866e+00	3.186896e+01
5.045796284792889e-04	9.301191e-01	4.999866e+00	3.198807e+01
5.045896284792890e-04	9.330192e-01	4.999866e+00	3.210714e+01
5.045996284792890e-04	9.359170e-01	4.999866e+00	3.222618e+01
5.046096284792891e-04	9.388124e-01	4.999866e+00	3.234519e+01
5.046196284792891e-04	9.417055e-01	4.999866e+00	3.246417e+01
5.046296284792892e-04	9.445962e-01	4.999866e+00	3.258311e+01
5.046396284792892e-04	9.474844e-01	4.999866e+00	3.270203e+01
5.046496284792893e-04	9.503704e-01	4.999866e+00	3.282092e+01
5.046596284792893e-04	9.532539e-01	4.999866e+00	3.293977e+01
5.046696284792894e-04	9.561351e-01	4.999866e+00	3.305860e+01
5.046796284792894e-04	9.590139e-01	4.999866e+00	3.317739e+01
5.046896284792894e-04	9.618903e-01	4.999866e+00	3.329615e+01
5.046996284792895e-04	9.647642e-01	4.999866e+00	3.341489e+01
5.047096284792895e-04	9.676359e-01	4.999866e+00	3.353358e+01
5.047196284792896e-04	9.705051e-01	4.999866e+00	3.365226e+01
5.047296284792896e-04	9.733720e-01	4.999866e+00	3.377089e+01
5.047396284792897e-04	9.762365e-01	4.999866e+00	3.388950e+01
5.047496284792897e-04	9.790985e-01	4.999866e+00	3.400808e+01
5.047596284792898e-04	9.819582e-01	4.999866e+00	3.412663e+01
5.047696284792898e-04	9.848155e-01	4.999866e+00	3.424514e+01
5.047796284792899e-04	9.876704e-01	4.999866e+00	3.436363e+01
5.047896284792899e-04	9.905229e-01	4.999866e+00	3.448208e+01
5.047996284792900e-04	9.933730e-01	4.999866e+00	3.460051e+01
5.048096284792900e-04	9.962207e-01	4.999866e+00	3.471890e+01
5.048196284792901e-04	9.990660e-01	4.999866e+00	3.483726e+01
5.048296284792901e-04	1.001909e+00	4.999866e+00	3.495559e+01
5.048396284792902e-04	1.004749e+00	4.999866e+00	3.507389e+01
5.048496284792902e-04	1.007588e+00	4.999866e+00	3.519216e+01
5.048596284792903e-04	1.010423e+00	4.999866e+00	3.531040e+01
5.048696284792903e-04	1.013257e+00	4.999866e+00	3.542861e+01
5.048796284792904e-04	1.016087e+00	4.999866e+00	3.554678e+01
5.048896284792904e-04	1.018916e+00	4.999866e+00	3.566493e+01
5.048996284792905e-04	1.021742e+00	4.999866e+00	3.578305e+01
5.049096284792905e-04	1.024566e+00	4.999866e+00	3.590113e+01
5.049196284792906e-04	1.027387e+00	4.999866e+00	3.601919e+01
5.049296284792906e-04	1.030206e+00	4.999866e+00	3.613721e+01
5.049396284792907e-04	1.033022e+00	4.999866e+00	3.625520e+01
5.049496284792907e-04	1.035836e+00	4.999866e+00	3.637317e+01
5.049596284792908e-04	1.038648e+00	4.999866e+00	3.649110e+01
5.049696284792908e-04	1.041457e+00	4.999866e+00	3.660900e+01
5.049796284792909e-04	1.044264e+00	4.999866e+00	3.672687e+01
5.049896284792909e-04	1.047068e+00	4.999866e+00	3.684471e+01
5.049996284792910e-04	1.049870e+00	4.999866e+00	3.696252e+01
5.050096284792910e-04	1.052670e+00	4.999866e+00	3.708030e+01
5.050196284792911e-04	1.055467e+00	4.999866e+00	3.719804e+01
5.050296284792911e-04	1.058262e+00	4.999866e+00	3.731576e+01
5.050396284792912e-04	1.061054e+00	4.999866e+00	3.743345e+01
5.050496284792912e-04	1.063844e+00	4.999866e+00	3.755111e+01
5.050596284792913e-04	1.066631e+00	4.999866e+00	3.766873e+01
5.050696284792913e-04	1.069416e+00	4.999866e+00	3.778632e+01
5.050796284792914e-04	1.072199e+00	4.999866e+00	3.790389e+01
5.050896284792914e-04	1.074979e+00	4.999866e+00	3.802142e+01
5.050996284792915e-04	1.077757e+00	4.999866e+00	3.813892e+01
5.051096284792915e-04	1.080532e+00	4.999866e+00	3.825640e+01
5.051196284792916e-04	1.083305e+00	4.999866e+00	3.837384e+01
5.051296284792916e-04	1.086075e+00	4.999866e+00	3.849125e+01
5.051396284792917e-04	1.088843e+00	4.999866e+00	3.860863e+01
5.051496284792917e-04	1.091609e+00	4.999866e+00	3.872598e+01
5.051596284792918e-04	1.094372e+00	4.999866e+00	3.884330e+01
5.051696284792918e-04	1.097133e+00	4.999866e+00	3.896059e+01
5.051796284792919e-04	1.099891e+00	4.999866e+00	3.907785e+01
5.051896284792919e-04	1.102647e+00	4.999866e+00	3.919508e+01
5.051996284792920e-04	1.105401e+00	4.999866e+00	3.931227e+01
5.052096284792920e-04	1.108152e+00	4.999866e+00	3.942944e+01
5.052196284792920e-04	1.110900e+00	4.999866e+00	3.954658e+01
5.052296284792921e-04	1.113646e+00	4.999866e+00	3.966368e+01
5.052396284792921e-04	1.116390e+00	4.999866e+00	3.978076e+01
5.052496284792922e-04	1.119131e+00	4.999866e+00	3.989780e+01
5.052596284792922e-04	1.121870e+00	4.999866e+00	4.001482e+01
5.052696284792923e-04	1.124607e+00	4.999866e+00	4.013181e+01
5.052796284792923e-04	1.127341e+00	4.999866e+00	4.024876e+01
5.052896284792924e-04	1.130072e+00	4.999866e+00	4.036568e+01
5.052996284792924e-04	1.132801e+00	4.999866e+00	4.048257e+01
5.053096284792925e-04	1.135528e+00	4.999866e+00	4.059944e+01
5.053196284792925e-04	1.138252e+00	4.999866e+00	4.071627e+01
5.053296284792926e-04	1.140974e+00	4.999866e+00	4.083307e+01
5.053396284792926e-04	1.143693e+00	4.999866e+00	4.094984e+01
5.053496284792927e-04	1.146410e+00	4.999866e+00	4.106659e+01
5.053596284792927e-04	1.149125e+00	4.999866e+00	4.118330e+01
5.053696284792928e-04	1.151837e+00	4.999866e+00	4.129998e+01
5.053796284792928e-04	1.154546e+00	4.999866e+00	4.141663e+01
5.053896284792929e-04	1.157253e+00	4.999866e+00	4.153325e+01
5.053996284792929e-04	1.159958e+00	4.999866e+00	4.164984e+01
5.054096284792930e-04	1.162660e+00	4.999865e+00	4.176640e+01
5.054196284792930e-04	1.165360e+00	4.999865e+00	4.188292e+01
5.054296284792931e-04	1.168058e+00	4.999865e+00	4.199942e+01
5.054396284792931e-04	1.170753e+00	4.999864e+00	4.211589e+01
5.054496284792932e-04	1.173445e+00	4.999815e+00	4.223233e+01
5.054596284792932e-04	1.176135e+00	4.999422e+00	4.234874e+01
5.054608784792932e-04	1.176471e+00	4.998588e+00	4.236329e+01
5.054624739263277e-04	1.176900e+00	4.989184e+00	4.238185e+01
5.054632228350796e-04	1.177101e+00	4.971094e+00	4.239057e+01
5.054637761264521e-04	1.177250e+00	4.935595e+00	4.239701e+01
5.054642204882036e-04	1.177369e+00	4.877716e+00	4.240218e+01
5.054647049788828e-04	1.177500e+00	4.784317e+00	4.240782e+01
5.054652656584586e-04	1.177650e+00	4.652197e+00	4.241434e+01
5.054661839788434e-04	1.177897e+00	4.385405e+00	4.242503e+01
5.054672937739804e-04	1.178195e+00	3.931051e+00	4.243794e+01
5.054685941462463e-04	1.178545e+00	3.045802e+00	4.245308e+01
5.054700310516052e-04	1.178931e+00	1.243746e+00	4.246980e+01
5.054707218516985e-04	1.179116e+00	1.226639e-01	4.247784e+01
5.054709924152354e-04	1.179189e+00	-1.959661e-02	4.248098e+01
5.054710488570439e-04	1.179204e+00	-2.225787e-03	4.248164e+01
5.054710736402718e-04	1.179211e+00	-1.065381e-03	4.248193e+01
5.054710976078671e-04	1.179217e+00	-4.599198e-04	4.248221e+01
5.054711251841057e-04	1.179225e+00	-9.506469e-05	4.248253e+01
5.054711803365829e-04	1.179240e+00	1.778352e-04	4.248317e+01
5.054712638026364e-04	1.179262e+00	2.180576e-04	4.248414e+01
5.054713824456011e-04	1.179294e+00	1.917832e-04	4.248552e+01
5.054715634653951e-04	1.179342e+00	1.675912e-04	4.248763e+01
5.054719255049832e-04	1.179440e+00	1.325426e-04	4.249184e+01
5.054726495841593e-04	1.179634e+00	9.546517e-05	4.250026e+01
5.054740977425117e-04	1.180023e+00	8.339426e-05	4.251711e+01
5.054769940592164e-04	1.180801e+00	8.430764e-05	4.255081e+01
5.054827866926258e-04	1.182355e+00	8.273954e-05	4.261820e+01
5.054927866926258e-04	1.185037e+00	8.325491e-05	4.273450e+01
5.055027866926259e-04	1.187717e+00	8.207810e-05	4.285078e+01
5.055127866926259e-04	1.190394e+00	8.285528e-05	4.296703e+01
5.055227866926260e-04	1.193069e+00	8.185003e-05	4.308324e+01
5.055327866926260e-04	1.195741e+00	8.271028e-05	4.319943e+01
5.055527866926261e-04	1.201078e+00	8.265944e-05	4.343171e+01
5.056227866926265e-04	1.219680e+00	8.180922e-05	4.424374e+01
5.066727866926316e-04	1.484341e+00	8.239580e-05	5.624830e+01
5.078427866926374e-04	1.747980e+00	8.216209e-05	6.924380e+01
5.091427866926437e-04	2.004037e+00	8.220224e-05	8.322659e+01
5.105927866926508e-04	2.247267e+00	8.225704e-05	9.827525e+01
5.113627866926546e-04	2.359734e+00	8.222915e-05	1.060393e+02
5.130727866926630e-04	2.572210e+00	8.224427e-05	1.227371e+02
5.148827866926719e-04	2.747589e+00	8.223880e-05	1.396249e+02
5.167927866926812e-04	2.885825e+00	8.224045e-05	1.566106e+02
5.188327866926912e-04	2.989182e+00	8.224008e-05	1.738530e+02
5.210527866927021e-04	3.059083e+00	8.223997e-05	1.916179e+02
5.216027866927048e-04	3.070560e+00	8.224038e-05	1.958650e+02
5.241427866927173e-04	3.098382e+00	8.224040e-05	2.147209e+02
5.270627866927316e-04	3.088603e+00	8.224040e-05	2.349372e+02
5.306027866927489e-04	3.033207e+00	8.224040e-05	2.575094e+02
5.318427866927550e-04	3.005404e+00	8.224039e-05	2.649467e+02
5.370727866927807e-04	2.856341e+00	8.224000e-05	2.938575e+02
5.420827866928052e-04	2.685609e+00	8.224037e-05	3.181738e+02
5.476827866928327e-04	2.484570e+00	8.224035e-05	3.419373e+02
5.523227866928554e-04	2.320194e+00	8.224034e-05	3.592285e+02
5.579627866928831e-04	2.130545e+00	8.224033e-05	3.776890e+02
5.625627866929057e-04	1.987052e+00	8.224032e-05	3.909140e+02
5.682327866929335e-04	1.825617e+00	8.224011e-05	4.052363e+02
5.728027866929559e-04	1.708071e+00	8.224030e-05	4.153770e+02
5.785027866929838e-04	1.576609e+00	8.224029e-05	4.264907e+02
5.830427866930061e-04	1.483189e+00	8.224029e-05	4.342672e+02
5.887827866930342e-04	1.378187e+00	8.224028e-05	4.429059e+02
5.932827866930563e-04	1.305190e+00	8.224028e-05	4.488557e+02
5.990627866930846e-04	1.222188e+00	8.224031e-05	4.555707e+02
6.035227866931065e-04	1.165569e+00	8.224042e-05	4.601227e+02
6.093527866931351e-04	1.100200e+00	8.224087e-05	4.653506e+02
6.137627866931567e-04	1.056560e+00	8.224219e-05	4.688247e+02
6.196527866931856e-04	1.005147e+00	8.275491e-05	4.729011e+02
6.201027866931878e-04	1.001516e+00	9.522759e-05	4.731883e+02
6.203727866931891e-04	9.993562e-01	1.675931e-04	4.733591e+02
6.204927866931897e-04	9.984009e-01	2.528343e-04	4.734346e+02
6.205627866931900e-04	9.978450e-01	3.595583e-04	4.734786e+02
6.206027866931902e-04	9.975278e-01	4.743855e-04	4.735037e+02
6.206327866931904e-04	9.972900e-01	6.250376e-04	4.735225e+02
6.206527866931905e-04	9.971316e-01	7.943544e-04	4.735350e+02
6.206627866931905e-04	9.970525e-01	9.196028e-04	4.735413e+02
6.206727866931906e-04	9.969733e-01	1.094829e-03	4.735475e+02
6.206827866931906e-04	9.968942e-01	1.355317e-03	4.735538e+02
6.206927866931907e-04	9.968151e-01	1.796316e-03	4.735600e+02
6.207027866931907e-04	9.967360e-01	2.718763e-03	4.735663e+02
6.207084019114326e-04	9.966916e-01	3.930376e-03	4.735698e+02
6.207130418853577e-04	9.966549e-01	6.599391e-03	4.735727e+02
6.207158191469825e-04	9.966330e-01	1.184736e-02	4.735744e+02
6.207187179469020e-04	9.966100e-01	2.481457e-02	4.735762e+02
6.207214791566634e-04	9.965882e-01	4.592084e-02	4.735779e+02
6.207236088359454e-04	9.965714e-01	7.893164e-02	4.735793e+02
6.207253369627807e-04	9.965577e-01	1.370586e-01	4.735804e+02
6.207271180071481e-04	9.965436e-01	2.615829e-01	4.735815e+02
6.207289956478838e-04	9.965288e-01	5.427644e-01	4.735826e+02
6.207307997403730e-04	9.965146e-01	1.130403e+00	4.735838e+02
6.207325781018006e-04	9.965005e-01	2.401875e+00	4.735849e+02
6.207342834688767e-04	9.964870e-01	4.788855e+00	4.735859e+02
6.207347825994226e-04	9.964831e-01	5.028353e+00	4.735863e+02
6.207352750057579e-04	9.964792e-01	4.979940e+00	4.735866e+02
6.207354145666073e-04	9.964781e-01	5.006847e+00	4.735867e+02
6.207354666865737e-04	9.964777e-01	4.999738e+00	4.735867e+02
6.207354909828722e-04	9.964775e-01	4.999756e+00	4.735867e+02
6.207355149774564e-04	9.964773e-01	4.999765e+00	4.735867e+02
6.207355410383004e-04	9.964771e-01	4.999770e+00	4.735867e+02
6.207355931599883e-04	9.964767e-01	4.999778e+00	4.735868e+02
6.207356974033643e-04	9.964759e-01	4.999790e+00	4.735868e+02
6.207359058901163e-04	9.964742e-01	4.999811e+00	4.735870e+02
6.207363228636202e-04	9.964709e-01	4.999842e+00	4.735872e+02
6.207371568106279e-04	9.964643e-01	4.999864e+00	4.735877e+02
6.207388247046434e-04	9.964511e-01	4.999864e+00	4.735888e+02
6.207421604926742e-04	9.964248e-01	4.999864e+00	4.735909e+02
6.207488320687361e-04	9.963721e-01	4.999865e+00	4.735950e+02
6.207588320687362e-04	9.962931e-01	4.999865e+00	4.736013e+02
6.207688320687362e-04	9.962142e-01	4.999865e+00	4.736075e+02
6.207788320687363e-04	9.961352e-01	4.999866e+00	4.736138e+02
6.207888320687363e-04	9.960563e-01	4.999866e+00	4.736200e+02
6.207988320687364e-04	9.959774e-01	4.999866e+00	4.736263e+02
6.208188320687365e-04	9.958196e-01	4.999866e+00	4.736387e+02
6.208988320687369e-04	9.951894e-01	4.999866e+00	4.736885e+02
6.237788320687510e-04	9.733070e-01	4.999866e+00	4.754166e+02
6.297588320687803e-04	9.325315e-01	4.999866e+00	4.786277e+02
6.340188320688012e-04	9.069378e-01	4.999866e+00	4.806372e+02
6.401088320688311e-04	8.747224e-01	4.999866e+00	4.831596e+02
6.442588320688514e-04	8.553897e-01	4.999866e+00	4.846695e+02
6.504788320688819e-04	8.298925e-01	4.999866e+00	4.866562e+02
6.544988320689016e-04	8.153873e-01	4.999866e+00	4.877839e+02
6.608988320689330e-04	7.950847e-01	4.999866e+00	4.893594e+02
6.647388320689518e-04	7.843668e-01	4.999866e+00	4.901895e+02
6.713588320689843e-04	7.681336e-01	4.999866e+00	4.914449e+02
6.749788320690020e-04	7.603266e-01	4.999866e+00	4.920476e+02
6.818688320690358e-04	7.472819e-01	4.999866e+00	4.930535e+02
6.852188320690522e-04	7.417061e-01	4.999866e+00	4.934828e+02
6.924488320690877e-04	7.311517e-01	4.999866e+00	4.942947e+02
6.954588320691025e-04	7.272904e-01	4.999866e+00	4.945914e+02
7.031188320691400e-04	7.186815e-01	4.999866e+00	4.952523e+02
7.056988320691527e-04	7.161345e-01	4.999866e+00	4.954476e+02
7.138788320691928e-04	7.090671e-01	4.999866e+00	4.959893e+02
7.159388320692029e-04	7.075044e-01	4.999866e+00	4.961090e+02
7.247588320692461e-04	7.016564e-01	4.999866e+00	4.965567e+02
7.261788320692531e-04	7.008302e-01	4.999866e+00	4.966199e+02
7.357688320693001e-04	6.959593e-01	4.999866e+00	4.969924e+02
7.364188320693033e-04	6.956698e-01	4.999866e+00	4.970145e+02
7.466588320693535e-04	6.916806e-01	4.999866e+00	4.973193e+02
7.568988320694037e-04	6.885974e-01	4.999866e+00	4.975547e+02
7.671388320694539e-04	6.862147e-01	4.999866e+00	4.977366e+02
7.773788320695041e-04	6.843735e-01	4.999866e+00	4.978770e+02
7.876188320695543e-04	6.829509e-01	4.999866e+00	4.979855e+02
7.978588320696045e-04	6.818518e-01	4.999866e+00	4.980693e+02
8.080988320696548e-04	6.810027e-01	4.999866e+00	4.981341e+02
8.183388320697050e-04	6.803467e-01	4.999866e+00	4.981841e+02
8.285788320697552e-04	6.798400e-01	4.999866e+00	4.982227e+02
8.388188320698054e-04	6.794485e-01	4.999866e+00	4.982525e+02
8.490588320698556e-04	6.791461e-01	4.999866e+00	4.982756e+02
8.592988320699058e-04	6.789125e-01	4.999866e+00	4.982934e+02
8.695388320699560e-04	6.787321e-01	4.999866e+00	4.983071e+02
8.797788320700062e-04	6.785927e-01	4.999866e+00	4.983177e+02
8.900188320700564e-04	6.784850e-01	4.999866e+00	4.983260e+02
9.002588320701066e-04	6.784019e-01	4.999866e+00	4.983323e+02
9.104988320701568e-04	6.783376e-01	4.999866e+00	4.983372e+02
9.207388320702071e-04	6.782880e-01	4.999866e+00	4.983409e+02
9.309788320702573e-04	6.782497e-01	4.999866e+00	4.983439e+02
9.412188320703075e-04	6.782201e-01	4.999866e+00	4.983461e+02
9.514588320703577e-04	6.781972e-01	4.999866e+00	4.983479e+02
9.616988320704079e-04	6.781796e-01	4.999866e+00	4.983492e+02
9.719388320704581e-04	6.781659e-01	4.999866e+00	4.983503e+02
9.821788320704475e-04	6.781554e-01	4.999866e+00	4.983511e+02
9.924188320703867e-04	6.781473e-01	4.999866e+00	4.983517e+02
1.002658832070326e-03	6.781409e-01	4.999866e+00	4.983522e+02
1.012898832070265e-03	6.781361e-01	4.999866e+00	4.983525e+02
1.023138832070204e-03	6.781324e-01	4.999866e+00	4.983528e+02
1.033378832070143e-03	6.781294e-01	4.999866e+00	4.983530e+02
1.043618832070083e-03	6.781272e-01	4.999866e+00	4.983532e+02
1.053858832070022e-03	6.781254e-01	4.999866e+00	4.983533e+02
1.064098832069961e-03	6.781241e-01	4.999866e+00	4.983535e+02
1.074338832069900e-03	6.781231e-01	4.999866e+00	4.983535e+02
1.084578832069839e-03	6.781223e-01	4.999866e+00	4.983536e+02
1.094818832069779e-03	6.781217e-01	4.999866e+00	4.983536e+02
1.105058832069718e-03	6.781212e-01	4.999866e+00	4.983537e+02
1.115298832069657e-03	6.781209e-01	4.999866e+00	4.983537e+02
1.125538832069596e-03	6.781206e-01	4.999866e+00	4.983537e+02
1.135778832069535e-03	6.781204e-01	4.999866e+00	4.983537e+02
1.146018832069474e-03	6.781202e-01	4.999866e+00	4.983537e+02
1.156258832069414e-03	6.781200e-01	4.999866e+00	4.983538e+02
1.166498832069353e-03	6.781200e-01	4.999866e+00	4.983538e+02
1.176738832069292e-03	6.781198e-01	4.999866e+00	4.983538e+02
1.186978832069231e-03	6.781198e-01	4.999866e+00	4.983538e+02
1.197218832069170e-03	6.781198e-01	4.999866e+00	4.983538e+02
1.207458832069110e-03	6.781197e-01	4.999866e+00	4.983538e+02
1.217698832069049e-03	6.781197e-01	4.999866e+00	4.983538e+02
1.227938832068988e-03	6.781197e-01	4.999866e+00	4.983538e+02
1.238178832068927e-03	6.781197e-01	4.999866e+00	4.983538e+02
1.248418832068866e-03	6.781197e-01	4.999866e+00	4.983538e+02
1.258658832068806e-03	6.781197e-01	4.999866e+00	4.983538e+02
1.268898832068745e-03	6.781196e-01	4.999866e+00	4.983538e+02
1.279138832068684e-03	6.781196e-01	4.999866e+00	4.983538e+02
1.289378832068623e-03	6.781196e-01	4.999866e+00	4.983538e+02
1.299618832068562e-03	6.781196e-01	4.999866e+00	4.983538e+02
1.309858832068501e-03	6.781196e-01	4.999866e+00	4.983538e+02
1.320098832068441e-03	6.781196e-01	4.999866e+00	4.983538e+02
1.330338832068380e-03	6.781196e-01	4.999866e+00	4.983538e+02
1.340578832068319e-03	6.781196e-01	4.999866e+00	4.983538e+02
1.350818832068258e-03	6.781196e-01	4.999866e+00	4.983538e+02
1.361058832068197e-03	6.781196e-01	4.999866e+00	4.983538e+02
1.371298832068137e-03	6.781196e-01	4.999866e+00	4.983538e+02
1.381538832068076e-03	6.781196e-01	4.999866e+00	4.983538e+02
1.391778832068015e-03	6.781196e-01	4.999866e+00	4.983538e+02
1.402018832067954e-03	6.781196e-01	4.999866e+00	4.983538e+02
1.412258832067893e-03	6.781196e-01	4.999866e+00	4.983538e+02
1.422498832067833e-03	6.781196e-01	4.999866e+00	4.983538e+02
1.432738832067772e-03	6.781196e-01	4.999866e+00	4.983538e+02
1.442978832067711e-03	6.781196e-01	4.999866e+00	4.983538e+02
1.453218832067650e-03	6.781196e-01	4.999866e+00	4.983538e+02
1.463458832067589e-03	6.781196e-01	4.999866e+00	4.983538e+02
1.473698832067528e-03	6.781196e-01	4.999866e+00	4.983538e+02
1.483938832067468e-03	6.781196e-01	4.999866e+00	4.983538e+02
1.494178832067407e-03	6.781196e-01	4.999866e+00	4.983538e+02
1.504418832067346e-03	6.781196e-01	4.999866e+00	4.983538e+02
1.514658832067285e-03	6.781196e-01	4.999866e+00	4.983538e+02
1.524898832067224e-03	6.781196e-01	4.999866e+00	4.983538e+02
1.535138832067164e-03	6.781196e-01	4.999866e+00	4.983538e+02
1.545378832067103e-03	6.781196e-01	4.999866e+00	4.983538e+02
1.555618832067042e-03	6.781196e-01	4.999866e+00	4.983538e+02
1.565858832066981e-03	6.781196e-01	4.999866e+00	4.983538e+02
1.576098832066920e-03	6.781196e-01	4.999866e+00	4.983538e+02
1.586338832066859e-03	6.781196e-01	4.999866e+00	4.983538e+02
1.596578832066799e-03	6.781196e-01	4.999866e+00	4.983538e+02
1.606818832066738e-03	6.781196e-01	4.999866e+00	4.983538e+02
1.617058832066677e-03	6.781196e-01	4.999866e+00	4.983538e+02
1.627298832066616e-03	6.781196e-01	4.999866e+00	4.983538e+02
1.637538832066555e-03	6.781196e-01	4.999866e+00	4.983538e+02
1.647778832066495e-03	6.781196e-01	4.999866e+00	4.983538e+02
1.658018832066434e-03	6.781196e-01	4.999866e+00	4.983538e+02
1.668258832066373e-03	6.781196e-01	4.999866e+00	4.983538e+02
1.678498832066312e-03	6.781196e-01	4.999866e+00	4.983538e+02
1.688738832066251e-03	6.781196e-01	4.999866e+00	4.983538e+02
1.698978832066191e-03	6.781196e-01	4.999866e+00	4.983538e+02
1.709218832066130e-03	6.781196e-01	4.999866e+00	4.983538e+02
1.719458832066069e-03	6.781196e-01	4.999866e+00	4.983538e+02
1.729698832066008e-03	6.781196e-01	4.999866e+00	4.983538e+02
1.739938832065947e-03	6.781196e-01	4.999866e+00	4.983538e+02
1.750178832065886e-03	6.781196e-01	4.999866e+00	4.983538e+02
1.760418832065826e-03	6.781196e-01	4.999866e+00	4.983538e+02
1.770658832065765e-03	6.781196e-01	4.999866e+00	4.983538e+02
1.780898832065704e-03	6.781196e-01	4.999866e+00	4.983538e+02
1.791138832065643e-03	6.781196e-01	4.999866e+00	4.983538e+02
1.801378832065582e-03	6.781196e-01	4.999866e+00	4.983538e+02
1.811618832065522e-03	6.781196e-01	4.999866e+00	4.983538e+02
1.821858832065461e-03	6.781196e-01	4.999866e+00	4.983538e+02
1.832098832065400e-03	6.781196e-01	4.999866e+00	4.983538e+02
1.842338832065339e-03	6.781196e-01	4.999866e+00	4.983538e+02
1.852578832065278e-03	6.781196e-01	4.999866e+00	4.983538e+02
1.862818832065218e-03	6.781196e-01	4.999866e+00	4.983538e+02
1.873058832065157e-03	6.781196e-01	4.999866e+00	4.983538e+02
1.883298832065096e-03	6.781196e-01	4.999866e+00	4.983538e+02
1.893538832065035e-03	6.781196e-01	4.999866e+00	4.983538e+02
1.903778832064974e-03	6.781196e-01	4.999866e+00	4.983538e+02
1.914018832064913e-03	6.781196e-01	4.999866e+00	4.983538e+02
1.924258832064853e-03	6.781196e-01	4.999866e+00	4.983538e+02
1.934498832064792e-03	6.781196e-01	4.999866e+00	4.983538e+02
1.944738832064731e-03	6.781196e-01	4.999866e+00	4.983538e+02
1.954978832064670e-03	6.781196e-01	4.999866e+00	4.983538e+02
1.965218832064609e-03	6.781196e-01	4.999866e+00	4.983538e+02
1.975458832064549e-03	6.781196e-01	4.999866e+00	4.983538e+02
1.985698832064488e-03	6.781196e-01	4.999866e+00	4.983538e+02
1.995938832064427e-03	6.781196e-01	4.999866e+00	4.983538e+02
2.006178832064366e-03	6.781196e-01	4.999866e+00	4.983538e+02
2.016418832064305e-03	6.781196e-01	4.999866e+00	4.983538e+02
2.026658832064245e-03	6.781196e-01	4.999866e+00	4.983538e+02
2.036898832064184e-03	6.781196e-01	4.999866e+00	4.983538e+02
2.047138832064123e-03	6.781196e-01	4.999866e+00	4.983538e+02
2.057378832064062e-03	6.781196e-01	4.999866e+00	4.983538e+02
2.067618832064001e-03	6.781196e-01	4.999866e+00	4.983538e+02
2.077858832063940e-03	6.781196e-01	4.999866e+00	4.983538e+02
2.088098832063880e-03	6.781196e-01	4.999866e+00	4.983538e+02
2.098338832063819e-03	6.781196e-01	4.999866e+00	4.983538e+02
2.108578832063758e-03	6.781196e-01	4.999866e+00	4.983538e+02
2.118818832063697e-03	6.781196e-01	4.999866e+00	4.983538e+02
2.129058832063636e-03	6.781196e-01	4.999866e+00	4.983538e+02
2.139298832063576e-03	6.781196e-01	4.999866e+00	4.983538e+02
2.149538832063515e-03	6.781196e-01	4.999866e+00	4.983538e+02
2.159778832063454e-03	6.781196e-01	4.999866e+00	4.983538e+02
2.170018832063393e-03	6.781196e-01	4.999866e+00	4.983538e+02
2.180258832063332e-03	6.781196e-01	4.999866e+00	4.983538e+02
2.190498832063272e-03	6.781196e-01	4.999866e+00	4.983538e+02
2.200738832063211e-03	6.781196e-01	4.999866e+00	4.983538e+02
2.210978832063150e-03	6.781196e-01	4.999866e+00	4.983538e+02
2.221218832063089e-03	6.781196e-01	4.999866e+00	4.983538e+02
2.231458832063028e-03	6.781196e-01	4.999866e+00	4.983538e+02
2.241698832062967e-03	6.781196e-01	4.999866e+00	4.983538e+02
2.251938832062907e-03	6.781196e-01	4.999866e+00	4.983538e+02
2.262178832062846e-03	6.781196e-01	4.999866e+00	4.983538e+02
2.272418832062785e-03	6.781196e-01	4.999866e+00	4.983538e+02
2.282658832062724e-03	6.781196e-01	4.999866e+00	4.983538e+02
2.292898832062663e-03	6.781196e-01	4.999866e+00	4.983538e+02
2.303138832062603e-03	6.781196e-01	4.999866e+00	4.983538e+02
2.313378832062542e-03	6.781196e-01	4.999866e+00	4.983538e+02
2.323618832062481e-03	6.781196e-01	4.999866e+00	4.983538e+02
2.333858832062420e-03	6.781196e-01	4.999866e+00	4.983538e+02
2.344098832062359e-03	6.781196e-01	4.999866e+00	4.983538e+02
2.354338832062298e-03	6.781196e-01	4.999866e+00	4.983538e+02
2.364578832062238e-03	6.781196e-01	4.999866e+00	4.983538e+02
2.374818832062177e-03	6.781196e-01	4.999866e+00	4.983538e+02
2.385058832062116e-03	6.781196e-01	4.999866e+00	4.983538e+02
2.395298832062055e-03	6.781196e-01	4.999866e+00	4.983538e+02
2.405538832061994e-03	6.781196e-01	4.999866e+00	4.983538e+02
2.415778832061934e-03	6.781196e-01	4.999866e+00	4.983538e+02
2.426018832061873e-03	6.781196e-01	4.999866e+00	4.983538e+02
2.436258832061812e-03	6.781196e-01	4.999866e+00	4.983538e+02
2.446498832061751e-03	6.781196e-01	4.999866e+00	4.983538e+02
2.456738832061690e-03	6.781196e-01	4.999866e+00	4.983538e+02
2.466978832061630e-03	6.781196e-01	4.999866e+00	4.983538e+02
2.477218832061569e-03	6.781196e-01	4.999866e+00	4.983538e+02
2.487458832061508e-03	6.781196e-01	4.999866e+00	4.983538e+02
2.497698832061447e-03	6.781196e-01	4.999866e+00	4.983538e+02
2.507938832061386e-03	6.781196e-01	4.999866e+00	4.983538e+02
2.518178832061325e-03	6.781196e-01	4.999866e+00	4.983538e+02
2.528418832061265e-03	6.781196e-01	4.999866e+00	4.983538e+02
2.538658832061204e-03	6.781196e-01	4.999866e+00	4.983538e+02
2.548898832061143e-03	6.781196e-01	4.999866e+00	4.983538e+02
2.559138832061082e-03	6.781196e-01	4.999866e+00	4.983538e+02
2.569378832061021e-03	6.781196e-01	4.999866e+00	4.983538e+02
2.579618832060961e-03	6.781196e-01	4.999866e+00	4.983538e+02
2.589858832060900e-03	6.781196e-01	4.999866e+00	4.983538e+02
2.600098832060839e-03	6.781196e-01	4.999866e+00	4.983538e+02
2.610338832060778e-03	6.781196e-01	4.999866e+00	4.983538e+02
2.620578832060717e-03	6.781196e-01	4.999866e+00	4.983538e+02
2.630818832060657e-03	6.781196e-01	4.999866e+00	4.983538e+02
2.641058832060596e-03	6.781196e-01	4.999866e+00	4.983538e+02
2.651298832060535e-03	6.781196e-01	4.999866e+00	4.983538e+02
2.661538832060474e-03	6.781196e-01	4.999866e+00	4.983538e+02
2.671778832060413e-03	6.781196e-01	4.999866e+00	4.983538e+02
2.682018832060352e-03	6.781196e-01	4.999866e+00	4.983538e+02
2.692258832060292e-03	6.781196e-01	4.999866e+00	4.983538e+02
2.702498832060231e-03	6.781196e-01	4.999866e+00	4.983538e+02
2.712738832060170e-03	6.781196e-01	4.999866e+00	4.983538e+02
2.722978832060109e-03	6.781196e-01	4.999866e+00	4.983538e+02
2.733218832060048e-03	6.781196e-01	4.999866e+00	4.983538e+02
2.743458832059988e-03	6.781196e-01	4.999866e+00	4.983538e+02
2.753698832059927e-03	6.781196e-01	4.999866e+00	4.983538e+02
2.763938832059866e-03	6.781196e-01	4.999866e+00	4.983538e+02
2.774178832059805e-03	6.781196e-01	4.999866e+00	4.983538e+02
2.784418832059744e-03	6.781196e-01	4.999866e+00	4.983538e+02
2.794658832059684e-03	6.781196e-01	4.999866e+00	4.983538e+02
2.804898832059623e-03	6.781196e-01	4.999866e+00	4.983538e+02
2.815138832059562e-03	6.781196e-01	4.999866e+00	4.983538e+02
2.825378832059501e-03	6.781196e-01	4.999866e+00	4.983538e+02
2.835618832059440e-03	6.781196e-01	4.999866e+00	4.983538e+02
2.845858832059379e-03	6.781196e-01	4.999866e+00	4.983538e+02
2.856098832059319e-03	6.781196e-01	4.999866e+00	4.983538e+02
2.866338832059258e-03	6.781196e-01	4.999866e+00	4.983538e+02
2.876578832059197e-03	6.781196e-01	4.999866e+00	4.983538e+02
2.886818832059136e-03	6.781196e-01	4.999866e+00	4.983538e+02
2.897058832059075e-03	6.781196e-01	4.999866e+00	4.983538e+02
2.907298832059015e-03	6.781196e-01	4.999866e+00	4.983538e+02
2.917538832058954e-03	6.781196e-01	4.999866e+00	4.983538e+02
2.927778832058893e-03	6.781196e-01	4.999866e+00	4.983538e+02
2.938018832058832e-03	6.781196e-01	4.999866e+00	4.983538e+02
2.948258832058771e-03	6.781196e-01	4.999866e+00	4.983538e+02
2.958498832058711e-03	6.781196e-01	4.999866e+00	4.983538e+02
2.968738832058650e-03	6.781196e-01	4.999866e+00	4.983538e+02
2.978978832058589e-03	6.781196e-01	4.999866e+00	4.983538e+02
2.989218832058528e-03	6.781196e-01	4.999866e+00	4.983538e+02
2.999458832058467e-03	6.781196e-01	4.999866e+00	4.983538e+02
3.000000000000000e-03	6.781196e-01	4.999866e+00	4.983538e+02
Step Information: Cpar=10p  (Step: 4/8)
0.000000000000000e+00	6.781196e-01	4.999866e+00	4.983538e+02
1.006310719976990e-05	6.781196e-01	4.999866e+00	4.983538e+02
2.030310719977066e-05	6.781196e-01	4.999866e+00	4.983538e+02
3.054310719977230e-05	6.781196e-01	4.999866e+00	4.983538e+02
4.078310719977393e-05	6.781196e-01	4.999866e+00	4.983538e+02
5.102310719977557e-05	6.781196e-01	4.999866e+00	4.983538e+02
6.126310719977705e-05	6.781196e-01	4.999866e+00	4.983538e+02
7.150310719977175e-05	6.781196e-01	4.999866e+00	4.983538e+02
8.174310719976644e-05	6.781196e-01	4.999866e+00	4.983538e+02
9.198310719976114e-05	6.781196e-01	4.999866e+00	4.983538e+02
1.022231071997558e-04	6.781196e-01	4.999866e+00	4.983538e+02
1.124631071997505e-04	6.781196e-01	4.999866e+00	4.983538e+02
1.227031071997452e-04	6.781196e-01	4.999866e+00	4.983538e+02
1.329431071997399e-04	6.781196e-01	4.999866e+00	4.983538e+02
1.431831071997346e-04	6.781196e-01	4.999866e+00	4.983538e+02
1.534231071997293e-04	6.781196e-01	4.999866e+00	4.983538e+02
1.636631071997240e-04	6.781196e-01	4.999866e+00	4.983538e+02
1.739031071997187e-04	6.781196e-01	4.999866e+00	4.983538e+02
1.841431071997134e-04	6.781196e-01	4.999866e+00	4.983538e+02
1.943831071997081e-04	6.781196e-01	4.999866e+00	4.983538e+02
2.046231071997028e-04	6.781196e-01	4.999866e+00	4.983538e+02
2.148631071996975e-04	6.781196e-01	4.999866e+00	4.983538e+02
2.251031071996922e-04	6.781196e-01	4.999866e+00	4.983538e+02
2.353431071996869e-04	6.781196e-01	4.999866e+00	4.983538e+02
2.455831071996817e-04	6.781196e-01	4.999866e+00	4.983538e+02
2.558231071996763e-04	6.781196e-01	4.999866e+00	4.983538e+02
2.660631071996710e-04	6.781196e-01	4.999866e+00	4.983538e+02
2.763031071996657e-04	6.781196e-01	4.999866e+00	4.983538e+02
2.865431071996604e-04	6.781196e-01	4.999866e+00	4.983538e+02
2.967831071996551e-04	6.781196e-01	4.999866e+00	4.983538e+02
3.070231071996498e-04	6.781196e-01	4.999866e+00	4.983538e+02
3.172631071996445e-04	6.781196e-01	4.999866e+00	4.983538e+02
3.275031071996392e-04	6.781196e-01	4.999866e+00	4.983538e+02
3.377431071996339e-04	6.781196e-01	4.999866e+00	4.983538e+02
3.479831071996286e-04	6.781196e-01	4.999866e+00	4.983538e+02
3.582231071996233e-04	6.781196e-01	4.999866e+00	4.983538e+02
3.684631071996180e-04	6.781196e-01	4.999866e+00	4.983538e+02
3.787031071996127e-04	6.781196e-01	4.999866e+00	4.983538e+02
3.889431071996074e-04	6.781196e-01	4.999866e+00	4.983538e+02
3.991831071996021e-04	6.781196e-01	4.999866e+00	4.983538e+02
4.094231071995968e-04	6.781196e-01	4.999866e+00	4.983538e+02
4.196631071995915e-04	6.781196e-01	4.999866e+00	4.983538e+02
4.299031071995862e-04	6.781196e-01	4.999866e+00	4.983538e+02
4.401431071995809e-04	6.781196e-01	4.999866e+00	4.983538e+02
4.503831071995756e-04	6.781196e-01	4.999866e+00	4.983538e+02
4.606231071995703e-04	6.781196e-01	4.999866e+00	4.983538e+02
4.708631071995650e-04	6.781196e-01	4.999866e+00	4.983538e+02
4.811031071995597e-04	6.781196e-01	4.999866e+00	4.983538e+02
4.913431071995710e-04	6.781196e-01	4.999866e+00	4.983538e+02
5.000000000000004e-04	6.781196e-01	4.999866e+00	4.983538e+02
5.000010000000000e-04	6.666233e-01	4.999866e+00	4.628826e+02
5.000031240140502e-04	5.335799e-01	4.999866e+00	3.342308e+02
5.000043792421119e-04	3.865623e-01	4.999866e+00	2.769961e+02
5.000058776147528e-04	1.702327e-01	4.999866e+00	2.221548e+02
5.000074680220929e-04	-8.649097e-02	4.999866e+00	1.767069e+02
5.000083147827930e-04	-2.052704e-01	4.999866e+00	1.569153e+02
5.000089524610739e-04	-2.445109e-01	4.999866e+00	1.436838e+02
5.000097187237767e-04	-2.474701e-01	4.999866e+00	1.294519e+02
5.000102796042753e-04	-2.476230e-01	4.999866e+00	1.200811e+02
5.000110019286193e-04	-2.482693e-01	4.999866e+00	1.091677e+02
5.000124465773073e-04	-2.490127e-01	4.999866e+00	9.067322e+01
5.000153358746832e-04	-2.494178e-01	4.999866e+00	6.385557e+01
5.000188258146489e-04	-2.484398e-01	4.999866e+00	4.392418e+01
5.000225141432731e-04	-2.464881e-01	4.999866e+00	3.162872e+01
5.000260626361266e-04	-2.440645e-01	4.999866e+00	2.457603e+01
5.000300379910605e-04	-2.410781e-01	4.999866e+00	1.967653e+01
5.000344450432970e-04	-2.375194e-01	4.999866e+00	1.625464e+01
5.000397195902317e-04	-2.331486e-01	4.999866e+00	1.357007e+01
5.000458619674423e-04	-2.279452e-01	4.999866e+00	1.140034e+01
5.000536065875392e-04	-2.213769e-01	4.999866e+00	9.372525e+00
5.000633999944056e-04	-2.130467e-01	4.999866e+00	7.413016e+00
5.000733999944056e-04	-2.046086e-01	4.999866e+00	5.860411e+00
5.000833999944057e-04	-1.962009e-01	4.999866e+00	4.639010e+00
5.000933999944057e-04	-1.878690e-01	4.999866e+00	3.675840e+00
5.001033999944058e-04	-1.795769e-01	4.999866e+00	2.916065e+00
5.001133999944058e-04	-1.713624e-01	4.999866e+00	2.316710e+00
5.001233999944059e-04	-1.632090e-01	4.999866e+00	1.843900e+00
5.001333999944059e-04	-1.551432e-01	4.999866e+00	1.470916e+00
5.001433999944060e-04	-1.471674e-01	4.999866e+00	1.176680e+00
5.001533999944060e-04	-1.393017e-01	4.999866e+00	9.445643e-01
5.001633999944061e-04	-1.315590e-01	4.999866e+00	7.614526e-01
5.001733999944061e-04	-1.239593e-01	4.999866e+00	6.169975e-01
5.001833999944062e-04	-1.165185e-01	4.999866e+00	5.030363e-01
5.001933999944062e-04	-1.092579e-01	4.999866e+00	4.131296e-01
5.002033999944063e-04	-1.021927e-01	4.999866e+00	3.421980e-01
5.002133999944063e-04	-9.534254e-02	4.999866e+00	2.862342e-01
5.002233999944064e-04	-8.871949e-02	4.999866e+00	2.420774e-01
5.002333999944064e-04	-8.233895e-02	4.999866e+00	2.072339e-01
5.002433999944065e-04	-7.620755e-02	4.999866e+00	1.797370e-01
5.002533999944065e-04	-7.033480e-02	4.999866e+00	1.580350e-01
5.002633999944066e-04	-6.472109e-02	4.999866e+00	1.409043e-01
5.002733999944066e-04	-5.936975e-02	4.999866e+00	1.273796e-01
5.002833999944067e-04	-5.427533e-02	4.999866e+00	1.166995e-01
5.002933999944067e-04	-4.943587e-02	4.999866e+00	1.082636e-01
5.003033999944067e-04	-4.484131e-02	4.999866e+00	1.015982e-01
5.003133999944068e-04	-4.048593e-02	4.999866e+00	9.632991e-02
5.003233999944068e-04	-3.635663e-02	4.999866e+00	9.216410e-02
5.003333999944069e-04	-3.244549e-02	4.999866e+00	8.886842e-02
5.003433999944069e-04	-2.873809e-02	4.999866e+00	8.625963e-02
5.003533999944070e-04	-2.522560e-02	4.999866e+00	8.419319e-02
5.003633999944070e-04	-2.189325e-02	4.999866e+00	8.255509e-02
5.003733999944071e-04	-1.873236e-02	4.999866e+00	8.125537e-02
5.003833999944071e-04	-1.572866e-02	4.999866e+00	8.022308e-02
5.003933999944072e-04	-1.287421e-02	4.999866e+00	7.940222e-02
5.004033999944072e-04	-1.015573e-02	4.999866e+00	7.874861e-02
5.004133999944073e-04	-7.566341e-03	4.999866e+00	7.822736e-02
5.004233999944073e-04	-5.093950e-03	4.999866e+00	7.781092e-02
5.004333999944074e-04	-2.732879e-03	4.999866e+00	7.747754e-02
5.004433999944074e-04	-4.722436e-04	4.999866e+00	7.721005e-02
5.004533999944075e-04	1.692455e-03	4.999866e+00	7.699485e-02
5.004633999944075e-04	3.770935e-03	4.999866e+00	7.682121e-02
5.004733999944076e-04	5.766613e-03	4.999866e+00	7.668062e-02
5.004833999944076e-04	7.688154e-03	4.999866e+00	7.656638e-02
5.004933999944077e-04	9.538013e-03	4.999866e+00	7.647316e-02
5.005033999944077e-04	1.132393e-02	4.999866e+00	7.639673e-02
5.005133999944078e-04	1.304755e-02	4.999866e+00	7.633375e-02
5.005233999944078e-04	1.471580e-02	4.999866e+00	7.628156e-02
5.005333999944079e-04	1.632963e-02	4.999866e+00	7.623806e-02
5.005433999944079e-04	1.789532e-02	4.999866e+00	7.620156e-02
5.005533999944080e-04	1.941321e-02	4.999866e+00	7.617072e-02
5.005633999944080e-04	2.088903e-02	4.999866e+00	7.614449e-02
5.005733999944081e-04	2.232265e-02	4.999866e+00	7.612199e-02
5.005833999944081e-04	2.371932e-02	4.999866e+00	7.610257e-02
5.005933999944082e-04	2.507851e-02	4.999866e+00	7.608566e-02
5.006033999944082e-04	2.640509e-02	4.999866e+00	7.607084e-02
5.006133999944083e-04	2.769820e-02	4.999866e+00	7.605773e-02
5.006233999944083e-04	2.896238e-02	4.999866e+00	7.604607e-02
5.006333999944084e-04	3.019651e-02	4.999866e+00	7.603562e-02
5.006433999944084e-04	3.140487e-02	4.999866e+00	7.602619e-02
5.006533999944085e-04	3.258611e-02	4.999866e+00	7.601763e-02
5.006633999944085e-04	3.374427e-02	4.999866e+00	7.600980e-02
5.006733999944086e-04	3.487783e-02	4.999866e+00	7.600262e-02
5.006833999944086e-04	3.599066e-02	4.999866e+00	7.599599e-02
5.006933999944087e-04	3.708107e-02	4.999866e+00	7.598984e-02
5.007033999944087e-04	3.815276e-02	4.999866e+00	7.598412e-02
5.007133999944088e-04	3.920393e-02	4.999866e+00	7.597878e-02
5.007233999944088e-04	4.023816e-02	4.999866e+00	7.597376e-02
5.007333999944089e-04	4.125353e-02	4.999866e+00	7.596905e-02
5.007433999944089e-04	4.225349e-02	4.999866e+00	7.596461e-02
5.007533999944090e-04	4.323606e-02	4.999866e+00	7.596040e-02
5.007633999944090e-04	4.420458e-02	4.999866e+00	7.595642e-02
5.007733999944091e-04	4.515700e-02	4.999866e+00	7.595263e-02
5.007833999944091e-04	4.609658e-02	4.999866e+00	7.594904e-02
5.007933999944092e-04	4.702119e-02	4.999866e+00	7.594562e-02
5.008033999944092e-04	4.793403e-02	4.999866e+00	7.594234e-02
5.008133999944092e-04	4.883293e-02	4.999866e+00	7.593922e-02
5.008233999944093e-04	4.972102e-02	4.999866e+00	7.593623e-02
5.008333999944093e-04	5.059607e-02	4.999866e+00	7.593336e-02
5.008433999944094e-04	5.146115e-02	4.999866e+00	7.593061e-02
5.008533999944094e-04	5.231402e-02	4.999866e+00	7.592797e-02
5.008633999944095e-04	5.315770e-02	4.999866e+00	7.592544e-02
5.008733999944095e-04	5.398990e-02	4.999866e+00	7.592300e-02
5.008833999944096e-04	5.481360e-02	4.999866e+00	7.592066e-02
5.008933999944096e-04	5.562649e-02	4.999866e+00	7.591840e-02
5.009033999944097e-04	5.643149e-02	4.999866e+00	7.591622e-02
5.009133999944097e-04	5.722630e-02	4.999866e+00	7.591411e-02
5.009233999944098e-04	5.801379e-02	4.999866e+00	7.591209e-02
5.009333999944098e-04	5.879164e-02	4.999866e+00	7.591013e-02
5.009433999944099e-04	5.956269e-02	4.999866e+00	7.590823e-02
5.009533999944099e-04	6.032459e-02	4.999866e+00	7.590640e-02
5.009633999944100e-04	6.108017e-02	4.999866e+00	7.590462e-02
5.009733999944100e-04	6.182706e-02	4.999866e+00	7.590291e-02
5.009833999944101e-04	6.256805e-02	4.999866e+00	7.590125e-02
5.009933999944101e-04	6.330080e-02	4.999866e+00	7.589963e-02
5.010033999944102e-04	6.402803e-02	4.999866e+00	7.589807e-02
5.010133999944102e-04	6.474739e-02	4.999866e+00	7.589655e-02
5.010233999944103e-04	6.546162e-02	4.999866e+00	7.589509e-02
5.010333999944103e-04	6.616834e-02	4.999866e+00	7.589366e-02
5.010433999944104e-04	6.687025e-02	4.999866e+00	7.589227e-02
5.010533999944104e-04	6.756498e-02	4.999866e+00	7.589092e-02
5.010633999944105e-04	6.825522e-02	4.999866e+00	7.588961e-02
5.010733999944105e-04	6.893858e-02	4.999866e+00	7.588833e-02
5.010833999944106e-04	6.961774e-02	4.999866e+00	7.588709e-02
5.010933999944106e-04	7.029030e-02	4.999866e+00	7.588588e-02
5.011033999944107e-04	7.095893e-02	4.999866e+00	7.588471e-02
5.011133999944107e-04	7.162122e-02	4.999866e+00	7.588357e-02
5.011233999944108e-04	7.227983e-02	4.999866e+00	7.588245e-02
5.011333999944108e-04	7.293235e-02	4.999866e+00	7.588136e-02
5.011433999944109e-04	7.358140e-02	4.999866e+00	7.588030e-02
5.011533999944109e-04	7.422461e-02	4.999866e+00	7.587927e-02
5.011633999944110e-04	7.486455e-02	4.999866e+00	7.587826e-02
5.011733999944110e-04	7.549887e-02	4.999866e+00	7.587728e-02
5.011833999944111e-04	7.613012e-02	4.999866e+00	7.587632e-02
5.011933999944111e-04	7.675595e-02	4.999866e+00	7.587539e-02
5.012033999944112e-04	7.737889e-02	4.999866e+00	7.587447e-02
5.012133999944112e-04	7.799660e-02	4.999866e+00	7.587358e-02
5.012233999944113e-04	7.861160e-02	4.999866e+00	7.587270e-02
5.012333999944113e-04	7.922154e-02	4.999866e+00	7.587185e-02
5.012433999944114e-04	7.982894e-02	4.999866e+00	7.587101e-02
5.012533999944114e-04	8.043144e-02	4.999866e+00	7.587020e-02
5.012633999944115e-04	8.103155e-02	4.999866e+00	7.586940e-02
5.012733999944115e-04	8.162691e-02	4.999866e+00	7.586862e-02
5.012833999944116e-04	8.222004e-02	4.999866e+00	7.586786e-02
5.012933999944116e-04	8.280857e-02	4.999866e+00	7.586712e-02
5.013033999944117e-04	8.339498e-02	4.999866e+00	7.586639e-02
5.013133999944117e-04	8.397694e-02	4.999866e+00	7.586566e-02
5.013233999944117e-04	8.455691e-02	4.999866e+00	7.586496e-02
5.013333999944118e-04	8.513255e-02	4.999866e+00	7.586428e-02
5.013433999944118e-04	8.570634e-02	4.999866e+00	7.586361e-02
5.013533999944119e-04	8.627591e-02	4.999866e+00	7.586295e-02
5.013633999944119e-04	8.684374e-02	4.999866e+00	7.586230e-02
5.013733999944120e-04	8.740748e-02	4.999866e+00	7.586167e-02
5.013833999944120e-04	8.796956e-02	4.999866e+00	7.586105e-02
5.013933999944121e-04	8.852768e-02	4.999866e+00	7.586044e-02
5.014033999944121e-04	8.908425e-02	4.999866e+00	7.585984e-02
5.014133999944122e-04	8.963694e-02	4.999866e+00	7.585926e-02
5.014233999944122e-04	9.018819e-02	4.999866e+00	7.585868e-02
5.014333999944123e-04	9.073567e-02	4.999866e+00	7.585812e-02
5.014433999944123e-04	9.128177e-02	4.999866e+00	7.585756e-02
5.014533999944124e-04	9.182421e-02	4.999866e+00	7.585702e-02
5.014633999944124e-04	9.236537e-02	4.999866e+00	7.585649e-02
5.014733999944125e-04	9.290294e-02	4.999866e+00	7.585597e-02
5.014833999944125e-04	9.343931e-02	4.999866e+00	7.585546e-02
5.014933999944126e-04	9.397219e-02	4.999866e+00	7.585495e-02
5.015033999944126e-04	9.450394e-02	4.999866e+00	7.585445e-02
5.015133999944127e-04	9.503227e-02	4.999866e+00	7.585397e-02
5.015233999944127e-04	9.555955e-02	4.999866e+00	7.585348e-02
5.015333999944128e-04	9.608351e-02	4.999866e+00	7.585301e-02
5.015433999944128e-04	9.660646e-02	4.999866e+00	7.585255e-02
5.015533999944129e-04	9.712616e-02	4.999866e+00	7.585210e-02
5.015633999944129e-04	9.764494e-02	4.999866e+00	7.585165e-02
5.015733999944130e-04	9.816054e-02	4.999866e+00	7.585121e-02
5.015833999944130e-04	9.867527e-02	4.999866e+00	7.585078e-02
5.015933999944131e-04	9.918687e-02	4.999866e+00	7.585035e-02
5.016033999944131e-04	9.969768e-02	4.999866e+00	7.584994e-02
5.016133999944132e-04	1.002054e-01	4.999866e+00	7.584953e-02
5.016233999944132e-04	1.007124e-01	4.999866e+00	7.584912e-02
5.016333999944133e-04	1.012165e-01	4.999866e+00	7.584872e-02
5.016433999944133e-04	1.017198e-01	4.999866e+00	7.584833e-02
5.016533999944134e-04	1.022202e-01	4.999866e+00	7.584794e-02
5.016633999944134e-04	1.027199e-01	4.999866e+00	7.584756e-02
5.016733999944135e-04	1.032168e-01	4.999866e+00	7.584719e-02
5.016833999944135e-04	1.037131e-01	4.999866e+00	7.584681e-02
5.016933999944136e-04	1.042065e-01	4.999866e+00	7.584646e-02
5.017033999944136e-04	1.046994e-01	4.999866e+00	7.584610e-02
5.017133999944137e-04	1.051896e-01	4.999866e+00	7.584574e-02
5.017233999944137e-04	1.056792e-01	4.999866e+00	7.584540e-02
5.017333999944138e-04	1.061661e-01	4.999866e+00	7.584506e-02
5.017433999944138e-04	1.066526e-01	4.999866e+00	7.584472e-02
5.017533999944139e-04	1.071364e-01	4.999866e+00	7.584438e-02
5.017633999944139e-04	1.076197e-01	4.999866e+00	7.584406e-02
5.017733999944140e-04	1.081005e-01	4.999866e+00	7.584374e-02
5.017833999944140e-04	1.085809e-01	4.999866e+00	7.584342e-02
5.017933999944141e-04	1.090586e-01	4.999866e+00	7.584310e-02
5.018033999944141e-04	1.095361e-01	4.999866e+00	7.584280e-02
5.018133999944142e-04	1.100110e-01	4.999866e+00	7.584249e-02
5.018233999944142e-04	1.104856e-01	4.999866e+00	7.584219e-02
5.018333999944143e-04	1.109577e-01	4.999866e+00	7.584190e-02
5.018433999944143e-04	1.114295e-01	4.999866e+00	7.584160e-02
5.018533999944143e-04	1.118989e-01	4.999866e+00	7.584132e-02
5.018633999944144e-04	1.123680e-01	4.999866e+00	7.584103e-02
5.018733999944144e-04	1.128347e-01	4.999866e+00	7.584075e-02
5.018833999944145e-04	1.133012e-01	4.999866e+00	7.584047e-02
5.018933999944145e-04	1.137653e-01	4.999866e+00	7.584020e-02
5.019033999944146e-04	1.142293e-01	4.999866e+00	7.583993e-02
5.019133999944146e-04	1.146909e-01	4.999866e+00	7.583966e-02
5.019233999944147e-04	1.151523e-01	4.999866e+00	7.583940e-02
5.019333999944147e-04	1.156114e-01	4.999866e+00	7.583914e-02
5.019433999944148e-04	1.160704e-01	4.999866e+00	7.583889e-02
5.019533999944148e-04	1.165272e-01	4.999866e+00	7.583863e-02
5.019633999944149e-04	1.169838e-01	4.999866e+00	7.583838e-02
5.019733999944149e-04	1.174382e-01	4.999866e+00	7.583813e-02
5.019833999944150e-04	1.178925e-01	4.999866e+00	7.583789e-02
5.019933999944150e-04	1.183446e-01	4.999866e+00	7.583765e-02
5.020010000000001e-04	1.186884e-01	4.999866e+00	7.583747e-02
5.020013333333334e-04	1.187031e-01	4.999866e+00	7.583746e-02
5.020020000000001e-04	1.187340e-01	4.999866e+00	7.971665e-02
5.020031662304124e-04	1.187940e-01	4.999866e+00	9.322937e-02
5.020044134082147e-04	1.188682e-01	4.999866e+00	1.075512e-01
5.020058271116338e-04	1.189644e-01	4.999866e+00	1.236311e-01
5.020086545184718e-04	1.191927e-01	4.999866e+00	1.553312e-01
5.020143093321480e-04	1.197772e-01	4.999866e+00	2.170896e-01
5.020243093321480e-04	1.211512e-01	4.999866e+00	3.219239e-01
5.020343093321481e-04	1.228617e-01	4.999866e+00	4.224097e-01
5.020443093321481e-04	1.248113e-01	4.999866e+00	5.197836e-01
5.020543093321482e-04	1.269305e-01	4.999866e+00	6.149291e-01
5.020643093321482e-04	1.291695e-01	4.999866e+00	7.084776e-01
5.020743093321483e-04	1.314932e-01	4.999866e+00	8.008801e-01
5.020843093321483e-04	1.338762e-01	4.999866e+00	8.924589e-01
5.020943093321484e-04	1.363005e-01	4.999866e+00	9.834445e-01
5.021043093321484e-04	1.387535e-01	4.999866e+00	1.074001e+00
5.021143093321484e-04	1.412260e-01	4.999866e+00	1.164247e+00
5.021243093321485e-04	1.437115e-01	4.999866e+00	1.254265e+00
5.021343093321485e-04	1.462055e-01	4.999866e+00	1.344116e+00
5.021443093321486e-04	1.487047e-01	4.999866e+00	1.433843e+00
5.021543093321486e-04	1.512069e-01	4.999866e+00	1.523477e+00
5.021643093321487e-04	1.537105e-01	4.999866e+00	1.613039e+00
5.021743093321487e-04	1.562144e-01	4.999866e+00	1.702545e+00
5.021843093321488e-04	1.587177e-01	4.999866e+00	1.792007e+00
5.021943093321488e-04	1.612201e-01	4.999866e+00	1.881432e+00
5.022043093321489e-04	1.637210e-01	4.999866e+00	1.970826e+00
5.022143093321489e-04	1.662204e-01	4.999866e+00	2.060193e+00
5.022243093321490e-04	1.687180e-01	4.999866e+00	2.149536e+00
5.022343093321490e-04	1.712138e-01	4.999866e+00	2.238857e+00
5.022443093321491e-04	1.737077e-01	4.999866e+00	2.328158e+00
5.022543093321491e-04	1.761997e-01	4.999866e+00	2.417440e+00
5.022643093321492e-04	1.786898e-01	4.999866e+00	2.506704e+00
5.022743093321492e-04	1.811781e-01	4.999866e+00	2.595950e+00
5.022843093321493e-04	1.836645e-01	4.999866e+00	2.685178e+00
5.022943093321493e-04	1.861491e-01	4.999866e+00	2.774389e+00
5.023043093321494e-04	1.886319e-01	4.999866e+00	2.863583e+00
5.023143093321494e-04	1.911130e-01	4.999866e+00	2.952761e+00
5.023243093321495e-04	1.935923e-01	4.999866e+00	3.041922e+00
5.023343093321495e-04	1.960700e-01	4.999866e+00	3.131066e+00
5.023443093321496e-04	1.985460e-01	4.999866e+00	3.220194e+00
5.023543093321496e-04	2.010203e-01	4.999866e+00	3.309305e+00
5.023643093321497e-04	2.034931e-01	4.999866e+00	3.398400e+00
5.023743093321497e-04	2.059643e-01	4.999866e+00	3.487479e+00
5.023843093321498e-04	2.084339e-01	4.999866e+00	3.576541e+00
5.023943093321498e-04	2.109020e-01	4.999866e+00	3.665587e+00
5.024043093321499e-04	2.133686e-01	4.999866e+00	3.754616e+00
5.024143093321499e-04	2.158338e-01	4.999866e+00	3.843630e+00
5.024243093321500e-04	2.182974e-01	4.999866e+00	3.932627e+00
5.024343093321500e-04	2.207596e-01	4.999866e+00	4.021607e+00
5.024443093321501e-04	2.232204e-01	4.999866e+00	4.110572e+00
5.024543093321501e-04	2.256797e-01	4.999866e+00	4.199520e+00
5.024643093321502e-04	2.281376e-01	4.999866e+00	4.288452e+00
5.024743093321502e-04	2.305942e-01	4.999866e+00	4.377368e+00
5.024843093321503e-04	2.330493e-01	4.999866e+00	4.466268e+00
5.024943093321503e-04	2.355031e-01	4.999866e+00	4.555151e+00
5.025043093321504e-04	2.379555e-01	4.999866e+00	4.644018e+00
5.025143093321504e-04	2.404065e-01	4.999866e+00	4.732869e+00
5.025243093321505e-04	2.428562e-01	4.999866e+00	4.821703e+00
5.025343093321505e-04	2.453045e-01	4.999866e+00	4.910522e+00
5.025443093321506e-04	2.477515e-01	4.999866e+00	4.999324e+00
5.025543093321506e-04	2.501972e-01	4.999866e+00	5.088110e+00
5.025643093321507e-04	2.526415e-01	4.999866e+00	5.176879e+00
5.025743093321507e-04	2.550845e-01	4.999866e+00	5.265633e+00
5.025843093321508e-04	2.575262e-01	4.999866e+00	5.354371e+00
5.025943093321508e-04	2.599666e-01	4.999866e+00	5.443092e+00
5.026043093321509e-04	2.624056e-01	4.999866e+00	5.531797e+00
5.026143093321509e-04	2.648433e-01	4.999866e+00	5.620486e+00
5.026243093321509e-04	2.672798e-01	4.999866e+00	5.709159e+00
5.026343093321510e-04	2.697149e-01	4.999866e+00	5.797815e+00
5.026443093321510e-04	2.721488e-01	4.999866e+00	5.886456e+00
5.026543093321511e-04	2.745813e-01	4.999866e+00	5.975080e+00
5.026643093321511e-04	2.770125e-01	4.999866e+00	6.063688e+00
5.026743093321512e-04	2.794424e-01	4.999866e+00	6.152280e+00
5.026843093321512e-04	2.818710e-01	4.999866e+00	6.240856e+00
5.026943093321513e-04	2.842983e-01	4.999866e+00	6.329415e+00
5.027043093321513e-04	2.867243e-01	4.999866e+00	6.417959e+00
5.027143093321514e-04	2.891490e-01	4.999866e+00	6.506486e+00
5.027243093321514e-04	2.915725e-01	4.999866e+00	6.594998e+00
5.027343093321515e-04	2.939945e-01	4.999866e+00	6.683493e+00
5.027443093321515e-04	2.964154e-01	4.999866e+00	6.771972e+00
5.027543093321516e-04	2.988349e-01	4.999866e+00	6.860435e+00
5.027643093321516e-04	3.012531e-01	4.999866e+00	6.948882e+00
5.027743093321517e-04	3.036700e-01	4.999866e+00	7.037312e+00
5.027843093321517e-04	3.060855e-01	4.999866e+00	7.125727e+00
5.027943093321518e-04	3.084998e-01	4.999866e+00	7.214125e+00
5.028043093321518e-04	3.109128e-01	4.999866e+00	7.302507e+00
5.028143093321519e-04	3.133245e-01	4.999866e+00	7.390873e+00
5.028243093321519e-04	3.157348e-01	4.999866e+00	7.479223e+00
5.028343093321520e-04	3.181438e-01	4.999866e+00	7.567557e+00
5.028443093321520e-04	3.205516e-01	4.999866e+00	7.655875e+00
5.028543093321521e-04	3.229580e-01	4.999866e+00	7.744177e+00
5.028643093321521e-04	3.253631e-01	4.999866e+00	7.832463e+00
5.028743093321522e-04	3.277668e-01	4.999866e+00	7.920732e+00
5.028843093321522e-04	3.301693e-01	4.999866e+00	8.008986e+00
5.028943093321523e-04	3.325704e-01	4.999866e+00	8.097223e+00
5.029043093321523e-04	3.349702e-01	4.999866e+00	8.185445e+00
5.029143093321524e-04	3.373687e-01	4.999866e+00	8.273649e+00
5.029243093321524e-04	3.397659e-01	4.999866e+00	8.361838e+00
5.029343093321525e-04	3.421617e-01	4.999866e+00	8.450012e+00
5.029443093321525e-04	3.445562e-01	4.999866e+00	8.538169e+00
5.029543093321526e-04	3.469494e-01	4.999866e+00	8.626309e+00
5.029643093321526e-04	3.493412e-01	4.999866e+00	8.714435e+00
5.029743093321527e-04	3.517317e-01	4.999866e+00	8.802544e+00
5.029843093321527e-04	3.541208e-01	4.999866e+00	8.890636e+00
5.029943093321528e-04	3.565086e-01	4.999866e+00	8.978713e+00
5.030043093321528e-04	3.588951e-01	4.999866e+00	9.066773e+00
5.030143093321529e-04	3.612802e-01	4.999866e+00	9.154818e+00
5.030243093321529e-04	3.636639e-01	4.999866e+00	9.242846e+00
5.030343093321530e-04	3.660464e-01	4.999866e+00	9.330858e+00
5.030443093321530e-04	3.684274e-01	4.999866e+00	9.418855e+00
5.030543093321531e-04	3.708071e-01	4.999866e+00	9.506835e+00
5.030643093321531e-04	3.731855e-01	4.999866e+00	9.594799e+00
5.030743093321532e-04	3.755625e-01	4.999866e+00	9.682748e+00
5.030843093321532e-04	3.779381e-01	4.999866e+00	9.770679e+00
5.030943093321533e-04	3.803124e-01	4.999866e+00	9.858596e+00
5.031043093321533e-04	3.826853e-01	4.999866e+00	9.946496e+00
5.031143093321534e-04	3.850569e-01	4.999866e+00	1.003438e+01
5.031243093321534e-04	3.874270e-01	4.999866e+00	1.012225e+01
5.031343093321534e-04	3.897958e-01	4.999866e+00	1.021010e+01
5.031443093321535e-04	3.921632e-01	4.999866e+00	1.029794e+01
5.031543093321535e-04	3.945293e-01	4.999866e+00	1.038576e+01
5.031643093321536e-04	3.968940e-01	4.999866e+00	1.047356e+01
5.031743093321536e-04	3.992573e-01	4.999866e+00	1.056135e+01
5.031843093321537e-04	4.016192e-01	4.999866e+00	1.064912e+01
5.031943093321537e-04	4.039797e-01	4.999866e+00	1.073688e+01
5.032043093321538e-04	4.063388e-01	4.999866e+00	1.082462e+01
5.032143093321538e-04	4.086966e-01	4.999866e+00	1.091234e+01
5.032243093321539e-04	4.110530e-01	4.999866e+00	1.100005e+01
5.032343093321539e-04	4.134080e-01	4.999866e+00	1.108774e+01
5.032443093321540e-04	4.157615e-01	4.999866e+00	1.117541e+01
5.032543093321540e-04	4.181137e-01	4.999866e+00	1.126307e+01
5.032643093321541e-04	4.204645e-01	4.999866e+00	1.135072e+01
5.032743093321541e-04	4.228139e-01	4.999866e+00	1.143835e+01
5.032843093321542e-04	4.251619e-01	4.999866e+00	1.152596e+01
5.032943093321542e-04	4.275085e-01	4.999866e+00	1.161355e+01
5.033043093321543e-04	4.298536e-01	4.999866e+00	1.170113e+01
5.033143093321543e-04	4.321974e-01	4.999866e+00	1.178870e+01
5.033243093321544e-04	4.345398e-01	4.999866e+00	1.187624e+01
5.033343093321544e-04	4.368807e-01	4.999866e+00	1.196378e+01
5.033443093321545e-04	4.392202e-01	4.999866e+00	1.205129e+01
5.033543093321545e-04	4.415584e-01	4.999866e+00	1.213879e+01
5.033643093321546e-04	4.438950e-01	4.999866e+00	1.222628e+01
5.033743093321546e-04	4.462303e-01	4.999866e+00	1.231374e+01
5.033843093321547e-04	4.485642e-01	4.999866e+00	1.240120e+01
5.033943093321547e-04	4.508966e-01	4.999866e+00	1.248863e+01
5.034043093321548e-04	4.532276e-01	4.999866e+00	1.257605e+01
5.034143093321548e-04	4.555572e-01	4.999866e+00	1.266346e+01
5.034243093321549e-04	4.578854e-01	4.999866e+00	1.275084e+01
5.034343093321549e-04	4.602121e-01	4.999866e+00	1.283822e+01
5.034443093321550e-04	4.625374e-01	4.999866e+00	1.292557e+01
5.034543093321550e-04	4.648612e-01	4.999866e+00	1.301291e+01
5.034643093321551e-04	4.671837e-01	4.999866e+00	1.310024e+01
5.034743093321551e-04	4.695047e-01	4.999866e+00	1.318755e+01
5.034843093321552e-04	4.718242e-01	4.999866e+00	1.327484e+01
5.034943093321552e-04	4.741423e-01	4.999866e+00	1.336211e+01
5.035043093321553e-04	4.764590e-01	4.999866e+00	1.344937e+01
5.035143093321553e-04	4.787742e-01	4.999866e+00	1.353662e+01
5.035243093321554e-04	4.810880e-01	4.999866e+00	1.362385e+01
5.035343093321554e-04	4.834003e-01	4.999866e+00	1.371106e+01
5.035443093321555e-04	4.857112e-01	4.999866e+00	1.379826e+01
5.035543093321555e-04	4.880206e-01	4.999866e+00	1.388544e+01
5.035643093321556e-04	4.903285e-01	4.999866e+00	1.397260e+01
5.035743093321556e-04	4.926350e-01	4.999866e+00	1.405975e+01
5.035843093321557e-04	4.949401e-01	4.999866e+00	1.414688e+01
5.035943093321557e-04	4.972437e-01	4.999866e+00	1.423400e+01
5.036043093321558e-04	4.995458e-01	4.999866e+00	1.432110e+01
5.036143093321558e-04	5.018465e-01	4.999866e+00	1.440819e+01
5.036243093321559e-04	5.041457e-01	4.999866e+00	1.449526e+01
5.036343093321559e-04	5.064434e-01	4.999866e+00	1.458231e+01
5.036443093321560e-04	5.087398e-01	4.999866e+00	1.466935e+01
5.036543093321560e-04	5.110345e-01	4.999866e+00	1.475637e+01
5.036643093321560e-04	5.133279e-01	4.999866e+00	1.484338e+01
5.036743093321561e-04	5.156198e-01	4.999866e+00	1.493037e+01
5.036843093321561e-04	5.179102e-01	4.999866e+00	1.501734e+01
5.036943093321562e-04	5.201991e-01	4.999866e+00	1.510430e+01
5.037043093321562e-04	5.224866e-01	4.999866e+00	1.519124e+01
5.037143093321563e-04	5.247725e-01	4.999866e+00	1.527817e+01
5.037243093321563e-04	5.270570e-01	4.999866e+00	1.536508e+01
5.037343093321564e-04	5.293400e-01	4.999866e+00	1.545197e+01
5.037443093321564e-04	5.316216e-01	4.999866e+00	1.553885e+01
5.037543093321565e-04	5.339016e-01	4.999866e+00	1.562571e+01
5.037643093321565e-04	5.361801e-01	4.999866e+00	1.571256e+01
5.037743093321566e-04	5.384572e-01	4.999866e+00	1.579939e+01
5.037843093321566e-04	5.407328e-01	4.999866e+00	1.588621e+01
5.037943093321567e-04	5.430070e-01	4.999866e+00	1.597300e+01
5.038043093321567e-04	5.452796e-01	4.999866e+00	1.605979e+01
5.038143093321568e-04	5.475507e-01	4.999866e+00	1.614655e+01
5.038243093321568e-04	5.498203e-01	4.999866e+00	1.623331e+01
5.038343093321569e-04	5.520884e-01	4.999866e+00	1.632004e+01
5.038443093321569e-04	5.543550e-01	4.999866e+00	1.640676e+01
5.038543093321570e-04	5.566202e-01	4.999866e+00	1.649347e+01
5.038643093321570e-04	5.588838e-01	4.999866e+00	1.658015e+01
5.038743093321571e-04	5.611460e-01	4.999866e+00	1.666683e+01
5.038843093321571e-04	5.634066e-01	4.999866e+00	1.675348e+01
5.038943093321572e-04	5.656657e-01	4.999866e+00	1.684012e+01
5.039043093321572e-04	5.679234e-01	4.999866e+00	1.692675e+01
5.039143093321573e-04	5.701795e-01	4.999866e+00	1.701336e+01
5.039243093321573e-04	5.724341e-01	4.999866e+00	1.709995e+01
5.039343093321574e-04	5.746872e-01	4.999866e+00	1.718653e+01
5.039443093321574e-04	5.769388e-01	4.999866e+00	1.727309e+01
5.039543093321575e-04	5.791889e-01	4.999866e+00	1.735964e+01
5.039643093321575e-04	5.814375e-01	4.999866e+00	1.744617e+01
5.039743093321576e-04	5.836846e-01	4.999866e+00	1.753268e+01
5.039843093321576e-04	5.859301e-01	4.999866e+00	1.761918e+01
5.039943093321577e-04	5.881742e-01	4.999866e+00	1.770566e+01
5.040043093321577e-04	5.904167e-01	4.999866e+00	1.779213e+01
5.040143093321578e-04	5.926577e-01	4.999866e+00	1.787858e+01
5.040243093321578e-04	5.948972e-01	4.999866e+00	1.796501e+01
5.040343093321579e-04	5.971351e-01	4.999866e+00	1.805143e+01
5.040443093321579e-04	5.993716e-01	4.999866e+00	1.813783e+01
5.040543093321580e-04	6.016065e-01	4.999866e+00	1.822422e+01
5.040643093321580e-04	6.038399e-01	4.999866e+00	1.831059e+01
5.040743093321581e-04	6.060718e-01	4.999866e+00	1.839695e+01
5.040843093321581e-04	6.083021e-01	4.999866e+00	1.848329e+01
5.040943093321582e-04	6.105309e-01	4.999866e+00	1.856961e+01
5.041043093321582e-04	6.127582e-01	4.999866e+00	1.865592e+01
5.041143093321583e-04	6.149840e-01	4.999866e+00	1.874221e+01
5.041243093321583e-04	6.172082e-01	4.999866e+00	1.882849e+01
5.041343093321584e-04	6.194309e-01	4.999866e+00	1.891475e+01
5.041443093321584e-04	6.216521e-01	4.999866e+00	1.900100e+01
5.041543093321585e-04	6.238717e-01	4.999866e+00	1.908723e+01
5.041643093321585e-04	6.260898e-01	4.999866e+00	1.917344e+01
5.041743093321585e-04	6.283063e-01	4.999866e+00	1.925964e+01
5.041843093321586e-04	6.305214e-01	4.999866e+00	1.934582e+01
5.041943093321586e-04	6.327349e-01	4.999866e+00	1.943199e+01
5.042043093321587e-04	6.349468e-01	4.999866e+00	1.951814e+01
5.042143093321587e-04	6.371573e-01	4.999866e+00	1.960427e+01
5.042243093321588e-04	6.393661e-01	4.999866e+00	1.969039e+01
5.042343093321588e-04	6.415734e-01	4.999866e+00	1.977649e+01
5.042443093321589e-04	6.437792e-01	4.999866e+00	1.986258e+01
5.042543093321589e-04	6.459835e-01	4.999866e+00	1.994865e+01
5.042643093321590e-04	6.481861e-01	4.999866e+00	2.003471e+01
5.042743093321590e-04	6.503873e-01	4.999866e+00	2.012075e+01
5.042843093321591e-04	6.525869e-01	4.999866e+00	2.020678e+01
5.042943093321591e-04	6.547850e-01	4.999866e+00	2.029279e+01
5.043043093321592e-04	6.569815e-01	4.999866e+00	2.037878e+01
5.043143093321592e-04	6.591764e-01	4.999866e+00	2.046476e+01
5.043243093321593e-04	6.613698e-01	4.999866e+00	2.055072e+01
5.043343093321593e-04	6.635617e-01	4.999866e+00	2.063666e+01
5.043443093321594e-04	6.657520e-01	4.999866e+00	2.072259e+01
5.043543093321594e-04	6.679407e-01	4.999866e+00	2.080851e+01
5.043643093321595e-04	6.701279e-01	4.999866e+00	2.089441e+01
5.043743093321595e-04	6.723136e-01	4.999866e+00	2.098029e+01
5.043843093321596e-04	6.744977e-01	4.999866e+00	2.106616e+01
5.043943093321596e-04	6.766802e-01	4.999866e+00	2.115201e+01
5.044043093321597e-04	6.788612e-01	4.999866e+00	2.123784e+01
5.044143093321597e-04	6.810406e-01	4.999866e+00	2.132366e+01
5.044243093321598e-04	6.832184e-01	4.999866e+00	2.140947e+01
5.044343093321598e-04	6.853948e-01	4.999866e+00	2.149526e+01
5.044443093321599e-04	6.875695e-01	4.999866e+00	2.158103e+01
5.044543093321599e-04	6.897426e-01	4.999866e+00	2.166679e+01
5.044643093321600e-04	6.919143e-01	4.999866e+00	2.175253e+01
5.044743093321600e-04	6.940843e-01	4.999866e+00	2.183825e+01
5.044843093321601e-04	6.962528e-01	4.999866e+00	2.192397e+01
5.044943093321601e-04	6.984197e-01	4.999866e+00	2.200966e+01
5.045043093321602e-04	7.005851e-01	4.999866e+00	2.209534e+01
5.045143093321602e-04	7.027488e-01	4.999866e+00	2.218100e+01
5.045243093321603e-04	7.049111e-01	4.999866e+00	2.226665e+01
5.045343093321603e-04	7.070717e-01	4.999866e+00	2.235228e+01
5.045443093321604e-04	7.092308e-01	4.999866e+00	2.243790e+01
5.045543093321604e-04	7.113883e-01	4.999866e+00	2.252350e+01
5.045643093321605e-04	7.135442e-01	4.999866e+00	2.260908e+01
5.045743093321605e-04	7.156987e-01	4.999866e+00	2.269465e+01
5.045843093321606e-04	7.178515e-01	4.999866e+00	2.278020e+01
5.045943093321606e-04	7.200027e-01	4.999866e+00	2.286574e+01
5.046043093321607e-04	7.221524e-01	4.999866e+00	2.295127e+01
5.046143093321607e-04	7.243004e-01	4.999866e+00	2.303677e+01
5.046243093321608e-04	7.264469e-01	4.999866e+00	2.312226e+01
5.046343093321608e-04	7.285919e-01	4.999866e+00	2.320774e+01
5.046443093321609e-04	7.307352e-01	4.999866e+00	2.329320e+01
5.046543093321609e-04	7.328770e-01	4.999866e+00	2.337864e+01
5.046643093321610e-04	7.350172e-01	4.999866e+00	2.346407e+01
5.046743093321610e-04	7.371559e-01	4.999866e+00	2.354948e+01
5.046843093321610e-04	7.392929e-01	4.999866e+00	2.363488e+01
5.046943093321611e-04	7.414284e-01	4.999866e+00	2.372026e+01
5.047043093321611e-04	7.435623e-01	4.999866e+00	2.380562e+01
5.047143093321612e-04	7.456946e-01	4.999866e+00	2.389097e+01
5.047243093321612e-04	7.478254e-01	4.999866e+00	2.397631e+01
5.047343093321613e-04	7.499545e-01	4.999866e+00	2.406163e+01
5.047443093321613e-04	7.520821e-01	4.999866e+00	2.414693e+01
5.047543093321614e-04	7.542081e-01	4.999866e+00	2.423222e+01
5.047643093321614e-04	7.563325e-01	4.999866e+00	2.431749e+01
5.047743093321615e-04	7.584553e-01	4.999866e+00	2.440275e+01
5.047843093321615e-04	7.605765e-01	4.999866e+00	2.448799e+01
5.047943093321616e-04	7.626962e-01	4.999866e+00	2.457321e+01
5.048043093321616e-04	7.648143e-01	4.999866e+00	2.465842e+01
5.048143093321617e-04	7.669308e-01	4.999866e+00	2.474361e+01
5.048243093321617e-04	7.690457e-01	4.999866e+00	2.482879e+01
5.048343093321618e-04	7.711590e-01	4.999866e+00	2.491396e+01
5.048443093321618e-04	7.732707e-01	4.999866e+00	2.499910e+01
5.048543093321619e-04	7.753809e-01	4.999866e+00	2.508423e+01
5.048643093321619e-04	7.774894e-01	4.999866e+00	2.516935e+01
5.048743093321620e-04	7.795964e-01	4.999866e+00	2.525445e+01
5.048843093321620e-04	7.817018e-01	4.999866e+00	2.533953e+01
5.048943093321621e-04	7.838055e-01	4.999866e+00	2.542460e+01
5.049043093321621e-04	7.859077e-01	4.999866e+00	2.550966e+01
5.049143093321622e-04	7.880084e-01	4.999866e+00	2.559469e+01
5.049243093321622e-04	7.901074e-01	4.999866e+00	2.567972e+01
5.049343093321623e-04	7.922048e-01	4.999866e+00	2.576472e+01
5.049443093321623e-04	7.943007e-01	4.999866e+00	2.584971e+01
5.049543093321624e-04	7.963949e-01	4.999866e+00	2.593469e+01
5.049643093321624e-04	7.984875e-01	4.999866e+00	2.601965e+01
5.049743093321625e-04	8.005786e-01	4.999866e+00	2.610460e+01
5.049843093321625e-04	8.026681e-01	4.999866e+00	2.618952e+01
5.049943093321626e-04	8.047559e-01	4.999866e+00	2.627444e+01
5.050043093321626e-04	8.068422e-01	4.999866e+00	2.635933e+01
5.050143093321627e-04	8.089269e-01	4.999866e+00	2.644422e+01
5.050243093321627e-04	8.110100e-01	4.999866e+00	2.652908e+01
5.050343093321628e-04	8.130915e-01	4.999866e+00	2.661394e+01
5.050443093321628e-04	8.151714e-01	4.999866e+00	2.669877e+01
5.050543093321629e-04	8.172497e-01	4.999866e+00	2.678359e+01
5.050643093321629e-04	8.193264e-01	4.999866e+00	2.686839e+01
5.050743093321630e-04	8.214015e-01	4.999866e+00	2.695318e+01
5.050843093321630e-04	8.234750e-01	4.999866e+00	2.703796e+01
5.050943093321631e-04	8.255469e-01	4.999866e+00	2.712271e+01
5.051043093321631e-04	8.276172e-01	4.999866e+00	2.720746e+01
5.051143093321632e-04	8.296859e-01	4.999866e+00	2.729218e+01
5.051243093321632e-04	8.317530e-01	4.999866e+00	2.737690e+01
5.051343093321633e-04	8.338186e-01	4.999866e+00	2.746159e+01
5.051443093321633e-04	8.358825e-01	4.999866e+00	2.754627e+01
5.051543093321634e-04	8.379448e-01	4.999866e+00	2.763094e+01
5.051643093321634e-04	8.400055e-01	4.999866e+00	2.771559e+01
5.051743093321635e-04	8.420646e-01	4.999866e+00	2.780022e+01
5.051843093321635e-04	8.441222e-01	4.999866e+00	2.788484e+01
5.051943093321636e-04	8.461781e-01	4.999866e+00	2.796944e+01
5.052043093321636e-04	8.482324e-01	4.999866e+00	2.805403e+01
5.052143093321636e-04	8.502851e-01	4.999866e+00	2.813860e+01
5.052243093321637e-04	8.523362e-01	4.999866e+00	2.822315e+01
5.052343093321637e-04	8.543857e-01	4.999866e+00	2.830770e+01
5.052443093321638e-04	8.564336e-01	4.999866e+00	2.839222e+01
5.052543093321638e-04	8.584799e-01	4.999866e+00	2.847673e+01
5.052643093321639e-04	8.605247e-01	4.999866e+00	2.856122e+01
5.052743093321639e-04	8.625678e-01	4.999866e+00	2.864570e+01
5.052843093321640e-04	8.646092e-01	4.999866e+00	2.873017e+01
5.052943093321640e-04	8.666492e-01	4.999866e+00	2.881461e+01
5.053043093321641e-04	8.686875e-01	4.999866e+00	2.889905e+01
5.053143093321641e-04	8.707241e-01	4.999866e+00	2.898346e+01
5.053243093321642e-04	8.727592e-01	4.999866e+00	2.906787e+01
5.053343093321642e-04	8.747927e-01	4.999866e+00	2.915225e+01
5.053443093321643e-04	8.768246e-01	4.999866e+00	2.923662e+01
5.053543093321643e-04	8.788549e-01	4.999866e+00	2.932098e+01
5.053643093321644e-04	8.808835e-01	4.999866e+00	2.940532e+01
5.053743093321644e-04	8.829105e-01	4.999866e+00	2.948964e+01
5.053843093321645e-04	8.849360e-01	4.999866e+00	2.957395e+01
5.053943093321645e-04	8.869599e-01	4.999866e+00	2.965824e+01
5.054043093321646e-04	8.889821e-01	4.999866e+00	2.974252e+01
5.054143093321646e-04	8.910028e-01	4.999866e+00	2.982678e+01
5.054243093321647e-04	8.930218e-01	4.999866e+00	2.991103e+01
5.054343093321647e-04	8.950393e-01	4.999866e+00	2.999526e+01
5.054443093321648e-04	8.970551e-01	4.999866e+00	3.007948e+01
5.054543093321648e-04	8.990693e-01	4.999866e+00	3.016368e+01
5.054643093321649e-04	9.010819e-01	4.999866e+00	3.024786e+01
5.054743093321649e-04	9.030929e-01	4.999866e+00	3.033203e+01
5.054843093321650e-04	9.051023e-01	4.999866e+00	3.041618e+01
5.054943093321650e-04	9.071101e-01	4.999866e+00	3.050032e+01
5.055043093321651e-04	9.091163e-01	4.999866e+00	3.058445e+01
5.055143093321651e-04	9.111208e-01	4.999866e+00	3.066855e+01
5.055243093321652e-04	9.131238e-01	4.999866e+00	3.075265e+01
5.055343093321652e-04	9.151252e-01	4.999866e+00	3.083672e+01
5.055443093321653e-04	9.171249e-01	4.999866e+00	3.092079e+01
5.055543093321653e-04	9.191231e-01	4.999866e+00	3.100483e+01
5.055643093321654e-04	9.211196e-01	4.999866e+00	3.108886e+01
5.055743093321654e-04	9.231145e-01	4.999866e+00	3.117288e+01
5.055843093321655e-04	9.251079e-01	4.999866e+00	3.125688e+01
5.055943093321655e-04	9.270996e-01	4.999866e+00	3.134086e+01
5.056043093321656e-04	9.290897e-01	4.999866e+00	3.142483e+01
5.056143093321656e-04	9.310783e-01	4.999866e+00	3.150879e+01
5.056243093321657e-04	9.330651e-01	4.999866e+00	3.159272e+01
5.056343093321657e-04	9.350504e-01	4.999866e+00	3.167665e+01
5.056443093321658e-04	9.370341e-01	4.999866e+00	3.176056e+01
5.056543093321658e-04	9.390162e-01	4.999866e+00	3.184445e+01
5.056643093321659e-04	9.409966e-01	4.999866e+00	3.192832e+01
5.056743093321659e-04	9.429755e-01	4.999866e+00	3.201218e+01
5.056843093321660e-04	9.449527e-01	4.999866e+00	3.209603e+01
5.056943093321660e-04	9.469284e-01	4.999866e+00	3.217986e+01
5.057043093321661e-04	9.489024e-01	4.999866e+00	3.226368e+01
5.057143093321661e-04	9.508749e-01	4.999866e+00	3.234748e+01
5.057243093321661e-04	9.528456e-01	4.999866e+00	3.243126e+01
5.057343093321662e-04	9.548149e-01	4.999866e+00	3.251503e+01
5.057443093321662e-04	9.567825e-01	4.999866e+00	3.259879e+01
5.057543093321663e-04	9.587485e-01	4.999866e+00	3.268253e+01
5.057643093321663e-04	9.607129e-01	4.999866e+00	3.276625e+01
5.057743093321664e-04	9.626756e-01	4.999866e+00	3.284996e+01
5.057843093321664e-04	9.646368e-01	4.999866e+00	3.293365e+01
5.057943093321665e-04	9.665964e-01	4.999866e+00	3.301733e+01
5.058043093321665e-04	9.685543e-01	4.999866e+00	3.310099e+01
5.058143093321666e-04	9.705107e-01	4.999866e+00	3.318464e+01
5.058243093321666e-04	9.724654e-01	4.999866e+00	3.326826e+01
5.058343093321667e-04	9.744185e-01	4.999866e+00	3.335188e+01
5.058443093321667e-04	9.763700e-01	4.999866e+00	3.343548e+01
5.058543093321668e-04	9.783199e-01	4.999866e+00	3.351907e+01
5.058643093321668e-04	9.802682e-01	4.999866e+00	3.360264e+01
5.058743093321669e-04	9.822149e-01	4.999866e+00	3.368619e+01
5.058843093321669e-04	9.841601e-01	4.999866e+00	3.376973e+01
5.058943093321670e-04	9.861035e-01	4.999866e+00	3.385326e+01
5.059043093321670e-04	9.880454e-01	4.999866e+00	3.393676e+01
5.059143093321671e-04	9.899856e-01	4.999866e+00	3.402026e+01
5.059243093321671e-04	9.919243e-01	4.999866e+00	3.410374e+01
5.059343093321672e-04	9.938614e-01	4.999866e+00	3.418720e+01
5.059443093321672e-04	9.957969e-01	4.999866e+00	3.427065e+01
5.059543093321673e-04	9.977307e-01	4.999866e+00	3.435408e+01
5.059643093321673e-04	9.996629e-01	4.999866e+00	3.443750e+01
5.059743093321674e-04	1.001594e+00	4.999866e+00	3.452090e+01
5.059843093321674e-04	1.003523e+00	4.999866e+00	3.460428e+01
5.059943093321675e-04	1.005450e+00	4.999866e+00	3.468766e+01
5.060043093321675e-04	1.007376e+00	4.999866e+00	3.477101e+01
5.060143093321676e-04	1.009300e+00	4.999866e+00	3.485435e+01
5.060243093321676e-04	1.011223e+00	4.999866e+00	3.493768e+01
5.060343093321677e-04	1.013144e+00	4.999866e+00	3.502098e+01
5.060443093321677e-04	1.015063e+00	4.999866e+00	3.510428e+01
5.060543093321678e-04	1.016981e+00	4.999866e+00	3.518756e+01
5.060643093321678e-04	1.018897e+00	4.999866e+00	3.527082e+01
5.060743093321679e-04	1.020811e+00	4.999866e+00	3.535407e+01
5.060843093321679e-04	1.022724e+00	4.999866e+00	3.543731e+01
5.060943093321680e-04	1.024636e+00	4.999866e+00	3.552053e+01
5.061043093321680e-04	1.026546e+00	4.999866e+00	3.560373e+01
5.061143093321681e-04	1.028454e+00	4.999866e+00	3.568692e+01
5.061243093321681e-04	1.030360e+00	4.999866e+00	3.577009e+01
5.061343093321682e-04	1.032265e+00	4.999866e+00	3.585324e+01
5.061443093321682e-04	1.034168e+00	4.999866e+00	3.593639e+01
5.061543093321683e-04	1.036070e+00	4.999866e+00	3.601952e+01
5.061643093321683e-04	1.037970e+00	4.999866e+00	3.610263e+01
5.061743093321684e-04	1.039869e+00	4.999866e+00	3.618572e+01
5.061843093321684e-04	1.041766e+00	4.999866e+00	3.626880e+01
5.061943093321685e-04	1.043661e+00	4.999866e+00	3.635187e+01
5.062043093321685e-04	1.045555e+00	4.999866e+00	3.643492e+01
5.062143093321686e-04	1.047447e+00	4.999866e+00	3.651796e+01
5.062243093321686e-04	1.049338e+00	4.999866e+00	3.660098e+01
5.062343093321686e-04	1.051226e+00	4.999866e+00	3.668398e+01
5.062443093321687e-04	1.053114e+00	4.999866e+00	3.676697e+01
5.062543093321687e-04	1.054999e+00	4.999866e+00	3.684995e+01
5.062643093321688e-04	1.056883e+00	4.999866e+00	3.693290e+01
5.062743093321688e-04	1.058766e+00	4.999866e+00	3.701585e+01
5.062843093321689e-04	1.060647e+00	4.999866e+00	3.709878e+01
5.062943093321689e-04	1.062526e+00	4.999866e+00	3.718169e+01
5.063043093321690e-04	1.064404e+00	4.999866e+00	3.726459e+01
5.063143093321690e-04	1.066280e+00	4.999866e+00	3.734747e+01
5.063243093321691e-04	1.068154e+00	4.999866e+00	3.743034e+01
5.063343093321691e-04	1.070027e+00	4.999866e+00	3.751320e+01
5.063443093321692e-04	1.071899e+00	4.999866e+00	3.759603e+01
5.063543093321692e-04	1.073768e+00	4.999866e+00	3.767886e+01
5.063643093321693e-04	1.075636e+00	4.999866e+00	3.776166e+01
5.063743093321693e-04	1.077503e+00	4.999866e+00	3.784445e+01
5.063843093321694e-04	1.079368e+00	4.999866e+00	3.792723e+01
5.063943093321694e-04	1.081231e+00	4.999866e+00	3.800999e+01
5.064043093321695e-04	1.083093e+00	4.999866e+00	3.809274e+01
5.064143093321695e-04	1.084953e+00	4.999866e+00	3.817547e+01
5.064243093321696e-04	1.086811e+00	4.999866e+00	3.825819e+01
5.064343093321696e-04	1.088668e+00	4.999866e+00	3.834089e+01
5.064443093321697e-04	1.090524e+00	4.999866e+00	3.842357e+01
5.064543093321697e-04	1.092377e+00	4.999866e+00	3.850624e+01
5.064643093321698e-04	1.094229e+00	4.999866e+00	3.858890e+01
5.064743093321698e-04	1.096080e+00	4.999866e+00	3.867154e+01
5.064843093321699e-04	1.097929e+00	4.999866e+00	3.875417e+01
5.064943093321699e-04	1.099776e+00	4.999866e+00	3.883678e+01
5.065043093321700e-04	1.101622e+00	4.999866e+00	3.891937e+01
5.065143093321700e-04	1.103466e+00	4.999866e+00	3.900195e+01
5.065243093321701e-04	1.105309e+00	4.999866e+00	3.908451e+01
5.065343093321701e-04	1.107149e+00	4.999866e+00	3.916706e+01
5.065443093321702e-04	1.108989e+00	4.999866e+00	3.924960e+01
5.065543093321702e-04	1.110827e+00	4.999866e+00	3.933212e+01
5.065643093321703e-04	1.112663e+00	4.999866e+00	3.941462e+01
5.065743093321703e-04	1.114497e+00	4.999866e+00	3.949711e+01
5.065843093321704e-04	1.116330e+00	4.999866e+00	3.957959e+01
5.065943093321704e-04	1.118162e+00	4.999866e+00	3.966204e+01
5.066043093321705e-04	1.119992e+00	4.999866e+00	3.974449e+01
5.066143093321705e-04	1.121820e+00	4.999866e+00	3.982692e+01
5.066243093321706e-04	1.123646e+00	4.999866e+00	3.990933e+01
5.066343093321706e-04	1.125471e+00	4.999866e+00	3.999173e+01
5.066443093321707e-04	1.127295e+00	4.999866e+00	4.007411e+01
5.066543093321707e-04	1.129117e+00	4.999866e+00	4.015648e+01
5.066643093321708e-04	1.130937e+00	4.999866e+00	4.023883e+01
5.066743093321708e-04	1.132756e+00	4.999866e+00	4.032117e+01
5.066843093321709e-04	1.134573e+00	4.999866e+00	4.040350e+01
5.066943093321709e-04	1.136388e+00	4.999866e+00	4.048581e+01
5.067043093321710e-04	1.138202e+00	4.999866e+00	4.056810e+01
5.067143093321710e-04	1.140014e+00	4.999866e+00	4.065038e+01
5.067243093321711e-04	1.141825e+00	4.999866e+00	4.073264e+01
5.067343093321711e-04	1.143634e+00	4.999866e+00	4.081488e+01
5.067443093321712e-04	1.145442e+00	4.999866e+00	4.089712e+01
5.067543093321712e-04	1.147248e+00	4.999866e+00	4.097933e+01
5.067643093321712e-04	1.149052e+00	4.999866e+00	4.106153e+01
5.067743093321713e-04	1.150855e+00	4.999866e+00	4.114372e+01
5.067843093321713e-04	1.152656e+00	4.999866e+00	4.122589e+01
5.067943093321714e-04	1.154456e+00	4.999866e+00	4.130805e+01
5.068043093321714e-04	1.156254e+00	4.999866e+00	4.139019e+01
5.068143093321715e-04	1.158050e+00	4.999866e+00	4.147232e+01
5.068243093321715e-04	1.159845e+00	4.999866e+00	4.155443e+01
5.068343093321716e-04	1.161638e+00	4.999866e+00	4.163653e+01
5.068443093321716e-04	1.163430e+00	4.999865e+00	4.171861e+01
5.068543093321717e-04	1.165220e+00	4.999865e+00	4.180068e+01
5.068643093321717e-04	1.167009e+00	4.999865e+00	4.188273e+01
5.068743093321718e-04	1.168795e+00	4.999865e+00	4.196477e+01
5.068843093321718e-04	1.170581e+00	4.999864e+00	4.204679e+01
5.068943093321719e-04	1.172365e+00	4.999833e+00	4.212880e+01
5.069043093321719e-04	1.174147e+00	4.999711e+00	4.221078e+01
5.069143093321720e-04	1.175927e+00	4.999139e+00	4.229276e+01
5.069155593321720e-04	1.176150e+00	4.998569e+00	4.230301e+01
5.069171667428149e-04	1.176436e+00	4.993174e+00	4.231618e+01
5.069179409053722e-04	1.176574e+00	4.982843e+00	4.232253e+01
5.069185301232051e-04	1.176679e+00	4.962488e+00	4.232736e+01
5.069190192932132e-04	1.176766e+00	4.928096e+00	4.233137e+01
5.069195670733289e-04	1.176863e+00	4.869384e+00	4.233586e+01
5.069200749245988e-04	1.176953e+00	4.802037e+00	4.234002e+01
5.069210906271384e-04	1.177134e+00	4.630864e+00	4.234834e+01
5.069222053586275e-04	1.177332e+00	4.357557e+00	4.235748e+01
5.069235229753221e-04	1.177567e+00	3.821036e+00	4.236828e+01
5.069249882875360e-04	1.177827e+00	2.712633e+00	4.238029e+01
5.069264929079591e-04	1.178095e+00	5.971013e-01	4.239262e+01
5.069270821825730e-04	1.178200e+00	8.722667e-03	4.239745e+01
5.069271764909419e-04	1.178216e+00	2.579710e-04	4.239822e+01
5.069272329595194e-04	1.178226e+00	2.512414e-04	4.239869e+01
5.069272595638601e-04	1.178231e+00	2.451498e-04	4.239890e+01
5.069272973647181e-04	1.178238e+00	2.362436e-04	4.239921e+01
5.069273566149855e-04	1.178248e+00	2.228925e-04	4.239970e+01
5.069275552891421e-04	1.178284e+00	1.869735e-04	4.240133e+01
5.069277403873429e-04	1.178316e+00	1.627982e-04	4.240284e+01
5.069281105837445e-04	1.178382e+00	1.297934e-04	4.240588e+01
5.069288509765478e-04	1.178514e+00	9.356878e-05	4.241194e+01
5.069303317621543e-04	1.178777e+00	8.344847e-05	4.242408e+01
5.069332933333671e-04	1.179303e+00	8.421819e-05	4.244835e+01
5.069392164757930e-04	1.180356e+00	8.275951e-05	4.249688e+01
5.069492164757930e-04	1.182131e+00	8.314856e-05	4.257880e+01
5.069592164757931e-04	1.183904e+00	8.213712e-05	4.266071e+01
5.069692164757931e-04	1.185676e+00	8.276852e-05	4.274260e+01
5.069792164757932e-04	1.187447e+00	8.191263e-05	4.282448e+01
5.069892164757932e-04	1.189215e+00	8.262623e-05	4.290635e+01
5.070092164757933e-04	1.192748e+00	8.257727e-05	4.307003e+01
5.070792164757937e-04	1.205064e+00	8.187846e-05	4.364245e+01
5.083892164758001e-04	1.421535e+00	8.232597e-05	5.422045e+01
5.098492164758073e-04	1.632749e+00	8.227644e-05	6.571436e+01
5.113792164758148e-04	1.822700e+00	8.222464e-05	7.743437e+01
5.131892164758236e-04	2.010106e+00	8.224576e-05	9.088281e+01
5.152292164758336e-04	2.178897e+00	8.224184e-05	1.055177e+02
5.175492164758450e-04	2.324497e+00	8.224049e-05	1.215145e+02
5.202092164758581e-04	2.441578e+00	8.224010e-05	1.390458e+02
5.216192164758650e-04	2.485733e+00	8.224033e-05	1.480019e+02
5.249492164758813e-04	2.550522e+00	8.224000e-05	1.682693e+02
5.288692164759005e-04	2.572079e+00	8.224002e-05	1.906190e+02
5.318592164759152e-04	2.559853e+00	8.224036e-05	2.066371e+02
5.377592164759441e-04	2.488224e+00	8.224035e-05	2.358291e+02
5.420992164759654e-04	2.410726e+00	8.224034e-05	2.554141e+02
5.499892164760041e-04	2.245530e+00	8.224009e-05	2.873444e+02
5.523392164760156e-04	2.194013e+00	8.224032e-05	2.960156e+02
5.602692164760545e-04	2.021758e+00	8.224011e-05	3.227276e+02
5.625792164760658e-04	1.973164e+00	8.224030e-05	3.298230e+02
5.705292164761048e-04	1.814575e+00	8.224013e-05	3.521208e+02
5.728192164761160e-04	1.771695e+00	8.224029e-05	3.579779e+02
5.807892164761551e-04	1.632839e+00	8.224015e-05	3.765928e+02
5.830592164761662e-04	1.596239e+00	8.224027e-05	3.814277e+02
5.910492164762054e-04	1.477436e+00	8.224016e-05	3.969685e+02
5.932992164762164e-04	1.446684e+00	8.224027e-05	4.009594e+02
6.013092164762557e-04	1.346159e+00	8.224017e-05	4.139341e+02
6.035392164762667e-04	1.320520e+00	8.224026e-05	4.172282e+02
6.115692164763060e-04	1.235923e+00	8.224021e-05	4.280605e+02
6.137792164763169e-04	1.214628e+00	8.224029e-05	4.307792e+02
6.218292164763563e-04	1.143630e+00	8.224044e-05	4.398230e+02
6.240192164763671e-04	1.125979e+00	8.224063e-05	4.420667e+02
6.320992164764067e-04	1.066408e+00	8.224178e-05	4.496258e+02
6.342592164764173e-04	1.051861e+00	8.224239e-05	4.514686e+02
6.423792164764571e-04	1.001860e+00	8.939117e-05	4.577940e+02
6.427892164764591e-04	9.995192e-01	1.593545e-04	4.580898e+02
6.429792164764600e-04	9.984403e-01	2.497535e-04	4.582260e+02
6.430792164764605e-04	9.978740e-01	3.562394e-04	4.582976e+02
6.431392164764608e-04	9.975346e-01	4.792908e-04	4.583405e+02
6.431792164764610e-04	9.973086e-01	6.238339e-04	4.583690e+02
6.432092164764612e-04	9.971392e-01	8.086260e-04	4.583904e+02
6.432292164764613e-04	9.970263e-01	1.010802e-03	4.584047e+02
6.432392164764613e-04	9.969698e-01	1.157211e-03	4.584118e+02
6.432492164764614e-04	9.969134e-01	1.357463e-03	4.584190e+02
6.432592164764614e-04	9.968570e-01	1.647750e-03	4.584261e+02
6.432692164764615e-04	9.968006e-01	2.120135e-03	4.584332e+02
6.432792164764615e-04	9.967442e-01	3.050457e-03	4.584403e+02
6.432849160879463e-04	9.967120e-01	4.191895e-03	4.584444e+02
6.432902880085731e-04	9.966817e-01	7.068727e-03	4.584482e+02
6.432934785442478e-04	9.966637e-01	1.333642e-02	4.584505e+02
6.432967453738550e-04	9.966454e-01	2.835763e-02	4.584528e+02
6.432996110693906e-04	9.966292e-01	5.165404e-02	4.584549e+02
6.433016630967925e-04	9.966176e-01	8.660039e-02	4.584563e+02
6.433033812755514e-04	9.966080e-01	1.497526e-01	4.584576e+02
6.433051652443017e-04	9.965979e-01	2.857464e-01	4.584588e+02
6.433070453938012e-04	9.965873e-01	5.934342e-01	4.584601e+02
6.433088452110996e-04	9.965771e-01	1.235520e+00	4.584614e+02
6.433106188786952e-04	9.965672e-01	2.624562e+00	4.584627e+02
6.433123210134389e-04	9.965576e-01	4.883879e+00	4.584639e+02
6.433127962996263e-04	9.965549e-01	5.028626e+00	4.584643e+02
6.433132544535286e-04	9.965523e-01	4.978858e+00	4.584646e+02
6.433134126357147e-04	9.965514e-01	5.008644e+00	4.584647e+02
6.433134685792160e-04	9.965511e-01	4.999034e+00	4.584647e+02
6.433134952973951e-04	9.965510e-01	4.999569e+00	4.584648e+02
6.433135191336283e-04	9.965508e-01	4.999714e+00	4.584648e+02
6.433135456939044e-04	9.965507e-01	4.999769e+00	4.584648e+02
6.433135988144566e-04	9.965504e-01	4.999796e+00	4.584648e+02
6.433136939217967e-04	9.965498e-01	4.999804e+00	4.584649e+02
6.433138841364770e-04	9.965488e-01	4.999821e+00	4.584650e+02
6.433142645658374e-04	9.965466e-01	4.999846e+00	4.584653e+02
6.433165471420000e-04	9.965338e-01	4.999863e+00	4.584669e+02
6.433195905768835e-04	9.965166e-01	4.999864e+00	4.584691e+02
6.433256774466504e-04	9.964823e-01	4.999864e+00	4.584734e+02
6.433356774466504e-04	9.964260e-01	4.999865e+00	4.584805e+02
6.433456774466505e-04	9.963697e-01	4.999865e+00	4.584876e+02
6.433556774466505e-04	9.963133e-01	4.999866e+00	4.584948e+02
6.433656774466506e-04	9.962570e-01	4.999865e+00	4.585019e+02
6.433756774466506e-04	9.962007e-01	4.999866e+00	4.585090e+02
6.433956774466507e-04	9.960881e-01	4.999866e+00	4.585232e+02
6.434756774466511e-04	9.956383e-01	4.999866e+00	4.585800e+02
6.442756774466550e-04	9.911743e-01	4.999866e+00	4.591439e+02
6.524256774466950e-04	9.491072e-01	4.999866e+00	4.644520e+02
6.545156774467052e-04	9.392578e-01	4.999866e+00	4.656933e+02
6.627156774467454e-04	9.039367e-01	4.999866e+00	4.701399e+02
6.647556774467554e-04	8.959150e-01	4.999866e+00	4.711487e+02
6.730156774467959e-04	8.662331e-01	4.999866e+00	4.748777e+02
6.749956774468056e-04	8.597388e-01	4.999866e+00	4.756928e+02
6.833256774468465e-04	8.347749e-01	4.999866e+00	4.788234e+02
6.852356774468558e-04	8.295508e-01	4.999866e+00	4.794779e+02
6.936456774468971e-04	8.085374e-01	4.999866e+00	4.821088e+02
6.954756774469061e-04	8.043648e-01	4.999866e+00	4.826308e+02
7.039756774469477e-04	7.866623e-01	4.999866e+00	4.848439e+02
7.057156774469563e-04	7.833558e-01	4.999866e+00	4.852570e+02
7.143356774469985e-04	7.683987e-01	4.999866e+00	4.871246e+02
7.159556774470065e-04	7.658342e-01	4.999866e+00	4.874446e+02
7.247056774470494e-04	7.531878e-01	4.999866e+00	4.890219e+02
7.261956774470567e-04	7.512233e-01	4.999866e+00	4.892668e+02
7.351056774471004e-04	7.405012e-01	4.999866e+00	4.906028e+02
7.364356774471069e-04	7.390413e-01	4.999866e+00	4.907846e+02
7.455356774471515e-04	7.299272e-01	4.999866e+00	4.919193e+02
7.466756774471571e-04	7.288858e-01	4.999866e+00	4.920489e+02
7.559956774472028e-04	7.211198e-01	4.999866e+00	4.930150e+02
7.569156774472073e-04	7.204207e-01	4.999866e+00	4.931020e+02
7.664956774472543e-04	7.137823e-01	4.999866e+00	4.939273e+02
7.671556774472575e-04	7.133653e-01	4.999866e+00	4.939792e+02
7.770456774473060e-04	7.076691e-01	4.999866e+00	4.946870e+02
7.773956774473077e-04	7.074854e-01	4.999866e+00	4.947099e+02
7.876356774473579e-04	7.025854e-01	4.999866e+00	4.953185e+02
7.978756774474081e-04	6.985024e-01	4.999866e+00	4.958255e+02
8.081156774474584e-04	6.951004e-01	4.999866e+00	4.962478e+02
8.183556774475086e-04	6.922657e-01	4.999866e+00	4.965995e+02
8.285956774475588e-04	6.899042e-01	4.999866e+00	4.968925e+02
8.388356774476090e-04	6.879366e-01	4.999866e+00	4.971366e+02
8.490756774476592e-04	6.862975e-01	4.999866e+00	4.973399e+02
8.593156774477094e-04	6.849319e-01	4.999866e+00	4.975093e+02
8.695556774477596e-04	6.837944e-01	4.999866e+00	4.976503e+02
8.797956774478098e-04	6.828467e-01	4.999866e+00	4.977678e+02
8.900356774478600e-04	6.820573e-01	4.999866e+00	4.978657e+02
9.002756774479102e-04	6.813996e-01	4.999866e+00	4.979472e+02
9.105156774479604e-04	6.808519e-01	4.999866e+00	4.980151e+02
9.207556774480107e-04	6.803955e-01	4.999866e+00	4.980717e+02
9.309956774480609e-04	6.800154e-01	4.999866e+00	4.981188e+02
9.412356774481111e-04	6.796988e-01	4.999866e+00	4.981581e+02
9.514756774481613e-04	6.794350e-01	4.999866e+00	4.981908e+02
9.617156774482115e-04	6.792153e-01	4.999866e+00	4.982180e+02
9.719556774482617e-04	6.790323e-01	4.999866e+00	4.982407e+02
9.821956774482509e-04	6.788799e-01	4.999866e+00	4.982596e+02
9.924356774481901e-04	6.787529e-01	4.999866e+00	4.982753e+02
1.002675677448129e-03	6.786471e-01	4.999866e+00	4.982884e+02
1.012915677448068e-03	6.785590e-01	4.999866e+00	4.982993e+02
1.023155677448008e-03	6.784856e-01	4.999866e+00	4.983084e+02
1.033395677447947e-03	6.784245e-01	4.999866e+00	4.983160e+02
1.043635677447886e-03	6.783736e-01	4.999866e+00	4.983223e+02
1.053875677447825e-03	6.783311e-01	4.999866e+00	4.983276e+02
1.064115677447764e-03	6.782958e-01	4.999866e+00	4.983319e+02
1.074355677447704e-03	6.782664e-01	4.999866e+00	4.983356e+02
1.084595677447643e-03	6.782418e-01	4.999866e+00	4.983386e+02
1.094835677447582e-03	6.782215e-01	4.999866e+00	4.983412e+02
1.105075677447521e-03	6.782044e-01	4.999866e+00	4.983433e+02
1.115315677447460e-03	6.781903e-01	4.999866e+00	4.983450e+02
1.125555677447399e-03	6.781784e-01	4.999866e+00	4.983465e+02
1.135795677447339e-03	6.781687e-01	4.999866e+00	4.983477e+02
1.146035677447278e-03	6.781604e-01	4.999866e+00	4.983487e+02
1.156275677447217e-03	6.781536e-01	4.999866e+00	4.983496e+02
1.166515677447156e-03	6.781479e-01	4.999866e+00	4.983503e+02
1.176755677447095e-03	6.781432e-01	4.999866e+00	4.983509e+02
1.186995677447035e-03	6.781393e-01	4.999866e+00	4.983513e+02
1.197235677446974e-03	6.781360e-01	4.999866e+00	4.983517e+02
1.207475677446913e-03	6.781332e-01	4.999866e+00	4.983521e+02
1.217715677446852e-03	6.781310e-01	4.999866e+00	4.983524e+02
1.227955677446791e-03	6.781291e-01	4.999866e+00	4.983526e+02
1.238195677446731e-03	6.781275e-01	4.999866e+00	4.983528e+02
1.248435677446670e-03	6.781262e-01	4.999866e+00	4.983530e+02
1.258675677446609e-03	6.781251e-01	4.999866e+00	4.983531e+02
1.268915677446548e-03	6.781241e-01	4.999866e+00	4.983532e+02
1.279155677446487e-03	6.781234e-01	4.999866e+00	4.983533e+02
1.289395677446426e-03	6.781228e-01	4.999866e+00	4.983534e+02
1.299635677446366e-03	6.781222e-01	4.999866e+00	4.983535e+02
1.309875677446305e-03	6.781218e-01	4.999866e+00	4.983535e+02
1.320115677446244e-03	6.781214e-01	4.999866e+00	4.983536e+02
1.330355677446183e-03	6.781211e-01	4.999866e+00	4.983536e+02
1.340595677446122e-03	6.781209e-01	4.999866e+00	4.983536e+02
1.350835677446062e-03	6.781207e-01	4.999866e+00	4.983537e+02
1.361075677446001e-03	6.781205e-01	4.999866e+00	4.983537e+02
1.371315677445940e-03	6.781203e-01	4.999866e+00	4.983537e+02
1.381555677445879e-03	6.781202e-01	4.999866e+00	4.983537e+02
1.391795677445818e-03	6.781201e-01	4.999866e+00	4.983537e+02
1.402035677445758e-03	6.781200e-01	4.999866e+00	4.983537e+02
1.412275677445697e-03	6.781200e-01	4.999866e+00	4.983537e+02
1.422515677445636e-03	6.781199e-01	4.999866e+00	4.983538e+02
1.432755677445575e-03	6.781198e-01	4.999866e+00	4.983538e+02
1.442995677445514e-03	6.781198e-01	4.999866e+00	4.983538e+02
1.453235677445453e-03	6.781198e-01	4.999866e+00	4.983538e+02
1.463475677445393e-03	6.781197e-01	4.999866e+00	4.983538e+02
1.473715677445332e-03	6.781197e-01	4.999866e+00	4.983538e+02
1.483955677445271e-03	6.781197e-01	4.999866e+00	4.983538e+02
1.494195677445210e-03	6.781197e-01	4.999866e+00	4.983538e+02
1.504435677445149e-03	6.781197e-01	4.999866e+00	4.983538e+02
1.514675677445089e-03	6.781197e-01	4.999866e+00	4.983538e+02
1.524915677445028e-03	6.781197e-01	4.999866e+00	4.983538e+02
1.535155677444967e-03	6.781197e-01	4.999866e+00	4.983538e+02
1.545395677444906e-03	6.781197e-01	4.999866e+00	4.983538e+02
1.555635677444845e-03	6.781196e-01	4.999866e+00	4.983538e+02
1.565875677444785e-03	6.781196e-01	4.999866e+00	4.983538e+02
1.576115677444724e-03	6.781196e-01	4.999866e+00	4.983538e+02
1.586355677444663e-03	6.781196e-01	4.999866e+00	4.983538e+02
1.596595677444602e-03	6.781196e-01	4.999866e+00	4.983538e+02
1.606835677444541e-03	6.781196e-01	4.999866e+00	4.983538e+02
1.617075677444480e-03	6.781196e-01	4.999866e+00	4.983538e+02
1.627315677444420e-03	6.781196e-01	4.999866e+00	4.983538e+02
1.637555677444359e-03	6.781196e-01	4.999866e+00	4.983538e+02
1.647795677444298e-03	6.781196e-01	4.999866e+00	4.983538e+02
1.658035677444237e-03	6.781196e-01	4.999866e+00	4.983538e+02
1.668275677444176e-03	6.781196e-01	4.999866e+00	4.983538e+02
1.678515677444116e-03	6.781196e-01	4.999866e+00	4.983538e+02
1.688755677444055e-03	6.781196e-01	4.999866e+00	4.983538e+02
1.698995677443994e-03	6.781196e-01	4.999866e+00	4.983538e+02
1.709235677443933e-03	6.781196e-01	4.999866e+00	4.983538e+02
1.719475677443872e-03	6.781196e-01	4.999866e+00	4.983538e+02
1.729715677443811e-03	6.781196e-01	4.999866e+00	4.983538e+02
1.739955677443751e-03	6.781196e-01	4.999866e+00	4.983538e+02
1.750195677443690e-03	6.781196e-01	4.999866e+00	4.983538e+02
1.760435677443629e-03	6.781196e-01	4.999866e+00	4.983538e+02
1.770675677443568e-03	6.781196e-01	4.999866e+00	4.983538e+02
1.780915677443507e-03	6.781196e-01	4.999866e+00	4.983538e+02
1.791155677443447e-03	6.781196e-01	4.999866e+00	4.983538e+02
1.801395677443386e-03	6.781196e-01	4.999866e+00	4.983538e+02
1.811635677443325e-03	6.781196e-01	4.999866e+00	4.983538e+02
1.821875677443264e-03	6.781196e-01	4.999866e+00	4.983538e+02
1.832115677443203e-03	6.781196e-01	4.999866e+00	4.983538e+02
1.842355677443143e-03	6.781196e-01	4.999866e+00	4.983538e+02
1.852595677443082e-03	6.781196e-01	4.999866e+00	4.983538e+02
1.862835677443021e-03	6.781196e-01	4.999866e+00	4.983538e+02
1.873075677442960e-03	6.781196e-01	4.999866e+00	4.983538e+02
1.883315677442899e-03	6.781196e-01	4.999866e+00	4.983538e+02
1.893555677442838e-03	6.781196e-01	4.999866e+00	4.983538e+02
1.903795677442778e-03	6.781196e-01	4.999866e+00	4.983538e+02
1.914035677442717e-03	6.781196e-01	4.999866e+00	4.983538e+02
1.924275677442656e-03	6.781196e-01	4.999866e+00	4.983538e+02
1.934515677442595e-03	6.781196e-01	4.999866e+00	4.983538e+02
1.944755677442534e-03	6.781196e-01	4.999866e+00	4.983538e+02
1.954995677442474e-03	6.781196e-01	4.999866e+00	4.983538e+02
1.965235677442413e-03	6.781196e-01	4.999866e+00	4.983538e+02
1.975475677442352e-03	6.781196e-01	4.999866e+00	4.983538e+02
1.985715677442291e-03	6.781196e-01	4.999866e+00	4.983538e+02
1.995955677442231e-03	6.781196e-01	4.999866e+00	4.983538e+02
2.006195677442170e-03	6.781196e-01	4.999866e+00	4.983538e+02
2.016435677442109e-03	6.781196e-01	4.999866e+00	4.983538e+02
2.026675677442048e-03	6.781196e-01	4.999866e+00	4.983538e+02
2.036915677441987e-03	6.781196e-01	4.999866e+00	4.983538e+02
2.047155677441926e-03	6.781196e-01	4.999866e+00	4.983538e+02
2.057395677441866e-03	6.781196e-01	4.999866e+00	4.983538e+02
2.067635677441805e-03	6.781196e-01	4.999866e+00	4.983538e+02
2.077875677441744e-03	6.781196e-01	4.999866e+00	4.983538e+02
2.088115677441683e-03	6.781196e-01	4.999866e+00	4.983538e+02
2.098355677441622e-03	6.781196e-01	4.999866e+00	4.983538e+02
2.108595677441562e-03	6.781196e-01	4.999866e+00	4.983538e+02
2.118835677441501e-03	6.781196e-01	4.999866e+00	4.983538e+02
2.129075677441440e-03	6.781196e-01	4.999866e+00	4.983538e+02
2.139315677441379e-03	6.781196e-01	4.999866e+00	4.983538e+02
2.149555677441318e-03	6.781196e-01	4.999866e+00	4.983538e+02
2.159795677441258e-03	6.781196e-01	4.999866e+00	4.983538e+02
2.170035677441197e-03	6.781196e-01	4.999866e+00	4.983538e+02
2.180275677441136e-03	6.781196e-01	4.999866e+00	4.983538e+02
2.190515677441075e-03	6.781196e-01	4.999866e+00	4.983538e+02
2.200755677441014e-03	6.781196e-01	4.999866e+00	4.983538e+02
2.210995677440953e-03	6.781196e-01	4.999866e+00	4.983538e+02
2.221235677440893e-03	6.781196e-01	4.999866e+00	4.983538e+02
2.231475677440832e-03	6.781196e-01	4.999866e+00	4.983538e+02
2.241715677440771e-03	6.781196e-01	4.999866e+00	4.983538e+02
2.251955677440710e-03	6.781196e-01	4.999866e+00	4.983538e+02
2.262195677440649e-03	6.781196e-01	4.999866e+00	4.983538e+02
2.272435677440589e-03	6.781196e-01	4.999866e+00	4.983538e+02
2.282675677440528e-03	6.781196e-01	4.999866e+00	4.983538e+02
2.292915677440467e-03	6.781196e-01	4.999866e+00	4.983538e+02
2.303155677440406e-03	6.781196e-01	4.999866e+00	4.983538e+02
2.313395677440345e-03	6.781196e-01	4.999866e+00	4.983538e+02
2.323635677440285e-03	6.781196e-01	4.999866e+00	4.983538e+02
2.333875677440224e-03	6.781196e-01	4.999866e+00	4.983538e+02
2.344115677440163e-03	6.781196e-01	4.999866e+00	4.983538e+02
2.354355677440102e-03	6.781196e-01	4.999866e+00	4.983538e+02
2.364595677440041e-03	6.781196e-01	4.999866e+00	4.983538e+02
2.374835677439980e-03	6.781196e-01	4.999866e+00	4.983538e+02
2.385075677439920e-03	6.781196e-01	4.999866e+00	4.983538e+02
2.395315677439859e-03	6.781196e-01	4.999866e+00	4.983538e+02
2.405555677439798e-03	6.781196e-01	4.999866e+00	4.983538e+02
2.415795677439737e-03	6.781196e-01	4.999866e+00	4.983538e+02
2.426035677439676e-03	6.781196e-01	4.999866e+00	4.983538e+02
2.436275677439616e-03	6.781196e-01	4.999866e+00	4.983538e+02
2.446515677439555e-03	6.781196e-01	4.999866e+00	4.983538e+02
2.456755677439494e-03	6.781196e-01	4.999866e+00	4.983538e+02
2.466995677439433e-03	6.781196e-01	4.999866e+00	4.983538e+02
2.477235677439372e-03	6.781196e-01	4.999866e+00	4.983538e+02
2.487475677439312e-03	6.781196e-01	4.999866e+00	4.983538e+02
2.497715677439251e-03	6.781196e-01	4.999866e+00	4.983538e+02
2.507955677439190e-03	6.781196e-01	4.999866e+00	4.983538e+02
2.518195677439129e-03	6.781196e-01	4.999866e+00	4.983538e+02
2.528435677439068e-03	6.781196e-01	4.999866e+00	4.983538e+02
2.538675677439007e-03	6.781196e-01	4.999866e+00	4.983538e+02
2.548915677438947e-03	6.781196e-01	4.999866e+00	4.983538e+02
2.559155677438886e-03	6.781196e-01	4.999866e+00	4.983538e+02
2.569395677438825e-03	6.781196e-01	4.999866e+00	4.983538e+02
2.579635677438764e-03	6.781196e-01	4.999866e+00	4.983538e+02
2.589875677438703e-03	6.781196e-01	4.999866e+00	4.983538e+02
2.600115677438643e-03	6.781196e-01	4.999866e+00	4.983538e+02
2.610355677438582e-03	6.781196e-01	4.999866e+00	4.983538e+02
2.620595677438521e-03	6.781196e-01	4.999866e+00	4.983538e+02
2.630835677438460e-03	6.781196e-01	4.999866e+00	4.983538e+02
2.641075677438399e-03	6.781196e-01	4.999866e+00	4.983538e+02
2.651315677438339e-03	6.781196e-01	4.999866e+00	4.983538e+02
2.661555677438278e-03	6.781196e-01	4.999866e+00	4.983538e+02
2.671795677438217e-03	6.781196e-01	4.999866e+00	4.983538e+02
2.682035677438156e-03	6.781196e-01	4.999866e+00	4.983538e+02
2.692275677438095e-03	6.781196e-01	4.999866e+00	4.983538e+02
2.702515677438034e-03	6.781196e-01	4.999866e+00	4.983538e+02
2.712755677437974e-03	6.781196e-01	4.999866e+00	4.983538e+02
2.722995677437913e-03	6.781196e-01	4.999866e+00	4.983538e+02
2.733235677437852e-03	6.781196e-01	4.999866e+00	4.983538e+02
2.743475677437791e-03	6.781196e-01	4.999866e+00	4.983538e+02
2.753715677437730e-03	6.781196e-01	4.999866e+00	4.983538e+02
2.763955677437670e-03	6.781196e-01	4.999866e+00	4.983538e+02
2.774195677437609e-03	6.781196e-01	4.999866e+00	4.983538e+02
2.784435677437548e-03	6.781196e-01	4.999866e+00	4.983538e+02
2.794675677437487e-03	6.781196e-01	4.999866e+00	4.983538e+02
2.804915677437426e-03	6.781196e-01	4.999866e+00	4.983538e+02
2.815155677437365e-03	6.781196e-01	4.999866e+00	4.983538e+02
2.825395677437305e-03	6.781196e-01	4.999866e+00	4.983538e+02
2.835635677437244e-03	6.781196e-01	4.999866e+00	4.983538e+02
2.845875677437183e-03	6.781196e-01	4.999866e+00	4.983538e+02
2.856115677437122e-03	6.781196e-01	4.999866e+00	4.983538e+02
2.866355677437061e-03	6.781196e-01	4.999866e+00	4.983538e+02
2.876595677437001e-03	6.781196e-01	4.999866e+00	4.983538e+02
2.886835677436940e-03	6.781196e-01	4.999866e+00	4.983538e+02
2.897075677436879e-03	6.781196e-01	4.999866e+00	4.983538e+02
2.907315677436818e-03	6.781196e-01	4.999866e+00	4.983538e+02
2.917555677436757e-03	6.781196e-01	4.999866e+00	4.983538e+02
2.927795677436697e-03	6.781196e-01	4.999866e+00	4.983538e+02
2.938035677436636e-03	6.781196e-01	4.999866e+00	4.983538e+02
2.948275677436575e-03	6.781196e-01	4.999866e+00	4.983538e+02
2.958515677436514e-03	6.781196e-01	4.999866e+00	4.983538e+02
2.968755677436453e-03	6.781196e-01	4.999866e+00	4.983538e+02
2.978995677436392e-03	6.781196e-01	4.999866e+00	4.983538e+02
2.989235677436332e-03	6.781196e-01	4.999866e+00	4.983538e+02
2.999475677436271e-03	6.781196e-01	4.999866e+00	4.983538e+02
3.000000000000000e-03	6.781196e-01	4.999866e+00	4.983538e+02
Step Information: Cpar=20p  (Step: 5/8)
0.000000000000000e+00	6.781196e-01	4.999866e+00	4.983538e+02
1.006310719976990e-05	6.781196e-01	4.999866e+00	4.983538e+02
2.030310719977066e-05	6.781196e-01	4.999866e+00	4.983538e+02
3.054310719977230e-05	6.781196e-01	4.999866e+00	4.983538e+02
4.078310719977393e-05	6.781196e-01	4.999866e+00	4.983538e+02
5.102310719977557e-05	6.781196e-01	4.999866e+00	4.983538e+02
6.126310719977705e-05	6.781196e-01	4.999866e+00	4.983538e+02
7.150310719977175e-05	6.781196e-01	4.999866e+00	4.983538e+02
8.174310719976644e-05	6.781196e-01	4.999866e+00	4.983538e+02
9.198310719976114e-05	6.781196e-01	4.999866e+00	4.983538e+02
1.022231071997558e-04	6.781196e-01	4.999866e+00	4.983538e+02
1.124631071997505e-04	6.781196e-01	4.999866e+00	4.983538e+02
1.227031071997452e-04	6.781196e-01	4.999866e+00	4.983538e+02
1.329431071997399e-04	6.781196e-01	4.999866e+00	4.983538e+02
1.431831071997346e-04	6.781196e-01	4.999866e+00	4.983538e+02
1.534231071997293e-04	6.781196e-01	4.999866e+00	4.983538e+02
1.636631071997240e-04	6.781196e-01	4.999866e+00	4.983538e+02
1.739031071997187e-04	6.781196e-01	4.999866e+00	4.983538e+02
1.841431071997134e-04	6.781196e-01	4.999866e+00	4.983538e+02
1.943831071997081e-04	6.781196e-01	4.999866e+00	4.983538e+02
2.046231071997028e-04	6.781196e-01	4.999866e+00	4.983538e+02
2.148631071996975e-04	6.781196e-01	4.999866e+00	4.983538e+02
2.251031071996922e-04	6.781196e-01	4.999866e+00	4.983538e+02
2.353431071996869e-04	6.781196e-01	4.999866e+00	4.983538e+02
2.455831071996817e-04	6.781196e-01	4.999866e+00	4.983538e+02
2.558231071996763e-04	6.781196e-01	4.999866e+00	4.983538e+02
2.660631071996710e-04	6.781196e-01	4.999866e+00	4.983538e+02
2.763031071996657e-04	6.781196e-01	4.999866e+00	4.983538e+02
2.865431071996604e-04	6.781196e-01	4.999866e+00	4.983538e+02
2.967831071996551e-04	6.781196e-01	4.999866e+00	4.983538e+02
3.070231071996498e-04	6.781196e-01	4.999866e+00	4.983538e+02
3.172631071996445e-04	6.781196e-01	4.999866e+00	4.983538e+02
3.275031071996392e-04	6.781196e-01	4.999866e+00	4.983538e+02
3.377431071996339e-04	6.781196e-01	4.999866e+00	4.983538e+02
3.479831071996286e-04	6.781196e-01	4.999866e+00	4.983538e+02
3.582231071996233e-04	6.781196e-01	4.999866e+00	4.983538e+02
3.684631071996180e-04	6.781196e-01	4.999866e+00	4.983538e+02
3.787031071996127e-04	6.781196e-01	4.999866e+00	4.983538e+02
3.889431071996074e-04	6.781196e-01	4.999866e+00	4.983538e+02
3.991831071996021e-04	6.781196e-01	4.999866e+00	4.983538e+02
4.094231071995968e-04	6.781196e-01	4.999866e+00	4.983538e+02
4.196631071995915e-04	6.781196e-01	4.999866e+00	4.983538e+02
4.299031071995862e-04	6.781196e-01	4.999866e+00	4.983538e+02
4.401431071995809e-04	6.781196e-01	4.999866e+00	4.983538e+02
4.503831071995756e-04	6.781196e-01	4.999866e+00	4.983538e+02
4.606231071995703e-04	6.781196e-01	4.999866e+00	4.983538e+02
4.708631071995650e-04	6.781196e-01	4.999866e+00	4.983538e+02
4.811031071995597e-04	6.781196e-01	4.999866e+00	4.983538e+02
4.913431071995710e-04	6.781196e-01	4.999866e+00	4.983538e+02
5.000000000000004e-04	6.781196e-01	4.999866e+00	4.983538e+02
5.000010000000000e-04	6.714035e-01	4.999866e+00	4.776318e+02
5.000035226667144e-04	5.646489e-01	4.999866e+00	3.838602e+02
5.000053804492243e-04	4.046351e-01	4.999866e+00	3.274955e+02
5.000074500409414e-04	1.713697e-01	4.999866e+00	2.749261e+02
5.000093031420693e-04	-6.788423e-02	4.999866e+00	2.355547e+02
5.000103718132458e-04	-1.923037e-01	4.999866e+00	2.157002e+02
5.000111307486936e-04	-2.350875e-01	4.999866e+00	2.027195e+02
5.000120762048782e-04	-2.405851e-01	4.999866e+00	1.877334e+02
5.000126950009478e-04	-2.403274e-01	4.999866e+00	1.785930e+02
5.000135976503785e-04	-2.413027e-01	4.999866e+00	1.661301e+02
5.000153452225493e-04	-2.426029e-01	4.999866e+00	1.446409e+02
5.000184115382800e-04	-2.438037e-01	4.999866e+00	1.140055e+02
5.000245441697414e-04	-2.436403e-01	4.999866e+00	7.214636e+01
5.000305622548157e-04	-2.412976e-01	4.999866e+00	4.805674e+01
5.000368205912814e-04	-2.376696e-01	4.999866e+00	3.305322e+01
5.000426010889037e-04	-2.337358e-01	4.999866e+00	2.448544e+01
5.000493280132174e-04	-2.287506e-01	4.999866e+00	1.810596e+01
5.000563404821271e-04	-2.232720e-01	4.999866e+00	1.385353e+01
5.000645852534392e-04	-2.166276e-01	4.999866e+00	1.057073e+01
5.000734669724117e-04	-2.093505e-01	4.999866e+00	8.193848e+00
5.000834669724117e-04	-2.010969e-01	4.999866e+00	6.314456e+00
5.000934669724118e-04	-1.928416e-01	4.999866e+00	4.942401e+00
5.001034669724118e-04	-1.846161e-01	4.999866e+00	3.899312e+00
5.001134669724119e-04	-1.764366e-01	4.999866e+00	3.089921e+00
5.001234669724119e-04	-1.683166e-01	4.999866e+00	2.455635e+00
5.001334669724120e-04	-1.602666e-01	4.999866e+00	1.956251e+00
5.001434669724120e-04	-1.522989e-01	4.999866e+00	1.562220e+00
5.001534669724121e-04	-1.444270e-01	4.999866e+00	1.251001e+00
5.001634669724121e-04	-1.366652e-01	4.999866e+00	1.005074e+00
5.001734669724122e-04	-1.290309e-01	4.999866e+00	8.106965e-01
5.001834669724122e-04	-1.215402e-01	4.999866e+00	6.570466e-01
5.001934669724122e-04	-1.142127e-01	4.999866e+00	5.355830e-01
5.002034669724123e-04	-1.070648e-01	4.999866e+00	4.395594e-01
5.002134669724123e-04	-1.001155e-01	4.999866e+00	3.636447e-01
5.002234669724124e-04	-9.337900e-02	4.999866e+00	3.036250e-01
5.002334669724124e-04	-8.687103e-02	4.999866e+00	2.561699e-01
5.002434669724125e-04	-8.060142e-02	4.999866e+00	2.186466e-01
5.002534669724125e-04	-7.458050e-02	4.999866e+00	1.889740e-01
5.002634669724126e-04	-6.881229e-02	4.999866e+00	1.655072e-01
5.002734669724126e-04	-6.330110e-02	4.999866e+00	1.469458e-01
5.002834669724127e-04	-5.804503e-02	4.999866e+00	1.322621e-01
5.002934669724127e-04	-5.304284e-02	4.999866e+00	1.206437e-01
5.003034669724128e-04	-4.828763e-02	4.999866e+00	1.114487e-01
5.003134669724128e-04	-4.377389e-02	4.999866e+00	1.041696e-01
5.003234669724129e-04	-3.949121e-02	4.999866e+00	9.840532e-02
5.003334669724129e-04	-3.543127e-02	4.999866e+00	9.383886e-02
5.003434669724130e-04	-3.158168e-02	4.999866e+00	9.021969e-02
5.003534669724130e-04	-2.793290e-02	4.999866e+00	8.734984e-02
5.003634669724131e-04	-2.447177e-02	4.999866e+00	8.507277e-02
5.003734669724131e-04	-2.118848e-02	4.999866e+00	8.326479e-02
5.003834669724132e-04	-1.807006e-02	4.999866e+00	8.182811e-02
5.003934669724132e-04	-1.510719e-02	4.999866e+00	8.068541e-02
5.004034669724133e-04	-1.228768e-02	4.999866e+00	7.977556e-02
5.004134669724133e-04	-9.603136e-03	4.999866e+00	7.905024e-02
5.004234669724134e-04	-7.042444e-03	4.999866e+00	7.847119e-02
5.004334669724134e-04	-4.598324e-03	4.999866e+00	7.800818e-02
5.004434669724135e-04	-2.260837e-03	4.999866e+00	7.763728e-02
5.004534669724135e-04	-2.386046e-05	4.999866e+00	7.733953e-02
5.004634669724136e-04	2.121389e-03	4.999866e+00	7.709995e-02
5.004734669724136e-04	4.179938e-03	4.999866e+00	7.690664e-02
5.004834669724137e-04	6.159502e-03	4.999866e+00	7.675020e-02
5.004934669724137e-04	8.064115e-03	4.999866e+00	7.662315e-02
5.005034669724138e-04	9.900547e-03	4.999866e+00	7.651959e-02
5.005134669724138e-04	1.167196e-02	4.999866e+00	7.643480e-02
5.005234669724139e-04	1.338431e-02	4.999866e+00	7.636506e-02
5.005334669724139e-04	1.504002e-02	4.999866e+00	7.630740e-02
5.005434669724140e-04	1.664434e-02	4.999866e+00	7.625946e-02
5.005534669724140e-04	1.819908e-02	4.999866e+00	7.621935e-02
5.005634669724141e-04	1.970889e-02	4.999866e+00	7.618559e-02
5.005734669724141e-04	2.117506e-02	4.999866e+00	7.615697e-02
5.005834669724142e-04	2.260177e-02	4.999866e+00	7.613253e-02
5.005934669724142e-04	2.398986e-02	4.999866e+00	7.611152e-02
5.006034669724143e-04	2.534311e-02	4.999866e+00	7.609331e-02
5.006134669724143e-04	2.666200e-02	4.999866e+00	7.607741e-02
5.006234669724144e-04	2.794997e-02	4.999866e+00	7.606342e-02
5.006334669724144e-04	2.920721e-02	4.999866e+00	7.605103e-02
5.006434669724145e-04	3.043688e-02	4.999866e+00	7.603997e-02
5.006534669724145e-04	3.163894e-02	4.999866e+00	7.603003e-02
5.006634669724146e-04	3.281628e-02	4.999866e+00	7.602104e-02
5.006734669724146e-04	3.396867e-02	4.999866e+00	7.601286e-02
5.006834669724147e-04	3.509882e-02	4.999866e+00	7.600537e-02
5.006934669724147e-04	3.620634e-02	4.999866e+00	7.599849e-02
5.007034669724148e-04	3.729376e-02	4.999866e+00	7.599212e-02
5.007134669724148e-04	3.836054e-02	4.999866e+00	7.598621e-02
5.007234669724148e-04	3.940909e-02	4.999866e+00	7.598070e-02
5.007334669724149e-04	4.043874e-02	4.999866e+00	7.597554e-02
5.007434669724149e-04	4.145179e-02	4.999866e+00	7.597070e-02
5.007534669724150e-04	4.244749e-02	4.999866e+00	7.596615e-02
5.007634669724150e-04	4.342802e-02	4.999866e+00	7.596184e-02
5.007734669724151e-04	4.439254e-02	4.999866e+00	7.595778e-02
5.007834669724151e-04	4.534316e-02	4.999866e+00	7.595392e-02
5.007934669724152e-04	4.627898e-02	4.999866e+00	7.595025e-02
5.008034669724152e-04	4.720201e-02	4.999866e+00	7.594676e-02
5.008134669724153e-04	4.811129e-02	4.999866e+00	7.594343e-02
5.008234669724153e-04	4.900880e-02	4.999866e+00	7.594025e-02
5.008334669724154e-04	4.989351e-02	4.999866e+00	7.593721e-02
5.008434669724154e-04	5.076734e-02	4.999866e+00	7.593430e-02
5.008534669724155e-04	5.162922e-02	4.999866e+00	7.593151e-02
5.008634669724155e-04	5.248103e-02	4.999866e+00	7.592884e-02
5.008734669724156e-04	5.332165e-02	4.999866e+00	7.592627e-02
5.008834669724156e-04	5.415291e-02	4.999866e+00	7.592379e-02
5.008934669724157e-04	5.497370e-02	4.999866e+00	7.592142e-02
5.009034669724157e-04	5.578577e-02	4.999866e+00	7.591913e-02
5.009134669724158e-04	5.658799e-02	4.999866e+00	7.591692e-02
5.009234669724158e-04	5.738210e-02	4.999866e+00	7.591479e-02
5.009334669724159e-04	5.816692e-02	4.999866e+00	7.591274e-02
5.009434669724159e-04	5.894416e-02	4.999866e+00	7.591075e-02
5.009534669724160e-04	5.971264e-02	4.999866e+00	7.590884e-02
5.009634669724160e-04	6.047403e-02	4.999866e+00	7.590698e-02
5.009734669724161e-04	6.122713e-02	4.999866e+00	7.590520e-02
5.009834669724161e-04	6.197360e-02	4.999866e+00	7.590346e-02
5.009934669724162e-04	6.271221e-02	4.999866e+00	7.590178e-02
5.010034669724162e-04	6.344459e-02	4.999866e+00	7.590014e-02
5.010134669724163e-04	6.416953e-02	4.999866e+00	7.589857e-02
5.010234669724163e-04	6.488860e-02	4.999866e+00	7.589704e-02
5.010334669724164e-04	6.560060e-02	4.999866e+00	7.589555e-02
5.010434669724164e-04	6.630710e-02	4.999866e+00	7.589411e-02
5.010534669724165e-04	6.700685e-02	4.999866e+00	7.589271e-02
5.010634669724165e-04	6.770142e-02	4.999866e+00	7.589135e-02
5.010734669724166e-04	6.838956e-02	4.999866e+00	7.589002e-02
5.010834669724166e-04	6.907282e-02	4.999866e+00	7.588874e-02
5.010934669724167e-04	6.974994e-02	4.999866e+00	7.588749e-02
5.011034669724167e-04	7.042245e-02	4.999866e+00	7.588626e-02
5.011134669724168e-04	7.108909e-02	4.999866e+00	7.588508e-02
5.011234669724168e-04	7.175138e-02	4.999866e+00	7.588392e-02
5.011334669724169e-04	7.240805e-02	4.999866e+00	7.588280e-02
5.011434669724169e-04	7.306061e-02	4.999866e+00	7.588170e-02
5.011534669724170e-04	7.370778e-02	4.999866e+00	7.588064e-02
5.011634669724170e-04	7.435106e-02	4.999866e+00	7.587960e-02
5.011734669724171e-04	7.498917e-02	4.999866e+00	7.587858e-02
5.011834669724171e-04	7.562359e-02	4.999866e+00	7.587759e-02
5.011934669724172e-04	7.625306e-02	4.999866e+00	7.587662e-02
5.012034669724172e-04	7.687902e-02	4.999866e+00	7.587568e-02
5.012134669724173e-04	7.750022e-02	4.999866e+00	7.587476e-02
5.012234669724173e-04	7.811810e-02	4.999866e+00	7.587386e-02
5.012334669724173e-04	7.873139e-02	4.999866e+00	7.587298e-02
5.012434669724174e-04	7.934153e-02	4.999866e+00	7.587212e-02
5.012534669724174e-04	7.994726e-02	4.999866e+00	7.587128e-02
5.012634669724175e-04	8.054999e-02	4.999866e+00	7.587045e-02
5.012734669724175e-04	8.114845e-02	4.999866e+00	7.586966e-02
5.012834669724176e-04	8.174407e-02	4.999866e+00	7.586887e-02
5.012934669724176e-04	8.233558e-02	4.999866e+00	7.586810e-02
5.013034669724177e-04	8.292440e-02	4.999866e+00	7.586735e-02
5.013134669724177e-04	8.350922e-02	4.999866e+00	7.586661e-02
5.013234669724178e-04	8.409148e-02	4.999866e+00	7.586589e-02
5.013334669724178e-04	8.466990e-02	4.999866e+00	7.586519e-02
5.013434669724179e-04	8.524588e-02	4.999866e+00	7.586449e-02
5.013534669724179e-04	8.581813e-02	4.999866e+00	7.586382e-02
5.013634669724180e-04	8.638805e-02	4.999866e+00	7.586315e-02
5.013734669724180e-04	8.695438e-02	4.999866e+00	7.586250e-02
5.013834669724181e-04	8.751848e-02	4.999866e+00	7.586187e-02
5.013934669724181e-04	8.807909e-02	4.999866e+00	7.586125e-02
5.014034669724182e-04	8.863759e-02	4.999866e+00	7.586063e-02
5.014134669724182e-04	8.919270e-02	4.999866e+00	7.586003e-02
5.014234669724183e-04	8.974580e-02	4.999866e+00	7.585944e-02
5.014334669724183e-04	9.029561e-02	4.999866e+00	7.585886e-02
5.014434669724184e-04	9.084350e-02	4.999866e+00	7.585829e-02
5.014534669724184e-04	9.138820e-02	4.999866e+00	7.585774e-02
5.014634669724185e-04	9.193107e-02	4.999866e+00	7.585719e-02
5.014734669724185e-04	9.247083e-02	4.999866e+00	7.585666e-02
5.014834669724186e-04	9.300885e-02	4.999866e+00	7.585613e-02
5.014934669724186e-04	9.354385e-02	4.999866e+00	7.585561e-02
5.015034669724187e-04	9.407718e-02	4.999866e+00	7.585511e-02
5.015134669724187e-04	9.460758e-02	4.999866e+00	7.585461e-02
5.015234669724188e-04	9.513638e-02	4.999866e+00	7.585412e-02
5.015334669724188e-04	9.566233e-02	4.999866e+00	7.585363e-02
5.015434669724189e-04	9.618675e-02	4.999866e+00	7.585316e-02
5.015534669724189e-04	9.670840e-02	4.999866e+00	7.585270e-02
5.015634669724190e-04	9.722859e-02	4.999866e+00	7.585224e-02
5.015734669724190e-04	9.774607e-02	4.999866e+00	7.585179e-02
5.015834669724191e-04	9.826215e-02	4.999866e+00	7.585134e-02
5.015934669724191e-04	9.877560e-02	4.999866e+00	7.585091e-02
5.016034669724192e-04	9.928771e-02	4.999866e+00	7.585049e-02
5.016134669724192e-04	9.979726e-02	4.999866e+00	7.585006e-02
5.016234669724193e-04	1.003055e-01	4.999866e+00	7.584965e-02
5.016334669724193e-04	1.008113e-01	4.999866e+00	7.584924e-02
5.016434669724194e-04	1.013158e-01	4.999866e+00	7.584884e-02
5.016534669724194e-04	1.018179e-01	4.999866e+00	7.584845e-02
5.016634669724195e-04	1.023188e-01	4.999866e+00	7.584806e-02
5.016734669724195e-04	1.028173e-01	4.999866e+00	7.584768e-02
5.016834669724196e-04	1.033147e-01	4.999866e+00	7.584730e-02
5.016934669724196e-04	1.038098e-01	4.999866e+00	7.584693e-02
5.017034669724197e-04	1.043038e-01	4.999866e+00	7.584657e-02
5.017134669724197e-04	1.047955e-01	4.999866e+00	7.584620e-02
5.017234669724198e-04	1.052862e-01	4.999866e+00	7.584585e-02
5.017334669724198e-04	1.057747e-01	4.999866e+00	7.584550e-02
5.017434669724198e-04	1.062621e-01	4.999866e+00	7.584516e-02
5.017534669724199e-04	1.067474e-01	4.999866e+00	7.584482e-02
5.017634669724199e-04	1.072318e-01	4.999866e+00	7.584449e-02
5.017734669724200e-04	1.077140e-01	4.999866e+00	7.584416e-02
5.017834669724200e-04	1.081953e-01	4.999866e+00	7.584383e-02
5.017934669724201e-04	1.086745e-01	4.999866e+00	7.584351e-02
5.018034669724201e-04	1.091529e-01	4.999866e+00	7.584320e-02
5.018134669724202e-04	1.096292e-01	4.999866e+00	7.584289e-02
5.018234669724202e-04	1.101047e-01	4.999866e+00	7.584258e-02
5.018334669724203e-04	1.105781e-01	4.999866e+00	7.584228e-02
5.018434669724203e-04	1.110508e-01	4.999866e+00	7.584199e-02
5.018534669724204e-04	1.115215e-01	4.999866e+00	7.584170e-02
5.018634669724204e-04	1.119915e-01	4.999866e+00	7.584140e-02
5.018734669724205e-04	1.124595e-01	4.999866e+00	7.584111e-02
5.018834669724205e-04	1.129268e-01	4.999866e+00	7.584083e-02
5.018934669724206e-04	1.133922e-01	4.999866e+00	7.584056e-02
5.019034669724206e-04	1.138569e-01	4.999866e+00	7.584028e-02
5.019134669724207e-04	1.143197e-01	4.999866e+00	7.584001e-02
5.019234669724207e-04	1.147819e-01	4.999866e+00	7.583974e-02
5.019334669724208e-04	1.152423e-01	4.999866e+00	7.583948e-02
5.019434669724208e-04	1.157020e-01	4.999866e+00	7.583922e-02
5.019534669724209e-04	1.161599e-01	4.999866e+00	7.583896e-02
5.019634669724209e-04	1.166173e-01	4.999866e+00	7.583871e-02
5.019734669724210e-04	1.170728e-01	4.999866e+00	7.583846e-02
5.019834669724210e-04	1.175278e-01	4.999866e+00	7.583821e-02
5.019934669724211e-04	1.179811e-01	4.999866e+00	7.583796e-02
5.020010000000001e-04	1.183223e-01	4.999866e+00	7.583778e-02
5.020013333333334e-04	1.183372e-01	4.999866e+00	7.583778e-02
5.020020000000001e-04	1.183678e-01	4.999866e+00	7.803279e-02
5.020033333333334e-04	1.184333e-01	4.999866e+00	8.678807e-02
5.020048171475321e-04	1.185140e-01	4.999866e+00	9.647437e-02
5.020066319328571e-04	1.186235e-01	4.999866e+00	1.082432e-01
5.020102615035072e-04	1.188755e-01	4.999866e+00	1.315421e-01
5.020175206448075e-04	1.194948e-01	4.999866e+00	1.773011e-01
5.020275206448076e-04	1.205545e-01	4.999866e+00	2.388303e-01
5.020375206448076e-04	1.217989e-01	4.999866e+00	2.990041e-01
5.020475206448077e-04	1.231789e-01	4.999866e+00	3.581739e-01
5.020575206448077e-04	1.246583e-01	4.999866e+00	4.165995e-01
5.020675206448078e-04	1.262104e-01	4.999866e+00	4.744729e-01
5.020775206448078e-04	1.278154e-01	4.999866e+00	5.319363e-01
5.020875206448079e-04	1.294588e-01	4.999866e+00	5.890946e-01
5.020975206448079e-04	1.311297e-01	4.999866e+00	6.460257e-01
5.021075206448080e-04	1.328202e-01	4.999866e+00	7.027869e-01
5.021175206448080e-04	1.345247e-01	4.999866e+00	7.594208e-01
5.021275206448081e-04	1.362386e-01	4.999866e+00	8.159587e-01
5.021375206448081e-04	1.379590e-01	4.999866e+00	8.724239e-01
5.021475206448082e-04	1.396834e-01	4.999866e+00	9.288335e-01
5.021575206448082e-04	1.414102e-01	4.999866e+00	9.852004e-01
5.021675206448083e-04	1.431382e-01	4.999866e+00	1.041534e+00
5.021775206448083e-04	1.448665e-01	4.999866e+00	1.097841e+00
5.021875206448084e-04	1.465944e-01	4.999866e+00	1.154127e+00
5.021975206448084e-04	1.483216e-01	4.999866e+00	1.210395e+00
5.022075206448085e-04	1.500475e-01	4.999866e+00	1.266648e+00
5.022175206448085e-04	1.517722e-01	4.999866e+00	1.322889e+00
5.022275206448086e-04	1.534953e-01	4.999866e+00	1.379119e+00
5.022375206448086e-04	1.552168e-01	4.999866e+00	1.435339e+00
5.022475206448087e-04	1.569366e-01	4.999866e+00	1.491550e+00
5.022575206448087e-04	1.586547e-01	4.999866e+00	1.547753e+00
5.022675206448088e-04	1.603711e-01	4.999866e+00	1.603947e+00
5.022775206448088e-04	1.620858e-01	4.999866e+00	1.660134e+00
5.022875206448089e-04	1.637988e-01	4.999866e+00	1.716314e+00
5.022975206448089e-04	1.655101e-01	4.999866e+00	1.772487e+00
5.023075206448090e-04	1.672197e-01	4.999866e+00	1.828652e+00
5.023175206448090e-04	1.689277e-01	4.999866e+00	1.884811e+00
5.023275206448091e-04	1.706341e-01	4.999866e+00	1.940963e+00
5.023375206448091e-04	1.723390e-01	4.999866e+00	1.997108e+00
5.023475206448092e-04	1.740422e-01	4.999866e+00	2.053246e+00
5.023575206448092e-04	1.757440e-01	4.999866e+00	2.109378e+00
5.023675206448093e-04	1.774442e-01	4.999866e+00	2.165503e+00
5.023775206448093e-04	1.791430e-01	4.999866e+00	2.221622e+00
5.023875206448094e-04	1.808403e-01	4.999866e+00	2.277734e+00
5.023975206448094e-04	1.825362e-01	4.999866e+00	2.333839e+00
5.024075206448095e-04	1.842307e-01	4.999866e+00	2.389938e+00
5.024175206448095e-04	1.859238e-01	4.999866e+00	2.446030e+00
5.024275206448096e-04	1.876156e-01	4.999866e+00	2.502116e+00
5.024375206448096e-04	1.893061e-01	4.999866e+00	2.558196e+00
5.024475206448097e-04	1.909952e-01	4.999866e+00	2.614268e+00
5.024575206448097e-04	1.926831e-01	4.999866e+00	2.670334e+00
5.024675206448097e-04	1.943697e-01	4.999866e+00	2.726394e+00
5.024775206448098e-04	1.960550e-01	4.999866e+00	2.782447e+00
5.024875206448098e-04	1.977391e-01	4.999866e+00	2.838494e+00
5.024975206448099e-04	1.994220e-01	4.999866e+00	2.894534e+00
5.025075206448099e-04	2.011037e-01	4.999866e+00	2.950568e+00
5.025175206448100e-04	2.027842e-01	4.999866e+00	3.006595e+00
5.025275206448100e-04	2.044635e-01	4.999866e+00	3.062616e+00
5.025375206448101e-04	2.061416e-01	4.999866e+00	3.118630e+00
5.025475206448101e-04	2.078186e-01	4.999866e+00	3.174638e+00
5.025575206448102e-04	2.094945e-01	4.999866e+00	3.230639e+00
5.025675206448102e-04	2.111692e-01	4.999866e+00	3.286633e+00
5.025775206448103e-04	2.128428e-01	4.999866e+00	3.342622e+00
5.025875206448103e-04	2.145153e-01	4.999866e+00	3.398603e+00
5.025975206448104e-04	2.161867e-01	4.999866e+00	3.454579e+00
5.026075206448104e-04	2.178569e-01	4.999866e+00	3.510548e+00
5.026175206448105e-04	2.195262e-01	4.999866e+00	3.566510e+00
5.026275206448105e-04	2.211943e-01	4.999866e+00	3.622466e+00
5.026375206448106e-04	2.228614e-01	4.999866e+00	3.678416e+00
5.026475206448106e-04	2.245274e-01	4.999866e+00	3.734359e+00
5.026575206448107e-04	2.261923e-01	4.999866e+00	3.790295e+00
5.026675206448107e-04	2.278562e-01	4.999866e+00	3.846225e+00
5.026775206448108e-04	2.295191e-01	4.999866e+00	3.902149e+00
5.026875206448108e-04	2.311809e-01	4.999866e+00	3.958066e+00
5.026975206448109e-04	2.328417e-01	4.999866e+00	4.013977e+00
5.027075206448109e-04	2.345015e-01	4.999866e+00	4.069881e+00
5.027175206448110e-04	2.361602e-01	4.999866e+00	4.125779e+00
5.027275206448110e-04	2.378180e-01	4.999866e+00	4.181670e+00
5.027375206448111e-04	2.394747e-01	4.999866e+00	4.237555e+00
5.027475206448111e-04	2.411304e-01	4.999866e+00	4.293434e+00
5.027575206448112e-04	2.427851e-01	4.999866e+00	4.349306e+00
5.027675206448112e-04	2.444388e-01	4.999866e+00	4.405171e+00
5.027775206448113e-04	2.460916e-01	4.999866e+00	4.461030e+00
5.027875206448113e-04	2.477433e-01	4.999866e+00	4.516883e+00
5.027975206448114e-04	2.493940e-01	4.999866e+00	4.572729e+00
5.028075206448114e-04	2.510438e-01	4.999866e+00	4.628569e+00
5.028175206448115e-04	2.526926e-01	4.999866e+00	4.684402e+00
5.028275206448115e-04	2.543404e-01	4.999866e+00	4.740230e+00
5.028375206448116e-04	2.559872e-01	4.999866e+00	4.796050e+00
5.028475206448116e-04	2.576330e-01	4.999866e+00	4.851864e+00
5.028575206448117e-04	2.592779e-01	4.999866e+00	4.907672e+00
5.028675206448117e-04	2.609217e-01	4.999866e+00	4.963473e+00
5.028775206448118e-04	2.625647e-01	4.999866e+00	5.019268e+00
5.028875206448118e-04	2.642066e-01	4.999866e+00	5.075057e+00
5.028975206448119e-04	2.658476e-01	4.999866e+00	5.130838e+00
5.029075206448119e-04	2.674876e-01	4.999866e+00	5.186614e+00
5.029175206448120e-04	2.691267e-01	4.999866e+00	5.242383e+00
5.029275206448120e-04	2.707648e-01	4.999866e+00	5.298146e+00
5.029375206448121e-04	2.724019e-01	4.999866e+00	5.353902e+00
5.029475206448121e-04	2.740381e-01	4.999866e+00	5.409652e+00
5.029575206448122e-04	2.756733e-01	4.999866e+00	5.465395e+00
5.029675206448122e-04	2.773075e-01	4.999866e+00	5.521132e+00
5.029775206448122e-04	2.789408e-01	4.999866e+00	5.576863e+00
5.029875206448123e-04	2.805732e-01	4.999866e+00	5.632587e+00
5.029975206448123e-04	2.822046e-01	4.999866e+00	5.688305e+00
5.030075206448124e-04	2.838350e-01	4.999866e+00	5.744017e+00
5.030175206448124e-04	2.854645e-01	4.999866e+00	5.799721e+00
5.030275206448125e-04	2.870930e-01	4.999866e+00	5.855420e+00
5.030375206448125e-04	2.887206e-01	4.999866e+00	5.911112e+00
5.030475206448126e-04	2.903472e-01	4.999866e+00	5.966798e+00
5.030575206448126e-04	2.919729e-01	4.999866e+00	6.022477e+00
5.030675206448127e-04	2.935976e-01	4.999866e+00	6.078150e+00
5.030775206448127e-04	2.952214e-01	4.999866e+00	6.133817e+00
5.030875206448128e-04	2.968442e-01	4.999866e+00	6.189476e+00
5.030975206448128e-04	2.984660e-01	4.999866e+00	6.245130e+00
5.031075206448129e-04	3.000869e-01	4.999866e+00	6.300777e+00
5.031175206448129e-04	3.017069e-01	4.999866e+00	6.356419e+00
5.031275206448130e-04	3.033259e-01	4.999866e+00	6.412053e+00
5.031375206448130e-04	3.049440e-01	4.999866e+00	6.467681e+00
5.031475206448131e-04	3.065611e-01	4.999866e+00	6.523303e+00
5.031575206448131e-04	3.081773e-01	4.999866e+00	6.578918e+00
5.031675206448132e-04	3.097925e-01	4.999866e+00	6.634527e+00
5.031775206448132e-04	3.114067e-01	4.999866e+00	6.690129e+00
5.031875206448133e-04	3.130201e-01	4.999866e+00	6.745725e+00
5.031975206448133e-04	3.146324e-01	4.999866e+00	6.801315e+00
5.032075206448134e-04	3.162438e-01	4.999866e+00	6.856898e+00
5.032175206448134e-04	3.178543e-01	4.999866e+00	6.912475e+00
5.032275206448135e-04	3.194638e-01	4.999866e+00	6.968045e+00
5.032375206448135e-04	3.210724e-01	4.999866e+00	7.023609e+00
5.032475206448136e-04	3.226800e-01	4.999866e+00	7.079167e+00
5.032575206448136e-04	3.242866e-01	4.999866e+00	7.134718e+00
5.032675206448137e-04	3.258924e-01	4.999866e+00	7.190263e+00
5.032775206448137e-04	3.274971e-01	4.999866e+00	7.245801e+00
5.032875206448138e-04	3.291009e-01	4.999866e+00	7.301333e+00
5.032975206448138e-04	3.307038e-01	4.999866e+00	7.356859e+00
5.033075206448139e-04	3.323057e-01	4.999866e+00	7.412378e+00
5.033175206448139e-04	3.339067e-01	4.999866e+00	7.467891e+00
5.033275206448140e-04	3.355066e-01	4.999866e+00	7.523398e+00
5.033375206448140e-04	3.371057e-01	4.999866e+00	7.578898e+00
5.033475206448141e-04	3.387038e-01	4.999866e+00	7.634392e+00
5.033575206448141e-04	3.403009e-01	4.999866e+00	7.689879e+00
5.033675206448142e-04	3.418971e-01	4.999866e+00	7.745360e+00
5.033775206448142e-04	3.434924e-01	4.999866e+00	7.800835e+00
5.033875206448143e-04	3.450866e-01	4.999866e+00	7.856303e+00
5.033975206448143e-04	3.466800e-01	4.999866e+00	7.911765e+00
5.034075206448144e-04	3.482723e-01	4.999866e+00	7.967220e+00
5.034175206448144e-04	3.498637e-01	4.999866e+00	8.022669e+00
5.034275206448145e-04	3.514542e-01	4.999866e+00	8.078112e+00
5.034375206448145e-04	3.530437e-01	4.999866e+00	8.133548e+00
5.034475206448146e-04	3.546322e-01	4.999866e+00	8.188977e+00
5.034575206448146e-04	3.562198e-01	4.999866e+00	8.244401e+00
5.034675206448147e-04	3.578064e-01	4.999866e+00	8.299818e+00
5.034775206448147e-04	3.593921e-01	4.999866e+00	8.355228e+00
5.034875206448147e-04	3.609768e-01	4.999866e+00	8.410633e+00
5.034975206448148e-04	3.625606e-01	4.999866e+00	8.466031e+00
5.035075206448148e-04	3.641434e-01	4.999866e+00	8.521422e+00
5.035175206448149e-04	3.657252e-01	4.999866e+00	8.576808e+00
5.035275206448149e-04	3.673061e-01	4.999866e+00	8.632187e+00
5.035375206448150e-04	3.688861e-01	4.999866e+00	8.687559e+00
5.035475206448150e-04	3.704650e-01	4.999866e+00	8.742925e+00
5.035575206448151e-04	3.720430e-01	4.999866e+00	8.798285e+00
5.035675206448151e-04	3.736200e-01	4.999866e+00	8.853638e+00
5.035775206448152e-04	3.751961e-01	4.999866e+00	8.908985e+00
5.035875206448152e-04	3.767712e-01	4.999866e+00	8.964326e+00
5.035975206448153e-04	3.783454e-01	4.999866e+00	9.019660e+00
5.036075206448153e-04	3.799186e-01	4.999866e+00	9.074987e+00
5.036175206448154e-04	3.814908e-01	4.999866e+00	9.130309e+00
5.036275206448154e-04	3.830621e-01	4.999866e+00	9.185624e+00
5.036375206448155e-04	3.846323e-01	4.999866e+00	9.240932e+00
5.036475206448155e-04	3.862017e-01	4.999866e+00	9.296235e+00
5.036575206448156e-04	3.877701e-01	4.999866e+00	9.351531e+00
5.036675206448156e-04	3.893375e-01	4.999866e+00	9.406820e+00
5.036775206448157e-04	3.909039e-01	4.999866e+00	9.462104e+00
5.036875206448157e-04	3.924694e-01	4.999866e+00	9.517381e+00
5.036975206448158e-04	3.940339e-01	4.999866e+00	9.572651e+00
5.037075206448158e-04	3.955974e-01	4.999866e+00	9.627915e+00
5.037175206448159e-04	3.971600e-01	4.999866e+00	9.683173e+00
5.037275206448159e-04	3.987216e-01	4.999866e+00	9.738424e+00
5.037375206448160e-04	4.002822e-01	4.999866e+00	9.793670e+00
5.037475206448160e-04	4.018419e-01	4.999866e+00	9.848908e+00
5.037575206448161e-04	4.034006e-01	4.999866e+00	9.904140e+00
5.037675206448161e-04	4.049583e-01	4.999866e+00	9.959367e+00
5.037775206448162e-04	4.065151e-01	4.999866e+00	1.001459e+01
5.037875206448162e-04	4.080709e-01	4.999866e+00	1.006980e+01
5.037975206448163e-04	4.096257e-01	4.999866e+00	1.012501e+01
5.038075206448163e-04	4.111795e-01	4.999866e+00	1.018021e+01
5.038175206448164e-04	4.127324e-01	4.999866e+00	1.023540e+01
5.038275206448164e-04	4.142843e-01	4.999866e+00	1.029059e+01
5.038375206448165e-04	4.158353e-01	4.999866e+00	1.034577e+01
5.038475206448165e-04	4.173852e-01	4.999866e+00	1.040094e+01
5.038575206448166e-04	4.189342e-01	4.999866e+00	1.045611e+01
5.038675206448166e-04	4.204822e-01	4.999866e+00	1.051128e+01
5.038775206448167e-04	4.220293e-01	4.999866e+00	1.056643e+01
5.038875206448167e-04	4.235753e-01	4.999866e+00	1.062158e+01
5.038975206448168e-04	4.251204e-01	4.999866e+00	1.067673e+01
5.039075206448168e-04	4.266646e-01	4.999866e+00	1.073186e+01
5.039175206448169e-04	4.282077e-01	4.999866e+00	1.078699e+01
5.039275206448169e-04	4.297499e-01	4.999866e+00	1.084212e+01
5.039375206448170e-04	4.312911e-01	4.999866e+00	1.089723e+01
5.039475206448170e-04	4.328313e-01	4.999866e+00	1.095235e+01
5.039575206448171e-04	4.343706e-01	4.999866e+00	1.100745e+01
5.039675206448171e-04	4.359088e-01	4.999866e+00	1.106255e+01
5.039775206448172e-04	4.374461e-01	4.999866e+00	1.111764e+01
5.039875206448172e-04	4.389824e-01	4.999866e+00	1.117273e+01
5.039975206448173e-04	4.405178e-01	4.999866e+00	1.122781e+01
5.040075206448173e-04	4.420522e-01	4.999866e+00	1.128288e+01
5.040175206448173e-04	4.435855e-01	4.999866e+00	1.133795e+01
5.040275206448174e-04	4.451179e-01	4.999866e+00	1.139301e+01
5.040375206448174e-04	4.466494e-01	4.999866e+00	1.144806e+01
5.040475206448175e-04	4.481798e-01	4.999866e+00	1.150311e+01
5.040575206448175e-04	4.497093e-01	4.999866e+00	1.155815e+01
5.040675206448176e-04	4.512378e-01	4.999866e+00	1.161319e+01
5.040775206448176e-04	4.527653e-01	4.999866e+00	1.166822e+01
5.040875206448177e-04	4.542918e-01	4.999866e+00	1.172324e+01
5.040975206448177e-04	4.558173e-01	4.999866e+00	1.177826e+01
5.041075206448178e-04	4.573419e-01	4.999866e+00	1.183327e+01
5.041175206448178e-04	4.588655e-01	4.999866e+00	1.188827e+01
5.041275206448179e-04	4.603881e-01	4.999866e+00	1.194327e+01
5.041375206448179e-04	4.619097e-01	4.999866e+00	1.199826e+01
5.041475206448180e-04	4.634304e-01	4.999866e+00	1.205324e+01
5.041575206448180e-04	4.649500e-01	4.999866e+00	1.210822e+01
5.041675206448181e-04	4.664687e-01	4.999866e+00	1.216319e+01
5.041775206448181e-04	4.679864e-01	4.999866e+00	1.221816e+01
5.041875206448182e-04	4.695031e-01	4.999866e+00	1.227312e+01
5.041975206448182e-04	4.710189e-01	4.999866e+00	1.232807e+01
5.042075206448183e-04	4.725336e-01	4.999866e+00	1.238302e+01
5.042175206448183e-04	4.740473e-01	4.999866e+00	1.243796e+01
5.042275206448184e-04	4.755601e-01	4.999866e+00	1.249289e+01
5.042375206448184e-04	4.770719e-01	4.999866e+00	1.254782e+01
5.042475206448185e-04	4.785827e-01	4.999866e+00	1.260274e+01
5.042575206448185e-04	4.800926e-01	4.999866e+00	1.265766e+01
5.042675206448186e-04	4.816014e-01	4.999866e+00	1.271257e+01
5.042775206448186e-04	4.831092e-01	4.999866e+00	1.276747e+01
5.042875206448187e-04	4.846161e-01	4.999866e+00	1.282236e+01
5.042975206448187e-04	4.861220e-01	4.999866e+00	1.287725e+01
5.043075206448188e-04	4.876269e-01	4.999866e+00	1.293214e+01
5.043175206448188e-04	4.891308e-01	4.999866e+00	1.298701e+01
5.043275206448189e-04	4.906337e-01	4.999866e+00	1.304189e+01
5.043375206448189e-04	4.921356e-01	4.999866e+00	1.309675e+01
5.043475206448190e-04	4.936366e-01	4.999866e+00	1.315161e+01
5.043575206448190e-04	4.951365e-01	4.999866e+00	1.320646e+01
5.043675206448191e-04	4.966355e-01	4.999866e+00	1.326131e+01
5.043775206448191e-04	4.981335e-01	4.999866e+00	1.331614e+01
5.043875206448192e-04	4.996305e-01	4.999866e+00	1.337098e+01
5.043975206448192e-04	5.011265e-01	4.999866e+00	1.342580e+01
5.044075206448193e-04	5.026215e-01	4.999866e+00	1.348062e+01
5.044175206448193e-04	5.041156e-01	4.999866e+00	1.353544e+01
5.044275206448194e-04	5.056086e-01	4.999866e+00	1.359025e+01
5.044375206448194e-04	5.071006e-01	4.999866e+00	1.364505e+01
5.044475206448195e-04	5.085917e-01	4.999866e+00	1.369984e+01
5.044575206448195e-04	5.100818e-01	4.999866e+00	1.375463e+01
5.044675206448196e-04	5.115709e-01	4.999866e+00	1.380941e+01
5.044775206448196e-04	5.130590e-01	4.999866e+00	1.386419e+01
5.044875206448197e-04	5.145461e-01	4.999866e+00	1.391896e+01
5.044975206448197e-04	5.160322e-01	4.999866e+00	1.397372e+01
5.045075206448198e-04	5.175173e-01	4.999866e+00	1.402848e+01
5.045175206448198e-04	5.190015e-01	4.999866e+00	1.408323e+01
5.045275206448198e-04	5.204846e-01	4.999866e+00	1.413797e+01
5.045375206448199e-04	5.219668e-01	4.999866e+00	1.419271e+01
5.045475206448199e-04	5.234479e-01	4.999866e+00	1.424744e+01
5.045575206448200e-04	5.249281e-01	4.999866e+00	1.430217e+01
5.045675206448200e-04	5.264073e-01	4.999866e+00	1.435689e+01
5.045775206448201e-04	5.278855e-01	4.999866e+00	1.441160e+01
5.045875206448201e-04	5.293627e-01	4.999866e+00	1.446631e+01
5.045975206448202e-04	5.308389e-01	4.999866e+00	1.452101e+01
5.046075206448202e-04	5.323141e-01	4.999866e+00	1.457570e+01
5.046175206448203e-04	5.337883e-01	4.999866e+00	1.463039e+01
5.046275206448203e-04	5.352616e-01	4.999866e+00	1.468507e+01
5.046375206448204e-04	5.367338e-01	4.999866e+00	1.473975e+01
5.046475206448204e-04	5.382050e-01	4.999866e+00	1.479441e+01
5.046575206448205e-04	5.396753e-01	4.999866e+00	1.484908e+01
5.046675206448205e-04	5.411445e-01	4.999866e+00	1.490373e+01
5.046775206448206e-04	5.426128e-01	4.999866e+00	1.495838e+01
5.046875206448206e-04	5.440801e-01	4.999866e+00	1.501303e+01
5.046975206448207e-04	5.455464e-01	4.999866e+00	1.506766e+01
5.047075206448207e-04	5.470117e-01	4.999866e+00	1.512229e+01
5.047175206448208e-04	5.484759e-01	4.999866e+00	1.517692e+01
5.047275206448208e-04	5.499393e-01	4.999866e+00	1.523154e+01
5.047375206448209e-04	5.514016e-01	4.999866e+00	1.528615e+01
5.047475206448209e-04	5.528629e-01	4.999866e+00	1.534075e+01
5.047575206448210e-04	5.543232e-01	4.999866e+00	1.539535e+01
5.047675206448210e-04	5.557825e-01	4.999866e+00	1.544995e+01
5.047775206448211e-04	5.572408e-01	4.999866e+00	1.550453e+01
5.047875206448211e-04	5.586982e-01	4.999866e+00	1.555911e+01
5.047975206448212e-04	5.601546e-01	4.999866e+00	1.561369e+01
5.048075206448212e-04	5.616099e-01	4.999866e+00	1.566826e+01
5.048175206448213e-04	5.630642e-01	4.999866e+00	1.572282e+01
5.048275206448213e-04	5.645176e-01	4.999866e+00	1.577737e+01
5.048375206448214e-04	5.659699e-01	4.999866e+00	1.583192e+01
5.048475206448214e-04	5.674213e-01	4.999866e+00	1.588647e+01
5.048575206448215e-04	5.688717e-01	4.999866e+00	1.594100e+01
5.048675206448215e-04	5.703211e-01	4.999866e+00	1.599553e+01
5.048775206448216e-04	5.717695e-01	4.999866e+00	1.605006e+01
5.048875206448216e-04	5.732169e-01	4.999866e+00	1.610457e+01
5.048975206448217e-04	5.746633e-01	4.999866e+00	1.615908e+01
5.049075206448217e-04	5.761087e-01	4.999866e+00	1.621359e+01
5.049175206448218e-04	5.775531e-01	4.999866e+00	1.626809e+01
5.049275206448218e-04	5.789965e-01	4.999866e+00	1.632258e+01
5.049375206448219e-04	5.804389e-01	4.999866e+00	1.637707e+01
5.049475206448219e-04	5.818803e-01	4.999866e+00	1.643155e+01
5.049575206448220e-04	5.833207e-01	4.999866e+00	1.648602e+01
5.049675206448220e-04	5.847602e-01	4.999866e+00	1.654049e+01
5.049775206448221e-04	5.861986e-01	4.999866e+00	1.659495e+01
5.049875206448221e-04	5.876361e-01	4.999866e+00	1.664940e+01
5.049975206448222e-04	5.890725e-01	4.999866e+00	1.670385e+01
5.050075206448222e-04	5.905079e-01	4.999866e+00	1.675830e+01
5.050175206448223e-04	5.919424e-01	4.999866e+00	1.681273e+01
5.050275206448223e-04	5.933759e-01	4.999866e+00	1.686716e+01
5.050375206448223e-04	5.948083e-01	4.999866e+00	1.692159e+01
5.050475206448224e-04	5.962397e-01	4.999866e+00	1.697600e+01
5.050575206448224e-04	5.976703e-01	4.999866e+00	1.703041e+01
5.050675206448225e-04	5.990997e-01	4.999866e+00	1.708482e+01
5.050775206448225e-04	6.005282e-01	4.999866e+00	1.713922e+01
5.050875206448226e-04	6.019557e-01	4.999866e+00	1.719361e+01
5.050975206448226e-04	6.033822e-01	4.999866e+00	1.724799e+01
5.051075206448227e-04	6.048076e-01	4.999866e+00	1.730237e+01
5.051175206448227e-04	6.062321e-01	4.999866e+00	1.735675e+01
5.051275206448228e-04	6.076556e-01	4.999866e+00	1.741111e+01
5.051375206448228e-04	6.090781e-01	4.999866e+00	1.746547e+01
5.051475206448229e-04	6.104996e-01	4.999866e+00	1.751983e+01
5.051575206448229e-04	6.119201e-01	4.999866e+00	1.757418e+01
5.051675206448230e-04	6.133397e-01	4.999866e+00	1.762852e+01
5.051775206448230e-04	6.147582e-01	4.999866e+00	1.768285e+01
5.051875206448231e-04	6.161757e-01	4.999866e+00	1.773718e+01
5.051975206448231e-04	6.175922e-01	4.999866e+00	1.779151e+01
5.052075206448232e-04	6.190077e-01	4.999866e+00	1.784582e+01
5.052175206448232e-04	6.204222e-01	4.999866e+00	1.790013e+01
5.052275206448233e-04	6.218358e-01	4.999866e+00	1.795444e+01
5.052375206448233e-04	6.232483e-01	4.999866e+00	1.800874e+01
5.052475206448234e-04	6.246599e-01	4.999866e+00	1.806303e+01
5.052575206448234e-04	6.260704e-01	4.999866e+00	1.811731e+01
5.052675206448235e-04	6.274800e-01	4.999866e+00	1.817159e+01
5.052775206448235e-04	6.288885e-01	4.999866e+00	1.822587e+01
5.052875206448236e-04	6.302961e-01	4.999866e+00	1.828013e+01
5.052975206448236e-04	6.317027e-01	4.999866e+00	1.833439e+01
5.053075206448237e-04	6.331082e-01	4.999866e+00	1.838865e+01
5.053175206448237e-04	6.345128e-01	4.999866e+00	1.844290e+01
5.053275206448238e-04	6.359164e-01	4.999866e+00	1.849714e+01
5.053375206448238e-04	6.373189e-01	4.999866e+00	1.855137e+01
5.053475206448239e-04	6.387205e-01	4.999866e+00	1.860560e+01
5.053575206448239e-04	6.401211e-01	4.999866e+00	1.865982e+01
5.053675206448240e-04	6.415207e-01	4.999866e+00	1.871404e+01
5.053775206448240e-04	6.429193e-01	4.999866e+00	1.876825e+01
5.053875206448241e-04	6.443169e-01	4.999866e+00	1.882246e+01
5.053975206448241e-04	6.457135e-01	4.999866e+00	1.887665e+01
5.054075206448242e-04	6.471091e-01	4.999866e+00	1.893085e+01
5.054175206448242e-04	6.485037e-01	4.999866e+00	1.898503e+01
5.054275206448243e-04	6.498973e-01	4.999866e+00	1.903921e+01
5.054375206448243e-04	6.512899e-01	4.999866e+00	1.909338e+01
5.054475206448244e-04	6.526815e-01	4.999866e+00	1.914755e+01
5.054575206448244e-04	6.540722e-01	4.999866e+00	1.920171e+01
5.054675206448245e-04	6.554618e-01	4.999866e+00	1.925587e+01
5.054775206448245e-04	6.568505e-01	4.999866e+00	1.931001e+01
5.054875206448246e-04	6.582381e-01	4.999866e+00	1.936415e+01
5.054975206448246e-04	6.596248e-01	4.999866e+00	1.941829e+01
5.055075206448247e-04	6.610104e-01	4.999866e+00	1.947242e+01
5.055175206448247e-04	6.623951e-01	4.999866e+00	1.952654e+01
5.055275206448248e-04	6.637787e-01	4.999866e+00	1.958066e+01
5.055375206448248e-04	6.651614e-01	4.999866e+00	1.963477e+01
5.055475206448248e-04	6.665431e-01	4.999866e+00	1.968888e+01
5.055575206448249e-04	6.679237e-01	4.999866e+00	1.974297e+01
5.055675206448249e-04	6.693034e-01	4.999866e+00	1.979706e+01
5.055775206448250e-04	6.706821e-01	4.999866e+00	1.985115e+01
5.055875206448250e-04	6.720598e-01	4.999866e+00	1.990523e+01
5.055975206448251e-04	6.734365e-01	4.999866e+00	1.995930e+01
5.056075206448251e-04	6.748122e-01	4.999866e+00	2.001337e+01
5.056175206448252e-04	6.761869e-01	4.999866e+00	2.006743e+01
5.056275206448252e-04	6.775606e-01	4.999866e+00	2.012148e+01
5.056375206448253e-04	6.789334e-01	4.999866e+00	2.017553e+01
5.056475206448253e-04	6.803051e-01	4.999866e+00	2.022957e+01
5.056575206448254e-04	6.816759e-01	4.999866e+00	2.028361e+01
5.056675206448254e-04	6.830456e-01	4.999866e+00	2.033764e+01
5.056775206448255e-04	6.844143e-01	4.999866e+00	2.039166e+01
5.056875206448255e-04	6.857821e-01	4.999866e+00	2.044568e+01
5.056975206448256e-04	6.871488e-01	4.999866e+00	2.049969e+01
5.057075206448256e-04	6.885146e-01	4.999866e+00	2.055370e+01
5.057175206448257e-04	6.898794e-01	4.999866e+00	2.060769e+01
5.057275206448257e-04	6.912432e-01	4.999866e+00	2.066169e+01
5.057375206448258e-04	6.926060e-01	4.999866e+00	2.071567e+01
5.057475206448258e-04	6.939678e-01	4.999866e+00	2.076965e+01
5.057575206448259e-04	6.953285e-01	4.999866e+00	2.082362e+01
5.057675206448259e-04	6.966884e-01	4.999866e+00	2.087759e+01
5.057775206448260e-04	6.980472e-01	4.999866e+00	2.093155e+01
5.057875206448260e-04	6.994050e-01	4.999866e+00	2.098551e+01
5.057975206448261e-04	7.007618e-01	4.999866e+00	2.103946e+01
5.058075206448261e-04	7.021177e-01	4.999866e+00	2.109340e+01
5.058175206448262e-04	7.034725e-01	4.999866e+00	2.114734e+01
5.058275206448262e-04	7.048264e-01	4.999866e+00	2.120127e+01
5.058375206448263e-04	7.061792e-01	4.999866e+00	2.125519e+01
5.058475206448263e-04	7.075311e-01	4.999866e+00	2.130910e+01
5.058575206448264e-04	7.088820e-01	4.999866e+00	2.136302e+01
5.058675206448264e-04	7.102318e-01	4.999866e+00	2.141692e+01
5.058775206448265e-04	7.115808e-01	4.999866e+00	2.147082e+01
5.058875206448265e-04	7.129287e-01	4.999866e+00	2.152471e+01
5.058975206448266e-04	7.142756e-01	4.999866e+00	2.157860e+01
5.059075206448266e-04	7.156215e-01	4.999866e+00	2.163248e+01
5.059175206448267e-04	7.169665e-01	4.999866e+00	2.168635e+01
5.059275206448267e-04	7.183104e-01	4.999866e+00	2.174022e+01
5.059375206448268e-04	7.196533e-01	4.999866e+00	2.179408e+01
5.059475206448268e-04	7.209953e-01	4.999866e+00	2.184794e+01
5.059575206448269e-04	7.223362e-01	4.999866e+00	2.190179e+01
5.059675206448269e-04	7.236763e-01	4.999866e+00	2.195563e+01
5.059775206448270e-04	7.250152e-01	4.999866e+00	2.200947e+01
5.059875206448270e-04	7.263532e-01	4.999866e+00	2.206330e+01
5.059975206448271e-04	7.276902e-01	4.999866e+00	2.211712e+01
5.060075206448271e-04	7.290263e-01	4.999866e+00	2.217094e+01
5.060175206448272e-04	7.303613e-01	4.999866e+00	2.222475e+01
5.060275206448272e-04	7.316954e-01	4.999866e+00	2.227856e+01
5.060375206448273e-04	7.330284e-01	4.999866e+00	2.233236e+01
5.060475206448273e-04	7.343605e-01	4.999866e+00	2.238615e+01
5.060575206448274e-04	7.356915e-01	4.999866e+00	2.243994e+01
5.060675206448274e-04	7.370216e-01	4.999866e+00	2.249372e+01
5.060775206448274e-04	7.383507e-01	4.999866e+00	2.254749e+01
5.060875206448275e-04	7.396789e-01	4.999866e+00	2.260126e+01
5.060975206448275e-04	7.410060e-01	4.999866e+00	2.265502e+01
5.061075206448276e-04	7.423321e-01	4.999866e+00	2.270878e+01
5.061175206448276e-04	7.436572e-01	4.999866e+00	2.276253e+01
5.061275206448277e-04	7.449814e-01	4.999866e+00	2.281627e+01
5.061375206448277e-04	7.463046e-01	4.999866e+00	2.287001e+01
5.061475206448278e-04	7.476268e-01	4.999866e+00	2.292374e+01
5.061575206448278e-04	7.489480e-01	4.999866e+00	2.297747e+01
5.061675206448279e-04	7.502682e-01	4.999866e+00	2.303119e+01
5.061775206448279e-04	7.515874e-01	4.999866e+00	2.308490e+01
5.061875206448280e-04	7.529057e-01	4.999866e+00	2.313860e+01
5.061975206448280e-04	7.542229e-01	4.999866e+00	2.319230e+01
5.062075206448281e-04	7.555392e-01	4.999866e+00	2.324600e+01
5.062175206448281e-04	7.568544e-01	4.999866e+00	2.329969e+01
5.062275206448282e-04	7.581688e-01	4.999866e+00	2.335337e+01
5.062375206448282e-04	7.594820e-01	4.999866e+00	2.340704e+01
5.062475206448283e-04	7.607944e-01	4.999866e+00	2.346071e+01
5.062575206448283e-04	7.621057e-01	4.999866e+00	2.351438e+01
5.062675206448284e-04	7.634161e-01	4.999866e+00	2.356803e+01
5.062775206448284e-04	7.647254e-01	4.999866e+00	2.362168e+01
5.062875206448285e-04	7.660338e-01	4.999866e+00	2.367533e+01
5.062975206448285e-04	7.673413e-01	4.999866e+00	2.372897e+01
5.063075206448286e-04	7.686477e-01	4.999866e+00	2.378260e+01
5.063175206448286e-04	7.699531e-01	4.999866e+00	2.383622e+01
5.063275206448287e-04	7.712575e-01	4.999866e+00	2.388984e+01
5.063375206448287e-04	7.725610e-01	4.999866e+00	2.394346e+01
5.063475206448288e-04	7.738635e-01	4.999866e+00	2.399706e+01
5.063575206448288e-04	7.751650e-01	4.999866e+00	2.405067e+01
5.063675206448289e-04	7.764655e-01	4.999866e+00	2.410426e+01
5.063775206448289e-04	7.777650e-01	4.999866e+00	2.415785e+01
5.063875206448290e-04	7.790636e-01	4.999866e+00	2.421143e+01
5.063975206448290e-04	7.803612e-01	4.999866e+00	2.426501e+01
5.064075206448291e-04	7.816578e-01	4.999866e+00	2.431858e+01
5.064175206448291e-04	7.829534e-01	4.999866e+00	2.437214e+01
5.064275206448292e-04	7.842480e-01	4.999866e+00	2.442570e+01
5.064375206448292e-04	7.855417e-01	4.999866e+00	2.447925e+01
5.064475206448293e-04	7.868343e-01	4.999866e+00	2.453280e+01
5.064575206448293e-04	7.881260e-01	4.999866e+00	2.458634e+01
5.064675206448294e-04	7.894167e-01	4.999866e+00	2.463987e+01
5.064775206448294e-04	7.907064e-01	4.999866e+00	2.469340e+01
5.064875206448295e-04	7.919952e-01	4.999866e+00	2.474692e+01
5.064975206448295e-04	7.932829e-01	4.999866e+00	2.480044e+01
5.065075206448296e-04	7.945697e-01	4.999866e+00	2.485394e+01
5.065175206448296e-04	7.958555e-01	4.999866e+00	2.490745e+01
5.065275206448297e-04	7.971403e-01	4.999866e+00	2.496094e+01
5.065375206448297e-04	7.984242e-01	4.999866e+00	2.501443e+01
5.065475206448298e-04	7.997071e-01	4.999866e+00	2.506792e+01
5.065575206448298e-04	8.009889e-01	4.999866e+00	2.512140e+01
5.065675206448299e-04	8.022698e-01	4.999866e+00	2.517487e+01
5.065775206448299e-04	8.035498e-01	4.999866e+00	2.522833e+01
5.065875206448299e-04	8.048287e-01	4.999866e+00	2.528179e+01
5.065975206448300e-04	8.061067e-01	4.999866e+00	2.533525e+01
5.066075206448300e-04	8.073837e-01	4.999866e+00	2.538869e+01
5.066175206448301e-04	8.086597e-01	4.999866e+00	2.544213e+01
5.066275206448301e-04	8.099347e-01	4.999866e+00	2.549557e+01
5.066375206448302e-04	8.112088e-01	4.999866e+00	2.554900e+01
5.066475206448302e-04	8.124819e-01	4.999866e+00	2.560242e+01
5.066575206448303e-04	8.137540e-01	4.999866e+00	2.565583e+01
5.066675206448303e-04	8.150252e-01	4.999866e+00	2.570924e+01
5.066775206448304e-04	8.162953e-01	4.999866e+00	2.576265e+01
5.066875206448304e-04	8.175645e-01	4.999866e+00	2.581605e+01
5.066975206448305e-04	8.188328e-01	4.999866e+00	2.586944e+01
5.067075206448305e-04	8.201000e-01	4.999866e+00	2.592282e+01
5.067175206448306e-04	8.213663e-01	4.999866e+00	2.597620e+01
5.067275206448306e-04	8.226315e-01	4.999866e+00	2.602958e+01
5.067375206448307e-04	8.238959e-01	4.999866e+00	2.608294e+01
5.067475206448307e-04	8.251592e-01	4.999866e+00	2.613630e+01
5.067575206448308e-04	8.264216e-01	4.999866e+00	2.618966e+01
5.067675206448308e-04	8.276830e-01	4.999866e+00	2.624301e+01
5.067775206448309e-04	8.289434e-01	4.999866e+00	2.629635e+01
5.067875206448309e-04	8.302029e-01	4.999866e+00	2.634968e+01
5.067975206448310e-04	8.314614e-01	4.999866e+00	2.640301e+01
5.068075206448310e-04	8.327188e-01	4.999866e+00	2.645634e+01
5.068175206448311e-04	8.339754e-01	4.999866e+00	2.650965e+01
5.068275206448311e-04	8.352309e-01	4.999866e+00	2.656297e+01
5.068375206448312e-04	8.364856e-01	4.999866e+00	2.661627e+01
5.068475206448312e-04	8.377392e-01	4.999866e+00	2.666957e+01
5.068575206448313e-04	8.389918e-01	4.999866e+00	2.672286e+01
5.068675206448313e-04	8.402435e-01	4.999866e+00	2.677615e+01
5.068775206448314e-04	8.414942e-01	4.999866e+00	2.682943e+01
5.068875206448314e-04	8.427439e-01	4.999866e+00	2.688271e+01
5.068975206448315e-04	8.439927e-01	4.999866e+00	2.693598e+01
5.069075206448315e-04	8.452405e-01	4.999866e+00	2.698924e+01
5.069175206448316e-04	8.464873e-01	4.999866e+00	2.704249e+01
5.069275206448316e-04	8.477332e-01	4.999866e+00	2.709575e+01
5.069375206448317e-04	8.489781e-01	4.999866e+00	2.714899e+01
5.069475206448317e-04	8.502221e-01	4.999866e+00	2.720223e+01
5.069575206448318e-04	8.514650e-01	4.999866e+00	2.725546e+01
5.069675206448318e-04	8.527070e-01	4.999866e+00	2.730868e+01
5.069775206448319e-04	8.539480e-01	4.999866e+00	2.736190e+01
5.069875206448319e-04	8.551881e-01	4.999866e+00	2.741512e+01
5.069975206448320e-04	8.564272e-01	4.999866e+00	2.746832e+01
5.070075206448320e-04	8.576653e-01	4.999866e+00	2.752152e+01
5.070175206448321e-04	8.589025e-01	4.999866e+00	2.757472e+01
5.070275206448321e-04	8.601387e-01	4.999866e+00	2.762791e+01
5.070375206448322e-04	8.613739e-01	4.999866e+00	2.768109e+01
5.070475206448322e-04	8.626081e-01	4.999866e+00	2.773427e+01
5.070575206448323e-04	8.638414e-01	4.999866e+00	2.778744e+01
5.070675206448323e-04	8.650737e-01	4.999866e+00	2.784060e+01
5.070775206448324e-04	8.663051e-01	4.999866e+00	2.789376e+01
5.070875206448324e-04	8.675355e-01	4.999866e+00	2.794691e+01
5.070975206448324e-04	8.687650e-01	4.999866e+00	2.800006e+01
5.071075206448325e-04	8.699934e-01	4.999866e+00	2.805320e+01
5.071175206448325e-04	8.712209e-01	4.999866e+00	2.810633e+01
5.071275206448326e-04	8.724476e-01	4.999866e+00	2.815946e+01
5.071375206448326e-04	8.736731e-01	4.999866e+00	2.821258e+01
5.071475206448327e-04	8.748977e-01	4.999866e+00	2.826570e+01
5.071575206448327e-04	8.761214e-01	4.999866e+00	2.831881e+01
5.071675206448328e-04	8.773441e-01	4.999866e+00	2.837191e+01
5.071775206448328e-04	8.785658e-01	4.999866e+00	2.842500e+01
5.071875206448329e-04	8.797866e-01	4.999866e+00	2.847810e+01
5.071975206448329e-04	8.810065e-01	4.999866e+00	2.853118e+01
5.072075206448330e-04	8.822253e-01	4.999866e+00	2.858426e+01
5.072175206448330e-04	8.834432e-01	4.999866e+00	2.863733e+01
5.072275206448331e-04	8.846601e-01	4.999866e+00	2.869040e+01
5.072375206448331e-04	8.858761e-01	4.999866e+00	2.874346e+01
5.072475206448332e-04	8.870912e-01	4.999866e+00	2.879651e+01
5.072575206448332e-04	8.883052e-01	4.999866e+00	2.884956e+01
5.072675206448333e-04	8.895183e-01	4.999866e+00	2.890260e+01
5.072775206448333e-04	8.907305e-01	4.999866e+00	2.895564e+01
5.072875206448334e-04	8.919417e-01	4.999866e+00	2.900867e+01
5.072975206448334e-04	8.931519e-01	4.999866e+00	2.906169e+01
5.073075206448335e-04	8.943611e-01	4.999866e+00	2.911471e+01
5.073175206448335e-04	8.955695e-01	4.999866e+00	2.916772e+01
5.073275206448336e-04	8.967769e-01	4.999866e+00	2.922072e+01
5.073375206448336e-04	8.979833e-01	4.999866e+00	2.927372e+01
5.073475206448337e-04	8.991887e-01	4.999866e+00	2.932672e+01
5.073575206448337e-04	9.003932e-01	4.999866e+00	2.937970e+01
5.073675206448338e-04	9.015967e-01	4.999866e+00	2.943268e+01
5.073775206448338e-04	9.027993e-01	4.999866e+00	2.948566e+01
5.073875206448339e-04	9.040009e-01	4.999866e+00	2.953863e+01
5.073975206448339e-04	9.052016e-01	4.999866e+00	2.959159e+01
5.074075206448340e-04	9.064013e-01	4.999866e+00	2.964454e+01
5.074175206448340e-04	9.076001e-01	4.999866e+00	2.969749e+01
5.074275206448341e-04	9.087979e-01	4.999866e+00	2.975044e+01
5.074375206448341e-04	9.099948e-01	4.999866e+00	2.980338e+01
5.074475206448342e-04	9.111907e-01	4.999866e+00	2.985631e+01
5.074575206448342e-04	9.123856e-01	4.999866e+00	2.990924e+01
5.074675206448343e-04	9.135796e-01	4.999866e+00	2.996215e+01
5.074775206448343e-04	9.147727e-01	4.999866e+00	3.001507e+01
5.074875206448344e-04	9.159648e-01	4.999866e+00	3.006798e+01
5.074975206448344e-04	9.171560e-01	4.999866e+00	3.012088e+01
5.075075206448345e-04	9.183462e-01	4.999866e+00	3.017377e+01
5.075175206448345e-04	9.195355e-01	4.999866e+00	3.022666e+01
5.075275206448346e-04	9.207237e-01	4.999866e+00	3.027954e+01
5.075375206448346e-04	9.219111e-01	4.999866e+00	3.033242e+01
5.075475206448347e-04	9.230975e-01	4.999866e+00	3.038529e+01
5.075575206448347e-04	9.242830e-01	4.999866e+00	3.043816e+01
5.075675206448348e-04	9.254674e-01	4.999866e+00	3.049102e+01
5.075775206448348e-04	9.266510e-01	4.999866e+00	3.054387e+01
5.075875206448349e-04	9.278336e-01	4.999866e+00	3.059672e+01
5.075975206448349e-04	9.290153e-01	4.999866e+00	3.064956e+01
5.076075206448350e-04	9.301960e-01	4.999866e+00	3.070239e+01
5.076175206448350e-04	9.313758e-01	4.999866e+00	3.075522e+01
5.076275206448350e-04	9.325546e-01	4.999866e+00	3.080804e+01
5.076375206448351e-04	9.337325e-01	4.999866e+00	3.086086e+01
5.076475206448351e-04	9.349094e-01	4.999866e+00	3.091367e+01
5.076575206448352e-04	9.360854e-01	4.999866e+00	3.096647e+01
5.076675206448352e-04	9.372604e-01	4.999866e+00	3.101927e+01
5.076775206448353e-04	9.384345e-01	4.999866e+00	3.107206e+01
5.076875206448353e-04	9.396077e-01	4.999866e+00	3.112485e+01
5.076975206448354e-04	9.407799e-01	4.999866e+00	3.117763e+01
5.077075206448354e-04	9.419512e-01	4.999866e+00	3.123040e+01
5.077175206448355e-04	9.431215e-01	4.999866e+00	3.128317e+01
5.077275206448355e-04	9.442909e-01	4.999866e+00	3.133593e+01
5.077375206448356e-04	9.454594e-01	4.999866e+00	3.138868e+01
5.077475206448356e-04	9.466268e-01	4.999866e+00	3.144143e+01
5.077575206448357e-04	9.477934e-01	4.999866e+00	3.149417e+01
5.077675206448357e-04	9.489590e-01	4.999866e+00	3.154691e+01
5.077775206448358e-04	9.501237e-01	4.999866e+00	3.159964e+01
5.077875206448358e-04	9.512874e-01	4.999866e+00	3.165237e+01
5.077975206448359e-04	9.524502e-01	4.999866e+00	3.170509e+01
5.078075206448359e-04	9.536121e-01	4.999866e+00	3.175780e+01
5.078175206448360e-04	9.547730e-01	4.999866e+00	3.181051e+01
5.078275206448360e-04	9.559330e-01	4.999866e+00	3.186321e+01
5.078375206448361e-04	9.570920e-01	4.999866e+00	3.191590e+01
5.078475206448361e-04	9.582501e-01	4.999866e+00	3.196859e+01
5.078575206448362e-04	9.594073e-01	4.999866e+00	3.202127e+01
5.078675206448362e-04	9.605635e-01	4.999866e+00	3.207395e+01
5.078775206448363e-04	9.617188e-01	4.999866e+00	3.212662e+01
5.078875206448363e-04	9.628731e-01	4.999866e+00	3.217928e+01
5.078975206448364e-04	9.640266e-01	4.999866e+00	3.223194e+01
5.079075206448364e-04	9.651790e-01	4.999866e+00	3.228459e+01
5.079175206448365e-04	9.663306e-01	4.999866e+00	3.233724e+01
5.079275206448365e-04	9.674812e-01	4.999866e+00	3.238988e+01
5.079375206448366e-04	9.686309e-01	4.999866e+00	3.244251e+01
5.079475206448366e-04	9.697796e-01	4.999866e+00	3.249514e+01
5.079575206448367e-04	9.709274e-01	4.999866e+00	3.254776e+01
5.079675206448367e-04	9.720743e-01	4.999866e+00	3.260038e+01
5.079775206448368e-04	9.732202e-01	4.999866e+00	3.265299e+01
5.079875206448368e-04	9.743652e-01	4.999866e+00	3.270559e+01
5.079975206448369e-04	9.755093e-01	4.999866e+00	3.275819e+01
5.080075206448369e-04	9.766524e-01	4.999866e+00	3.281078e+01
5.080175206448370e-04	9.777946e-01	4.999866e+00	3.286337e+01
5.080275206448370e-04	9.789359e-01	4.999866e+00	3.291594e+01
5.080375206448371e-04	9.800763e-01	4.999866e+00	3.296852e+01
5.080475206448371e-04	9.812157e-01	4.999866e+00	3.302108e+01
5.080575206448372e-04	9.823542e-01	4.999866e+00	3.307365e+01
5.080675206448372e-04	9.834917e-01	4.999866e+00	3.312620e+01
5.080775206448373e-04	9.846283e-01	4.999866e+00	3.317875e+01
5.080875206448373e-04	9.857640e-01	4.999866e+00	3.323129e+01
5.080975206448374e-04	9.868988e-01	4.999866e+00	3.328383e+01
5.081075206448374e-04	9.880326e-01	4.999866e+00	3.333636e+01
5.081175206448375e-04	9.891655e-01	4.999866e+00	3.338889e+01
5.081275206448375e-04	9.902976e-01	4.999866e+00	3.344140e+01
5.081375206448375e-04	9.914286e-01	4.999866e+00	3.349392e+01
5.081475206448376e-04	9.925587e-01	4.999866e+00	3.354642e+01
5.081575206448376e-04	9.936879e-01	4.999866e+00	3.359892e+01
5.081675206448377e-04	9.948162e-01	4.999866e+00	3.365142e+01
5.081775206448377e-04	9.959435e-01	4.999866e+00	3.370391e+01
5.081875206448378e-04	9.970700e-01	4.999866e+00	3.375639e+01
5.081975206448378e-04	9.981955e-01	4.999866e+00	3.380886e+01
5.082075206448379e-04	9.993201e-01	4.999866e+00	3.386134e+01
5.082175206448379e-04	1.000444e+00	4.999866e+00	3.391380e+01
5.082275206448380e-04	1.001566e+00	4.999866e+00	3.396626e+01
5.082375206448380e-04	1.002688e+00	4.999866e+00	3.401871e+01
5.082475206448381e-04	1.003809e+00	4.999866e+00	3.407116e+01
5.082575206448381e-04	1.004929e+00	4.999866e+00	3.412360e+01
5.082675206448382e-04	1.006048e+00	4.999866e+00	3.417603e+01
5.082775206448382e-04	1.007166e+00	4.999866e+00	3.422846e+01
5.082875206448383e-04	1.008283e+00	4.999866e+00	3.428088e+01
5.082975206448383e-04	1.009400e+00	4.999866e+00	3.433329e+01
5.083075206448384e-04	1.010515e+00	4.999866e+00	3.438570e+01
5.083175206448384e-04	1.011630e+00	4.999866e+00	3.443811e+01
5.083275206448385e-04	1.012743e+00	4.999866e+00	3.449051e+01
5.083375206448385e-04	1.013856e+00	4.999866e+00	3.454290e+01
5.083475206448386e-04	1.014967e+00	4.999866e+00	3.459528e+01
5.083575206448386e-04	1.016078e+00	4.999866e+00	3.464766e+01
5.083675206448387e-04	1.017188e+00	4.999866e+00	3.470004e+01
5.083775206448387e-04	1.018297e+00	4.999866e+00	3.475241e+01
5.083875206448388e-04	1.019405e+00	4.999866e+00	3.480477e+01
5.083975206448388e-04	1.020512e+00	4.999866e+00	3.485712e+01
5.084075206448389e-04	1.021618e+00	4.999866e+00	3.490947e+01
5.084175206448389e-04	1.022723e+00	4.999866e+00	3.496181e+01
5.084275206448390e-04	1.023828e+00	4.999866e+00	3.501415e+01
5.084375206448390e-04	1.024931e+00	4.999866e+00	3.506649e+01
5.084475206448391e-04	1.026034e+00	4.999866e+00	3.511881e+01
5.084575206448391e-04	1.027135e+00	4.999866e+00	3.517113e+01
5.084675206448392e-04	1.028236e+00	4.999866e+00	3.522344e+01
5.084775206448392e-04	1.029336e+00	4.999866e+00	3.527575e+01
5.084875206448393e-04	1.030435e+00	4.999866e+00	3.532805e+01
5.084975206448393e-04	1.031533e+00	4.999866e+00	3.538035e+01
5.085075206448394e-04	1.032630e+00	4.999866e+00	3.543264e+01
5.085175206448394e-04	1.033726e+00	4.999866e+00	3.548492e+01
5.085275206448395e-04	1.034821e+00	4.999866e+00	3.553720e+01
5.085375206448395e-04	1.035915e+00	4.999866e+00	3.558947e+01
5.085475206448396e-04	1.037009e+00	4.999866e+00	3.564174e+01
5.085575206448396e-04	1.038101e+00	4.999866e+00	3.569399e+01
5.085675206448397e-04	1.039193e+00	4.999866e+00	3.574625e+01
5.085775206448397e-04	1.040283e+00	4.999866e+00	3.579849e+01
5.085875206448398e-04	1.041373e+00	4.999866e+00	3.585073e+01
5.085975206448398e-04	1.042462e+00	4.999866e+00	3.590297e+01
5.086075206448399e-04	1.043550e+00	4.999866e+00	3.595520e+01
5.086175206448399e-04	1.044637e+00	4.999866e+00	3.600742e+01
5.086275206448400e-04	1.045723e+00	4.999866e+00	3.605964e+01
5.086375206448400e-04	1.046808e+00	4.999866e+00	3.611185e+01
5.086475206448400e-04	1.047893e+00	4.999866e+00	3.616405e+01
5.086575206448401e-04	1.048976e+00	4.999866e+00	3.621626e+01
5.086675206448401e-04	1.050059e+00	4.999866e+00	3.626845e+01
5.086775206448402e-04	1.051140e+00	4.999866e+00	3.632063e+01
5.086875206448402e-04	1.052221e+00	4.999866e+00	3.637281e+01
5.086975206448403e-04	1.053301e+00	4.999866e+00	3.642499e+01
5.087075206448403e-04	1.054379e+00	4.999866e+00	3.647716e+01
5.087175206448404e-04	1.055457e+00	4.999866e+00	3.652932e+01
5.087275206448404e-04	1.056535e+00	4.999866e+00	3.658148e+01
5.087375206448405e-04	1.057611e+00	4.999866e+00	3.663363e+01
5.087475206448405e-04	1.058686e+00	4.999866e+00	3.668578e+01
5.087575206448406e-04	1.059760e+00	4.999866e+00	3.673792e+01
5.087675206448406e-04	1.060834e+00	4.999866e+00	3.679005e+01
5.087775206448407e-04	1.061906e+00	4.999866e+00	3.684217e+01
5.087875206448407e-04	1.062978e+00	4.999866e+00	3.689429e+01
5.087975206448408e-04	1.064049e+00	4.999866e+00	3.694641e+01
5.088075206448408e-04	1.065119e+00	4.999866e+00	3.699852e+01
5.088175206448409e-04	1.066188e+00	4.999866e+00	3.705062e+01
5.088275206448409e-04	1.067256e+00	4.999866e+00	3.710272e+01
5.088375206448410e-04	1.068323e+00	4.999866e+00	3.715481e+01
5.088475206448410e-04	1.069389e+00	4.999866e+00	3.720689e+01
5.088575206448411e-04	1.070455e+00	4.999866e+00	3.725897e+01
5.088675206448411e-04	1.071519e+00	4.999866e+00	3.731105e+01
5.088775206448412e-04	1.072583e+00	4.999866e+00	3.736311e+01
5.088875206448412e-04	1.073645e+00	4.999866e+00	3.741517e+01
5.088975206448413e-04	1.074707e+00	4.999866e+00	3.746723e+01
5.089075206448413e-04	1.075768e+00	4.999866e+00	3.751928e+01
5.089175206448414e-04	1.076828e+00	4.999866e+00	3.757132e+01
5.089275206448414e-04	1.077887e+00	4.999866e+00	3.762336e+01
5.089375206448415e-04	1.078945e+00	4.999866e+00	3.767539e+01
5.089475206448415e-04	1.080003e+00	4.999866e+00	3.772741e+01
5.089575206448416e-04	1.081059e+00	4.999866e+00	3.777943e+01
5.089675206448416e-04	1.082115e+00	4.999866e+00	3.783145e+01
5.089775206448417e-04	1.083169e+00	4.999866e+00	3.788345e+01
5.089875206448417e-04	1.084223e+00	4.999866e+00	3.793546e+01
5.089975206448418e-04	1.085276e+00	4.999866e+00	3.798745e+01
5.090075206448418e-04	1.086328e+00	4.999866e+00	3.803944e+01
5.090175206448419e-04	1.087379e+00	4.999866e+00	3.809142e+01
5.090275206448419e-04	1.088429e+00	4.999866e+00	3.814340e+01
5.090375206448420e-04	1.089478e+00	4.999866e+00	3.819537e+01
5.090475206448420e-04	1.090527e+00	4.999866e+00	3.824733e+01
5.090575206448421e-04	1.091575e+00	4.999866e+00	3.829929e+01
5.090675206448421e-04	1.092621e+00	4.999866e+00	3.835125e+01
5.090775206448422e-04	1.093667e+00	4.999866e+00	3.840319e+01
5.090875206448422e-04	1.094712e+00	4.999866e+00	3.845514e+01
5.090975206448423e-04	1.095756e+00	4.999866e+00	3.850707e+01
5.091075206448423e-04	1.096799e+00	4.999866e+00	3.855900e+01
5.091175206448424e-04	1.097841e+00	4.999866e+00	3.861092e+01
5.091275206448424e-04	1.098882e+00	4.999866e+00	3.866284e+01
5.091375206448425e-04	1.099923e+00	4.999866e+00	3.871475e+01
5.091475206448425e-04	1.100962e+00	4.999866e+00	3.876666e+01
5.091575206448426e-04	1.102001e+00	4.999866e+00	3.881856e+01
5.091675206448426e-04	1.103039e+00	4.999866e+00	3.887045e+01
5.091775206448426e-04	1.104076e+00	4.999866e+00	3.892234e+01
5.091875206448427e-04	1.105112e+00	4.999866e+00	3.897422e+01
5.091975206448427e-04	1.106147e+00	4.999866e+00	3.902610e+01
5.092075206448428e-04	1.107181e+00	4.999866e+00	3.907796e+01
5.092175206448428e-04	1.108214e+00	4.999866e+00	3.912983e+01
5.092275206448429e-04	1.109247e+00	4.999866e+00	3.918169e+01
5.092375206448429e-04	1.110279e+00	4.999866e+00	3.923354e+01
5.092475206448430e-04	1.111309e+00	4.999866e+00	3.928538e+01
5.092575206448430e-04	1.112339e+00	4.999866e+00	3.933722e+01
5.092675206448431e-04	1.113368e+00	4.999866e+00	3.938906e+01
5.092775206448431e-04	1.114396e+00	4.999866e+00	3.944088e+01
5.092875206448432e-04	1.115423e+00	4.999866e+00	3.949271e+01
5.092975206448432e-04	1.116450e+00	4.999866e+00	3.954452e+01
5.093075206448433e-04	1.117475e+00	4.999866e+00	3.959633e+01
5.093175206448433e-04	1.118500e+00	4.999866e+00	3.964814e+01
5.093275206448434e-04	1.119524e+00	4.999866e+00	3.969993e+01
5.093375206448434e-04	1.120546e+00	4.999866e+00	3.975172e+01
5.093475206448435e-04	1.121568e+00	4.999866e+00	3.980351e+01
5.093575206448435e-04	1.122589e+00	4.999866e+00	3.985529e+01
5.093675206448436e-04	1.123610e+00	4.999866e+00	3.990707e+01
5.093775206448436e-04	1.124629e+00	4.999866e+00	3.995883e+01
5.093875206448437e-04	1.125647e+00	4.999866e+00	4.001059e+01
5.093975206448437e-04	1.126665e+00	4.999866e+00	4.006235e+01
5.094075206448438e-04	1.127682e+00	4.999866e+00	4.011410e+01
5.094175206448438e-04	1.128698e+00	4.999866e+00	4.016584e+01
5.094275206448439e-04	1.129712e+00	4.999866e+00	4.021758e+01
5.094375206448439e-04	1.130727e+00	4.999866e+00	4.026932e+01
5.094475206448440e-04	1.131740e+00	4.999866e+00	4.032104e+01
5.094575206448440e-04	1.132752e+00	4.999866e+00	4.037276e+01
5.094675206448441e-04	1.133764e+00	4.999866e+00	4.042448e+01
5.094775206448441e-04	1.134774e+00	4.999866e+00	4.047618e+01
5.094875206448442e-04	1.135784e+00	4.999866e+00	4.052789e+01
5.094975206448442e-04	1.136793e+00	4.999866e+00	4.057959e+01
5.095075206448443e-04	1.137801e+00	4.999866e+00	4.063128e+01
5.095175206448443e-04	1.138808e+00	4.999866e+00	4.068296e+01
5.095275206448444e-04	1.139814e+00	4.999866e+00	4.073464e+01
5.095375206448444e-04	1.140820e+00	4.999866e+00	4.078631e+01
5.095475206448445e-04	1.141824e+00	4.999866e+00	4.083798e+01
5.095575206448445e-04	1.142828e+00	4.999866e+00	4.088964e+01
5.095675206448446e-04	1.143831e+00	4.999866e+00	4.094130e+01
5.095775206448446e-04	1.144833e+00	4.999866e+00	4.099294e+01
5.095875206448447e-04	1.145834e+00	4.999866e+00	4.104459e+01
5.095975206448447e-04	1.146834e+00	4.999866e+00	4.109623e+01
5.096075206448448e-04	1.147833e+00	4.999866e+00	4.114786e+01
5.096175206448448e-04	1.148832e+00	4.999866e+00	4.119948e+01
5.096275206448449e-04	1.149830e+00	4.999866e+00	4.125110e+01
5.096375206448449e-04	1.150826e+00	4.999866e+00	4.130272e+01
5.096475206448450e-04	1.151822e+00	4.999866e+00	4.135432e+01
5.096575206448450e-04	1.152817e+00	4.999866e+00	4.140592e+01
5.096675206448451e-04	1.153811e+00	4.999866e+00	4.145752e+01
5.096775206448451e-04	1.154805e+00	4.999866e+00	4.150911e+01
5.096875206448451e-04	1.155797e+00	4.999866e+00	4.156069e+01
5.096975206448452e-04	1.156789e+00	4.999866e+00	4.161227e+01
5.097075206448452e-04	1.157779e+00	4.999866e+00	4.166384e+01
5.097175206448453e-04	1.158769e+00	4.999866e+00	4.171541e+01
5.097275206448453e-04	1.159758e+00	4.999866e+00	4.176697e+01
5.097375206448454e-04	1.160747e+00	4.999866e+00	4.181852e+01
5.097475206448454e-04	1.161734e+00	4.999865e+00	4.187007e+01
5.097575206448455e-04	1.162720e+00	4.999865e+00	4.192161e+01
5.097675206448455e-04	1.163706e+00	4.999865e+00	4.197315e+01
5.097775206448456e-04	1.164691e+00	4.999865e+00	4.202468e+01
5.097875206448456e-04	1.165675e+00	4.999865e+00	4.207620e+01
5.097975206448457e-04	1.166658e+00	4.999865e+00	4.212772e+01
5.098075206448457e-04	1.167640e+00	4.999865e+00	4.217923e+01
5.098175206448458e-04	1.168621e+00	4.999865e+00	4.223074e+01
5.098275206448458e-04	1.169602e+00	4.999864e+00	4.228224e+01
5.098375206448459e-04	1.170581e+00	4.999857e+00	4.233374e+01
5.098475206448459e-04	1.171560e+00	4.999834e+00	4.238523e+01
5.098575206448460e-04	1.172538e+00	4.999791e+00	4.243671e+01
5.098675206448460e-04	1.173515e+00	4.999716e+00	4.248819e+01
5.098775206448461e-04	1.174491e+00	4.999560e+00	4.253966e+01
5.098875206448461e-04	1.175467e+00	4.999016e+00	4.259112e+01
5.098887706448461e-04	1.175588e+00	4.998839e+00	4.259755e+01
5.098912706448461e-04	1.175832e+00	4.998197e+00	4.261042e+01
5.098930475848331e-04	1.176005e+00	4.996513e+00	4.261956e+01
5.098941718526231e-04	1.176115e+00	4.991048e+00	4.262535e+01
5.098949559557097e-04	1.176191e+00	4.978271e+00	4.262938e+01
5.098956825127431e-04	1.176262e+00	4.953751e+00	4.263312e+01
5.098963573170479e-04	1.176328e+00	4.920311e+00	4.263660e+01
5.098970401460446e-04	1.176394e+00	4.876595e+00	4.264011e+01
5.098984058040379e-04	1.176527e+00	4.745105e+00	4.264714e+01
5.098999534649596e-04	1.176678e+00	4.477325e+00	4.265510e+01
5.099014139353999e-04	1.176820e+00	4.004509e+00	4.266261e+01
5.099030067941244e-04	1.176975e+00	2.987884e+00	4.267081e+01
5.099045496037808e-04	1.177125e+00	1.042153e+00	4.267875e+01
5.099052453744741e-04	1.177193e+00	6.861050e-02	4.268233e+01
5.099054898394913e-04	1.177217e+00	-1.530647e-02	4.268359e+01
5.099055712552320e-04	1.177225e+00	1.456418e-03	4.268401e+01
5.099055971495892e-04	1.177227e+00	8.275172e-04	4.268414e+01
5.099056248305285e-04	1.177230e+00	4.967126e-04	4.268428e+01
5.099056562231162e-04	1.177233e+00	3.263129e-04	4.268444e+01
5.099057190082913e-04	1.177239e+00	2.148493e-04	4.268476e+01
5.099058330525335e-04	1.177250e+00	1.884923e-04	4.268535e+01
5.099063453571362e-04	1.177300e+00	1.335837e-04	4.268799e+01
5.099070284299398e-04	1.177367e+00	9.771937e-05	4.269150e+01
5.099083945755470e-04	1.177500e+00	8.339465e-05	4.269853e+01
5.099111268667616e-04	1.177766e+00	8.430215e-05	4.271259e+01
5.099165914491906e-04	1.178297e+00	8.282533e-05	4.274070e+01
5.099265914491907e-04	1.179269e+00	8.330295e-05	4.279214e+01
5.099365914491907e-04	1.180240e+00	8.210804e-05	4.284358e+01
5.099465914491908e-04	1.181211e+00	8.287690e-05	4.289501e+01
5.099565914491908e-04	1.182180e+00	8.187293e-05	4.294643e+01
5.099665914491909e-04	1.183149e+00	8.272930e-05	4.299785e+01
5.099865914491910e-04	1.185084e+00	8.267725e-05	4.310067e+01
5.100565914491913e-04	1.191829e+00	8.181587e-05	4.346035e+01
5.113965914491979e-04	1.313184e+00	8.209196e-05	5.029014e+01
5.133465914492075e-04	1.465152e+00	8.228995e-05	6.004310e+01
5.155465914492182e-04	1.605541e+00	8.225504e-05	7.078783e+01
5.180465914492305e-04	1.730950e+00	8.224393e-05	8.267402e+01
5.209165914492446e-04	1.837938e+00	8.223949e-05	9.590773e+01
5.216365914492481e-04	1.859502e+00	8.223975e-05	9.916035e+01
5.251065914492651e-04	1.938876e+00	8.224023e-05	1.144681e+02
5.292465914492854e-04	1.991113e+00	8.224016e-05	1.319598e+02
5.318765914492983e-04	2.006370e+00	8.224027e-05	1.426530e+02
5.377165914493269e-04	2.005661e+00	8.224026e-05	1.652901e+02
5.421165914493485e-04	1.983730e+00	8.224026e-05	1.813857e+02
5.523365914493986e-04	1.895841e+00	8.224025e-05	2.158276e+02
5.523565914493987e-04	1.895640e+00	8.224025e-05	2.158912e+02
5.625965914494489e-04	1.787223e+00	8.224024e-05	2.466363e+02
5.728365914494991e-04	1.677436e+00	8.224024e-05	2.740331e+02
5.830765914495494e-04	1.573784e+00	8.224024e-05	2.984472e+02
5.933165914495996e-04	1.478826e+00	8.224023e-05	3.202038e+02
6.035565914496498e-04	1.393034e+00	8.224023e-05	3.395924e+02
6.137965914497000e-04	1.316033e+00	8.224023e-05	3.568708e+02
6.240365914497502e-04	1.247144e+00	8.224024e-05	3.722687e+02
6.342765914498004e-04	1.185607e+00	8.224032e-05	3.859908e+02
6.445165914498506e-04	1.130680e+00	8.224056e-05	3.982195e+02
6.547565914499008e-04	1.081673e+00	8.224130e-05	4.091173e+02
6.649965914499510e-04	1.037954e+00	8.224321e-05	4.188291e+02
6.744865914499976e-04	1.001667e+00	9.301205e-05	4.268833e+02
6.751065914500006e-04	9.994270e-01	1.652800e-04	4.273801e+02
6.752365914500012e-04	9.989594e-01	1.973836e-04	4.274839e+02
6.754565914500023e-04	9.981695e-01	2.940751e-04	4.276591e+02
6.755865914500030e-04	9.977037e-01	4.143305e-04	4.277625e+02
6.756665914500033e-04	9.974174e-01	5.547383e-04	4.278260e+02
6.757165914500036e-04	9.972386e-01	7.055005e-04	4.278656e+02
6.757465914500037e-04	9.971314e-01	8.448465e-04	4.278894e+02
6.757765914500039e-04	9.970242e-01	1.056714e-03	4.279132e+02
6.757965914500040e-04	9.969528e-01	1.274563e-03	4.279290e+02
6.758065914500040e-04	9.969170e-01	1.424598e-03	4.279370e+02
6.758165914500041e-04	9.968813e-01	1.618927e-03	4.279449e+02
6.758265914500041e-04	9.968456e-01	1.883496e-03	4.279528e+02
6.758365914500042e-04	9.968099e-01	2.271061e-03	4.279607e+02
6.758465914500042e-04	9.967742e-01	2.913504e-03	4.279687e+02
6.758523516664881e-04	9.967536e-01	3.533960e-03	4.279732e+02
6.758566166880529e-04	9.967384e-01	4.261161e-03	4.279766e+02
6.758613277116428e-04	9.967216e-01	5.731212e-03	4.279803e+02
6.758645950700504e-04	9.967099e-01	7.874047e-03	4.279829e+02
6.758674990841320e-04	9.966996e-01	1.309442e-02	4.279852e+02
6.758705197777581e-04	9.966888e-01	2.573656e-02	4.279876e+02
6.758734563635869e-04	9.966783e-01	4.490320e-02	4.279899e+02
6.758756084127114e-04	9.966706e-01	7.038114e-02	4.279916e+02
6.758772993065471e-04	9.966646e-01	1.131872e-01	4.279930e+02
6.758790498338286e-04	9.966583e-01	2.052754e-01	4.279944e+02
6.758809363762854e-04	9.966516e-01	4.164450e-01	4.279958e+02
6.758827714431547e-04	9.966450e-01	8.621199e-01	4.279973e+02
6.758845797262737e-04	9.966386e-01	1.830471e+00	4.279987e+02
6.758860512309778e-04	9.966334e-01	3.415819e+00	4.279999e+02
6.758868281406623e-04	9.966305e-01	4.707769e+00	4.280005e+02
6.758871179856468e-04	9.966295e-01	4.995115e+00	4.280007e+02
6.758871652902201e-04	9.966294e-01	4.997642e+00	4.280008e+02
6.758871896852175e-04	9.966293e-01	4.998321e+00	4.280008e+02
6.758872127396405e-04	9.966292e-01	4.998749e+00	4.280008e+02
6.758872399771279e-04	9.966291e-01	4.999078e+00	4.280009e+02
6.758872944521028e-04	9.966289e-01	4.999418e+00	4.280009e+02
6.758873579919884e-04	9.966287e-01	4.999554e+00	4.280009e+02
6.758874574529356e-04	9.966283e-01	4.999623e+00	4.280010e+02
6.758875928765967e-04	9.966279e-01	4.999668e+00	4.280011e+02
6.758884054185631e-04	9.966249e-01	4.999804e+00	4.280018e+02
6.758894888078518e-04	9.966211e-01	4.999863e+00	4.280026e+02
6.758916555864290e-04	9.966133e-01	4.999865e+00	4.280043e+02
6.758959891435834e-04	9.965979e-01	4.999864e+00	4.280078e+02
6.759032182284897e-04	9.965721e-01	4.999865e+00	4.280135e+02
6.759132182284897e-04	9.965364e-01	4.999865e+00	4.280214e+02
6.759232182284898e-04	9.965007e-01	4.999866e+00	4.280293e+02
6.759332182284898e-04	9.964651e-01	4.999865e+00	4.280372e+02
6.759432182284899e-04	9.964294e-01	4.999866e+00	4.280451e+02
6.759532182284899e-04	9.963937e-01	4.999865e+00	4.280530e+02
6.759832182284901e-04	9.962868e-01	4.999866e+00	4.280768e+02
6.778132182284991e-04	9.898298e-01	4.999866e+00	4.295091e+02
6.852332182285354e-04	9.649609e-01	4.999866e+00	4.350236e+02
6.954732182285856e-04	9.338579e-01	4.999866e+00	4.419159e+02
7.057132182286359e-04	9.061199e-01	4.999866e+00	4.480581e+02
7.159532182286861e-04	8.813840e-01	4.999866e+00	4.535319e+02
7.261932182287363e-04	8.593261e-01	4.999866e+00	4.584099e+02
7.364332182287865e-04	8.396572e-01	4.999866e+00	4.627571e+02
7.466732182288367e-04	8.221194e-01	4.999866e+00	4.666311e+02
7.569132182288869e-04	8.064822e-01	4.999866e+00	4.700836e+02
7.671532182289371e-04	7.925403e-01	4.999866e+00	4.731602e+02
7.773932182289873e-04	7.801104e-01	4.999866e+00	4.759021e+02
7.876332182290375e-04	7.690290e-01	4.999866e+00	4.783455e+02
7.978732182290877e-04	7.591499e-01	4.999866e+00	4.805230e+02
8.081132182291379e-04	7.503432e-01	4.999866e+00	4.824636e+02
8.183532182291882e-04	7.424926e-01	4.999866e+00	4.841929e+02
8.285932182292384e-04	7.354944e-01	4.999866e+00	4.857341e+02
8.388332182292886e-04	7.292565e-01	4.999866e+00	4.871075e+02
8.490732182293388e-04	7.236961e-01	4.999866e+00	4.883315e+02
8.593132182293890e-04	7.187399e-01	4.999866e+00	4.894222e+02
8.695532182294392e-04	7.143223e-01	4.999866e+00	4.903942e+02
8.797932182294894e-04	7.103848e-01	4.999866e+00	4.912605e+02
8.900332182295396e-04	7.068754e-01	4.999866e+00	4.920324e+02
9.002732182295898e-04	7.037475e-01	4.999866e+00	4.927204e+02
9.105132182296400e-04	7.009596e-01	4.999866e+00	4.933335e+02
9.207532182296902e-04	6.984749e-01	4.999866e+00	4.938799e+02
9.309932182297405e-04	6.962605e-01	4.999866e+00	4.943668e+02
9.412332182297907e-04	6.942868e-01	4.999866e+00	4.948007e+02
9.514732182298409e-04	6.925279e-01	4.999866e+00	4.951874e+02
9.617132182298911e-04	6.909602e-01	4.999866e+00	4.955320e+02
9.719532182299413e-04	6.895631e-01	4.999866e+00	4.958391e+02
9.821932182299303e-04	6.883180e-01	4.999866e+00	4.961128e+02
9.924332182298695e-04	6.872082e-01	4.999866e+00	4.963567e+02
1.002673218229809e-03	6.862193e-01	4.999866e+00	4.965740e+02
1.012913218229748e-03	6.853379e-01	4.999866e+00	4.967677e+02
1.023153218229687e-03	6.845524e-01	4.999866e+00	4.969403e+02
1.033393218229626e-03	6.838524e-01	4.999866e+00	4.970941e+02
1.043633218229565e-03	6.832286e-01	4.999866e+00	4.972312e+02
1.053873218229505e-03	6.826726e-01	4.999866e+00	4.973534e+02
1.064113218229444e-03	6.821772e-01	4.999866e+00	4.974623e+02
1.074353218229383e-03	6.817356e-01	4.999866e+00	4.975593e+02
1.084593218229322e-03	6.813421e-01	4.999866e+00	4.976458e+02
1.094833218229261e-03	6.809914e-01	4.999866e+00	4.977228e+02
1.105073218229201e-03	6.806789e-01	4.999866e+00	4.977915e+02
1.115313218229140e-03	6.804004e-01	4.999866e+00	4.978527e+02
1.125553218229079e-03	6.801522e-01	4.999866e+00	4.979072e+02
1.135793218229018e-03	6.799310e-01	4.999866e+00	4.979558e+02
1.146033218228957e-03	6.797338e-01	4.999866e+00	4.979991e+02
1.156273218228897e-03	6.795582e-01	4.999866e+00	4.980377e+02
1.166513218228836e-03	6.794016e-01	4.999866e+00	4.980721e+02
1.176753218228775e-03	6.792621e-01	4.999866e+00	4.981028e+02
1.186993218228714e-03	6.791378e-01	4.999866e+00	4.981301e+02
1.197233218228653e-03	6.790270e-01	4.999866e+00	4.981544e+02
1.207473218228592e-03	6.789282e-01	4.999866e+00	4.981761e+02
1.217713218228532e-03	6.788402e-01	4.999866e+00	4.981955e+02
1.227953218228471e-03	6.787618e-01	4.999866e+00	4.982127e+02
1.238193218228410e-03	6.786919e-01	4.999866e+00	4.982281e+02
1.248433218228349e-03	6.786296e-01	4.999866e+00	4.982417e+02
1.258673218228288e-03	6.785741e-01	4.999866e+00	4.982539e+02
1.268913218228228e-03	6.785246e-01	4.999866e+00	4.982648e+02
1.279153218228167e-03	6.784806e-01	4.999866e+00	4.982745e+02
1.289393218228106e-03	6.784413e-01	4.999866e+00	4.982831e+02
1.299633218228045e-03	6.784063e-01	4.999866e+00	4.982908e+02
1.309873218227984e-03	6.783751e-01	4.999866e+00	4.982977e+02
1.320113218227924e-03	6.783473e-01	4.999866e+00	4.983038e+02
1.330353218227863e-03	6.783225e-01	4.999866e+00	4.983092e+02
1.340593218227802e-03	6.783004e-01	4.999866e+00	4.983141e+02
1.350833218227741e-03	6.782807e-01	4.999866e+00	4.983184e+02
1.361073218227680e-03	6.782632e-01	4.999866e+00	4.983222e+02
1.371313218227619e-03	6.782476e-01	4.999866e+00	4.983257e+02
1.381553218227559e-03	6.782336e-01	4.999866e+00	4.983287e+02
1.391793218227498e-03	6.782212e-01	4.999866e+00	4.983315e+02
1.402033218227437e-03	6.782102e-01	4.999866e+00	4.983339e+02
1.412273218227376e-03	6.782003e-01	4.999866e+00	4.983361e+02
1.422513218227315e-03	6.781915e-01	4.999866e+00	4.983380e+02
1.432753218227255e-03	6.781837e-01	4.999866e+00	4.983397e+02
1.442993218227194e-03	6.781767e-01	4.999866e+00	4.983412e+02
1.453233218227133e-03	6.781705e-01	4.999866e+00	4.983426e+02
1.463473218227072e-03	6.781650e-01	4.999866e+00	4.983438e+02
1.473713218227011e-03	6.781600e-01	4.999866e+00	4.983449e+02
1.483953218226950e-03	6.781557e-01	4.999866e+00	4.983459e+02
1.494193218226890e-03	6.781517e-01	4.999866e+00	4.983467e+02
1.504433218226829e-03	6.781482e-01	4.999866e+00	4.983475e+02
1.514673218226768e-03	6.781451e-01	4.999866e+00	4.983482e+02
1.524913218226707e-03	6.781423e-01	4.999866e+00	4.983488e+02
1.535153218226646e-03	6.781399e-01	4.999866e+00	4.983493e+02
1.545393218226586e-03	6.781377e-01	4.999866e+00	4.983498e+02
1.555633218226525e-03	6.781357e-01	4.999866e+00	4.983503e+02
1.565873218226464e-03	6.781339e-01	4.999866e+00	4.983506e+02
1.576113218226403e-03	6.781324e-01	4.999866e+00	4.983510e+02
1.586353218226342e-03	6.781310e-01	4.999866e+00	4.983513e+02
1.596593218226282e-03	6.781297e-01	4.999866e+00	4.983516e+02
1.606833218226221e-03	6.781287e-01	4.999866e+00	4.983518e+02
1.617073218226160e-03	6.781276e-01	4.999866e+00	4.983520e+02
1.627313218226099e-03	6.781268e-01	4.999866e+00	4.983522e+02
1.637553218226038e-03	6.781260e-01	4.999866e+00	4.983524e+02
1.647793218225977e-03	6.781253e-01	4.999866e+00	4.983525e+02
1.658033218225917e-03	6.781247e-01	4.999866e+00	4.983527e+02
1.668273218225856e-03	6.781241e-01	4.999866e+00	4.983528e+02
1.678513218225795e-03	6.781237e-01	4.999866e+00	4.983529e+02
1.688753218225734e-03	6.781232e-01	4.999866e+00	4.983530e+02
1.698993218225673e-03	6.781228e-01	4.999866e+00	4.983531e+02
1.709233218225613e-03	6.781225e-01	4.999866e+00	4.983531e+02
1.719473218225552e-03	6.781222e-01	4.999866e+00	4.983532e+02
1.729713218225491e-03	6.781219e-01	4.999866e+00	4.983533e+02
1.739953218225430e-03	6.781216e-01	4.999866e+00	4.983533e+02
1.750193218225369e-03	6.781214e-01	4.999866e+00	4.983534e+02
1.760433218225309e-03	6.781212e-01	4.999866e+00	4.983534e+02
1.770673218225248e-03	6.781210e-01	4.999866e+00	4.983535e+02
1.780913218225187e-03	6.781209e-01	4.999866e+00	4.983535e+02
1.791153218225126e-03	6.781207e-01	4.999866e+00	4.983535e+02
1.801393218225065e-03	6.781206e-01	4.999866e+00	4.983536e+02
1.811633218225004e-03	6.781205e-01	4.999866e+00	4.983536e+02
1.821873218224944e-03	6.781204e-01	4.999866e+00	4.983536e+02
1.832113218224883e-03	6.781203e-01	4.999866e+00	4.983536e+02
1.842353218224822e-03	6.781203e-01	4.999866e+00	4.983536e+02
1.852593218224761e-03	6.781202e-01	4.999866e+00	4.983537e+02
1.862833218224700e-03	6.781201e-01	4.999866e+00	4.983537e+02
1.873073218224640e-03	6.781201e-01	4.999866e+00	4.983537e+02
1.883313218224579e-03	6.781200e-01	4.999866e+00	4.983537e+02
1.893553218224518e-03	6.781200e-01	4.999866e+00	4.983537e+02
1.903793218224457e-03	6.781199e-01	4.999866e+00	4.983537e+02
1.914033218224396e-03	6.781199e-01	4.999866e+00	4.983537e+02
1.924273218224336e-03	6.781198e-01	4.999866e+00	4.983537e+02
1.934513218224275e-03	6.781198e-01	4.999866e+00	4.983537e+02
1.944753218224214e-03	6.781198e-01	4.999866e+00	4.983537e+02
1.954993218224153e-03	6.781198e-01	4.999866e+00	4.983538e+02
1.965233218224092e-03	6.781198e-01	4.999866e+00	4.983538e+02
1.975473218224031e-03	6.781197e-01	4.999866e+00	4.983538e+02
1.985713218223971e-03	6.781197e-01	4.999866e+00	4.983538e+02
1.995953218223910e-03	6.781197e-01	4.999866e+00	4.983538e+02
2.006193218223849e-03	6.781197e-01	4.999866e+00	4.983538e+02
2.016433218223788e-03	6.781197e-01	4.999866e+00	4.983538e+02
2.026673218223727e-03	6.781197e-01	4.999866e+00	4.983538e+02
2.036913218223667e-03	6.781197e-01	4.999866e+00	4.983538e+02
2.047153218223606e-03	6.781197e-01	4.999866e+00	4.983538e+02
2.057393218223545e-03	6.781197e-01	4.999866e+00	4.983538e+02
2.067633218223484e-03	6.781197e-01	4.999866e+00	4.983538e+02
2.077873218223423e-03	6.781197e-01	4.999866e+00	4.983538e+02
2.088113218223363e-03	6.781197e-01	4.999866e+00	4.983538e+02
2.098353218223302e-03	6.781197e-01	4.999866e+00	4.983538e+02
2.108593218223241e-03	6.781197e-01	4.999866e+00	4.983538e+02
2.118833218223180e-03	6.781197e-01	4.999866e+00	4.983538e+02
2.129073218223119e-03	6.781196e-01	4.999866e+00	4.983538e+02
2.139313218223058e-03	6.781196e-01	4.999866e+00	4.983538e+02
2.149553218222998e-03	6.781196e-01	4.999866e+00	4.983538e+02
2.159793218222937e-03	6.781196e-01	4.999866e+00	4.983538e+02
2.170033218222876e-03	6.781196e-01	4.999866e+00	4.983538e+02
2.180273218222815e-03	6.781196e-01	4.999866e+00	4.983538e+02
2.190513218222754e-03	6.781196e-01	4.999866e+00	4.983538e+02
2.200753218222694e-03	6.781196e-01	4.999866e+00	4.983538e+02
2.210993218222633e-03	6.781196e-01	4.999866e+00	4.983538e+02
2.221233218222572e-03	6.781196e-01	4.999866e+00	4.983538e+02
2.231473218222511e-03	6.781196e-01	4.999866e+00	4.983538e+02
2.241713218222450e-03	6.781196e-01	4.999866e+00	4.983538e+02
2.251953218222389e-03	6.781196e-01	4.999866e+00	4.983538e+02
2.262193218222329e-03	6.781196e-01	4.999866e+00	4.983538e+02
2.272433218222268e-03	6.781196e-01	4.999866e+00	4.983538e+02
2.282673218222207e-03	6.781196e-01	4.999866e+00	4.983538e+02
2.292913218222146e-03	6.781196e-01	4.999866e+00	4.983538e+02
2.303153218222085e-03	6.781196e-01	4.999866e+00	4.983538e+02
2.313393218222025e-03	6.781196e-01	4.999866e+00	4.983538e+02
2.323633218221964e-03	6.781196e-01	4.999866e+00	4.983538e+02
2.333873218221903e-03	6.781196e-01	4.999866e+00	4.983538e+02
2.344113218221842e-03	6.781196e-01	4.999866e+00	4.983538e+02
2.354353218221781e-03	6.781196e-01	4.999866e+00	4.983538e+02
2.364593218221721e-03	6.781196e-01	4.999866e+00	4.983538e+02
2.374833218221660e-03	6.781196e-01	4.999866e+00	4.983538e+02
2.385073218221599e-03	6.781196e-01	4.999866e+00	4.983538e+02
2.395313218221538e-03	6.781196e-01	4.999866e+00	4.983538e+02
2.405553218221477e-03	6.781196e-01	4.999866e+00	4.983538e+02
2.415793218221416e-03	6.781196e-01	4.999866e+00	4.983538e+02
2.426033218221356e-03	6.781196e-01	4.999866e+00	4.983538e+02
2.436273218221295e-03	6.781196e-01	4.999866e+00	4.983538e+02
2.446513218221234e-03	6.781196e-01	4.999866e+00	4.983538e+02
2.456753218221173e-03	6.781196e-01	4.999866e+00	4.983538e+02
2.466993218221112e-03	6.781196e-01	4.999866e+00	4.983538e+02
2.477233218221052e-03	6.781196e-01	4.999866e+00	4.983538e+02
2.487473218220991e-03	6.781196e-01	4.999866e+00	4.983538e+02
2.497713218220930e-03	6.781196e-01	4.999866e+00	4.983538e+02
2.507953218220869e-03	6.781196e-01	4.999866e+00	4.983538e+02
2.518193218220808e-03	6.781196e-01	4.999866e+00	4.983538e+02
2.528433218220748e-03	6.781196e-01	4.999866e+00	4.983538e+02
2.538673218220687e-03	6.781196e-01	4.999866e+00	4.983538e+02
2.548913218220626e-03	6.781196e-01	4.999866e+00	4.983538e+02
2.559153218220565e-03	6.781196e-01	4.999866e+00	4.983538e+02
2.569393218220504e-03	6.781196e-01	4.999866e+00	4.983538e+02
2.579633218220443e-03	6.781196e-01	4.999866e+00	4.983538e+02
2.589873218220383e-03	6.781196e-01	4.999866e+00	4.983538e+02
2.600113218220322e-03	6.781196e-01	4.999866e+00	4.983538e+02
2.610353218220261e-03	6.781196e-01	4.999866e+00	4.983538e+02
2.620593218220200e-03	6.781196e-01	4.999866e+00	4.983538e+02
2.630833218220139e-03	6.781196e-01	4.999866e+00	4.983538e+02
2.641073218220079e-03	6.781196e-01	4.999866e+00	4.983538e+02
2.651313218220018e-03	6.781196e-01	4.999866e+00	4.983538e+02
2.661553218219957e-03	6.781196e-01	4.999866e+00	4.983538e+02
2.671793218219896e-03	6.781196e-01	4.999866e+00	4.983538e+02
2.682033218219835e-03	6.781196e-01	4.999866e+00	4.983538e+02
2.692273218219775e-03	6.781196e-01	4.999866e+00	4.983538e+02
2.702513218219714e-03	6.781196e-01	4.999866e+00	4.983538e+02
2.712753218219653e-03	6.781196e-01	4.999866e+00	4.983538e+02
2.722993218219592e-03	6.781196e-01	4.999866e+00	4.983538e+02
2.733233218219531e-03	6.781196e-01	4.999866e+00	4.983538e+02
2.743473218219470e-03	6.781196e-01	4.999866e+00	4.983538e+02
2.753713218219410e-03	6.781196e-01	4.999866e+00	4.983538e+02
2.763953218219349e-03	6.781196e-01	4.999866e+00	4.983538e+02
2.774193218219288e-03	6.781196e-01	4.999866e+00	4.983538e+02
2.784433218219227e-03	6.781196e-01	4.999866e+00	4.983538e+02
2.794673218219166e-03	6.781196e-01	4.999866e+00	4.983538e+02
2.804913218219106e-03	6.781196e-01	4.999866e+00	4.983538e+02
2.815153218219045e-03	6.781196e-01	4.999866e+00	4.983538e+02
2.825393218218984e-03	6.781196e-01	4.999866e+00	4.983538e+02
2.835633218218923e-03	6.781196e-01	4.999866e+00	4.983538e+02
2.845873218218862e-03	6.781196e-01	4.999866e+00	4.983538e+02
2.856113218218802e-03	6.781196e-01	4.999866e+00	4.983538e+02
2.866353218218741e-03	6.781196e-01	4.999866e+00	4.983538e+02
2.876593218218680e-03	6.781196e-01	4.999866e+00	4.983538e+02
2.886833218218619e-03	6.781196e-01	4.999866e+00	4.983538e+02
2.897073218218558e-03	6.781196e-01	4.999866e+00	4.983538e+02
2.907313218218497e-03	6.781196e-01	4.999866e+00	4.983538e+02
2.917553218218437e-03	6.781196e-01	4.999866e+00	4.983538e+02
2.927793218218376e-03	6.781196e-01	4.999866e+00	4.983538e+02
2.938033218218315e-03	6.781196e-01	4.999866e+00	4.983538e+02
2.948273218218254e-03	6.781196e-01	4.999866e+00	4.983538e+02
2.958513218218193e-03	6.781196e-01	4.999866e+00	4.983538e+02
2.968753218218133e-03	6.781196e-01	4.999866e+00	4.983538e+02
2.978993218218072e-03	6.781196e-01	4.999866e+00	4.983538e+02
2.989233218218011e-03	6.781196e-01	4.999866e+00	4.983538e+02
2.999473218217950e-03	6.781196e-01	4.999866e+00	4.983538e+02
3.000000000000000e-03	6.781196e-01	4.999866e+00	4.983538e+02
Step Information: Cpar=40p  (Step: 6/8)
0.000000000000000e+00	6.781196e-01	4.999866e+00	4.983538e+02
1.006310719976990e-05	6.781196e-01	4.999866e+00	4.983538e+02
2.030310719977066e-05	6.781196e-01	4.999866e+00	4.983538e+02
3.054310719977230e-05	6.781196e-01	4.999866e+00	4.983538e+02
4.078310719977393e-05	6.781196e-01	4.999866e+00	4.983538e+02
5.102310719977557e-05	6.781196e-01	4.999866e+00	4.983538e+02
6.126310719977705e-05	6.781196e-01	4.999866e+00	4.983538e+02
7.150310719977175e-05	6.781196e-01	4.999866e+00	4.983538e+02
8.174310719976644e-05	6.781196e-01	4.999866e+00	4.983538e+02
9.198310719976114e-05	6.781196e-01	4.999866e+00	4.983538e+02
1.022231071997558e-04	6.781196e-01	4.999866e+00	4.983538e+02
1.124631071997505e-04	6.781196e-01	4.999866e+00	4.983538e+02
1.227031071997452e-04	6.781196e-01	4.999866e+00	4.983538e+02
1.329431071997399e-04	6.781196e-01	4.999866e+00	4.983538e+02
1.431831071997346e-04	6.781196e-01	4.999866e+00	4.983538e+02
1.534231071997293e-04	6.781196e-01	4.999866e+00	4.983538e+02
1.636631071997240e-04	6.781196e-01	4.999866e+00	4.983538e+02
1.739031071997187e-04	6.781196e-01	4.999866e+00	4.983538e+02
1.841431071997134e-04	6.781196e-01	4.999866e+00	4.983538e+02
1.943831071997081e-04	6.781196e-01	4.999866e+00	4.983538e+02
2.046231071997028e-04	6.781196e-01	4.999866e+00	4.983538e+02
2.148631071996975e-04	6.781196e-01	4.999866e+00	4.983538e+02
2.251031071996922e-04	6.781196e-01	4.999866e+00	4.983538e+02
2.353431071996869e-04	6.781196e-01	4.999866e+00	4.983538e+02
2.455831071996817e-04	6.781196e-01	4.999866e+00	4.983538e+02
2.558231071996763e-04	6.781196e-01	4.999866e+00	4.983538e+02
2.660631071996710e-04	6.781196e-01	4.999866e+00	4.983538e+02
2.763031071996657e-04	6.781196e-01	4.999866e+00	4.983538e+02
2.865431071996604e-04	6.781196e-01	4.999866e+00	4.983538e+02
2.967831071996551e-04	6.781196e-01	4.999866e+00	4.983538e+02
3.070231071996498e-04	6.781196e-01	4.999866e+00	4.983538e+02
3.172631071996445e-04	6.781196e-01	4.999866e+00	4.983538e+02
3.275031071996392e-04	6.781196e-01	4.999866e+00	4.983538e+02
3.377431071996339e-04	6.781196e-01	4.999866e+00	4.983538e+02
3.479831071996286e-04	6.781196e-01	4.999866e+00	4.983538e+02
3.582231071996233e-04	6.781196e-01	4.999866e+00	4.983538e+02
3.684631071996180e-04	6.781196e-01	4.999866e+00	4.983538e+02
3.787031071996127e-04	6.781196e-01	4.999866e+00	4.983538e+02
3.889431071996074e-04	6.781196e-01	4.999866e+00	4.983538e+02
3.991831071996021e-04	6.781196e-01	4.999866e+00	4.983538e+02
4.094231071995968e-04	6.781196e-01	4.999866e+00	4.983538e+02
4.196631071995915e-04	6.781196e-01	4.999866e+00	4.983538e+02
4.299031071995862e-04	6.781196e-01	4.999866e+00	4.983538e+02
4.401431071995809e-04	6.781196e-01	4.999866e+00	4.983538e+02
4.503831071995756e-04	6.781196e-01	4.999866e+00	4.983538e+02
4.606231071995703e-04	6.781196e-01	4.999866e+00	4.983538e+02
4.708631071995650e-04	6.781196e-01	4.999866e+00	4.983538e+02
4.811031071995597e-04	6.781196e-01	4.999866e+00	4.983538e+02
4.913431071995710e-04	6.781196e-01	4.999866e+00	4.983538e+02
5.000000000000004e-04	6.781196e-01	4.999866e+00	4.983538e+02
5.000010000000000e-04	6.744529e-01	4.999866e+00	4.870403e+02
5.000042189788229e-04	5.842602e-01	4.999866e+00	4.195008e+02
5.000071134042219e-04	4.037153e-01	4.999866e+00	3.672055e+02
5.000101030964519e-04	1.473661e-01	4.999866e+00	3.203652e+02
5.000123365813783e-04	-7.300456e-02	4.999866e+00	2.895558e+02
5.000136873106658e-04	-1.891776e-01	4.999866e+00	2.724783e+02
5.000146735568123e-04	-2.270266e-01	4.999866e+00	2.606915e+02
5.000158523651132e-04	-2.306697e-01	4.999866e+00	2.473132e+02
5.000167000181250e-04	-2.310465e-01	4.999866e+00	2.381498e+02
5.000178263000016e-04	-2.321420e-01	4.999866e+00	2.265324e+02
5.000200788637547e-04	-2.336966e-01	4.999866e+00	2.050698e+02
5.000245839912609e-04	-2.356301e-01	4.999866e+00	1.683474e+02
5.000335942462733e-04	-2.360698e-01	4.999866e+00	1.140982e+02
5.000435942462733e-04	-2.332881e-01	4.999866e+00	7.533416e+01
5.000535942462734e-04	-2.284662e-01	4.999866e+00	5.078227e+01
5.000635942462734e-04	-2.226625e-01	4.999866e+00	3.497910e+01
5.000735942462735e-04	-2.161206e-01	4.999866e+00	2.461879e+01
5.000835942462735e-04	-2.092076e-01	4.999866e+00	1.768864e+01
5.000935942462736e-04	-2.019195e-01	4.999866e+00	1.295356e+01
5.001035942462736e-04	-1.945099e-01	4.999866e+00	9.648158e+00
5.001135942462737e-04	-1.869052e-01	4.999866e+00	7.292329e+00
5.001235942462737e-04	-1.792854e-01	4.999866e+00	5.580539e+00
5.001335942462738e-04	-1.715827e-01	4.999866e+00	4.315041e+00
5.001435942462738e-04	-1.639096e-01	4.999866e+00	3.365399e+00
5.001535942462739e-04	-1.562372e-01	4.999866e+00	2.643791e+00
5.001635942462739e-04	-1.486221e-01	4.999866e+00	2.089808e+00
5.001735942462740e-04	-1.410692e-01	4.999866e+00	1.661000e+00
5.001835942462740e-04	-1.336070e-01	4.999866e+00	1.326925e+00
5.001935942462741e-04	-1.262528e-01	4.999866e+00	1.065338e+00
5.002035942462741e-04	-1.190283e-01	4.999866e+00	8.597123e-01
5.002135942462742e-04	-1.119516e-01	4.999866e+00	6.975940e-01
5.002235942462742e-04	-1.050427e-01	4.999866e+00	5.694878e-01
5.002335942462743e-04	-9.831761e-02	4.999866e+00	4.680834e-01
5.002435942462743e-04	-9.179343e-02	4.999866e+00	3.877102e-01
5.002535942462743e-04	-8.548214e-02	4.999866e+00	3.239429e-01
5.002635942462744e-04	-7.939643e-02	4.999866e+00	2.733117e-01
5.002735942462744e-04	-7.354303e-02	4.999866e+00	2.330866e-01
5.002835942462745e-04	-6.792915e-02	4.999866e+00	2.011137e-01
5.002935942462745e-04	-6.255587e-02	4.999866e+00	1.756903e-01
5.003035942462746e-04	-5.742493e-02	4.999866e+00	1.554680e-01
5.003135942462746e-04	-5.253232e-02	4.999866e+00	1.393780e-01
5.003235942462747e-04	-4.787519e-02	4.999866e+00	1.265723e-01
5.003335942462747e-04	-4.344556e-02	4.999866e+00	1.163776e-01
5.003435942462748e-04	-3.923729e-02	4.999866e+00	1.082593e-01
5.003535942462748e-04	-3.523978e-02	4.999866e+00	1.017924e-01
5.003635942462749e-04	-3.144494e-02	4.999866e+00	9.663915e-02
5.003735942462749e-04	-2.784097e-02	4.999866e+00	9.253121e-02
5.003835942462750e-04	-2.441897e-02	4.999866e+00	8.925508e-02
5.003935942462750e-04	-2.116674e-02	4.999866e+00	8.664104e-02
5.004035942462751e-04	-1.807545e-02	4.999866e+00	8.455409e-02
5.004135942462751e-04	-1.513329e-02	4.999866e+00	8.288687e-02
5.004235942462752e-04	-1.233202e-02	4.999866e+00	8.155398e-02
5.004335942462752e-04	-9.660611e-03	4.999866e+00	8.048745e-02
5.004435942462753e-04	-7.111737e-03	4.999866e+00	7.963324e-02
5.004535942462753e-04	-4.675370e-03	4.999866e+00	7.894829e-02
5.004635942462754e-04	-2.345193e-03	4.999866e+00	7.839838e-02
5.004735942462754e-04	-1.122367e-04	4.999866e+00	7.795623e-02
5.004835942462755e-04	2.028790e-03	4.999866e+00	7.760014e-02
5.004935942462755e-04	4.085838e-03	4.999866e+00	7.731280e-02
5.005035942462756e-04	6.063235e-03	4.999866e+00	7.708047e-02
5.005135942462756e-04	7.967999e-03	4.999866e+00	7.689212e-02
5.005235942462757e-04	9.803591e-03	4.999866e+00	7.673904e-02
5.005335942462757e-04	1.157620e-02	4.999866e+00	7.661422e-02
5.005435942462758e-04	1.328854e-02	4.999866e+00	7.651209e-02
5.005535942462758e-04	1.494607e-02	4.999866e+00	7.642821e-02
5.005635942462759e-04	1.655086e-02	4.999866e+00	7.635903e-02
5.005735942462759e-04	1.810776e-02	4.999866e+00	7.630169e-02
5.005835942462760e-04	1.961830e-02	4.999866e+00	7.625394e-02
5.005935942462760e-04	2.108681e-02	4.999866e+00	7.621394e-02
5.006035942462761e-04	2.251435e-02	4.999866e+00	7.618023e-02
5.006135942462761e-04	2.390483e-02	4.999866e+00	7.615165e-02
5.006235942462762e-04	2.525893e-02	4.999866e+00	7.612726e-02
5.006335942462762e-04	2.658019e-02	4.999866e+00	7.610630e-02
5.006435942462763e-04	2.786898e-02	4.999866e+00	7.608815e-02
5.006535942462763e-04	2.912853e-02	4.999866e+00	7.607234e-02
5.006635942462764e-04	3.035894e-02	4.999866e+00	7.605844e-02
5.006735942462764e-04	3.156321e-02	4.999866e+00	7.604615e-02
5.006835942462765e-04	3.274122e-02	4.999866e+00	7.603521e-02
5.006935942462765e-04	3.389574e-02	4.999866e+00	7.602540e-02
5.007035942462766e-04	3.502647e-02	4.999866e+00	7.601654e-02
5.007135942462766e-04	3.613601e-02	4.999866e+00	7.600850e-02
5.007235942462767e-04	3.722392e-02	4.999866e+00	7.600115e-02
5.007335942462767e-04	3.829263e-02	4.999866e+00	7.599441e-02
5.007435942462768e-04	3.934158e-02	4.999866e+00	7.598818e-02
5.007535942462768e-04	4.037308e-02	4.999866e+00	7.598241e-02
5.007635942462768e-04	4.138645e-02	4.999866e+00	7.597703e-02
5.007735942462769e-04	4.238391e-02	4.999866e+00	7.597202e-02
5.007835942462769e-04	4.336468e-02	4.999866e+00	7.596731e-02
5.007935942462770e-04	4.433088e-02	4.999866e+00	7.596288e-02
5.008035942462770e-04	4.528168e-02	4.999866e+00	7.595870e-02
5.008135942462771e-04	4.621910e-02	4.999866e+00	7.595475e-02
5.008235942462771e-04	4.714225e-02	4.999866e+00	7.595100e-02
5.008335942462772e-04	4.805308e-02	4.999866e+00	7.594744e-02
5.008435942462772e-04	4.895065e-02	4.999866e+00	7.594406e-02
5.008535942462773e-04	4.983684e-02	4.999866e+00	7.594083e-02
5.008635942462773e-04	5.071068e-02	4.999866e+00	7.593774e-02
5.008735942462774e-04	5.157400e-02	4.999866e+00	7.593480e-02
5.008835942462774e-04	5.242575e-02	4.999866e+00	7.593197e-02
5.008935942462775e-04	5.326777e-02	4.999866e+00	7.592927e-02
5.009035942462775e-04	5.409895e-02	4.999866e+00	7.592667e-02
5.009135942462776e-04	5.492107e-02	4.999866e+00	7.592417e-02
5.009235942462776e-04	5.573303e-02	4.999866e+00	7.592177e-02
5.009335942462777e-04	5.653654e-02	4.999866e+00	7.591946e-02
5.009435942462777e-04	5.733049e-02	4.999866e+00	7.591724e-02
5.009535942462778e-04	5.811657e-02	4.999866e+00	7.591510e-02
5.009635942462778e-04	5.889363e-02	4.999866e+00	7.591303e-02
5.009735942462779e-04	5.966333e-02	4.999866e+00	7.591103e-02
5.009835942462779e-04	6.042451e-02	4.999866e+00	7.590910e-02
5.009935942462780e-04	6.117880e-02	4.999866e+00	7.590724e-02
5.010035942462780e-04	6.192503e-02	4.999866e+00	7.590543e-02
5.010135942462781e-04	6.266480e-02	4.999866e+00	7.590368e-02
5.010235942462781e-04	6.339692e-02	4.999866e+00	7.590199e-02
5.010335942462782e-04	6.412299e-02	4.999866e+00	7.590036e-02
5.010435942462782e-04	6.484179e-02	4.999866e+00	7.589877e-02
5.010535942462783e-04	6.555489e-02	4.999866e+00	7.589723e-02
5.010635942462783e-04	6.626109e-02	4.999866e+00	7.589573e-02
5.010735942462784e-04	6.696192e-02	4.999866e+00	7.589429e-02
5.010835942462784e-04	6.765617e-02	4.999866e+00	7.589288e-02
5.010935942462785e-04	6.834538e-02	4.999866e+00	7.589151e-02
5.011035942462785e-04	6.902830e-02	4.999866e+00	7.589018e-02
5.011135942462786e-04	6.970645e-02	4.999866e+00	7.588889e-02
5.011235942462786e-04	7.037862e-02	4.999866e+00	7.588764e-02
5.011335942462787e-04	7.104628e-02	4.999866e+00	7.588641e-02
5.011435942462787e-04	7.170820e-02	4.999866e+00	7.588522e-02
5.011535942462788e-04	7.236587e-02	4.999866e+00	7.588406e-02
5.011635942462788e-04	7.301805e-02	4.999866e+00	7.588293e-02
5.011735942462789e-04	7.366621e-02	4.999866e+00	7.588183e-02
5.011835942462789e-04	7.430910e-02	4.999866e+00	7.588076e-02
5.011935942462790e-04	7.494818e-02	4.999866e+00	7.587972e-02
5.012035942462790e-04	7.558220e-02	4.999866e+00	7.587869e-02
5.012135942462791e-04	7.621261e-02	4.999866e+00	7.587770e-02
5.012235942462791e-04	7.683817e-02	4.999866e+00	7.587674e-02
5.012335942462792e-04	7.746031e-02	4.999866e+00	7.587578e-02
5.012435942462792e-04	7.807777e-02	4.999866e+00	7.587486e-02
5.012535942462793e-04	7.869198e-02	4.999866e+00	7.587396e-02
5.012635942462793e-04	7.930170e-02	4.999866e+00	7.587308e-02
5.012735942462794e-04	7.990833e-02	4.999866e+00	7.587221e-02
5.012835942462794e-04	8.051063e-02	4.999866e+00	7.587137e-02
5.012935942462794e-04	8.110999e-02	4.999866e+00	7.587054e-02
5.013035942462795e-04	8.170518e-02	4.999866e+00	7.586974e-02
5.013135942462795e-04	8.229757e-02	4.999866e+00	7.586896e-02
5.013235942462796e-04	8.288594e-02	4.999866e+00	7.586818e-02
5.013335942462796e-04	8.347164e-02	4.999866e+00	7.586743e-02
5.013435942462797e-04	8.405345e-02	4.999866e+00	7.586669e-02
5.013535942462797e-04	8.463273e-02	4.999866e+00	7.586597e-02
5.013635942462798e-04	8.520824e-02	4.999866e+00	7.586526e-02
5.013735942462798e-04	8.578135e-02	4.999866e+00	7.586457e-02
5.013835942462799e-04	8.635081e-02	4.999866e+00	7.586389e-02
5.013935942462799e-04	8.691798e-02	4.999866e+00	7.586323e-02
5.014035942462800e-04	8.748161e-02	4.999866e+00	7.586257e-02
5.014135942462800e-04	8.804306e-02	4.999866e+00	7.586193e-02
5.014235942462801e-04	8.860108e-02	4.999866e+00	7.586130e-02
5.014335942462801e-04	8.915702e-02	4.999866e+00	7.586069e-02
5.014435942462802e-04	8.970964e-02	4.999866e+00	7.586009e-02
5.014535942462802e-04	9.026027e-02	4.999866e+00	7.585950e-02
5.014635942462803e-04	9.080768e-02	4.999866e+00	7.585892e-02
5.014735942462803e-04	9.135319e-02	4.999866e+00	7.585835e-02
5.014835942462804e-04	9.189557e-02	4.999866e+00	7.585780e-02
5.014935942462804e-04	9.243613e-02	4.999866e+00	7.585724e-02
5.015035942462805e-04	9.297366e-02	4.999866e+00	7.585671e-02
5.015135942462805e-04	9.350946e-02	4.999866e+00	7.585618e-02
5.015235942462806e-04	9.404229e-02	4.999866e+00	7.585566e-02
5.015335942462806e-04	9.457348e-02	4.999866e+00	7.585516e-02
5.015435942462807e-04	9.510179e-02	4.999866e+00	7.585466e-02
5.015535942462807e-04	9.562852e-02	4.999866e+00	7.585417e-02
5.015635942462808e-04	9.615245e-02	4.999866e+00	7.585368e-02
5.015735942462808e-04	9.667487e-02	4.999866e+00	7.585321e-02
5.015835942462809e-04	9.719455e-02	4.999866e+00	7.585274e-02
5.015935942462809e-04	9.771280e-02	4.999866e+00	7.585228e-02
5.016035942462810e-04	9.822839e-02	4.999866e+00	7.585184e-02
5.016135942462810e-04	9.874259e-02	4.999866e+00	7.585139e-02
5.016235942462811e-04	9.925421e-02	4.999866e+00	7.585096e-02
5.016335942462811e-04	9.976450e-02	4.999866e+00	7.585052e-02
5.016435942462812e-04	1.002723e-01	4.999866e+00	7.585011e-02
5.016535942462812e-04	1.007788e-01	4.999866e+00	7.584969e-02
5.016635942462813e-04	1.012828e-01	4.999866e+00	7.584928e-02
5.016735942462813e-04	1.017856e-01	4.999866e+00	7.584888e-02
5.016835942462814e-04	1.022860e-01	4.999866e+00	7.584848e-02
5.016935942462814e-04	1.027853e-01	4.999866e+00	7.584810e-02
5.017035942462815e-04	1.032822e-01	4.999866e+00	7.584772e-02
5.017135942462815e-04	1.037780e-01	4.999866e+00	7.584734e-02
5.017235942462816e-04	1.042715e-01	4.999866e+00	7.584696e-02
5.017335942462816e-04	1.047639e-01	4.999866e+00	7.584660e-02
5.017435942462817e-04	1.052541e-01	4.999866e+00	7.584624e-02
5.017535942462817e-04	1.057433e-01	4.999866e+00	7.584588e-02
5.017635942462818e-04	1.062302e-01	4.999866e+00	7.584554e-02
5.017735942462818e-04	1.067162e-01	4.999866e+00	7.584519e-02
5.017835942462819e-04	1.072001e-01	4.999866e+00	7.584485e-02
5.017935942462819e-04	1.076830e-01	4.999866e+00	7.584452e-02
5.018035942462819e-04	1.081638e-01	4.999866e+00	7.584419e-02
5.018135942462820e-04	1.086437e-01	4.999866e+00	7.584386e-02
5.018235942462820e-04	1.091216e-01	4.999866e+00	7.584354e-02
5.018335942462821e-04	1.095985e-01	4.999866e+00	7.584323e-02
5.018435942462821e-04	1.100735e-01	4.999866e+00	7.584292e-02
5.018535942462822e-04	1.105477e-01	4.999866e+00	7.584261e-02
5.018635942462822e-04	1.110198e-01	4.999866e+00	7.584231e-02
5.018735942462823e-04	1.114912e-01	4.999866e+00	7.584202e-02
5.018835942462823e-04	1.119607e-01	4.999866e+00	7.584172e-02
5.018935942462824e-04	1.124294e-01	4.999866e+00	7.584143e-02
5.019035942462824e-04	1.128962e-01	4.999866e+00	7.584114e-02
5.019135942462825e-04	1.133623e-01	4.999866e+00	7.584086e-02
5.019235942462825e-04	1.138265e-01	4.999866e+00	7.584058e-02
5.019335942462826e-04	1.142900e-01	4.999866e+00	7.584031e-02
5.019435942462826e-04	1.147517e-01	4.999866e+00	7.584003e-02
5.019535942462827e-04	1.152127e-01	4.999866e+00	7.583977e-02
5.019635942462827e-04	1.156719e-01	4.999866e+00	7.583950e-02
5.019735942462828e-04	1.161305e-01	4.999866e+00	7.583924e-02
5.019835942462828e-04	1.165873e-01	4.999866e+00	7.583898e-02
5.019935942462829e-04	1.170435e-01	4.999866e+00	7.583873e-02
5.020010000000001e-04	1.173802e-01	4.999866e+00	7.583854e-02
5.020013333333334e-04	1.173954e-01	4.999866e+00	7.583854e-02
5.020020000000001e-04	1.174260e-01	4.999866e+00	7.701340e-02
5.020033333333334e-04	1.174893e-01	4.999866e+00	8.170579e-02
5.020053037872071e-04	1.175895e-01	4.999866e+00	8.861504e-02
5.020075075548962e-04	1.177103e-01	4.999866e+00	9.630825e-02
5.020119150902742e-04	1.179774e-01	4.999866e+00	1.115956e-01
5.020207301610302e-04	1.185990e-01	4.999866e+00	1.418283e-01
5.020307301610303e-04	1.194201e-01	4.999866e+00	1.756698e-01
5.020407301610303e-04	1.203353e-01	4.999866e+00	2.091386e-01
5.020507301610304e-04	1.213210e-01	4.999866e+00	2.423254e-01
5.020607301610304e-04	1.223592e-01	4.999866e+00	2.752989e-01
5.020707301610305e-04	1.234366e-01	4.999866e+00	3.081106e-01
5.020807301610305e-04	1.245428e-01	4.999866e+00	3.407998e-01
5.020907301610306e-04	1.256702e-01	4.999866e+00	3.733958e-01
5.021007301610306e-04	1.268132e-01	4.999866e+00	4.059210e-01
5.021107301610307e-04	1.279673e-01	4.999866e+00	4.383921e-01
5.021207301610307e-04	1.291293e-01	4.999866e+00	4.708219e-01
5.021307301610308e-04	1.302967e-01	4.999866e+00	5.032198e-01
5.021407301610308e-04	1.314677e-01	4.999866e+00	5.355933e-01
5.021507301610308e-04	1.326410e-01	4.999866e+00	5.679476e-01
5.021607301610309e-04	1.338154e-01	4.999866e+00	6.002870e-01
5.021707301610309e-04	1.349903e-01	4.999866e+00	6.326145e-01
5.021807301610310e-04	1.361651e-01	4.999866e+00	6.649325e-01
5.021907301610310e-04	1.373393e-01	4.999866e+00	6.972427e-01
5.022007301610311e-04	1.385127e-01	4.999866e+00	7.295466e-01
5.022107301610311e-04	1.396850e-01	4.999866e+00	7.618451e-01
5.022207301610312e-04	1.408560e-01	4.999866e+00	7.941390e-01
5.022307301610312e-04	1.420258e-01	4.999866e+00	8.264289e-01
5.022407301610313e-04	1.431941e-01	4.999866e+00	8.587152e-01
5.022507301610313e-04	1.443610e-01	4.999866e+00	8.909982e-01
5.022607301610314e-04	1.455263e-01	4.999866e+00	9.232782e-01
5.022707301610314e-04	1.466902e-01	4.999866e+00	9.555554e-01
5.022807301610315e-04	1.478526e-01	4.999866e+00	9.878300e-01
5.022907301610315e-04	1.490135e-01	4.999866e+00	1.020102e+00
5.023007301610316e-04	1.501729e-01	4.999866e+00	1.052371e+00
5.023107301610316e-04	1.513308e-01	4.999866e+00	1.084638e+00
5.023207301610317e-04	1.524872e-01	4.999866e+00	1.116903e+00
5.023307301610317e-04	1.536423e-01	4.999866e+00	1.149166e+00
5.023407301610318e-04	1.547959e-01	4.999866e+00	1.181426e+00
5.023507301610318e-04	1.559481e-01	4.999866e+00	1.213683e+00
5.023607301610319e-04	1.570990e-01	4.999866e+00	1.245939e+00
5.023707301610319e-04	1.582485e-01	4.999866e+00	1.278192e+00
5.023807301610320e-04	1.593967e-01	4.999866e+00	1.310443e+00
5.023907301610320e-04	1.605435e-01	4.999866e+00	1.342692e+00
5.024007301610321e-04	1.616891e-01	4.999866e+00	1.374939e+00
5.024107301610321e-04	1.628335e-01	4.999866e+00	1.407183e+00
5.024207301610322e-04	1.639765e-01	4.999866e+00	1.439426e+00
5.024307301610322e-04	1.651184e-01	4.999866e+00	1.471666e+00
5.024407301610323e-04	1.662590e-01	4.999866e+00	1.503903e+00
5.024507301610323e-04	1.673985e-01	4.999866e+00	1.536139e+00
5.024607301610324e-04	1.685368e-01	4.999866e+00	1.568372e+00
5.024707301610324e-04	1.696739e-01	4.999866e+00	1.600604e+00
5.024807301610325e-04	1.708099e-01	4.999866e+00	1.632833e+00
5.024907301610325e-04	1.719448e-01	4.999866e+00	1.665059e+00
5.025007301610326e-04	1.730786e-01	4.999866e+00	1.697284e+00
5.025107301610326e-04	1.742113e-01	4.999866e+00	1.729507e+00
5.025207301610327e-04	1.753429e-01	4.999866e+00	1.761727e+00
5.025307301610327e-04	1.764735e-01	4.999866e+00	1.793945e+00
5.025407301610328e-04	1.776030e-01	4.999866e+00	1.826161e+00
5.025507301610328e-04	1.787314e-01	4.999866e+00	1.858375e+00
5.025607301610329e-04	1.798589e-01	4.999866e+00	1.890586e+00
5.025707301610329e-04	1.809854e-01	4.999866e+00	1.922796e+00
5.025807301610330e-04	1.821108e-01	4.999866e+00	1.955003e+00
5.025907301610330e-04	1.832353e-01	4.999866e+00	1.987208e+00
5.026007301610331e-04	1.843588e-01	4.999866e+00	2.019411e+00
5.026107301610331e-04	1.854813e-01	4.999866e+00	2.051612e+00
5.026207301610332e-04	1.866029e-01	4.999866e+00	2.083810e+00
5.026307301610332e-04	1.877236e-01	4.999866e+00	2.116007e+00
5.026407301610333e-04	1.888433e-01	4.999866e+00	2.148201e+00
5.026507301610333e-04	1.899621e-01	4.999866e+00	2.180393e+00
5.026607301610333e-04	1.910800e-01	4.999866e+00	2.212583e+00
5.026707301610334e-04	1.921969e-01	4.999866e+00	2.244771e+00
5.026807301610334e-04	1.933130e-01	4.999866e+00	2.276956e+00
5.026907301610335e-04	1.944282e-01	4.999866e+00	2.309139e+00
5.027007301610335e-04	1.955425e-01	4.999866e+00	2.341321e+00
5.027107301610336e-04	1.966560e-01	4.999866e+00	2.373500e+00
5.027207301610336e-04	1.977686e-01	4.999866e+00	2.405677e+00
5.027307301610337e-04	1.988803e-01	4.999866e+00	2.437852e+00
5.027407301610337e-04	1.999912e-01	4.999866e+00	2.470024e+00
5.027507301610338e-04	2.011012e-01	4.999866e+00	2.502195e+00
5.027607301610338e-04	2.022104e-01	4.999866e+00	2.534363e+00
5.027707301610339e-04	2.033187e-01	4.999866e+00	2.566529e+00
5.027807301610339e-04	2.044263e-01	4.999866e+00	2.598693e+00
5.027907301610340e-04	2.055330e-01	4.999866e+00	2.630855e+00
5.028007301610340e-04	2.066389e-01	4.999866e+00	2.663015e+00
5.028107301610341e-04	2.077440e-01	4.999866e+00	2.695173e+00
5.028207301610341e-04	2.088483e-01	4.999866e+00	2.727328e+00
5.028307301610342e-04	2.099518e-01	4.999866e+00	2.759481e+00
5.028407301610342e-04	2.110545e-01	4.999866e+00	2.791632e+00
5.028507301610343e-04	2.121565e-01	4.999866e+00	2.823781e+00
5.028607301610343e-04	2.132576e-01	4.999866e+00	2.855928e+00
5.028707301610344e-04	2.143580e-01	4.999866e+00	2.888073e+00
5.028807301610344e-04	2.154576e-01	4.999866e+00	2.920215e+00
5.028907301610345e-04	2.165564e-01	4.999866e+00	2.952356e+00
5.029007301610345e-04	2.176545e-01	4.999866e+00	2.984494e+00
5.029107301610346e-04	2.187518e-01	4.999866e+00	3.016630e+00
5.029207301610346e-04	2.198484e-01	4.999866e+00	3.048764e+00
5.029307301610347e-04	2.209442e-01	4.999866e+00	3.080896e+00
5.029407301610347e-04	2.220392e-01	4.999866e+00	3.113025e+00
5.029507301610348e-04	2.231335e-01	4.999866e+00	3.145153e+00
5.029607301610348e-04	2.242271e-01	4.999866e+00	3.177278e+00
5.029707301610349e-04	2.253199e-01	4.999866e+00	3.209401e+00
5.029807301610349e-04	2.264120e-01	4.999866e+00	3.241523e+00
5.029907301610350e-04	2.275034e-01	4.999866e+00	3.273642e+00
5.030007301610350e-04	2.285940e-01	4.999866e+00	3.305758e+00
5.030107301610351e-04	2.296839e-01	4.999866e+00	3.337873e+00
5.030207301610351e-04	2.307730e-01	4.999866e+00	3.369986e+00
5.030307301610352e-04	2.318615e-01	4.999866e+00	3.402096e+00
5.030407301610352e-04	2.329492e-01	4.999866e+00	3.434204e+00
5.030507301610353e-04	2.340363e-01	4.999866e+00	3.466310e+00
5.030607301610353e-04	2.351226e-01	4.999866e+00	3.498414e+00
5.030707301610354e-04	2.362082e-01	4.999866e+00	3.530516e+00
5.030807301610354e-04	2.372930e-01	4.999866e+00	3.562616e+00
5.030907301610355e-04	2.383772e-01	4.999866e+00	3.594713e+00
5.031007301610355e-04	2.394607e-01	4.999866e+00	3.626809e+00
5.031107301610356e-04	2.405435e-01	4.999866e+00	3.658902e+00
5.031207301610356e-04	2.416255e-01	4.999866e+00	3.690993e+00
5.031307301610357e-04	2.427069e-01	4.999866e+00	3.723082e+00
5.031407301610357e-04	2.437876e-01	4.999866e+00	3.755169e+00
5.031507301610358e-04	2.448676e-01	4.999866e+00	3.787254e+00
5.031607301610358e-04	2.459469e-01	4.999866e+00	3.819336e+00
5.031707301610358e-04	2.470255e-01	4.999866e+00	3.851417e+00
5.031807301610359e-04	2.481034e-01	4.999866e+00	3.883495e+00
5.031907301610359e-04	2.491806e-01	4.999866e+00	3.915571e+00
5.032007301610360e-04	2.502571e-01	4.999866e+00	3.947645e+00
5.032107301610360e-04	2.513330e-01	4.999866e+00	3.979717e+00
5.032207301610361e-04	2.524081e-01	4.999866e+00	4.011787e+00
5.032307301610361e-04	2.534826e-01	4.999866e+00	4.043855e+00
5.032407301610362e-04	2.545564e-01	4.999866e+00	4.075921e+00
5.032507301610362e-04	2.556295e-01	4.999866e+00	4.107984e+00
5.032607301610363e-04	2.567020e-01	4.999866e+00	4.140045e+00
5.032707301610363e-04	2.577738e-01	4.999866e+00	4.172104e+00
5.032807301610364e-04	2.588449e-01	4.999866e+00	4.204161e+00
5.032907301610364e-04	2.599153e-01	4.999866e+00	4.236216e+00
5.033007301610365e-04	2.609850e-01	4.999866e+00	4.268269e+00
5.033107301610365e-04	2.620541e-01	4.999866e+00	4.300320e+00
5.033207301610366e-04	2.631225e-01	4.999866e+00	4.332368e+00
5.033307301610366e-04	2.641902e-01	4.999866e+00	4.364414e+00
5.033407301610367e-04	2.652573e-01	4.999866e+00	4.396459e+00
5.033507301610367e-04	2.663237e-01	4.999866e+00	4.428501e+00
5.033607301610368e-04	2.673894e-01	4.999866e+00	4.460541e+00
5.033707301610368e-04	2.684544e-01	4.999866e+00	4.492579e+00
5.033807301610369e-04	2.695188e-01	4.999866e+00	4.524614e+00
5.033907301610369e-04	2.705825e-01	4.999866e+00	4.556648e+00
5.034007301610370e-04	2.716456e-01	4.999866e+00	4.588679e+00
5.034107301610370e-04	2.727080e-01	4.999866e+00	4.620708e+00
5.034207301610371e-04	2.737697e-01	4.999866e+00	4.652736e+00
5.034307301610371e-04	2.748308e-01	4.999866e+00	4.684761e+00
5.034407301610372e-04	2.758912e-01	4.999866e+00	4.716784e+00
5.034507301610372e-04	2.769510e-01	4.999866e+00	4.748805e+00
5.034607301610373e-04	2.780100e-01	4.999866e+00	4.780823e+00
5.034707301610373e-04	2.790685e-01	4.999866e+00	4.812840e+00
5.034807301610374e-04	2.801262e-01	4.999866e+00	4.844854e+00
5.034907301610374e-04	2.811834e-01	4.999866e+00	4.876866e+00
5.035007301610375e-04	2.822398e-01	4.999866e+00	4.908876e+00
5.035107301610375e-04	2.832956e-01	4.999866e+00	4.940885e+00
5.035207301610376e-04	2.843508e-01	4.999866e+00	4.972890e+00
5.035307301610376e-04	2.854053e-01	4.999866e+00	5.004894e+00
5.035407301610377e-04	2.864591e-01	4.999866e+00	5.036896e+00
5.035507301610377e-04	2.875123e-01	4.999866e+00	5.068895e+00
5.035607301610378e-04	2.885648e-01	4.999866e+00	5.100893e+00
5.035707301610378e-04	2.896167e-01	4.999866e+00	5.132888e+00
5.035807301610379e-04	2.906679e-01	4.999866e+00	5.164881e+00
5.035907301610379e-04	2.917185e-01	4.999866e+00	5.196872e+00
5.036007301610380e-04	2.927684e-01	4.999866e+00	5.228861e+00
5.036107301610380e-04	2.938176e-01	4.999866e+00	5.260848e+00
5.036207301610381e-04	2.948663e-01	4.999866e+00	5.292833e+00
5.036307301610381e-04	2.959142e-01	4.999866e+00	5.324815e+00
5.036407301610382e-04	2.969615e-01	4.999866e+00	5.356796e+00
5.036507301610382e-04	2.980082e-01	4.999866e+00	5.388774e+00
5.036607301610383e-04	2.990542e-01	4.999866e+00	5.420750e+00
5.036707301610383e-04	3.000996e-01	4.999866e+00	5.452724e+00
5.036807301610384e-04	3.011443e-01	4.999866e+00	5.484696e+00
5.036907301610384e-04	3.021883e-01	4.999866e+00	5.516666e+00
5.037007301610384e-04	3.032317e-01	4.999866e+00	5.548634e+00
5.037107301610385e-04	3.042745e-01	4.999866e+00	5.580599e+00
5.037207301610385e-04	3.053166e-01	4.999866e+00	5.612563e+00
5.037307301610386e-04	3.063581e-01	4.999866e+00	5.644524e+00
5.037407301610386e-04	3.073989e-01	4.999866e+00	5.676483e+00
5.037507301610387e-04	3.084391e-01	4.999866e+00	5.708440e+00
5.037607301610387e-04	3.094786e-01	4.999866e+00	5.740395e+00
5.037707301610388e-04	3.105175e-01	4.999866e+00	5.772348e+00
5.037807301610388e-04	3.115557e-01	4.999866e+00	5.804298e+00
5.037907301610389e-04	3.125933e-01	4.999866e+00	5.836247e+00
5.038007301610389e-04	3.136303e-01	4.999866e+00	5.868194e+00
5.038107301610390e-04	3.146666e-01	4.999866e+00	5.900138e+00
5.038207301610390e-04	3.157022e-01	4.999866e+00	5.932080e+00
5.038307301610391e-04	3.167372e-01	4.999866e+00	5.964020e+00
5.038407301610391e-04	3.177716e-01	4.999866e+00	5.995958e+00
5.038507301610392e-04	3.188053e-01	4.999866e+00	6.027894e+00
5.038607301610392e-04	3.198384e-01	4.999866e+00	6.059828e+00
5.038707301610393e-04	3.208708e-01	4.999866e+00	6.091759e+00
5.038807301610393e-04	3.219026e-01	4.999866e+00	6.123689e+00
5.038907301610394e-04	3.229337e-01	4.999866e+00	6.155616e+00
5.039007301610394e-04	3.239642e-01	4.999866e+00	6.187541e+00
5.039107301610395e-04	3.249941e-01	4.999866e+00	6.219465e+00
5.039207301610395e-04	3.260233e-01	4.999866e+00	6.251386e+00
5.039307301610396e-04	3.270518e-01	4.999866e+00	6.283304e+00
5.039407301610396e-04	3.280798e-01	4.999866e+00	6.315221e+00
5.039507301610397e-04	3.291071e-01	4.999866e+00	6.347136e+00
5.039607301610397e-04	3.301337e-01	4.999866e+00	6.379048e+00
5.039707301610398e-04	3.311597e-01	4.999866e+00	6.410959e+00
5.039807301610398e-04	3.321851e-01	4.999866e+00	6.442867e+00
5.039907301610399e-04	3.332098e-01	4.999866e+00	6.474773e+00
5.040007301610399e-04	3.342339e-01	4.999866e+00	6.506677e+00
5.040107301610400e-04	3.352573e-01	4.999866e+00	6.538579e+00
5.040207301610400e-04	3.362800e-01	4.999866e+00	6.570479e+00
5.040307301610401e-04	3.373022e-01	4.999866e+00	6.602377e+00
5.040407301610401e-04	3.383237e-01	4.999866e+00	6.634272e+00
5.040507301610402e-04	3.393446e-01	4.999866e+00	6.666166e+00
5.040607301610402e-04	3.403648e-01	4.999866e+00	6.698057e+00
5.040707301610403e-04	3.413844e-01	4.999866e+00	6.729946e+00
5.040807301610403e-04	3.424033e-01	4.999866e+00	6.761834e+00
5.040907301610404e-04	3.434216e-01	4.999866e+00	6.793718e+00
5.041007301610404e-04	3.444393e-01	4.999866e+00	6.825601e+00
5.041107301610405e-04	3.454563e-01	4.999866e+00	6.857482e+00
5.041207301610405e-04	3.464727e-01	4.999866e+00	6.889361e+00
5.041307301610406e-04	3.474884e-01	4.999866e+00	6.921237e+00
5.041407301610406e-04	3.485035e-01	4.999866e+00	6.953112e+00
5.041507301610407e-04	3.495180e-01	4.999866e+00	6.984984e+00
5.041607301610407e-04	3.505318e-01	4.999866e+00	7.016854e+00
5.041707301610408e-04	3.515449e-01	4.999866e+00	7.048722e+00
5.041807301610408e-04	3.525575e-01	4.999866e+00	7.080588e+00
5.041907301610409e-04	3.535694e-01	4.999866e+00	7.112452e+00
5.042007301610409e-04	3.545806e-01	4.999866e+00	7.144314e+00
5.042107301610409e-04	3.555913e-01	4.999866e+00	7.176173e+00
5.042207301610410e-04	3.566012e-01	4.999866e+00	7.208031e+00
5.042307301610410e-04	3.576106e-01	4.999866e+00	7.239886e+00
5.042407301610411e-04	3.586193e-01	4.999866e+00	7.271739e+00
5.042507301610411e-04	3.596274e-01	4.999866e+00	7.303590e+00
5.042607301610412e-04	3.606348e-01	4.999866e+00	7.335440e+00
5.042707301610412e-04	3.616416e-01	4.999866e+00	7.367286e+00
5.042807301610413e-04	3.626477e-01	4.999866e+00	7.399131e+00
5.042907301610413e-04	3.636532e-01	4.999866e+00	7.430974e+00
5.043007301610414e-04	3.646581e-01	4.999866e+00	7.462814e+00
5.043107301610414e-04	3.656623e-01	4.999866e+00	7.494653e+00
5.043207301610415e-04	3.666659e-01	4.999866e+00	7.526489e+00
5.043307301610415e-04	3.676689e-01	4.999866e+00	7.558323e+00
5.043407301610416e-04	3.686712e-01	4.999866e+00	7.590156e+00
5.043507301610416e-04	3.696729e-01	4.999866e+00	7.621985e+00
5.043607301610417e-04	3.706739e-01	4.999866e+00	7.653813e+00
5.043707301610417e-04	3.716743e-01	4.999866e+00	7.685639e+00
5.043807301610418e-04	3.726741e-01	4.999866e+00	7.717463e+00
5.043907301610418e-04	3.736732e-01	4.999866e+00	7.749284e+00
5.044007301610419e-04	3.746717e-01	4.999866e+00	7.781104e+00
5.044107301610419e-04	3.756696e-01	4.999866e+00	7.812921e+00
5.044207301610420e-04	3.766668e-01	4.999866e+00	7.844736e+00
5.044307301610420e-04	3.776633e-01	4.999866e+00	7.876549e+00
5.044407301610421e-04	3.786593e-01	4.999866e+00	7.908360e+00
5.044507301610421e-04	3.796546e-01	4.999866e+00	7.940169e+00
5.044607301610422e-04	3.806493e-01	4.999866e+00	7.971976e+00
5.044707301610422e-04	3.816433e-01	4.999866e+00	8.003780e+00
5.044807301610423e-04	3.826367e-01	4.999866e+00	8.035583e+00
5.044907301610423e-04	3.836295e-01	4.999866e+00	8.067384e+00
5.045007301610424e-04	3.846216e-01	4.999866e+00	8.099182e+00
5.045107301610424e-04	3.856131e-01	4.999866e+00	8.130979e+00
5.045207301610425e-04	3.866039e-01	4.999866e+00	8.162772e+00
5.045307301610425e-04	3.875941e-01	4.999866e+00	8.194564e+00
5.045407301610426e-04	3.885837e-01	4.999866e+00	8.226354e+00
5.045507301610426e-04	3.895727e-01	4.999866e+00	8.258142e+00
5.045607301610427e-04	3.905610e-01	4.999866e+00	8.289927e+00
5.045707301610427e-04	3.915486e-01	4.999866e+00	8.321711e+00
5.045807301610428e-04	3.925357e-01	4.999866e+00	8.353493e+00
5.045907301610428e-04	3.935221e-01	4.999866e+00	8.385272e+00
5.046007301610429e-04	3.945078e-01	4.999866e+00	8.417049e+00
5.046107301610429e-04	3.954929e-01	4.999866e+00	8.448824e+00
5.046207301610430e-04	3.964774e-01	4.999866e+00	8.480597e+00
5.046307301610430e-04	3.974613e-01	4.999866e+00	8.512368e+00
5.046407301610431e-04	3.984445e-01	4.999866e+00	8.544137e+00
5.046507301610431e-04	3.994271e-01	4.999866e+00	8.575903e+00
5.046607301610432e-04	4.004090e-01	4.999866e+00	8.607668e+00
5.046707301610432e-04	4.013904e-01	4.999866e+00	8.639430e+00
5.046807301610433e-04	4.023710e-01	4.999866e+00	8.671191e+00
5.046907301610433e-04	4.033511e-01	4.999866e+00	8.702949e+00
5.047007301610434e-04	4.043305e-01	4.999866e+00	8.734705e+00
5.047107301610434e-04	4.053093e-01	4.999866e+00	8.766459e+00
5.047207301610434e-04	4.062874e-01	4.999866e+00	8.798211e+00
5.047307301610435e-04	4.072649e-01	4.999866e+00	8.829961e+00
5.047407301610435e-04	4.082418e-01	4.999866e+00	8.861709e+00
5.047507301610436e-04	4.092181e-01	4.999866e+00	8.893454e+00
5.047607301610436e-04	4.101937e-01	4.999866e+00	8.925198e+00
5.047707301610437e-04	4.111686e-01	4.999866e+00	8.956939e+00
5.047807301610437e-04	4.121430e-01	4.999866e+00	8.988678e+00
5.047907301610438e-04	4.131167e-01	4.999866e+00	9.020415e+00
5.048007301610438e-04	4.140898e-01	4.999866e+00	9.052151e+00
5.048107301610439e-04	4.150622e-01	4.999866e+00	9.083883e+00
5.048207301610439e-04	4.160340e-01	4.999866e+00	9.115614e+00
5.048307301610440e-04	4.170052e-01	4.999866e+00	9.147343e+00
5.048407301610440e-04	4.179757e-01	4.999866e+00	9.179070e+00
5.048507301610441e-04	4.189456e-01	4.999866e+00	9.210794e+00
5.048607301610441e-04	4.199149e-01	4.999866e+00	9.242517e+00
5.048707301610442e-04	4.208835e-01	4.999866e+00	9.274237e+00
5.048807301610442e-04	4.218515e-01	4.999866e+00	9.305955e+00
5.048907301610443e-04	4.228189e-01	4.999866e+00	9.337671e+00
5.049007301610443e-04	4.237857e-01	4.999866e+00	9.369385e+00
5.049107301610444e-04	4.247518e-01	4.999866e+00	9.401097e+00
5.049207301610444e-04	4.257173e-01	4.999866e+00	9.432807e+00
5.049307301610445e-04	4.266821e-01	4.999866e+00	9.464515e+00
5.049407301610445e-04	4.276463e-01	4.999866e+00	9.496220e+00
5.049507301610446e-04	4.286099e-01	4.999866e+00	9.527924e+00
5.049607301610446e-04	4.295729e-01	4.999866e+00	9.559625e+00
5.049707301610447e-04	4.305352e-01	4.999866e+00	9.591324e+00
5.049807301610447e-04	4.314969e-01	4.999866e+00	9.623021e+00
5.049907301610448e-04	4.324579e-01	4.999866e+00	9.654716e+00
5.050007301610448e-04	4.334183e-01	4.999866e+00	9.686409e+00
5.050107301610449e-04	4.343781e-01	4.999866e+00	9.718100e+00
5.050207301610449e-04	4.353373e-01	4.999866e+00	9.749788e+00
5.050307301610450e-04	4.362958e-01	4.999866e+00	9.781475e+00
5.050407301610450e-04	4.372537e-01	4.999866e+00	9.813160e+00
5.050507301610451e-04	4.382110e-01	4.999866e+00	9.844842e+00
5.050607301610451e-04	4.391676e-01	4.999866e+00	9.876522e+00
5.050707301610452e-04	4.401236e-01	4.999866e+00	9.908200e+00
5.050807301610452e-04	4.410790e-01	4.999866e+00	9.939877e+00
5.050907301610453e-04	4.420338e-01	4.999866e+00	9.971551e+00
5.051007301610453e-04	4.429879e-01	4.999866e+00	1.000322e+01
5.051107301610454e-04	4.439414e-01	4.999866e+00	1.003489e+01
5.051207301610454e-04	4.448942e-01	4.999866e+00	1.006656e+01
5.051307301610455e-04	4.458465e-01	4.999866e+00	1.009823e+01
5.051407301610455e-04	4.467981e-01	4.999866e+00	1.012989e+01
5.051507301610456e-04	4.477490e-01	4.999866e+00	1.016155e+01
5.051607301610456e-04	4.486994e-01	4.999866e+00	1.019321e+01
5.051707301610457e-04	4.496491e-01	4.999866e+00	1.022487e+01
5.051807301610457e-04	4.505982e-01	4.999866e+00	1.025652e+01
5.051907301610458e-04	4.515466e-01	4.999866e+00	1.028818e+01
5.052007301610458e-04	4.524944e-01	4.999866e+00	1.031983e+01
5.052107301610459e-04	4.534416e-01	4.999866e+00	1.035147e+01
5.052207301610459e-04	4.543882e-01	4.999866e+00	1.038312e+01
5.052307301610460e-04	4.553341e-01	4.999866e+00	1.041477e+01
5.052407301610460e-04	4.562794e-01	4.999866e+00	1.044641e+01
5.052507301610460e-04	4.572241e-01	4.999866e+00	1.047805e+01
5.052607301610461e-04	4.581682e-01	4.999866e+00	1.050969e+01
5.052707301610461e-04	4.591116e-01	4.999866e+00	1.054132e+01
5.052807301610462e-04	4.600544e-01	4.999866e+00	1.057296e+01
5.052907301610462e-04	4.609966e-01	4.999866e+00	1.060459e+01
5.053007301610463e-04	4.619381e-01	4.999866e+00	1.063622e+01
5.053107301610463e-04	4.628790e-01	4.999866e+00	1.066785e+01
5.053207301610464e-04	4.638193e-01	4.999866e+00	1.069947e+01
5.053307301610464e-04	4.647590e-01	4.999866e+00	1.073110e+01
5.053407301610465e-04	4.656980e-01	4.999866e+00	1.076272e+01
5.053507301610465e-04	4.666364e-01	4.999866e+00	1.079434e+01
5.053607301610466e-04	4.675742e-01	4.999866e+00	1.082595e+01
5.053707301610466e-04	4.685113e-01	4.999866e+00	1.085757e+01
5.053807301610467e-04	4.694479e-01	4.999866e+00	1.088918e+01
5.053907301610467e-04	4.703838e-01	4.999866e+00	1.092079e+01
5.054007301610468e-04	4.713190e-01	4.999866e+00	1.095240e+01
5.054107301610468e-04	4.722537e-01	4.999866e+00	1.098401e+01
5.054207301610469e-04	4.731877e-01	4.999866e+00	1.101561e+01
5.054307301610469e-04	4.741211e-01	4.999866e+00	1.104722e+01
5.054407301610470e-04	4.750538e-01	4.999866e+00	1.107882e+01
5.054507301610470e-04	4.759860e-01	4.999866e+00	1.111042e+01
5.054607301610471e-04	4.769175e-01	4.999866e+00	1.114201e+01
5.054707301610471e-04	4.778484e-01	4.999866e+00	1.117361e+01
5.054807301610472e-04	4.787787e-01	4.999866e+00	1.120520e+01
5.054907301610472e-04	4.797083e-01	4.999866e+00	1.123679e+01
5.055007301610473e-04	4.806373e-01	4.999866e+00	1.126838e+01
5.055107301610473e-04	4.815657e-01	4.999866e+00	1.129996e+01
5.055207301610474e-04	4.824935e-01	4.999866e+00	1.133155e+01
5.055307301610474e-04	4.834206e-01	4.999866e+00	1.136313e+01
5.055407301610475e-04	4.843472e-01	4.999866e+00	1.139471e+01
5.055507301610475e-04	4.852731e-01	4.999866e+00	1.142628e+01
5.055607301610476e-04	4.861983e-01	4.999866e+00	1.145786e+01
5.055707301610476e-04	4.871230e-01	4.999866e+00	1.148943e+01
5.055807301610477e-04	4.880470e-01	4.999866e+00	1.152100e+01
5.055907301610477e-04	4.889704e-01	4.999866e+00	1.155257e+01
5.056007301610478e-04	4.898932e-01	4.999866e+00	1.158414e+01
5.056107301610478e-04	4.908153e-01	4.999866e+00	1.161571e+01
5.056207301610479e-04	4.917369e-01	4.999866e+00	1.164727e+01
5.056307301610479e-04	4.926578e-01	4.999866e+00	1.167883e+01
5.056407301610480e-04	4.935780e-01	4.999866e+00	1.171039e+01
5.056507301610480e-04	4.944977e-01	4.999866e+00	1.174194e+01
5.056607301610481e-04	4.954168e-01	4.999866e+00	1.177350e+01
5.056707301610481e-04	4.963352e-01	4.999866e+00	1.180505e+01
5.056807301610482e-04	4.972530e-01	4.999866e+00	1.183660e+01
5.056907301610482e-04	4.981702e-01	4.999866e+00	1.186815e+01
5.057007301610483e-04	4.990867e-01	4.999866e+00	1.189970e+01
5.057107301610483e-04	5.000026e-01	4.999866e+00	1.193124e+01
5.057207301610484e-04	5.009180e-01	4.999866e+00	1.196278e+01
5.057307301610484e-04	5.018327e-01	4.999866e+00	1.199432e+01
5.057407301610485e-04	5.027467e-01	4.999866e+00	1.202586e+01
5.057507301610485e-04	5.036601e-01	4.999866e+00	1.205739e+01
5.057607301610485e-04	5.045730e-01	4.999866e+00	1.208893e+01
5.057707301610486e-04	5.054852e-01	4.999866e+00	1.212046e+01
5.057807301610486e-04	5.063968e-01	4.999866e+00	1.215199e+01
5.057907301610487e-04	5.073077e-01	4.999866e+00	1.218352e+01
5.058007301610487e-04	5.082181e-01	4.999866e+00	1.221504e+01
5.058107301610488e-04	5.091278e-01	4.999866e+00	1.224656e+01
5.058207301610488e-04	5.100369e-01	4.999866e+00	1.227808e+01
5.058307301610489e-04	5.109454e-01	4.999866e+00	1.230960e+01
5.058407301610489e-04	5.118533e-01	4.999866e+00	1.234112e+01
5.058507301610490e-04	5.127605e-01	4.999866e+00	1.237263e+01
5.058607301610490e-04	5.136671e-01	4.999866e+00	1.240415e+01
5.058707301610491e-04	5.145732e-01	4.999866e+00	1.243566e+01
5.058807301610491e-04	5.154786e-01	4.999866e+00	1.246717e+01
5.058907301610492e-04	5.163833e-01	4.999866e+00	1.249867e+01
5.059007301610492e-04	5.172874e-01	4.999866e+00	1.253018e+01
5.059107301610493e-04	5.181910e-01	4.999866e+00	1.256168e+01
5.059207301610493e-04	5.190939e-01	4.999866e+00	1.259318e+01
5.059307301610494e-04	5.199962e-01	4.999866e+00	1.262468e+01
5.059407301610494e-04	5.208979e-01	4.999866e+00	1.265617e+01
5.059507301610495e-04	5.217990e-01	4.999866e+00	1.268767e+01
5.059607301610495e-04	5.226994e-01	4.999866e+00	1.271916e+01
5.059707301610496e-04	5.235992e-01	4.999866e+00	1.275065e+01
5.059807301610496e-04	5.244984e-01	4.999866e+00	1.278214e+01
5.059907301610497e-04	5.253970e-01	4.999866e+00	1.281362e+01
5.060007301610497e-04	5.262950e-01	4.999866e+00	1.284510e+01
5.060107301610498e-04	5.271924e-01	4.999866e+00	1.287658e+01
5.060207301610498e-04	5.280891e-01	4.999866e+00	1.290806e+01
5.060307301610499e-04	5.289852e-01	4.999866e+00	1.293954e+01
5.060407301610499e-04	5.298808e-01	4.999866e+00	1.297102e+01
5.060507301610500e-04	5.307757e-01	4.999866e+00	1.300249e+01
5.060607301610500e-04	5.316699e-01	4.999866e+00	1.303396e+01
5.060707301610501e-04	5.325636e-01	4.999866e+00	1.306543e+01
5.060807301610501e-04	5.334566e-01	4.999866e+00	1.309689e+01
5.060907301610502e-04	5.343491e-01	4.999866e+00	1.312836e+01
5.061007301610502e-04	5.352409e-01	4.999866e+00	1.315982e+01
5.061107301610503e-04	5.361321e-01	4.999866e+00	1.319128e+01
5.061207301610503e-04	5.370227e-01	4.999866e+00	1.322274e+01
5.061307301610504e-04	5.379127e-01	4.999866e+00	1.325420e+01
5.061407301610504e-04	5.388020e-01	4.999866e+00	1.328565e+01
5.061507301610505e-04	5.396908e-01	4.999866e+00	1.331710e+01
5.061607301610505e-04	5.405789e-01	4.999866e+00	1.334855e+01
5.061707301610506e-04	5.414664e-01	4.999866e+00	1.338000e+01
5.061807301610506e-04	5.423533e-01	4.999866e+00	1.341145e+01
5.061907301610507e-04	5.432397e-01	4.999866e+00	1.344289e+01
5.062007301610507e-04	5.441253e-01	4.999866e+00	1.347433e+01
5.062107301610508e-04	5.450104e-01	4.999866e+00	1.350577e+01
5.062207301610508e-04	5.458948e-01	4.999866e+00	1.353721e+01
5.062307301610509e-04	5.467787e-01	4.999866e+00	1.356864e+01
5.062407301610509e-04	5.476619e-01	4.999866e+00	1.360008e+01
5.062507301610510e-04	5.485445e-01	4.999866e+00	1.363151e+01
5.062607301610510e-04	5.494265e-01	4.999866e+00	1.366294e+01
5.062707301610510e-04	5.503079e-01	4.999866e+00	1.369436e+01
5.062807301610511e-04	5.511887e-01	4.999866e+00	1.372579e+01
5.062907301610511e-04	5.520689e-01	4.999866e+00	1.375721e+01
5.063007301610512e-04	5.529484e-01	4.999866e+00	1.378863e+01
5.063107301610512e-04	5.538274e-01	4.999866e+00	1.382005e+01
5.063207301610513e-04	5.547057e-01	4.999866e+00	1.385147e+01
5.063307301610513e-04	5.555835e-01	4.999866e+00	1.388288e+01
5.063407301610514e-04	5.564606e-01	4.999866e+00	1.391429e+01
5.063507301610514e-04	5.573371e-01	4.999866e+00	1.394570e+01
5.063607301610515e-04	5.582130e-01	4.999866e+00	1.397711e+01
5.063707301610515e-04	5.590883e-01	4.999866e+00	1.400852e+01
5.063807301610516e-04	5.599629e-01	4.999866e+00	1.403992e+01
5.063907301610516e-04	5.608370e-01	4.999866e+00	1.407132e+01
5.064007301610517e-04	5.617105e-01	4.999866e+00	1.410272e+01
5.064107301610517e-04	5.625833e-01	4.999866e+00	1.413412e+01
5.064207301610518e-04	5.634556e-01	4.999866e+00	1.416552e+01
5.064307301610518e-04	5.643272e-01	4.999866e+00	1.419691e+01
5.064407301610519e-04	5.651982e-01	4.999866e+00	1.422830e+01
5.064507301610519e-04	5.660686e-01	4.999866e+00	1.425969e+01
5.064607301610520e-04	5.669385e-01	4.999866e+00	1.429108e+01
5.064707301610520e-04	5.678076e-01	4.999866e+00	1.432246e+01
5.064807301610521e-04	5.686762e-01	4.999866e+00	1.435385e+01
5.064907301610521e-04	5.695442e-01	4.999866e+00	1.438523e+01
5.065007301610522e-04	5.704116e-01	4.999866e+00	1.441661e+01
5.065107301610522e-04	5.712783e-01	4.999866e+00	1.444798e+01
5.065207301610523e-04	5.721445e-01	4.999866e+00	1.447936e+01
5.065307301610523e-04	5.730101e-01	4.999866e+00	1.451073e+01
5.065407301610524e-04	5.738750e-01	4.999866e+00	1.454210e+01
5.065507301610524e-04	5.747394e-01	4.999866e+00	1.457347e+01
5.065607301610525e-04	5.756031e-01	4.999866e+00	1.460484e+01
5.065707301610525e-04	5.764663e-01	4.999866e+00	1.463620e+01
5.065807301610526e-04	5.773288e-01	4.999866e+00	1.466756e+01
5.065907301610526e-04	5.781907e-01	4.999866e+00	1.469893e+01
5.066007301610527e-04	5.790520e-01	4.999866e+00	1.473028e+01
5.066107301610527e-04	5.799127e-01	4.999866e+00	1.476164e+01
5.066207301610528e-04	5.807728e-01	4.999866e+00	1.479299e+01
5.066307301610528e-04	5.816323e-01	4.999866e+00	1.482435e+01
5.066407301610529e-04	5.824912e-01	4.999866e+00	1.485570e+01
5.066507301610529e-04	5.833495e-01	4.999866e+00	1.488704e+01
5.066607301610530e-04	5.842072e-01	4.999866e+00	1.491839e+01
5.066707301610530e-04	5.850643e-01	4.999866e+00	1.494973e+01
5.066807301610531e-04	5.859208e-01	4.999866e+00	1.498107e+01
5.066907301610531e-04	5.867767e-01	4.999866e+00	1.501241e+01
5.067007301610532e-04	5.876319e-01	4.999866e+00	1.504375e+01
5.067107301610532e-04	5.884866e-01	4.999866e+00	1.507509e+01
5.067207301610533e-04	5.893407e-01	4.999866e+00	1.510642e+01
5.067307301610533e-04	5.901942e-01	4.999866e+00	1.513775e+01
5.067407301610534e-04	5.910470e-01	4.999866e+00	1.516908e+01
5.067507301610534e-04	5.918993e-01	4.999866e+00	1.520041e+01
5.067607301610535e-04	5.927510e-01	4.999866e+00	1.523173e+01
5.067707301610535e-04	5.936020e-01	4.999866e+00	1.526305e+01
5.067807301610536e-04	5.944524e-01	4.999866e+00	1.529438e+01
5.067907301610536e-04	5.953023e-01	4.999866e+00	1.532569e+01
5.068007301610536e-04	5.961516e-01	4.999866e+00	1.535701e+01
5.068107301610537e-04	5.970002e-01	4.999866e+00	1.538833e+01
5.068207301610537e-04	5.978483e-01	4.999866e+00	1.541964e+01
5.068307301610538e-04	5.986958e-01	4.999866e+00	1.545095e+01
5.068407301610538e-04	5.995426e-01	4.999866e+00	1.548226e+01
5.068507301610539e-04	6.003888e-01	4.999866e+00	1.551356e+01
5.068607301610539e-04	6.012345e-01	4.999866e+00	1.554487e+01
5.068707301610540e-04	6.020796e-01	4.999866e+00	1.557617e+01
5.068807301610540e-04	6.029240e-01	4.999866e+00	1.560747e+01
5.068907301610541e-04	6.037679e-01	4.999866e+00	1.563877e+01
5.069007301610541e-04	6.046111e-01	4.999866e+00	1.567006e+01
5.069107301610542e-04	6.054538e-01	4.999866e+00	1.570136e+01
5.069207301610542e-04	6.062958e-01	4.999866e+00	1.573265e+01
5.069307301610543e-04	6.071373e-01	4.999866e+00	1.576394e+01
5.069407301610543e-04	6.079782e-01	4.999866e+00	1.579523e+01
5.069507301610544e-04	6.088185e-01	4.999866e+00	1.582651e+01
5.069607301610544e-04	6.096581e-01	4.999866e+00	1.585779e+01
5.069707301610545e-04	6.104972e-01	4.999866e+00	1.588908e+01
5.069807301610545e-04	6.113356e-01	4.999866e+00	1.592036e+01
5.069907301610546e-04	6.121736e-01	4.999866e+00	1.595163e+01
5.070007301610546e-04	6.130108e-01	4.999866e+00	1.598291e+01
5.070107301610547e-04	6.138475e-01	4.999866e+00	1.601418e+01
5.070207301610547e-04	6.146836e-01	4.999866e+00	1.604545e+01
5.070307301610548e-04	6.155191e-01	4.999866e+00	1.607672e+01
5.070407301610548e-04	6.163540e-01	4.999866e+00	1.610799e+01
5.070507301610549e-04	6.171883e-01	4.999866e+00	1.613925e+01
5.070607301610549e-04	6.180220e-01	4.999866e+00	1.617052e+01
5.070707301610550e-04	6.188551e-01	4.999866e+00	1.620178e+01
5.070807301610550e-04	6.196876e-01	4.999866e+00	1.623303e+01
5.070907301610551e-04	6.205196e-01	4.999866e+00	1.626429e+01
5.071007301610551e-04	6.213509e-01	4.999866e+00	1.629555e+01
5.071107301610552e-04	6.221816e-01	4.999866e+00	1.632680e+01
5.071207301610552e-04	6.230118e-01	4.999866e+00	1.635805e+01
5.071307301610553e-04	6.238413e-01	4.999866e+00	1.638930e+01
5.071407301610553e-04	6.246703e-01	4.999866e+00	1.642054e+01
5.071507301610554e-04	6.254986e-01	4.999866e+00	1.645179e+01
5.071607301610554e-04	6.263264e-01	4.999866e+00	1.648303e+01
5.071707301610555e-04	6.271536e-01	4.999866e+00	1.651427e+01
5.071807301610555e-04	6.279802e-01	4.999866e+00	1.654551e+01
5.071907301610556e-04	6.288061e-01	4.999866e+00	1.657674e+01
5.072007301610556e-04	6.296315e-01	4.999866e+00	1.660798e+01
5.072107301610557e-04	6.304563e-01	4.999866e+00	1.663921e+01
5.072207301610557e-04	6.312805e-01	4.999866e+00	1.667044e+01
5.072307301610558e-04	6.321042e-01	4.999866e+00	1.670166e+01
5.072407301610558e-04	6.329272e-01	4.999866e+00	1.673289e+01
5.072507301610559e-04	6.337497e-01	4.999866e+00	1.676411e+01
5.072607301610559e-04	6.345715e-01	4.999866e+00	1.679533e+01
5.072707301610560e-04	6.353928e-01	4.999866e+00	1.682655e+01
5.072807301610560e-04	6.362134e-01	4.999866e+00	1.685777e+01
5.072907301610561e-04	6.370335e-01	4.999866e+00	1.688898e+01
5.073007301610561e-04	6.378530e-01	4.999866e+00	1.692020e+01
5.073107301610561e-04	6.386719e-01	4.999866e+00	1.695141e+01
5.073207301610562e-04	6.394902e-01	4.999866e+00	1.698262e+01
5.073307301610562e-04	6.403079e-01	4.999866e+00	1.701382e+01
5.073407301610563e-04	6.411251e-01	4.999866e+00	1.704503e+01
5.073507301610563e-04	6.419416e-01	4.999866e+00	1.707623e+01
5.073607301610564e-04	6.427575e-01	4.999866e+00	1.710743e+01
5.073707301610564e-04	6.435729e-01	4.999866e+00	1.713863e+01
5.073807301610565e-04	6.443877e-01	4.999866e+00	1.716983e+01
5.073907301610565e-04	6.452019e-01	4.999866e+00	1.720102e+01
5.074007301610566e-04	6.460155e-01	4.999866e+00	1.723221e+01
5.074107301610566e-04	6.468285e-01	4.999866e+00	1.726340e+01
5.074207301610567e-04	6.476409e-01	4.999866e+00	1.729459e+01
5.074307301610567e-04	6.484528e-01	4.999866e+00	1.732578e+01
5.074407301610568e-04	6.492640e-01	4.999866e+00	1.735696e+01
5.074507301610568e-04	6.500747e-01	4.999866e+00	1.738815e+01
5.074607301610569e-04	6.508848e-01	4.999866e+00	1.741932e+01
5.074707301610569e-04	6.516943e-01	4.999866e+00	1.745050e+01
5.074807301610570e-04	6.525033e-01	4.999866e+00	1.748168e+01
5.074907301610570e-04	6.533116e-01	4.999866e+00	1.751285e+01
5.075007301610571e-04	6.541193e-01	4.999866e+00	1.754402e+01
5.075107301610571e-04	6.549265e-01	4.999866e+00	1.757519e+01
5.075207301610572e-04	6.557330e-01	4.999866e+00	1.760636e+01
5.075307301610572e-04	6.565390e-01	4.999866e+00	1.763753e+01
5.075407301610573e-04	6.573444e-01	4.999866e+00	1.766869e+01
5.075507301610573e-04	6.581492e-01	4.999866e+00	1.769985e+01
5.075607301610574e-04	6.589535e-01	4.999866e+00	1.773101e+01
5.075707301610574e-04	6.597571e-01	4.999866e+00	1.776217e+01
5.075807301610575e-04	6.605602e-01	4.999866e+00	1.779332e+01
5.075907301610575e-04	6.613627e-01	4.999866e+00	1.782448e+01
5.076007301610576e-04	6.621646e-01	4.999866e+00	1.785563e+01
5.076107301610576e-04	6.629660e-01	4.999866e+00	1.788678e+01
5.076207301610577e-04	6.637667e-01	4.999866e+00	1.791792e+01
5.076307301610577e-04	6.645668e-01	4.999866e+00	1.794907e+01
5.076407301610578e-04	6.653664e-01	4.999866e+00	1.798021e+01
5.076507301610578e-04	6.661654e-01	4.999866e+00	1.801135e+01
5.076607301610579e-04	6.669638e-01	4.999866e+00	1.804249e+01
5.076707301610579e-04	6.677617e-01	4.999866e+00	1.807363e+01
5.076807301610580e-04	6.685589e-01	4.999866e+00	1.810476e+01
5.076907301610580e-04	6.693556e-01	4.999866e+00	1.813589e+01
5.077007301610581e-04	6.701517e-01	4.999866e+00	1.816702e+01
5.077107301610581e-04	6.709472e-01	4.999866e+00	1.819815e+01
5.077207301610582e-04	6.717421e-01	4.999866e+00	1.822928e+01
5.077307301610582e-04	6.725365e-01	4.999866e+00	1.826040e+01
5.077407301610583e-04	6.733302e-01	4.999866e+00	1.829152e+01
5.077507301610583e-04	6.741235e-01	4.999866e+00	1.832264e+01
5.077607301610584e-04	6.749161e-01	4.999866e+00	1.835376e+01
5.077707301610584e-04	6.757081e-01	4.999866e+00	1.838488e+01
5.077807301610585e-04	6.764996e-01	4.999866e+00	1.841599e+01
5.077907301610585e-04	6.772905e-01	4.999866e+00	1.844710e+01
5.078007301610586e-04	6.780808e-01	4.999866e+00	1.847821e+01
5.078107301610586e-04	6.788705e-01	4.999866e+00	1.850932e+01
5.078207301610586e-04	6.796597e-01	4.999866e+00	1.854043e+01
5.078307301610587e-04	6.804482e-01	4.999866e+00	1.857153e+01
5.078407301610587e-04	6.812362e-01	4.999866e+00	1.860263e+01
5.078507301610588e-04	6.820236e-01	4.999866e+00	1.863373e+01
5.078607301610588e-04	6.828105e-01	4.999866e+00	1.866483e+01
5.078707301610589e-04	6.835968e-01	4.999866e+00	1.869592e+01
5.078807301610589e-04	6.843824e-01	4.999866e+00	1.872702e+01
5.078907301610590e-04	6.851676e-01	4.999866e+00	1.875811e+01
5.079007301610590e-04	6.859521e-01	4.999866e+00	1.878920e+01
5.079107301610591e-04	6.867361e-01	4.999866e+00	1.882028e+01
5.079207301610591e-04	6.875195e-01	4.999866e+00	1.885137e+01
5.079307301610592e-04	6.883023e-01	4.999866e+00	1.888245e+01
5.079407301610592e-04	6.890845e-01	4.999866e+00	1.891353e+01
5.079507301610593e-04	6.898662e-01	4.999866e+00	1.894461e+01
5.079607301610593e-04	6.906473e-01	4.999866e+00	1.897569e+01
5.079707301610594e-04	6.914278e-01	4.999866e+00	1.900676e+01
5.079807301610594e-04	6.922078e-01	4.999866e+00	1.903784e+01
5.079907301610595e-04	6.929871e-01	4.999866e+00	1.906891e+01
5.080007301610595e-04	6.937660e-01	4.999866e+00	1.909997e+01
5.080107301610596e-04	6.945442e-01	4.999866e+00	1.913104e+01
5.080207301610596e-04	6.953219e-01	4.999866e+00	1.916211e+01
5.080307301610597e-04	6.960990e-01	4.999866e+00	1.919317e+01
5.080407301610597e-04	6.968755e-01	4.999866e+00	1.922423e+01
5.080507301610598e-04	6.976514e-01	4.999866e+00	1.925529e+01
5.080607301610598e-04	6.984268e-01	4.999866e+00	1.928634e+01
5.080707301610599e-04	6.992016e-01	4.999866e+00	1.931740e+01
5.080807301610599e-04	6.999758e-01	4.999866e+00	1.934845e+01
5.080907301610600e-04	7.007495e-01	4.999866e+00	1.937950e+01
5.081007301610600e-04	7.015226e-01	4.999866e+00	1.941055e+01
5.081107301610601e-04	7.022951e-01	4.999866e+00	1.944159e+01
5.081207301610601e-04	7.030671e-01	4.999866e+00	1.947264e+01
5.081307301610602e-04	7.038385e-01	4.999866e+00	1.950368e+01
5.081407301610602e-04	7.046093e-01	4.999866e+00	1.953472e+01
5.081507301610603e-04	7.053795e-01	4.999866e+00	1.956576e+01
5.081607301610603e-04	7.061492e-01	4.999866e+00	1.959679e+01
5.081707301610604e-04	7.069183e-01	4.999866e+00	1.962782e+01
5.081807301610604e-04	7.076868e-01	4.999866e+00	1.965886e+01
5.081907301610605e-04	7.084548e-01	4.999866e+00	1.968989e+01
5.082007301610605e-04	7.092222e-01	4.999866e+00	1.972091e+01
5.082107301610606e-04	7.099891e-01	4.999866e+00	1.975194e+01
5.082207301610606e-04	7.107553e-01	4.999866e+00	1.978296e+01
5.082307301610607e-04	7.115210e-01	4.999866e+00	1.981398e+01
5.082407301610607e-04	7.122862e-01	4.999866e+00	1.984500e+01
5.082507301610608e-04	7.130507e-01	4.999866e+00	1.987602e+01
5.082607301610608e-04	7.138147e-01	4.999866e+00	1.990703e+01
5.082707301610609e-04	7.145782e-01	4.999866e+00	1.993805e+01
5.082807301610609e-04	7.153410e-01	4.999866e+00	1.996906e+01
5.082907301610610e-04	7.161034e-01	4.999866e+00	2.000007e+01
5.083007301610610e-04	7.168651e-01	4.999866e+00	2.003107e+01
5.083107301610611e-04	7.176263e-01	4.999866e+00	2.006208e+01
5.083207301610611e-04	7.183869e-01	4.999866e+00	2.009308e+01
5.083307301610612e-04	7.191470e-01	4.999866e+00	2.012408e+01
5.083407301610612e-04	7.199064e-01	4.999866e+00	2.015508e+01
5.083507301610612e-04	7.206654e-01	4.999866e+00	2.018608e+01
5.083607301610613e-04	7.214237e-01	4.999866e+00	2.021707e+01
5.083707301610613e-04	7.221815e-01	4.999866e+00	2.024806e+01
5.083807301610614e-04	7.229388e-01	4.999866e+00	2.027905e+01
5.083907301610614e-04	7.236955e-01	4.999866e+00	2.031004e+01
5.084007301610615e-04	7.244515e-01	4.999866e+00	2.034103e+01
5.084107301610615e-04	7.252071e-01	4.999866e+00	2.037201e+01
5.084207301610616e-04	7.259620e-01	4.999866e+00	2.040300e+01
5.084307301610616e-04	7.267165e-01	4.999866e+00	2.043398e+01
5.084407301610617e-04	7.274703e-01	4.999866e+00	2.046495e+01
5.084507301610617e-04	7.282237e-01	4.999866e+00	2.049593e+01
5.084607301610618e-04	7.289764e-01	4.999866e+00	2.052690e+01
5.084707301610618e-04	7.297286e-01	4.999866e+00	2.055788e+01
5.084807301610619e-04	7.304802e-01	4.999866e+00	2.058885e+01
5.084907301610619e-04	7.312313e-01	4.999866e+00	2.061981e+01
5.085007301610620e-04	7.319818e-01	4.999866e+00	2.065078e+01
5.085107301610620e-04	7.327317e-01	4.999866e+00	2.068174e+01
5.085207301610621e-04	7.334811e-01	4.999866e+00	2.071270e+01
5.085307301610621e-04	7.342299e-01	4.999866e+00	2.074366e+01
5.085407301610622e-04	7.349781e-01	4.999866e+00	2.077462e+01
5.085507301610622e-04	7.357259e-01	4.999866e+00	2.080558e+01
5.085607301610623e-04	7.364730e-01	4.999866e+00	2.083653e+01
5.085707301610623e-04	7.372196e-01	4.999866e+00	2.086748e+01
5.085807301610624e-04	7.379656e-01	4.999866e+00	2.089843e+01
5.085907301610624e-04	7.387111e-01	4.999866e+00	2.092938e+01
5.086007301610625e-04	7.394561e-01	4.999866e+00	2.096032e+01
5.086107301610625e-04	7.402004e-01	4.999866e+00	2.099127e+01
5.086207301610626e-04	7.409442e-01	4.999866e+00	2.102221e+01
5.086307301610626e-04	7.416875e-01	4.999866e+00	2.105315e+01
5.086407301610627e-04	7.424302e-01	4.999866e+00	2.108409e+01
5.086507301610627e-04	7.431723e-01	4.999866e+00	2.111502e+01
5.086607301610628e-04	7.439139e-01	4.999866e+00	2.114595e+01
5.086707301610628e-04	7.446549e-01	4.999866e+00	2.117688e+01
5.086807301610629e-04	7.453954e-01	4.999866e+00	2.120781e+01
5.086907301610629e-04	7.461353e-01	4.999866e+00	2.123874e+01
5.087007301610630e-04	7.468746e-01	4.999866e+00	2.126966e+01
5.087107301610630e-04	7.476134e-01	4.999866e+00	2.130059e+01
5.087207301610631e-04	7.483517e-01	4.999866e+00	2.133151e+01
5.087307301610631e-04	7.490894e-01	4.999866e+00	2.136243e+01
5.087407301610632e-04	7.498266e-01	4.999866e+00	2.139334e+01
5.087507301610632e-04	7.505631e-01	4.999866e+00	2.142426e+01
5.087607301610633e-04	7.512992e-01	4.999866e+00	2.145517e+01
5.087707301610633e-04	7.520347e-01	4.999866e+00	2.148608e+01
5.087807301610634e-04	7.527696e-01	4.999866e+00	2.151699e+01
5.087907301610634e-04	7.535040e-01	4.999866e+00	2.154790e+01
5.088007301610635e-04	7.542378e-01	4.999866e+00	2.157880e+01
5.088107301610635e-04	7.549711e-01	4.999866e+00	2.160970e+01
5.088207301610636e-04	7.557038e-01	4.999866e+00	2.164060e+01
5.088307301610636e-04	7.564360e-01	4.999866e+00	2.167150e+01
5.088407301610637e-04	7.571676e-01	4.999866e+00	2.170240e+01
5.088507301610637e-04	7.578987e-01	4.999866e+00	2.173329e+01
5.088607301610637e-04	7.586293e-01	4.999866e+00	2.176418e+01
5.088707301610638e-04	7.593592e-01	4.999866e+00	2.179507e+01
5.088807301610638e-04	7.600887e-01	4.999866e+00	2.182596e+01
5.088907301610639e-04	7.608175e-01	4.999866e+00	2.185685e+01
5.089007301610639e-04	7.615459e-01	4.999866e+00	2.188773e+01
5.089107301610640e-04	7.622737e-01	4.999866e+00	2.191861e+01
5.089207301610640e-04	7.630009e-01	4.999866e+00	2.194949e+01
5.089307301610641e-04	7.637275e-01	4.999866e+00	2.198037e+01
5.089407301610641e-04	7.644537e-01	4.999866e+00	2.201125e+01
5.089507301610642e-04	7.651793e-01	4.999866e+00	2.204212e+01
5.089607301610642e-04	7.659044e-01	4.999866e+00	2.207299e+01
5.089707301610643e-04	7.666289e-01	4.999866e+00	2.210386e+01
5.089807301610643e-04	7.673528e-01	4.999866e+00	2.213473e+01
5.089907301610644e-04	7.680762e-01	4.999866e+00	2.216559e+01
5.090007301610644e-04	7.687991e-01	4.999866e+00	2.219646e+01
5.090107301610645e-04	7.695214e-01	4.999866e+00	2.222732e+01
5.090207301610645e-04	7.702431e-01	4.999866e+00	2.225818e+01
5.090307301610646e-04	7.709643e-01	4.999866e+00	2.228904e+01
5.090407301610646e-04	7.716850e-01	4.999866e+00	2.231989e+01
5.090507301610647e-04	7.724051e-01	4.999866e+00	2.235074e+01
5.090607301610647e-04	7.731247e-01	4.999866e+00	2.238160e+01
5.090707301610648e-04	7.738438e-01	4.999866e+00	2.241244e+01
5.090807301610648e-04	7.745622e-01	4.999866e+00	2.244329e+01
5.090907301610649e-04	7.752802e-01	4.999866e+00	2.247414e+01
5.091007301610649e-04	7.759976e-01	4.999866e+00	2.250498e+01
5.091107301610650e-04	7.767145e-01	4.999866e+00	2.253582e+01
5.091207301610650e-04	7.774308e-01	4.999866e+00	2.256666e+01
5.091307301610651e-04	7.781466e-01	4.999866e+00	2.259750e+01
5.091407301610651e-04	7.788618e-01	4.999866e+00	2.262833e+01
5.091507301610652e-04	7.795765e-01	4.999866e+00	2.265916e+01
5.091607301610652e-04	7.802907e-01	4.999866e+00	2.268999e+01
5.091707301610653e-04	7.810043e-01	4.999866e+00	2.272082e+01
5.091807301610653e-04	7.817174e-01	4.999866e+00	2.275165e+01
5.091907301610654e-04	7.824299e-01	4.999866e+00	2.278247e+01
5.092007301610654e-04	7.831419e-01	4.999866e+00	2.281330e+01
5.092107301610655e-04	7.838533e-01	4.999866e+00	2.284412e+01
5.092207301610655e-04	7.845642e-01	4.999866e+00	2.287494e+01
5.092307301610656e-04	7.852746e-01	4.999866e+00	2.290575e+01
5.092407301610656e-04	7.859844e-01	4.999866e+00	2.293657e+01
5.092507301610657e-04	7.866937e-01	4.999866e+00	2.296738e+01
5.092607301610657e-04	7.874025e-01	4.999866e+00	2.299819e+01
5.092707301610658e-04	7.881107e-01	4.999866e+00	2.302900e+01
5.092807301610658e-04	7.888183e-01	4.999866e+00	2.305980e+01
5.092907301610659e-04	7.895254e-01	4.999866e+00	2.309061e+01
5.093007301610659e-04	7.902321e-01	4.999866e+00	2.312141e+01
5.093107301610660e-04	7.909381e-01	4.999866e+00	2.315221e+01
5.093207301610660e-04	7.916436e-01	4.999866e+00	2.318301e+01
5.093307301610661e-04	7.923486e-01	4.999866e+00	2.321381e+01
5.093407301610661e-04	7.930530e-01	4.999866e+00	2.324460e+01
5.093507301610662e-04	7.937570e-01	4.999866e+00	2.327539e+01
5.093607301610662e-04	7.944604e-01	4.999866e+00	2.330618e+01
5.093707301610662e-04	7.951632e-01	4.999866e+00	2.333697e+01
5.093807301610663e-04	7.958655e-01	4.999866e+00	2.336776e+01
5.093907301610663e-04	7.965673e-01	4.999866e+00	2.339854e+01
5.094007301610664e-04	7.972685e-01	4.999866e+00	2.342932e+01
5.094107301610664e-04	7.979692e-01	4.999866e+00	2.346010e+01
5.094207301610665e-04	7.986693e-01	4.999866e+00	2.349088e+01
5.094307301610665e-04	7.993689e-01	4.999866e+00	2.352165e+01
5.094407301610666e-04	8.000680e-01	4.999866e+00	2.355243e+01
5.094507301610666e-04	8.007666e-01	4.999866e+00	2.358320e+01
5.094607301610667e-04	8.014646e-01	4.999866e+00	2.361397e+01
5.094707301610667e-04	8.021621e-01	4.999866e+00	2.364474e+01
5.094807301610668e-04	8.028591e-01	4.999866e+00	2.367550e+01
5.094907301610668e-04	8.035555e-01	4.999866e+00	2.370627e+01
5.095007301610669e-04	8.042514e-01	4.999866e+00	2.373703e+01
5.095107301610669e-04	8.049467e-01	4.999866e+00	2.376779e+01
5.095207301610670e-04	8.056416e-01	4.999866e+00	2.379854e+01
5.095307301610670e-04	8.063359e-01	4.999866e+00	2.382930e+01
5.095407301610671e-04	8.070296e-01	4.999866e+00	2.386005e+01
5.104507301610715e-04	8.679741e-01	4.999866e+00	2.665011e+01
5.116707301610775e-04	9.431503e-01	4.999866e+00	3.036440e+01
5.138007301610880e-04	1.057905e+00	4.999866e+00	3.677793e+01
5.162207301610998e-04	1.165740e+00	4.999865e+00	4.395632e+01
5.163507301611005e-04	1.170922e+00	4.999842e+00	4.433871e+01
5.164007301611007e-04	1.172899e+00	4.999736e+00	4.448570e+01
5.164307301611009e-04	1.174081e+00	4.999558e+00	4.457387e+01
5.164407301611009e-04	1.174475e+00	4.999430e+00	4.460326e+01
5.164507301611010e-04	1.174868e+00	4.999198e+00	4.463264e+01
5.164607301611010e-04	1.175260e+00	4.998640e+00	4.466203e+01
5.164707301611011e-04	1.175653e+00	4.995220e+00	4.469140e+01
5.164712742737235e-04	1.175674e+00	4.994644e+00	4.469300e+01
5.164723624989685e-04	1.175717e+00	4.992664e+00	4.469620e+01
5.164732941041616e-04	1.175753e+00	4.988764e+00	4.469894e+01
5.164743825223620e-04	1.175796e+00	4.978869e+00	4.470213e+01
5.164754567556388e-04	1.175838e+00	4.963024e+00	4.470529e+01
5.164763730383363e-04	1.175874e+00	4.944434e+00	4.470798e+01
5.164774506669797e-04	1.175916e+00	4.912719e+00	4.471115e+01
5.164787826752301e-04	1.175969e+00	4.849063e+00	4.471506e+01
5.164801134079502e-04	1.176021e+00	4.740264e+00	4.471897e+01
5.164815036334131e-04	1.176075e+00	4.540664e+00	4.472305e+01
5.164829858818905e-04	1.176133e+00	4.148454e+00	4.472741e+01
5.164845228024033e-04	1.176193e+00	3.363575e+00	4.473192e+01
5.164861017569365e-04	1.176255e+00	1.753211e+00	4.473656e+01
5.164871330538143e-04	1.176296e+00	1.512487e-01	4.473959e+01
5.164874947433971e-04	1.176310e+00	-2.503781e-02	4.474065e+01
5.164875684629215e-04	1.176313e+00	1.813018e-03	4.474087e+01
5.164875954113043e-04	1.176314e+00	1.009614e-03	4.474095e+01
5.164876160255161e-04	1.176315e+00	6.812011e-04	4.474101e+01
5.164876419371077e-04	1.176316e+00	4.491204e-04	4.474109e+01
5.164876937602908e-04	1.176318e+00	2.599104e-04	4.474124e+01
5.164877974066570e-04	1.176322e+00	1.965367e-04	4.474154e+01
5.164886663042214e-04	1.176356e+00	1.172216e-04	4.474409e+01
5.164896497246264e-04	1.176394e+00	8.418061e-05	4.474698e+01
5.164916165654365e-04	1.176471e+00	8.404814e-05	4.475276e+01
5.164955502470567e-04	1.176625e+00	8.353499e-05	4.476432e+01
5.165034176102972e-04	1.176933e+00	8.322088e-05	4.478743e+01
5.165134176102973e-04	1.177324e+00	8.256143e-05	4.481680e+01
5.165234176102973e-04	1.177714e+00	8.257393e-05	4.484617e+01
5.165334176102974e-04	1.178105e+00	8.220049e-05	4.487554e+01
5.165434176102974e-04	1.178495e+00	8.241195e-05	4.490490e+01
5.165634176102975e-04	1.179273e+00	8.236284e-05	4.496363e+01
5.166134176102978e-04	1.181214e+00	8.204239e-05	4.511041e+01
5.194434176103116e-04	1.278081e+00	8.231853e-05	5.334027e+01
5.216634176103225e-04	1.338245e+00	8.226360e-05	5.969024e+01
5.253334176103405e-04	1.413099e+00	8.223672e-05	6.998769e+01
5.297234176103620e-04	1.471531e+00	8.224073e-05	8.198591e+01
5.319034176103727e-04	1.490926e+00	8.224053e-05	8.781779e+01
5.379134176104022e-04	1.520653e+00	8.223990e-05	1.034742e+02
5.421434176104229e-04	1.526584e+00	8.224042e-05	1.141330e+02
5.521934176104722e-04	1.512069e+00	8.223999e-05	1.383152e+02
5.523834176104732e-04	1.511542e+00	8.224039e-05	1.387574e+02
5.626234176105234e-04	1.475789e+00	8.224036e-05	1.618018e+02
5.728634176105736e-04	1.432643e+00	8.224034e-05	1.833687e+02
5.831034176106238e-04	1.387933e+00	8.224032e-05	2.035532e+02
5.933434176106740e-04	1.344148e+00	8.224030e-05	2.224441e+02
6.035834176107242e-04	1.302296e+00	8.224029e-05	2.401243e+02
6.138234176107744e-04	1.262728e+00	8.224029e-05	2.566716e+02
6.240634176108246e-04	1.225514e+00	8.224030e-05	2.721586e+02
6.343034176108748e-04	1.190597e+00	8.224034e-05	2.866531e+02
6.445434176109250e-04	1.157874e+00	8.224043e-05	3.002188e+02
6.547834176109752e-04	1.127224e+00	8.224061e-05	3.129152e+02
6.650234176110255e-04	1.098524e+00	8.224096e-05	3.247981e+02
6.752634176110757e-04	1.071653e+00	8.224160e-05	3.359195e+02
6.855034176111259e-04	1.046496e+00	8.224267e-05	3.463282e+02
6.957434176111761e-04	1.022945e+00	8.224465e-05	3.560699e+02
7.056234176112245e-04	1.001648e+00	9.355626e-05	3.648770e+02
7.059834176112263e-04	1.000897e+00	1.097101e-04	3.651875e+02
7.068434176112305e-04	9.991106e-01	1.865094e-04	3.659261e+02
7.072634176112326e-04	9.982418e-01	2.832982e-04	3.662853e+02
7.075034176112337e-04	9.977464e-01	4.031732e-04	3.664901e+02
7.076434176112344e-04	9.974577e-01	5.363709e-04	3.666094e+02
7.077334176112349e-04	9.972724e-01	6.827923e-04	3.666861e+02
7.078034176112352e-04	9.971282e-01	8.701380e-04	3.667457e+02
7.078434176112354e-04	9.970459e-01	1.035658e-03	3.667797e+02
7.078734176112356e-04	9.969841e-01	1.212399e-03	3.668053e+02
7.079034176112357e-04	9.969224e-01	1.470730e-03	3.668308e+02
7.079234176112358e-04	9.968813e-01	1.726158e-03	3.668478e+02
7.079334176112358e-04	9.968607e-01	1.897342e-03	3.668563e+02
7.079434176112359e-04	9.968401e-01	2.113738e-03	3.668648e+02
7.079534176112359e-04	9.968196e-01	2.401337e-03	3.668733e+02
7.079634176112360e-04	9.967990e-01	2.809579e-03	3.668818e+02
7.079734176112360e-04	9.967784e-01	3.462388e-03	3.668903e+02
7.079793712930116e-04	9.967662e-01	4.088331e-03	3.668954e+02
7.079857809550852e-04	9.967530e-01	5.310731e-03	3.669008e+02
7.079920681151702e-04	9.967401e-01	8.691375e-03	3.669062e+02
7.079929177530088e-04	9.967384e-01	9.633796e-03	3.669069e+02
7.079946170286861e-04	9.967349e-01	1.246660e-02	3.669083e+02
7.079968891610572e-04	9.967302e-01	2.008929e-02	3.669103e+02
7.079991169768550e-04	9.967256e-01	3.166076e-02	3.669122e+02
7.080013851922640e-04	9.967209e-01	4.670568e-02	3.669141e+02
7.080032070383366e-04	9.967172e-01	6.605702e-02	3.669156e+02
7.080048018808938e-04	9.967139e-01	9.937616e-02	3.669170e+02
7.080065376922535e-04	9.967104e-01	1.737375e-01	3.669185e+02
7.080083960923761e-04	9.967065e-01	3.415180e-01	3.669200e+02
7.080102568141317e-04	9.967027e-01	7.044764e-01	3.669216e+02
7.080120762059111e-04	9.966990e-01	1.486055e+00	3.669232e+02
7.080138237243065e-04	9.966953e-01	3.131846e+00	3.669247e+02
7.080148077139145e-04	9.966934e-01	4.697349e+00	3.669255e+02
7.080151608480896e-04	9.966926e-01	5.006576e+00	3.669258e+02
7.080152306161558e-04	9.966925e-01	5.000837e+00	3.669258e+02
7.080152580753164e-04	9.966924e-01	5.000282e+00	3.669259e+02
7.080152792072142e-04	9.966924e-01	5.000026e+00	3.669259e+02
7.080153056286784e-04	9.966923e-01	4.999830e+00	3.669259e+02
7.080153584716068e-04	9.966922e-01	4.999657e+00	3.669260e+02
7.080154641574635e-04	9.966920e-01	4.999621e+00	3.669261e+02
7.080156213626583e-04	9.966916e-01	4.999680e+00	3.669262e+02
7.080163635413334e-04	9.966902e-01	4.999802e+00	3.669268e+02
7.080173531129004e-04	9.966881e-01	4.999862e+00	3.669277e+02
7.080193322560343e-04	9.966840e-01	4.999865e+00	3.669294e+02
7.080232905423020e-04	9.966759e-01	4.999863e+00	3.669327e+02
7.080298472835913e-04	9.966624e-01	4.999866e+00	3.669383e+02
7.080398472835913e-04	9.966419e-01	4.999864e+00	3.669468e+02
7.080498472835914e-04	9.966213e-01	4.999866e+00	3.669553e+02
7.080598472835914e-04	9.966007e-01	4.999865e+00	3.669638e+02
7.080698472835915e-04	9.965802e-01	4.999866e+00	3.669723e+02
7.080798472835915e-04	9.965597e-01	4.999865e+00	3.669808e+02
7.080998472835916e-04	9.965186e-01	4.999865e+00	3.669978e+02
7.081898472835920e-04	9.963337e-01	4.999866e+00	3.670742e+02
7.159798472836302e-04	9.807321e-01	4.999866e+00	3.735242e+02
7.262198472836805e-04	9.613799e-01	4.999866e+00	3.815233e+02
7.364598472837307e-04	9.432636e-01	4.999866e+00	3.890097e+02
7.466998472837809e-04	9.263045e-01	4.999866e+00	3.960164e+02
7.569398472838311e-04	9.104288e-01	4.999866e+00	4.025742e+02
7.671798472838813e-04	8.955675e-01	4.999866e+00	4.087117e+02
7.774198472839315e-04	8.816557e-01	4.999866e+00	4.144560e+02
7.876598472839817e-04	8.686330e-01	4.999866e+00	4.198321e+02
7.978998472840319e-04	8.564426e-01	4.999866e+00	4.248637e+02
8.081398472840821e-04	8.450313e-01	4.999866e+00	4.295730e+02
8.183798472841323e-04	8.343496e-01	4.999866e+00	4.339804e+02
8.286198472841825e-04	8.243507e-01	4.999866e+00	4.381054e+02
8.388598472842328e-04	8.149912e-01	4.999866e+00	4.419661e+02
8.490998472842830e-04	8.062302e-01	4.999866e+00	4.455794e+02
8.593398472843332e-04	7.980295e-01	4.999866e+00	4.489612e+02
8.695798472843834e-04	7.903533e-01	4.999866e+00	4.521263e+02
8.798198472844336e-04	7.831681e-01	4.999866e+00	4.550885e+02
8.900598472844838e-04	7.764425e-01	4.999866e+00	4.578609e+02
9.002998472845340e-04	7.701473e-01	4.999866e+00	4.604557e+02
9.105398472845842e-04	7.642547e-01	4.999866e+00	4.628842e+02
9.207798472846344e-04	7.587394e-01	4.999866e+00	4.651570e+02
9.310198472846846e-04	7.535768e-01	4.999866e+00	4.672843e+02
9.412598472847348e-04	7.487447e-01	4.999866e+00	4.692752e+02
9.514998472847850e-04	7.442219e-01	4.999866e+00	4.711385e+02
9.617398472848353e-04	7.399885e-01	4.999866e+00	4.728825e+02
9.719798472848855e-04	7.360262e-01	4.999866e+00	4.745147e+02
9.822198472848743e-04	7.323174e-01	4.999866e+00	4.760423e+02
9.924598472848135e-04	7.288461e-01	4.999866e+00	4.774720e+02
1.002699847284753e-03	7.255971e-01	4.999866e+00	4.788101e+02
1.012939847284692e-03	7.225560e-01	4.999866e+00	4.800624e+02
1.023179847284631e-03	7.197097e-01	4.999866e+00	4.812346e+02
1.033419847284570e-03	7.170456e-01	4.999866e+00	4.823315e+02
1.043659847284509e-03	7.145521e-01	4.999866e+00	4.833582e+02
1.053899847284449e-03	7.122183e-01	4.999866e+00	4.843192e+02
1.064139847284388e-03	7.100340e-01	4.999866e+00	4.852185e+02
1.074379847284327e-03	7.079895e-01	4.999866e+00	4.860602e+02
1.084619847284266e-03	7.060760e-01	4.999866e+00	4.868480e+02
1.094859847284205e-03	7.042850e-01	4.999866e+00	4.875852e+02
1.105099847284145e-03	7.026087e-01	4.999866e+00	4.882753e+02
1.115339847284084e-03	7.010399e-01	4.999866e+00	4.889211e+02
1.125579847284023e-03	6.995714e-01	4.999866e+00	4.895256e+02
1.135819847283962e-03	6.981971e-01	4.999866e+00	4.900913e+02
1.146059847283901e-03	6.969107e-01	4.999866e+00	4.906207e+02
1.156299847283840e-03	6.957068e-01	4.999866e+00	4.911163e+02
1.166539847283780e-03	6.945800e-01	4.999866e+00	4.915800e+02
1.176779847283719e-03	6.935254e-01	4.999866e+00	4.920141e+02
1.187019847283658e-03	6.925384e-01	4.999866e+00	4.924203e+02
1.197259847283597e-03	6.916145e-01	4.999866e+00	4.928006e+02
1.207499847283536e-03	6.907499e-01	4.999866e+00	4.931564e+02
1.217739847283476e-03	6.899406e-01	4.999866e+00	4.934894e+02
1.227979847283415e-03	6.891832e-01	4.999866e+00	4.938011e+02
1.238219847283354e-03	6.884744e-01	4.999866e+00	4.940929e+02
1.248459847283293e-03	6.878109e-01	4.999866e+00	4.943659e+02
1.258699847283232e-03	6.871899e-01	4.999866e+00	4.946215e+02
1.268939847283172e-03	6.866088e-01	4.999866e+00	4.948606e+02
1.279179847283111e-03	6.860648e-01	4.999866e+00	4.950845e+02
1.289419847283050e-03	6.855558e-01	4.999866e+00	4.952940e+02
1.299659847282989e-03	6.850793e-01	4.999866e+00	4.954901e+02
1.309899847282928e-03	6.846333e-01	4.999866e+00	4.956736e+02
1.320139847282867e-03	6.842160e-01	4.999866e+00	4.958453e+02
1.330379847282807e-03	6.838253e-01	4.999866e+00	4.960060e+02
1.340619847282746e-03	6.834597e-01	4.999866e+00	4.961565e+02
1.350859847282685e-03	6.831176e-01	4.999866e+00	4.962973e+02
1.361099847282624e-03	6.827973e-01	4.999866e+00	4.964291e+02
1.371339847282563e-03	6.824976e-01	4.999866e+00	4.965524e+02
1.381579847282503e-03	6.822171e-01	4.999866e+00	4.966678e+02
1.391819847282442e-03	6.819545e-01	4.999866e+00	4.967759e+02
1.402059847282381e-03	6.817088e-01	4.999866e+00	4.968770e+02
1.412299847282320e-03	6.814788e-01	4.999866e+00	4.969716e+02
1.422539847282259e-03	6.812635e-01	4.999866e+00	4.970602e+02
1.432779847282199e-03	6.810620e-01	4.999866e+00	4.971431e+02
1.443019847282138e-03	6.808735e-01	4.999866e+00	4.972207e+02
1.453259847282077e-03	6.806971e-01	4.999866e+00	4.972933e+02
1.463499847282016e-03	6.805319e-01	4.999866e+00	4.973612e+02
1.473739847281955e-03	6.803773e-01	4.999866e+00	4.974248e+02
1.483979847281894e-03	6.802326e-01	4.999866e+00	4.974843e+02
1.494219847281834e-03	6.800972e-01	4.999866e+00	4.975401e+02
1.504459847281773e-03	6.799705e-01	4.999866e+00	4.975922e+02
1.514699847281712e-03	6.798519e-01	4.999866e+00	4.976410e+02
1.524939847281651e-03	6.797409e-01	4.999866e+00	4.976867e+02
1.535179847281590e-03	6.796370e-01	4.999866e+00	4.977294e+02
1.545419847281530e-03	6.795398e-01	4.999866e+00	4.977694e+02
1.555659847281469e-03	6.794488e-01	4.999866e+00	4.978069e+02
1.565899847281408e-03	6.793636e-01	4.999866e+00	4.978419e+02
1.576139847281347e-03	6.792839e-01	4.999866e+00	4.978747e+02
1.586379847281286e-03	6.792093e-01	4.999866e+00	4.979054e+02
1.596619847281226e-03	6.791395e-01	4.999866e+00	4.979342e+02
1.606859847281165e-03	6.790741e-01	4.999866e+00	4.979611e+02
1.617099847281104e-03	6.790130e-01	4.999866e+00	4.979862e+02
1.627339847281043e-03	6.789557e-01	4.999866e+00	4.980098e+02
1.637579847280982e-03	6.789021e-01	4.999866e+00	4.980318e+02
1.647819847280921e-03	6.788520e-01	4.999866e+00	4.980525e+02
1.658059847280861e-03	6.788051e-01	4.999866e+00	4.980717e+02
1.668299847280800e-03	6.787611e-01	4.999866e+00	4.980898e+02
1.678539847280739e-03	6.787200e-01	4.999866e+00	4.981068e+02
1.688779847280678e-03	6.786816e-01	4.999866e+00	4.981226e+02
1.699019847280617e-03	6.786456e-01	4.999866e+00	4.981374e+02
1.709259847280557e-03	6.786118e-01	4.999866e+00	4.981512e+02
1.719499847280496e-03	6.785803e-01	4.999866e+00	4.981642e+02
1.729739847280435e-03	6.785508e-01	4.999866e+00	4.981764e+02
1.739979847280374e-03	6.785231e-01	4.999866e+00	4.981877e+02
1.750219847280313e-03	6.784973e-01	4.999866e+00	4.981984e+02
1.760459847280252e-03	6.784731e-01	4.999866e+00	4.982083e+02
1.770699847280192e-03	6.784504e-01	4.999866e+00	4.982177e+02
1.780939847280131e-03	6.784292e-01	4.999866e+00	4.982264e+02
1.791179847280070e-03	6.784094e-01	4.999866e+00	4.982346e+02
1.801419847280009e-03	6.783908e-01	4.999866e+00	4.982422e+02
1.811659847279948e-03	6.783735e-01	4.999866e+00	4.982494e+02
1.821899847279888e-03	6.783572e-01	4.999866e+00	4.982560e+02
1.832139847279827e-03	6.783419e-01	4.999866e+00	4.982623e+02
1.842379847279766e-03	6.783277e-01	4.999866e+00	4.982682e+02
1.852619847279705e-03	6.783144e-01	4.999866e+00	4.982737e+02
1.862859847279644e-03	6.783019e-01	4.999866e+00	4.982788e+02
1.873099847279584e-03	6.782902e-01	4.999866e+00	4.982836e+02
1.883339847279523e-03	6.782793e-01	4.999866e+00	4.982881e+02
1.893579847279462e-03	6.782690e-01	4.999866e+00	4.982923e+02
1.903819847279401e-03	6.782595e-01	4.999866e+00	4.982962e+02
1.914059847279340e-03	6.782505e-01	4.999866e+00	4.982999e+02
1.924299847279279e-03	6.782421e-01	4.999866e+00	4.983034e+02
1.934539847279219e-03	6.782343e-01	4.999866e+00	4.983066e+02
1.944779847279158e-03	6.782269e-01	4.999866e+00	4.983096e+02
1.955019847279097e-03	6.782200e-01	4.999866e+00	4.983125e+02
1.965259847279036e-03	6.782136e-01	4.999866e+00	4.983151e+02
1.975499847278976e-03	6.782076e-01	4.999866e+00	4.983176e+02
1.985739847278915e-03	6.782020e-01	4.999866e+00	4.983199e+02
1.995979847278854e-03	6.781967e-01	4.999866e+00	4.983221e+02
2.006219847278793e-03	6.781917e-01	4.999866e+00	4.983241e+02
2.016459847278732e-03	6.781871e-01	4.999866e+00	4.983260e+02
2.026699847278672e-03	6.781828e-01	4.999866e+00	4.983278e+02
2.036939847278611e-03	6.781787e-01	4.999866e+00	4.983295e+02
2.047179847278550e-03	6.781750e-01	4.999866e+00	4.983310e+02
2.057419847278489e-03	6.781714e-01	4.999866e+00	4.983325e+02
2.067659847278428e-03	6.781681e-01	4.999866e+00	4.983338e+02
2.077899847278367e-03	6.781650e-01	4.999866e+00	4.983351e+02
2.088139847278307e-03	6.781620e-01	4.999866e+00	4.983363e+02
2.098379847278246e-03	6.781594e-01	4.999866e+00	4.983374e+02
2.108619847278185e-03	6.781568e-01	4.999866e+00	4.983385e+02
2.118859847278124e-03	6.781544e-01	4.999866e+00	4.983395e+02
2.129099847278063e-03	6.781522e-01	4.999866e+00	4.983404e+02
2.139339847278003e-03	6.781501e-01	4.999866e+00	4.983412e+02
2.149579847277942e-03	6.781482e-01	4.999866e+00	4.983420e+02
2.159819847277881e-03	6.781463e-01	4.999866e+00	4.983428e+02
2.170059847277820e-03	6.781446e-01	4.999866e+00	4.983435e+02
2.180299847277759e-03	6.781430e-01	4.999866e+00	4.983441e+02
2.190539847277699e-03	6.781415e-01	4.999866e+00	4.983448e+02
2.200779847277638e-03	6.781401e-01	4.999866e+00	4.983454e+02
2.211019847277577e-03	6.781388e-01	4.999866e+00	4.983459e+02
2.221259847277516e-03	6.781375e-01	4.999866e+00	4.983464e+02
2.231499847277455e-03	6.781364e-01	4.999866e+00	4.983469e+02
2.241739847277394e-03	6.781353e-01	4.999866e+00	4.983473e+02
2.251979847277334e-03	6.781343e-01	4.999866e+00	4.983477e+02
2.262219847277273e-03	6.781334e-01	4.999866e+00	4.983481e+02
2.272459847277212e-03	6.781325e-01	4.999866e+00	4.983485e+02
2.282699847277151e-03	6.781316e-01	4.999866e+00	4.983488e+02
2.292939847277090e-03	6.781309e-01	4.999866e+00	4.983492e+02
2.303179847277030e-03	6.781301e-01	4.999866e+00	4.983494e+02
2.313419847276969e-03	6.781295e-01	4.999866e+00	4.983497e+02
2.323659847276908e-03	6.781288e-01	4.999866e+00	4.983500e+02
2.333899847276847e-03	6.781282e-01	4.999866e+00	4.983502e+02
2.344139847276786e-03	6.781277e-01	4.999866e+00	4.983505e+02
2.354379847276726e-03	6.781272e-01	4.999866e+00	4.983507e+02
2.364619847276665e-03	6.781267e-01	4.999866e+00	4.983509e+02
2.374859847276604e-03	6.781263e-01	4.999866e+00	4.983510e+02
2.385099847276543e-03	6.781258e-01	4.999866e+00	4.983512e+02
2.395339847276482e-03	6.781254e-01	4.999866e+00	4.983514e+02
2.405579847276421e-03	6.781250e-01	4.999866e+00	4.983515e+02
2.415819847276361e-03	6.781247e-01	4.999866e+00	4.983517e+02
2.426059847276300e-03	6.781244e-01	4.999866e+00	4.983518e+02
2.436299847276239e-03	6.781241e-01	4.999866e+00	4.983520e+02
2.446539847276178e-03	6.781238e-01	4.999866e+00	4.983521e+02
2.456779847276117e-03	6.781235e-01	4.999866e+00	4.983522e+02
2.467019847276057e-03	6.781232e-01	4.999866e+00	4.983523e+02
2.477259847275996e-03	6.781231e-01	4.999866e+00	4.983524e+02
2.487499847275935e-03	6.781228e-01	4.999866e+00	4.983525e+02
2.497739847275874e-03	6.781226e-01	4.999866e+00	4.983525e+02
2.507979847275813e-03	6.781224e-01	4.999866e+00	4.983526e+02
2.518219847275753e-03	6.781222e-01	4.999866e+00	4.983527e+02
2.528459847275692e-03	6.781220e-01	4.999866e+00	4.983528e+02
2.538699847275631e-03	6.781219e-01	4.999866e+00	4.983528e+02
2.548939847275570e-03	6.781217e-01	4.999866e+00	4.983529e+02
2.559179847275509e-03	6.781216e-01	4.999866e+00	4.983530e+02
2.569419847275448e-03	6.781215e-01	4.999866e+00	4.983530e+02
2.579659847275388e-03	6.781214e-01	4.999866e+00	4.983531e+02
2.589899847275327e-03	6.781213e-01	4.999866e+00	4.983531e+02
2.600139847275266e-03	6.781211e-01	4.999866e+00	4.983531e+02
2.610379847275205e-03	6.781210e-01	4.999866e+00	4.983532e+02
2.620619847275144e-03	6.781210e-01	4.999866e+00	4.983532e+02
2.630859847275084e-03	6.781209e-01	4.999866e+00	4.983533e+02
2.641099847275023e-03	6.781208e-01	4.999866e+00	4.983533e+02
2.651339847274962e-03	6.781207e-01	4.999866e+00	4.983533e+02
2.661579847274901e-03	6.781206e-01	4.999866e+00	4.983534e+02
2.671819847274840e-03	6.781206e-01	4.999866e+00	4.983534e+02
2.682059847274780e-03	6.781205e-01	4.999866e+00	4.983534e+02
2.692299847274719e-03	6.781204e-01	4.999866e+00	4.983534e+02
2.702539847274658e-03	6.781204e-01	4.999866e+00	4.983535e+02
2.712779847274597e-03	6.781204e-01	4.999866e+00	4.983535e+02
2.723019847274536e-03	6.781203e-01	4.999866e+00	4.983535e+02
2.733259847274475e-03	6.781203e-01	4.999866e+00	4.983535e+02
2.743499847274415e-03	6.781202e-01	4.999866e+00	4.983535e+02
2.753739847274354e-03	6.781202e-01	4.999866e+00	4.983535e+02
2.763979847274293e-03	6.781201e-01	4.999866e+00	4.983536e+02
2.774219847274232e-03	6.781201e-01	4.999866e+00	4.983536e+02
2.784459847274171e-03	6.781201e-01	4.999866e+00	4.983536e+02
2.794699847274111e-03	6.781200e-01	4.999866e+00	4.983536e+02
2.804939847274050e-03	6.781200e-01	4.999866e+00	4.983536e+02
2.815179847273989e-03	6.781200e-01	4.999866e+00	4.983536e+02
2.825419847273928e-03	6.781200e-01	4.999866e+00	4.983536e+02
2.835659847273867e-03	6.781200e-01	4.999866e+00	4.983536e+02
2.845899847273806e-03	6.781199e-01	4.999866e+00	4.983537e+02
2.856139847273746e-03	6.781199e-01	4.999866e+00	4.983537e+02
2.866379847273685e-03	6.781199e-01	4.999866e+00	4.983537e+02
2.876619847273624e-03	6.781198e-01	4.999866e+00	4.983537e+02
2.886859847273563e-03	6.781198e-01	4.999866e+00	4.983537e+02
2.897099847273502e-03	6.781198e-01	4.999866e+00	4.983537e+02
2.907339847273442e-03	6.781198e-01	4.999866e+00	4.983537e+02
2.917579847273381e-03	6.781198e-01	4.999866e+00	4.983537e+02
2.927819847273320e-03	6.781198e-01	4.999866e+00	4.983537e+02
2.938059847273259e-03	6.781198e-01	4.999866e+00	4.983537e+02
2.948299847273198e-03	6.781198e-01	4.999866e+00	4.983537e+02
2.958539847273138e-03	6.781198e-01	4.999866e+00	4.983537e+02
2.968779847273077e-03	6.781197e-01	4.999866e+00	4.983537e+02
2.979019847273016e-03	6.781197e-01	4.999866e+00	4.983537e+02
2.989259847272955e-03	6.781197e-01	4.999866e+00	4.983537e+02
2.999499847272894e-03	6.781197e-01	4.999866e+00	4.983537e+02
3.000000000000000e-03	6.781197e-01	4.999866e+00	4.983537e+02
Step Information: Cpar=80p  (Step: 7/8)
0.000000000000000e+00	6.781196e-01	4.999866e+00	4.983538e+02
1.006310719976990e-05	6.781196e-01	4.999866e+00	4.983538e+02
2.030310719977066e-05	6.781196e-01	4.999866e+00	4.983538e+02
3.054310719977230e-05	6.781196e-01	4.999866e+00	4.983538e+02
4.078310719977393e-05	6.781196e-01	4.999866e+00	4.983538e+02
5.102310719977557e-05	6.781196e-01	4.999866e+00	4.983538e+02
6.126310719977705e-05	6.781196e-01	4.999866e+00	4.983538e+02
7.150310719977175e-05	6.781196e-01	4.999866e+00	4.983538e+02
8.174310719976644e-05	6.781196e-01	4.999866e+00	4.983538e+02
9.198310719976114e-05	6.781196e-01	4.999866e+00	4.983538e+02
1.022231071997558e-04	6.781196e-01	4.999866e+00	4.983538e+02
1.124631071997505e-04	6.781196e-01	4.999866e+00	4.983538e+02
1.227031071997452e-04	6.781196e-01	4.999866e+00	4.983538e+02
1.329431071997399e-04	6.781196e-01	4.999866e+00	4.983538e+02
1.431831071997346e-04	6.781196e-01	4.999866e+00	4.983538e+02
1.534231071997293e-04	6.781196e-01	4.999866e+00	4.983538e+02
1.636631071997240e-04	6.781196e-01	4.999866e+00	4.983538e+02
1.739031071997187e-04	6.781196e-01	4.999866e+00	4.983538e+02
1.841431071997134e-04	6.781196e-01	4.999866e+00	4.983538e+02
1.943831071997081e-04	6.781196e-01	4.999866e+00	4.983538e+02
2.046231071997028e-04	6.781196e-01	4.999866e+00	4.983538e+02
2.148631071996975e-04	6.781196e-01	4.999866e+00	4.983538e+02
2.251031071996922e-04	6.781196e-01	4.999866e+00	4.983538e+02
2.353431071996869e-04	6.781196e-01	4.999866e+00	4.983538e+02
2.455831071996817e-04	6.781196e-01	4.999866e+00	4.983538e+02
2.558231071996763e-04	6.781196e-01	4.999866e+00	4.983538e+02
2.660631071996710e-04	6.781196e-01	4.999866e+00	4.983538e+02
2.763031071996657e-04	6.781196e-01	4.999866e+00	4.983538e+02
2.865431071996604e-04	6.781196e-01	4.999866e+00	4.983538e+02
2.967831071996551e-04	6.781196e-01	4.999866e+00	4.983538e+02
3.070231071996498e-04	6.781196e-01	4.999866e+00	4.983538e+02
3.172631071996445e-04	6.781196e-01	4.999866e+00	4.983538e+02
3.275031071996392e-04	6.781196e-01	4.999866e+00	4.983538e+02
3.377431071996339e-04	6.781196e-01	4.999866e+00	4.983538e+02
3.479831071996286e-04	6.781196e-01	4.999866e+00	4.983538e+02
3.582231071996233e-04	6.781196e-01	4.999866e+00	4.983538e+02
3.684631071996180e-04	6.781196e-01	4.999866e+00	4.983538e+02
3.787031071996127e-04	6.781196e-01	4.999866e+00	4.983538e+02
3.889431071996074e-04	6.781196e-01	4.999866e+00	4.983538e+02
3.991831071996021e-04	6.781196e-01	4.999866e+00	4.983538e+02
4.094231071995968e-04	6.781196e-01	4.999866e+00	4.983538e+02
4.196631071995915e-04	6.781196e-01	4.999866e+00	4.983538e+02
4.299031071995862e-04	6.781196e-01	4.999866e+00	4.983538e+02
4.401431071995809e-04	6.781196e-01	4.999866e+00	4.983538e+02
4.503831071995756e-04	6.781196e-01	4.999866e+00	4.983538e+02
4.606231071995703e-04	6.781196e-01	4.999866e+00	4.983538e+02
4.708631071995650e-04	6.781196e-01	4.999866e+00	4.983538e+02
4.811031071995597e-04	6.781196e-01	4.999866e+00	4.983538e+02
4.913431071995710e-04	6.781196e-01	4.999866e+00	4.983538e+02
5.000000000000004e-04	6.781196e-01	4.999866e+00	4.983538e+02
5.000010000000000e-04	6.761979e-01	4.999866e+00	4.924245e+02
5.000043433723457e-04	6.243155e-01	4.999866e+00	4.543820e+02
5.000086899254464e-04	4.543477e-01	4.999866e+00	4.094641e+02
5.000126497995499e-04	2.223493e-01	4.999866e+00	3.726008e+02
5.000159217770026e-04	-6.805740e-03	4.999866e+00	3.447810e+02
5.000179974411938e-04	-1.504267e-01	4.999866e+00	3.282761e+02
5.000192725834886e-04	-2.054672e-01	4.999866e+00	3.185511e+02
5.000210760916355e-04	-2.208071e-01	4.999866e+00	3.053086e+02
5.000223335665500e-04	-2.189800e-01	4.999866e+00	2.964192e+02
5.000238306113648e-04	-2.208337e-01	4.999866e+00	2.861888e+02
5.000257452305387e-04	-2.218168e-01	4.999866e+00	2.736413e+02
5.000289815404117e-04	-2.232964e-01	4.999866e+00	2.537210e+02
5.000354541601575e-04	-2.250784e-01	4.999866e+00	2.182561e+02
5.000454541601576e-04	-2.254377e-01	4.999866e+00	1.732182e+02
5.000554541601576e-04	-2.238591e-01	4.999866e+00	1.378317e+02
5.000654541601577e-04	-2.210160e-01	4.999866e+00	1.099467e+02
5.000754541601577e-04	-2.173812e-01	4.999866e+00	8.791039e+01
5.000854541601578e-04	-2.131092e-01	4.999866e+00	7.044804e+01
5.000954541601578e-04	-2.084094e-01	4.999866e+00	5.657370e+01
5.001054541601579e-04	-2.033284e-01	4.999866e+00	4.552232e+01
5.001154541601579e-04	-1.979977e-01	4.999866e+00	3.669840e+01
5.001254541601580e-04	-1.924251e-01	4.999866e+00	2.963703e+01
5.001354541601580e-04	-1.866986e-01	4.999866e+00	2.397406e+01
5.001454541601581e-04	-1.808175e-01	4.999866e+00	1.942349e+01
5.001554541601581e-04	-1.748395e-01	4.999866e+00	1.575997e+01
5.001654541601582e-04	-1.687681e-01	4.999866e+00	1.280546e+01
5.001754541601582e-04	-1.626392e-01	4.999866e+00	1.041891e+01
5.001854541601583e-04	-1.564632e-01	4.999866e+00	8.488270e+00
5.001954541601583e-04	-1.502626e-01	4.999866e+00	6.924303e+00
5.002054541601584e-04	-1.440519e-01	4.999866e+00	5.655776e+00
5.002154541601584e-04	-1.378478e-01	4.999866e+00	4.625691e+00
5.002254541601585e-04	-1.316661e-01	4.999866e+00	3.788347e+00
5.002354541601585e-04	-1.255218e-01	4.999866e+00	3.107024e+00
5.002454541601586e-04	-1.194305e-01	4.999866e+00	2.552165e+00
5.002554541601586e-04	-1.134067e-01	4.999866e+00	2.099936e+00
5.002654541601587e-04	-1.074654e-01	4.999866e+00	1.731087e+00
5.002754541601587e-04	-1.016203e-01	4.999866e+00	1.430046e+00
5.002854541601588e-04	-9.588516e-02	4.999866e+00	1.184202e+00
5.002954541601588e-04	-9.027202e-02	4.999866e+00	9.833252e-01
5.003054541601588e-04	-8.479263e-02	4.999866e+00	8.191108e-01
5.003154541601589e-04	-7.945663e-02	4.999866e+00	6.848076e-01
5.003254541601589e-04	-7.427298e-02	4.999866e+00	5.749231e-01
5.003354541601590e-04	-6.924824e-02	4.999866e+00	4.849845e-01
5.003454541601590e-04	-6.438813e-02	4.999866e+00	4.113468e-01
5.003554541601591e-04	-5.969597e-02	4.999866e+00	3.510369e-01
5.003654541601591e-04	-5.517420e-02	4.999866e+00	3.016288e-01
5.003754541601592e-04	-5.082300e-02	4.999866e+00	2.611412e-01
5.003854541601592e-04	-4.664190e-02	4.999866e+00	2.279556e-01
5.003954541601593e-04	-4.262844e-02	4.999866e+00	2.007488e-01
5.004054541601593e-04	-3.877980e-02	4.999866e+00	1.784389e-01
5.004154541601594e-04	-3.509151e-02	4.999866e+00	1.601406e-01
5.004254541601594e-04	-3.155906e-02	4.999866e+00	1.451296e-01
5.004354541601595e-04	-2.817665e-02	4.999866e+00	1.328129e-01
5.004454541601595e-04	-2.493879e-02	4.999866e+00	1.227049e-01
5.004554541601596e-04	-2.183894e-02	4.999866e+00	1.144079e-01
5.004654541601596e-04	-1.887108e-02	4.999866e+00	1.075959e-01
5.004754541601597e-04	-1.602843e-02	4.999866e+00	1.020020e-01
5.004854541601597e-04	-1.330492e-02	4.999866e+00	9.740735e-02
5.004954541601598e-04	-1.069384e-02	4.999866e+00	9.363252e-02
5.005054541601598e-04	-8.189354e-03	4.999866e+00	9.053042e-02
5.005154541601599e-04	-5.785092e-03	4.999866e+00	8.798046e-02
5.005254541601599e-04	-3.475627e-03	4.999866e+00	8.588370e-02
5.005354541601600e-04	-1.255054e-03	4.999866e+00	8.415902e-02
5.005454541601600e-04	8.815455e-04	4.999866e+00	8.273986e-02
5.005554541601601e-04	2.939541e-03	4.999866e+00	8.157161e-02
5.005654541601601e-04	4.923307e-03	4.999866e+00	8.060946e-02
5.005754541601602e-04	6.837665e-03	4.999866e+00	7.981665e-02
5.005854541601602e-04	8.686448e-03	4.999866e+00	7.916298e-02
5.005954541601603e-04	1.047395e-02	4.999866e+00	7.862368e-02
5.006054541601603e-04	1.220348e-02	4.999866e+00	7.817843e-02
5.006154541601604e-04	1.387886e-02	4.999866e+00	7.781050e-02
5.006254541601604e-04	1.550292e-02	4.999866e+00	7.750620e-02
5.006354541601605e-04	1.707903e-02	4.999866e+00	7.725424e-02
5.006454541601605e-04	1.860961e-02	4.999866e+00	7.704540e-02
5.006554541601606e-04	2.009762e-02	4.999866e+00	7.687205e-02
5.006654541601606e-04	2.154514e-02	4.999866e+00	7.672795e-02
5.006754541601607e-04	2.295475e-02	4.999866e+00	7.660796e-02
5.006854541601607e-04	2.432823e-02	4.999866e+00	7.650787e-02
5.006954541601608e-04	2.566785e-02	4.999866e+00	7.642420e-02
5.007054541601608e-04	2.697510e-02	4.999866e+00	7.635409e-02
5.007154541601609e-04	2.825203e-02	4.999866e+00	7.629520e-02
5.007254541601609e-04	2.949985e-02	4.999866e+00	7.624559e-02
5.007354541601610e-04	3.072039e-02	4.999866e+00	7.620366e-02
5.007454541601610e-04	3.191468e-02	4.999866e+00	7.616810e-02
5.007554541601611e-04	3.308435e-02	4.999866e+00	7.613783e-02
5.007654541601611e-04	3.423025e-02	4.999866e+00	7.611197e-02
5.007754541601612e-04	3.535384e-02	4.999866e+00	7.608977e-02
5.007854541601612e-04	3.645583e-02	4.999866e+00	7.607062e-02
5.007954541601613e-04	3.753754e-02	4.999866e+00	7.605403e-02
5.008054541601613e-04	3.859955e-02	4.999866e+00	7.603957e-02
5.008154541601614e-04	3.964308e-02	4.999866e+00	7.602691e-02
5.008254541601614e-04	4.066857e-02	4.999866e+00	7.601576e-02
5.008354541601614e-04	4.167714e-02	4.999866e+00	7.600589e-02
5.008454541601615e-04	4.266916e-02	4.999866e+00	7.599709e-02
5.008554541601615e-04	4.364564e-02	4.999866e+00	7.598922e-02
5.008654541601616e-04	4.460689e-02	4.999866e+00	7.598212e-02
5.008754541601616e-04	4.555383e-02	4.999866e+00	7.597569e-02
5.008854541601617e-04	4.648669e-02	4.999866e+00	7.596983e-02
5.008954541601617e-04	4.740635e-02	4.999866e+00	7.596447e-02
5.009054541601618e-04	4.831297e-02	4.999866e+00	7.595953e-02
5.009154541601618e-04	4.920736e-02	4.999866e+00	7.595497e-02
5.009254541601619e-04	5.008964e-02	4.999866e+00	7.595073e-02
5.009354541601619e-04	5.096058e-02	4.999866e+00	7.594679e-02
5.009454541601620e-04	5.182024e-02	4.999866e+00	7.594309e-02
5.009554541601620e-04	5.266935e-02	4.999866e+00	7.593962e-02
5.009654541601621e-04	5.350793e-02	4.999866e+00	7.593635e-02
5.009754541601621e-04	5.433667e-02	4.999866e+00	7.593326e-02
5.009854541601622e-04	5.515558e-02	4.999866e+00	7.593033e-02
5.009954541601622e-04	5.596528e-02	4.999866e+00	7.592754e-02
5.010054541601623e-04	5.676576e-02	4.999866e+00	7.592489e-02
5.010154541601623e-04	5.755764e-02	4.999866e+00	7.592236e-02
5.010254541601624e-04	5.834085e-02	4.999866e+00	7.591994e-02
5.010354541601624e-04	5.911598e-02	4.999866e+00	7.591762e-02
5.010454541601625e-04	5.988296e-02	4.999866e+00	7.591540e-02
5.010554541601625e-04	6.064236e-02	4.999866e+00	7.591327e-02
5.010654541601626e-04	6.139407e-02	4.999866e+00	7.591122e-02
5.010754541601626e-04	6.213864e-02	4.999866e+00	7.590925e-02
5.010854541601627e-04	6.287596e-02	4.999866e+00	7.590734e-02
5.010954541601627e-04	6.360655e-02	4.999866e+00	7.590551e-02
5.011054541601628e-04	6.433026e-02	4.999866e+00	7.590374e-02
5.011154541601628e-04	6.504763e-02	4.999866e+00	7.590202e-02
5.011254541601629e-04	6.575850e-02	4.999866e+00	7.590037e-02
5.011354541601629e-04	6.646336e-02	4.999866e+00	7.589876e-02
5.011454541601630e-04	6.716205e-02	4.999866e+00	7.589721e-02
5.011554541601630e-04	6.785506e-02	4.999866e+00	7.589570e-02
5.011654541601631e-04	6.854221e-02	4.999866e+00	7.589424e-02
5.011754541601631e-04	6.922397e-02	4.999866e+00	7.589283e-02
5.011854541601632e-04	6.990016e-02	4.999866e+00	7.589145e-02
5.011954541601632e-04	7.057124e-02	4.999866e+00	7.589012e-02
5.012054541601633e-04	7.123701e-02	4.999866e+00	7.588882e-02
5.012154541601633e-04	7.189792e-02	4.999866e+00	7.588756e-02
5.012254541601634e-04	7.255378e-02	4.999866e+00	7.588633e-02
5.012354541601634e-04	7.320501e-02	4.999866e+00	7.588514e-02
5.012454541601635e-04	7.385141e-02	4.999866e+00	7.588398e-02
5.012554541601635e-04	7.449342e-02	4.999866e+00	7.588284e-02
5.012654541601636e-04	7.513081e-02	4.999866e+00	7.588174e-02
5.012754541601636e-04	7.576400e-02	4.999866e+00	7.588067e-02
5.012854541601637e-04	7.639279e-02	4.999866e+00	7.587963e-02
5.012954541601637e-04	7.701757e-02	4.999866e+00	7.587861e-02
5.013054541601638e-04	7.763813e-02	4.999866e+00	7.587761e-02
5.013154541601638e-04	7.825487e-02	4.999866e+00	7.587664e-02
5.013254541601639e-04	7.886756e-02	4.999866e+00	7.587569e-02
5.013354541601639e-04	7.947660e-02	4.999866e+00	7.587477e-02
5.013454541601639e-04	8.008176e-02	4.999866e+00	7.587386e-02
5.013554541601640e-04	8.068342e-02	4.999866e+00	7.587298e-02
5.013654541601640e-04	8.128136e-02	4.999866e+00	7.587212e-02
5.013754541601641e-04	8.187595e-02	4.999866e+00	7.587127e-02
5.013854541601641e-04	8.246696e-02	4.999866e+00	7.587045e-02
5.013954541601642e-04	8.305477e-02	4.999866e+00	7.586965e-02
5.014054541601642e-04	8.363913e-02	4.999866e+00	7.586886e-02
5.014154541601643e-04	8.422042e-02	4.999866e+00	7.586809e-02
5.014254541601643e-04	8.479840e-02	4.999866e+00	7.586734e-02
5.014354541601644e-04	8.537342e-02	4.999866e+00	7.586660e-02
5.014454541601644e-04	8.594526e-02	4.999866e+00	7.586588e-02
5.014554541601645e-04	8.651426e-02	4.999866e+00	7.586517e-02
5.014654541601645e-04	8.708020e-02	4.999866e+00	7.586448e-02
5.014754541601646e-04	8.764341e-02	4.999866e+00	7.586380e-02
5.014854541601646e-04	8.820365e-02	4.999866e+00	7.586314e-02
5.014954541601647e-04	8.876128e-02	4.999866e+00	7.586248e-02
5.015054541601647e-04	8.931606e-02	4.999866e+00	7.586185e-02
5.015154541601648e-04	8.986831e-02	4.999866e+00	7.586122e-02
5.015254541601648e-04	9.041779e-02	4.999866e+00	7.586060e-02
5.015354541601649e-04	9.096486e-02	4.999866e+00	7.586001e-02
5.015454541601649e-04	9.150926e-02	4.999866e+00	7.585942e-02
5.015554541601650e-04	9.205132e-02	4.999866e+00	7.585884e-02
5.015654541601650e-04	9.259080e-02	4.999866e+00	7.585827e-02
5.015754541601651e-04	9.312803e-02	4.999866e+00	7.585771e-02
5.015854541601651e-04	9.366277e-02	4.999866e+00	7.585717e-02
5.015954541601652e-04	9.419533e-02	4.999866e+00	7.585663e-02
5.016054541601652e-04	9.472548e-02	4.999866e+00	7.585610e-02
5.016154541601653e-04	9.525353e-02	4.999866e+00	7.585558e-02
5.016254541601653e-04	9.577925e-02	4.999866e+00	7.585508e-02
5.016354541601654e-04	9.630294e-02	4.999866e+00	7.585458e-02
5.016454541601654e-04	9.682437e-02	4.999866e+00	7.585409e-02
5.016554541601655e-04	9.734384e-02	4.999866e+00	7.585361e-02
5.016654541601655e-04	9.786111e-02	4.999866e+00	7.585313e-02
5.016754541601656e-04	9.837651e-02	4.999866e+00	7.585267e-02
5.016854541601656e-04	9.888976e-02	4.999866e+00	7.585221e-02
5.016954541601657e-04	9.940119e-02	4.999866e+00	7.585176e-02
5.017054541601657e-04	9.991055e-02	4.999866e+00	7.585132e-02
5.017154541601658e-04	1.004182e-01	4.999866e+00	7.585088e-02
5.017254541601658e-04	1.009237e-01	4.999866e+00	7.585046e-02
5.017354541601659e-04	1.014276e-01	4.999866e+00	7.585003e-02
5.017454541601659e-04	1.019295e-01	4.999866e+00	7.584962e-02
5.017554541601660e-04	1.024298e-01	4.999866e+00	7.584921e-02
5.017654541601660e-04	1.029282e-01	4.999866e+00	7.584881e-02
5.017754541601661e-04	1.034250e-01	4.999866e+00	7.584842e-02
5.017854541601661e-04	1.039199e-01	4.999866e+00	7.584803e-02
5.017954541601662e-04	1.044133e-01	4.999866e+00	7.584765e-02
5.018054541601662e-04	1.049049e-01	4.999866e+00	7.584727e-02
5.018154541601663e-04	1.053950e-01	4.999866e+00	7.584690e-02
5.018254541601663e-04	1.058833e-01	4.999866e+00	7.584654e-02
5.018354541601664e-04	1.063702e-01	4.999866e+00	7.584618e-02
5.018454541601664e-04	1.068554e-01	4.999866e+00	7.584582e-02
5.018554541601664e-04	1.073391e-01	4.999866e+00	7.584547e-02
5.018654541601665e-04	1.078212e-01	4.999866e+00	7.584513e-02
5.018754541601665e-04	1.083020e-01	4.999866e+00	7.584479e-02
5.018854541601666e-04	1.087811e-01	4.999866e+00	7.584446e-02
5.018954541601666e-04	1.092589e-01	4.999866e+00	7.584413e-02
5.019054541601667e-04	1.097351e-01	4.999866e+00	7.584380e-02
5.019154541601667e-04	1.102101e-01	4.999866e+00	7.584349e-02
5.019254541601668e-04	1.106834e-01	4.999866e+00	7.584317e-02
5.019354541601668e-04	1.111556e-01	4.999866e+00	7.584286e-02
5.019454541601669e-04	1.116262e-01	4.999866e+00	7.584256e-02
5.019554541601669e-04	1.120956e-01	4.999866e+00	7.584225e-02
5.019654541601670e-04	1.125636e-01	4.999866e+00	7.584196e-02
5.019754541601670e-04	1.130304e-01	4.999866e+00	7.584167e-02
5.019854541601671e-04	1.134957e-01	4.999866e+00	7.584137e-02
5.019954541601671e-04	1.139599e-01	4.999866e+00	7.584109e-02
5.020010000000001e-04	1.142167e-01	4.999866e+00	7.584094e-02
5.020013333333334e-04	1.142322e-01	4.999866e+00	7.584092e-02
5.020020000000001e-04	1.142631e-01	4.999866e+00	7.644983e-02
5.020033333333334e-04	1.143263e-01	4.999866e+00	7.888356e-02
5.020059999999999e-04	1.144580e-01	4.999866e+00	8.373994e-02
5.020087741328378e-04	1.146023e-01	4.999866e+00	8.877719e-02
5.020143223985134e-04	1.149110e-01	4.999866e+00	9.881090e-02
5.020243223985135e-04	1.155244e-01	4.999866e+00	1.167787e-01
5.020343223985135e-04	1.161971e-01	4.999866e+00	1.346238e-01
5.020443223985136e-04	1.169148e-01	4.999866e+00	1.523751e-01
5.020543223985136e-04	1.176663e-01	4.999866e+00	1.700547e-01
5.020643223985137e-04	1.184430e-01	4.999866e+00	1.876792e-01
5.020743223985137e-04	1.192386e-01	4.999866e+00	2.052617e-01
5.020843223985138e-04	1.200482e-01	4.999866e+00	2.228118e-01
5.020943223985138e-04	1.208680e-01	4.999866e+00	2.403370e-01
5.021143223985139e-04	1.225275e-01	4.999866e+00	2.753343e-01
5.021443223985141e-04	1.250409e-01	4.999866e+00	3.277489e-01
5.021843223985143e-04	1.284003e-01	4.999866e+00	3.975599e-01
5.023043223985149e-04	1.383804e-01	4.999866e+00	6.068184e-01
5.027943223985173e-04	1.774517e-01	4.999866e+00	1.460210e+00
5.036543223985215e-04	2.418984e-01	4.999866e+00	2.954274e+00
5.047643223985269e-04	3.196606e-01	4.999866e+00	4.875781e+00
5.060743223985333e-04	4.045086e-01	4.999866e+00	7.133619e+00
5.075743223985407e-04	4.929939e-01	4.999866e+00	9.705870e+00
5.092843223985491e-04	5.833149e-01	4.999866e+00	1.262135e+01
5.112243223985586e-04	6.733099e-01	4.999866e+00	1.590737e+01
5.116743223985608e-04	6.924297e-01	4.999866e+00	1.666634e+01
5.139343223985719e-04	7.793393e-01	4.999866e+00	2.045960e+01
5.165143223985845e-04	8.619090e-01	4.999866e+00	2.475274e+01
5.194843223985991e-04	9.384507e-01	4.999866e+00	2.964631e+01
5.219143223986110e-04	9.888132e-01	4.999866e+00	3.361196e+01
5.258143223986301e-04	1.051127e+00	4.999866e+00	3.990577e+01
5.305143223986532e-04	1.102980e+00	4.999866e+00	4.737645e+01
5.321543223986612e-04	1.116453e+00	4.999866e+00	4.995429e+01
5.384643223986922e-04	1.152050e+00	4.999866e+00	5.973529e+01
5.423943223987114e-04	1.164557e+00	4.999865e+00	6.571856e+01
5.455343223987268e-04	1.170802e+00	4.999837e+00	7.044021e+01
5.473243223987356e-04	1.173184e+00	4.999674e+00	7.310870e+01
5.482643223987402e-04	1.174142e+00	4.999452e+00	7.450335e+01
5.488143223987429e-04	1.174616e+00	4.999166e+00	7.531724e+01
5.491543223987446e-04	1.174879e+00	4.998816e+00	7.581959e+01
5.493743223987457e-04	1.175037e+00	4.998392e+00	7.614432e+01
5.495143223987463e-04	1.175133e+00	4.997902e+00	7.635084e+01
5.496043223987468e-04	1.175193e+00	4.997344e+00	7.648354e+01
5.496643223987471e-04	1.175232e+00	4.996665e+00	7.657199e+01
5.496943223987472e-04	1.175251e+00	4.996062e+00	7.661620e+01
5.497143223987473e-04	1.175264e+00	4.995384e+00	7.664568e+01
5.497243223987474e-04	1.175270e+00	4.994846e+00	7.666042e+01
5.497343223987474e-04	1.175276e+00	4.993981e+00	7.667516e+01
5.497455723987475e-04	1.175284e+00	4.991745e+00	7.669173e+01
5.497480723987474e-04	1.175285e+00	4.990754e+00	7.669542e+01
5.497518733462222e-04	1.175287e+00	4.987875e+00	7.670102e+01
5.497544029984156e-04	1.175289e+00	4.983465e+00	7.670474e+01
5.497569376577332e-04	1.175291e+00	4.973197e+00	7.670848e+01
5.497596762237709e-04	1.175292e+00	4.953588e+00	7.671252e+01
5.497616357887748e-04	1.175294e+00	4.934376e+00	7.671540e+01
5.497630986909098e-04	1.175295e+00	4.912923e+00	7.671756e+01
5.497644339353955e-04	1.175295e+00	4.878183e+00	7.671953e+01
5.497656671621999e-04	1.175296e+00	4.821732e+00	7.672134e+01
5.497669842256163e-04	1.175297e+00	4.717845e+00	7.672328e+01
5.497683530979041e-04	1.175298e+00	4.530046e+00	7.672530e+01
5.497698681617431e-04	1.175299e+00	4.148580e+00	7.672753e+01
5.497714121708910e-04	1.175300e+00	3.398093e+00	7.672981e+01
5.497730099419444e-04	1.175301e+00	1.839683e+00	7.673216e+01
5.497741836171508e-04	1.175301e+00	1.220937e-01	7.673389e+01
5.497745652636825e-04	1.175302e+00	-2.579820e-02	7.673445e+01
5.497747074449981e-04	1.175302e+00	1.144459e-02	7.673466e+01
5.497747374636279e-04	1.175302e+00	4.668293e-03	7.673471e+01
5.497747592239826e-04	1.175302e+00	2.490628e-03	7.673474e+01
5.497747877470492e-04	1.175302e+00	1.107543e-03	7.673478e+01
5.497748188045599e-04	1.175302e+00	5.153834e-04	7.673483e+01
5.497748674140151e-04	1.175302e+00	2.322608e-04	7.673490e+01
5.497749245178706e-04	1.175302e+00	1.844180e-04	7.673499e+01
5.497750227886673e-04	1.175302e+00	1.697429e-04	7.673513e+01
5.497751754712954e-04	1.175302e+00	1.534289e-04	7.673535e+01
5.497760915670640e-04	1.175303e+00	9.757104e-05	7.673670e+01
5.497773130280888e-04	1.175303e+00	8.357941e-05	7.673850e+01
5.497797559501383e-04	1.175305e+00	8.413254e-05	7.674210e+01
5.497846417942375e-04	1.175308e+00	8.310150e-05	7.674930e+01
5.497944134824359e-04	1.175314e+00	8.318604e-05	7.676369e+01
5.498044134824360e-04	1.175320e+00	8.232565e-05	7.677843e+01
5.498144134824360e-04	1.175326e+00	8.272434e-05	7.679317e+01
5.498244134824361e-04	1.175333e+00	8.207136e-05	7.680789e+01
5.498344134824361e-04	1.175339e+00	8.257056e-05	7.682262e+01
5.498544134824362e-04	1.175351e+00	8.251795e-05	7.685209e+01
5.499144134824365e-04	1.175387e+00	8.248075e-05	7.694046e+01
5.523644134824485e-04	1.176340e+00	8.219564e-05	8.053313e+01
5.626044134824988e-04	1.172257e+00	8.224021e-05	9.522015e+01
5.728444134825490e-04	1.160998e+00	8.224040e-05	1.093905e+02
5.830844134825992e-04	1.146811e+00	8.224047e-05	1.230627e+02
5.933244134826494e-04	1.131614e+00	8.224056e-05	1.362542e+02
6.035644134826996e-04	1.116265e+00	8.224071e-05	1.489820e+02
6.138044134827498e-04	1.101144e+00	8.224091e-05	1.612624e+02
6.240444134828000e-04	1.086412e+00	8.224119e-05	1.731111e+02
6.342844134828502e-04	1.072132e+00	8.224157e-05	1.845434e+02
6.445244134829004e-04	1.058324e+00	8.224208e-05	1.955738e+02
6.547644134829506e-04	1.044987e+00	8.224275e-05	2.062165e+02
6.650044134830008e-04	1.032112e+00	8.224367e-05	2.164851e+02
6.752444134830510e-04	1.019686e+00	8.224511e-05	2.263928e+02
6.854844134831013e-04	1.007695e+00	8.255873e-05	2.359522e+02
6.908444134831275e-04	1.001586e+00	9.482093e-05	2.408212e+02
6.927844134831371e-04	9.994035e-01	1.676822e-04	2.425611e+02
6.936944134831415e-04	9.983846e-01	2.619858e-04	2.433732e+02
6.941844134831439e-04	9.978373e-01	3.761289e-04	2.438094e+02
6.944844134831454e-04	9.975027e-01	5.140579e-04	2.440762e+02
6.946744134831463e-04	9.972910e-01	6.716845e-04	2.442449e+02
6.948044134831470e-04	9.971462e-01	8.536412e-04	2.443603e+02
6.948944134831474e-04	9.970460e-01	1.056360e-03	2.444402e+02
6.949544134831477e-04	9.969792e-01	1.262194e-03	2.444934e+02
6.950044134831479e-04	9.969236e-01	1.518625e-03	2.445378e+02
6.950344134831481e-04	9.968902e-01	1.741301e-03	2.445644e+02
6.950544134831482e-04	9.968680e-01	1.939912e-03	2.445821e+02
6.950744134831483e-04	9.968457e-01	2.205583e-03	2.445999e+02
6.950844134831483e-04	9.968346e-01	2.377719e-03	2.446087e+02
6.950944134831484e-04	9.968234e-01	2.590490e-03	2.446176e+02
6.951044134831484e-04	9.968123e-01	2.864153e-03	2.446264e+02
6.951144134831485e-04	9.968012e-01	3.237928e-03	2.446353e+02
6.951229878293759e-04	9.967917e-01	3.700545e-03	2.446429e+02
6.951291172557387e-04	9.967848e-01	4.180296e-03	2.446484e+02
6.951356093179742e-04	9.967776e-01	4.980963e-03	2.446541e+02
6.951445664081669e-04	9.967676e-01	8.110021e-03	2.446620e+02
6.951458164081669e-04	9.967663e-01	9.112844e-03	2.446632e+02
6.951483164081668e-04	9.967635e-01	1.257969e-02	2.446654e+02
6.951508994424354e-04	9.967606e-01	2.075136e-02	2.446677e+02
6.951534101747138e-04	9.967578e-01	3.365653e-02	2.446699e+02
6.951556141417398e-04	9.967554e-01	4.835600e-02	2.446718e+02
6.951574510910837e-04	9.967533e-01	6.815010e-02	2.446735e+02
6.951590496511586e-04	9.967515e-01	1.022022e-01	2.446749e+02
6.951607912468592e-04	9.967496e-01	1.783779e-01	2.446764e+02
6.951626575907491e-04	9.967475e-01	3.508597e-01	2.446781e+02
6.951645197313594e-04	9.967455e-01	7.235175e-01	2.446797e+02
6.951663399471827e-04	9.967434e-01	1.526914e+00	2.446814e+02
6.951680863366203e-04	9.967415e-01	3.217268e+00	2.446829e+02
6.951690140349961e-04	9.967405e-01	4.712806e+00	2.446837e+02
6.951693505742837e-04	9.967401e-01	5.007049e+00	2.446840e+02
6.951694177970633e-04	9.967400e-01	5.001063e+00	2.446841e+02
6.951694669711436e-04	9.967399e-01	5.000104e+00	2.446841e+02
6.951695474041216e-04	9.967399e-01	4.999665e+00	2.446842e+02
6.951696546480922e-04	9.967397e-01	4.999618e+00	2.446843e+02
6.951700387953550e-04	9.967393e-01	4.999728e+00	2.446846e+02
6.951705137956891e-04	9.967388e-01	4.999797e+00	2.446851e+02
6.951714637963573e-04	9.967377e-01	4.999861e+00	2.446859e+02
6.951733637976937e-04	9.967356e-01	4.999865e+00	2.446876e+02
6.951771638003664e-04	9.967314e-01	4.999863e+00	2.446909e+02
6.951832968643446e-04	9.967245e-01	4.999866e+00	2.446964e+02
6.951932968643446e-04	9.967135e-01	4.999864e+00	2.447052e+02
6.952032968643447e-04	9.967023e-01	4.999867e+00	2.447141e+02
6.952132968643447e-04	9.966912e-01	4.999865e+00	2.447230e+02
6.952232968643448e-04	9.966801e-01	4.999867e+00	2.447318e+02
6.952332968643448e-04	9.966690e-01	4.999865e+00	2.447407e+02
6.952532968643449e-04	9.966468e-01	4.999865e+00	2.447584e+02
6.953332968643453e-04	9.965578e-01	4.999865e+00	2.448293e+02
6.954832968643460e-04	9.963911e-01	4.999866e+00	2.449622e+02
7.057232968643962e-04	9.852161e-01	4.999866e+00	2.538689e+02
7.159632968644465e-04	9.744332e-01	4.999866e+00	2.624625e+02
7.262032968644967e-04	9.640285e-01	4.999866e+00	2.707540e+02
7.364432968645469e-04	9.539889e-01	4.999866e+00	2.787542e+02
7.466832968645971e-04	9.443016e-01	4.999866e+00	2.864731e+02
7.569232968646473e-04	9.349542e-01	4.999866e+00	2.939207e+02
7.671632968646975e-04	9.259349e-01	4.999866e+00	3.011064e+02
7.774032968647477e-04	9.172321e-01	4.999866e+00	3.080397e+02
7.876432968647979e-04	9.088348e-01	4.999866e+00	3.147292e+02
7.978832968648481e-04	9.007321e-01	4.999866e+00	3.211836e+02
8.081232968648983e-04	8.929138e-01	4.999866e+00	3.274111e+02
8.183632968649485e-04	8.853700e-01	4.999866e+00	3.334197e+02
8.286032968649988e-04	8.780909e-01	4.999866e+00	3.392171e+02
8.388432968650490e-04	8.710673e-01	4.999866e+00	3.448108e+02
8.490832968650992e-04	8.642903e-01	4.999866e+00	3.502078e+02
8.593232968651494e-04	8.577512e-01	4.999866e+00	3.554151e+02
8.695632968651996e-04	8.514416e-01	4.999866e+00	3.604394e+02
8.798032968652498e-04	8.453535e-01	4.999866e+00	3.652871e+02
8.900432968653000e-04	8.394792e-01	4.999866e+00	3.699644e+02
9.002832968653502e-04	8.338111e-01	4.999866e+00	3.744772e+02
9.105232968654004e-04	8.283420e-01	4.999866e+00	3.788315e+02
9.207632968654506e-04	8.230649e-01	4.999866e+00	3.830327e+02
9.310032968655008e-04	8.179731e-01	4.999866e+00	3.870862e+02
9.412432968655510e-04	8.130602e-01	4.999866e+00	3.909973e+02
9.514832968656013e-04	8.083196e-01	4.999866e+00	3.947708e+02
9.617232968656515e-04	8.037456e-01	4.999866e+00	3.984118e+02
9.719632968657017e-04	7.993322e-01	4.999866e+00	4.019247e+02
9.822032968656907e-04	7.950737e-01	4.999866e+00	4.053142e+02
9.924432968656299e-04	7.909648e-01	4.999866e+00	4.085845e+02
1.002683296865569e-03	7.870002e-01	4.999866e+00	4.117399e+02
1.012923296865508e-03	7.831749e-01	4.999866e+00	4.147844e+02
1.023163296865447e-03	7.794839e-01	4.999866e+00	4.177218e+02
1.033403296865387e-03	7.759225e-01	4.999866e+00	4.205560e+02
1.043643296865326e-03	7.724862e-01	4.999866e+00	4.232906e+02
1.053883296865265e-03	7.691705e-01	4.999866e+00	4.259291e+02
1.064123296865204e-03	7.659714e-01	4.999866e+00	4.284748e+02
1.074363296865143e-03	7.628846e-01	4.999866e+00	4.309311e+02
1.084603296865083e-03	7.599062e-01	4.999866e+00	4.333010e+02
1.094843296865022e-03	7.570325e-01	4.999866e+00	4.355876e+02
1.105083296864961e-03	7.542596e-01	4.999866e+00	4.377938e+02
1.115323296864900e-03	7.515842e-01	4.999866e+00	4.399225e+02
1.125563296864839e-03	7.490028e-01	4.999866e+00	4.419763e+02
1.135803296864779e-03	7.465120e-01	4.999866e+00	4.439580e+02
1.146043296864718e-03	7.441087e-01	4.999866e+00	4.458700e+02
1.156283296864657e-03	7.417899e-01	4.999866e+00	4.477148e+02
1.166523296864596e-03	7.395526e-01	4.999866e+00	4.494948e+02
1.176763296864535e-03	7.373938e-01	4.999866e+00	4.512121e+02
1.187003296864474e-03	7.353109e-01	4.999866e+00	4.528692e+02
1.197243296864414e-03	7.333011e-01	4.999866e+00	4.544679e+02
1.207483296864353e-03	7.313620e-01	4.999866e+00	4.560105e+02
1.217723296864292e-03	7.294910e-01	4.999866e+00	4.574989e+02
1.227963296864231e-03	7.276857e-01	4.999866e+00	4.589349e+02
1.238203296864170e-03	7.259439e-01	4.999866e+00	4.603205e+02
1.248443296864110e-03	7.242632e-01	4.999866e+00	4.616574e+02
1.258683296864049e-03	7.226416e-01	4.999866e+00	4.629472e+02
1.268923296863988e-03	7.210770e-01	4.999866e+00	4.641918e+02
1.279163296863927e-03	7.195673e-01	4.999866e+00	4.653926e+02
1.289403296863866e-03	7.181107e-01	4.999866e+00	4.665511e+02
1.299643296863806e-03	7.167053e-01	4.999866e+00	4.676690e+02
1.309883296863745e-03	7.153493e-01	4.999866e+00	4.687476e+02
1.320123296863684e-03	7.140409e-01	4.999866e+00	4.697882e+02
1.330363296863623e-03	7.127784e-01	4.999866e+00	4.707923e+02
1.340603296863562e-03	7.115604e-01	4.999866e+00	4.717611e+02
1.350843296863501e-03	7.103851e-01	4.999866e+00	4.726958e+02
1.361083296863441e-03	7.092512e-01	4.999866e+00	4.735977e+02
1.371323296863380e-03	7.081571e-01	4.999866e+00	4.744679e+02
1.381563296863319e-03	7.071014e-01	4.999866e+00	4.753075e+02
1.391803296863258e-03	7.060828e-01	4.999866e+00	4.761176e+02
1.402043296863197e-03	7.051001e-01	4.999866e+00	4.768991e+02
1.412283296863137e-03	7.041518e-01	4.999866e+00	4.776533e+02
1.422523296863076e-03	7.032369e-01	4.999866e+00	4.783809e+02
1.432763296863015e-03	7.023541e-01	4.999866e+00	4.790829e+02
1.443003296862954e-03	7.015024e-01	4.999866e+00	4.797603e+02
1.453243296862893e-03	7.006806e-01	4.999866e+00	4.804139e+02
1.463483296862833e-03	6.998876e-01	4.999866e+00	4.810445e+02
1.473723296862772e-03	6.991225e-01	4.999866e+00	4.816529e+02
1.483963296862711e-03	6.983844e-01	4.999866e+00	4.822399e+02
1.494203296862650e-03	6.976721e-01	4.999866e+00	4.828063e+02
1.504443296862589e-03	6.969849e-01	4.999866e+00	4.833528e+02
1.514683296862528e-03	6.963219e-01	4.999866e+00	4.838801e+02
1.524923296862468e-03	6.956821e-01	4.999866e+00	4.843888e+02
1.535163296862407e-03	6.950648e-01	4.999866e+00	4.848797e+02
1.545403296862346e-03	6.944693e-01	4.999866e+00	4.853533e+02
1.555643296862285e-03	6.938946e-01	4.999866e+00	4.858103e+02
1.565883296862224e-03	6.933402e-01	4.999866e+00	4.862512e+02
1.576123296862164e-03	6.928052e-01	4.999866e+00	4.866766e+02
1.586363296862103e-03	6.922891e-01	4.999866e+00	4.870870e+02
1.596603296862042e-03	6.917911e-01	4.999866e+00	4.874831e+02
1.606843296861981e-03	6.913105e-01	4.999866e+00	4.878652e+02
1.617083296861920e-03	6.908469e-01	4.999866e+00	4.882339e+02
1.627323296861859e-03	6.903995e-01	4.999866e+00	4.885896e+02
1.637563296861799e-03	6.899679e-01	4.999866e+00	4.889328e+02
1.647803296861738e-03	6.895515e-01	4.999866e+00	4.892639e+02
1.658043296861677e-03	6.891497e-01	4.999866e+00	4.895834e+02
1.668283296861616e-03	6.887620e-01	4.999866e+00	4.898917e+02
1.678523296861555e-03	6.883879e-01	4.999866e+00	4.901891e+02
1.688763296861495e-03	6.880270e-01	4.999866e+00	4.904761e+02
1.699003296861434e-03	6.876788e-01	4.999866e+00	4.907530e+02
1.709243296861373e-03	6.873428e-01	4.999866e+00	4.910202e+02
1.719483296861312e-03	6.870186e-01	4.999866e+00	4.912780e+02
1.729723296861251e-03	6.867058e-01	4.999866e+00	4.915267e+02
1.739963296861191e-03	6.864040e-01	4.999866e+00	4.917667e+02
1.750203296861130e-03	6.861129e-01	4.999866e+00	4.919982e+02
1.760443296861069e-03	6.858319e-01	4.999866e+00	4.922216e+02
1.770683296861008e-03	6.855608e-01	4.999866e+00	4.924371e+02
1.780923296860947e-03	6.852993e-01	4.999866e+00	4.926451e+02
1.791163296860886e-03	6.850469e-01	4.999866e+00	4.928458e+02
1.801403296860826e-03	6.848034e-01	4.999866e+00	4.930394e+02
1.811643296860765e-03	6.845685e-01	4.999866e+00	4.932262e+02
1.821883296860704e-03	6.843418e-01	4.999866e+00	4.934064e+02
1.832123296860643e-03	6.841232e-01	4.999866e+00	4.935803e+02
1.842363296860582e-03	6.839121e-01	4.999866e+00	4.937481e+02
1.852603296860522e-03	6.837085e-01	4.999866e+00	4.939100e+02
1.862843296860461e-03	6.835121e-01	4.999866e+00	4.940662e+02
1.873083296860400e-03	6.833225e-01	4.999866e+00	4.942169e+02
1.883323296860339e-03	6.831397e-01	4.999866e+00	4.943623e+02
1.893563296860278e-03	6.829632e-01	4.999866e+00	4.945026e+02
1.903803296860218e-03	6.827930e-01	4.999866e+00	4.946380e+02
1.914043296860157e-03	6.826287e-01	4.999866e+00	4.947686e+02
1.924283296860096e-03	6.824702e-01	4.999866e+00	4.948946e+02
1.934523296860035e-03	6.823173e-01	4.999866e+00	4.950162e+02
1.944763296859974e-03	6.821697e-01	4.999866e+00	4.951335e+02
1.955003296859914e-03	6.820274e-01	4.999866e+00	4.952467e+02
1.965243296859853e-03	6.818900e-01	4.999866e+00	4.953559e+02
1.975483296859792e-03	6.817575e-01	4.999866e+00	4.954613e+02
1.985723296859731e-03	6.816296e-01	4.999866e+00	4.955630e+02
1.995963296859670e-03	6.815063e-01	4.999866e+00	4.956611e+02
2.006203296859610e-03	6.813872e-01	4.999866e+00	4.957557e+02
2.016443296859549e-03	6.812723e-01	4.999866e+00	4.958470e+02
2.026683296859488e-03	6.811615e-01	4.999866e+00	4.959352e+02
2.036923296859427e-03	6.810546e-01	4.999866e+00	4.960202e+02
2.047163296859366e-03	6.809515e-01	4.999866e+00	4.961022e+02
2.057403296859306e-03	6.808519e-01	4.999866e+00	4.961813e+02
2.067643296859245e-03	6.807559e-01	4.999866e+00	4.962577e+02
2.077883296859184e-03	6.806632e-01	4.999866e+00	4.963314e+02
2.088123296859123e-03	6.805738e-01	4.999866e+00	4.964025e+02
2.098363296859062e-03	6.804875e-01	4.999866e+00	4.964710e+02
2.108603296859001e-03	6.804043e-01	4.999866e+00	4.965372e+02
2.118843296858941e-03	6.803240e-01	4.999866e+00	4.966011e+02
2.129083296858880e-03	6.802465e-01	4.999866e+00	4.966627e+02
2.139323296858819e-03	6.801718e-01	4.999866e+00	4.967221e+02
2.149563296858758e-03	6.800996e-01	4.999866e+00	4.967795e+02
2.159803296858697e-03	6.800300e-01	4.999866e+00	4.968348e+02
2.170043296858637e-03	6.799629e-01	4.999866e+00	4.968882e+02
2.180283296858576e-03	6.798981e-01	4.999866e+00	4.969397e+02
2.190523296858515e-03	6.798356e-01	4.999866e+00	4.969894e+02
2.200763296858454e-03	6.797752e-01	4.999866e+00	4.970374e+02
2.211003296858393e-03	6.797171e-01	4.999866e+00	4.970836e+02
2.221243296858333e-03	6.796609e-01	4.999866e+00	4.971283e+02
2.231483296858272e-03	6.796067e-01	4.999866e+00	4.971714e+02
2.241723296858211e-03	6.795545e-01	4.999866e+00	4.972130e+02
2.251963296858150e-03	6.795040e-01	4.999866e+00	4.972531e+02
2.262203296858089e-03	6.794553e-01	4.999866e+00	4.972917e+02
2.272443296858028e-03	6.794084e-01	4.999866e+00	4.973291e+02
2.282683296857968e-03	6.793631e-01	4.999866e+00	4.973651e+02
2.292923296857907e-03	6.793194e-01	4.999866e+00	4.973998e+02
2.303163296857846e-03	6.792772e-01	4.999866e+00	4.974333e+02
2.313403296857785e-03	6.792365e-01	4.999866e+00	4.974657e+02
2.323643296857724e-03	6.791973e-01	4.999866e+00	4.974969e+02
2.333883296857664e-03	6.791594e-01	4.999866e+00	4.975270e+02
2.344123296857603e-03	6.791229e-01	4.999866e+00	4.975561e+02
2.354363296857542e-03	6.790876e-01	4.999866e+00	4.975841e+02
2.364603296857481e-03	6.790535e-01	4.999866e+00	4.976112e+02
2.374843296857420e-03	6.790208e-01	4.999866e+00	4.976373e+02
2.385083296857360e-03	6.789891e-01	4.999866e+00	4.976625e+02
2.395323296857299e-03	6.789585e-01	4.999866e+00	4.976868e+02
2.405563296857238e-03	6.789290e-01	4.999866e+00	4.977102e+02
2.415803296857177e-03	6.789005e-01	4.999866e+00	4.977328e+02
2.426043296857116e-03	6.788731e-01	4.999866e+00	4.977547e+02
2.436283296857055e-03	6.788466e-01	4.999866e+00	4.977757e+02
2.446523296856995e-03	6.788211e-01	4.999866e+00	4.977961e+02
2.456763296856934e-03	6.787964e-01	4.999866e+00	4.978157e+02
2.467003296856873e-03	6.787726e-01	4.999866e+00	4.978346e+02
2.477243296856812e-03	6.787497e-01	4.999866e+00	4.978528e+02
2.487483296856751e-03	6.787275e-01	4.999866e+00	4.978704e+02
2.497723296856691e-03	6.787062e-01	4.999866e+00	4.978874e+02
2.507963296856630e-03	6.786855e-01	4.999866e+00	4.979038e+02
2.518203296856569e-03	6.786656e-01	4.999866e+00	4.979196e+02
2.528443296856508e-03	6.786464e-01	4.999866e+00	4.979349e+02
2.538683296856447e-03	6.786279e-01	4.999866e+00	4.979496e+02
2.548923296856387e-03	6.786101e-01	4.999866e+00	4.979638e+02
2.559163296856326e-03	6.785928e-01	4.999866e+00	4.979775e+02
2.569403296856265e-03	6.785762e-01	4.999866e+00	4.979908e+02
2.579643296856204e-03	6.785601e-01	4.999866e+00	4.980035e+02
2.589883296856143e-03	6.785446e-01	4.999866e+00	4.980158e+02
2.600123296856082e-03	6.785297e-01	4.999866e+00	4.980277e+02
2.610363296856022e-03	6.785153e-01	4.999866e+00	4.980392e+02
2.620603296855961e-03	6.785014e-01	4.999866e+00	4.980502e+02
2.630843296855900e-03	6.784880e-01	4.999866e+00	4.980609e+02
2.641083296855839e-03	6.784750e-01	4.999866e+00	4.980712e+02
2.651323296855778e-03	6.784625e-01	4.999866e+00	4.980811e+02
2.661563296855718e-03	6.784505e-01	4.999866e+00	4.980907e+02
2.671803296855657e-03	6.784388e-01	4.999866e+00	4.980999e+02
2.682043296855596e-03	6.784276e-01	4.999866e+00	4.981089e+02
2.692283296855535e-03	6.784168e-01	4.999866e+00	4.981175e+02
2.702523296855474e-03	6.784064e-01	4.999866e+00	4.981258e+02
2.712763296855413e-03	6.783963e-01	4.999866e+00	4.981338e+02
2.723003296855353e-03	6.783866e-01	4.999866e+00	4.981415e+02
2.733243296855292e-03	6.783772e-01	4.999866e+00	4.981490e+02
2.743483296855231e-03	6.783681e-01	4.999866e+00	4.981562e+02
2.753723296855170e-03	6.783594e-01	4.999866e+00	4.981631e+02
2.763963296855109e-03	6.783509e-01	4.999866e+00	4.981699e+02
2.774203296855049e-03	6.783428e-01	4.999866e+00	4.981763e+02
2.784443296854988e-03	6.783350e-01	4.999866e+00	4.981826e+02
2.794683296854927e-03	6.783274e-01	4.999866e+00	4.981886e+02
2.804923296854866e-03	6.783201e-01	4.999866e+00	4.981944e+02
2.815163296854805e-03	6.783131e-01	4.999866e+00	4.982000e+02
2.825403296854745e-03	6.783062e-01	4.999866e+00	4.982054e+02
2.835643296854684e-03	6.782997e-01	4.999866e+00	4.982106e+02
2.845883296854623e-03	6.782933e-01	4.999866e+00	4.982156e+02
2.856123296854562e-03	6.782873e-01	4.999866e+00	4.982205e+02
2.866363296854501e-03	6.782814e-01	4.999866e+00	4.982252e+02
2.876603296854440e-03	6.782756e-01	4.999866e+00	4.982297e+02
2.886843296854380e-03	6.782702e-01	4.999866e+00	4.982341e+02
2.897083296854319e-03	6.782649e-01	4.999866e+00	4.982383e+02
2.907323296854258e-03	6.782598e-01	4.999866e+00	4.982423e+02
2.917563296854197e-03	6.782548e-01	4.999866e+00	4.982462e+02
2.927803296854136e-03	6.782501e-01	4.999866e+00	4.982500e+02
2.938043296854076e-03	6.782455e-01	4.999866e+00	4.982537e+02
2.948283296854015e-03	6.782411e-01	4.999866e+00	4.982572e+02
2.958523296853954e-03	6.782368e-01	4.999866e+00	4.982606e+02
2.968763296853893e-03	6.782327e-01	4.999866e+00	4.982639e+02
2.979003296853832e-03	6.782287e-01	4.999866e+00	4.982670e+02
2.989243296853772e-03	6.782249e-01	4.999866e+00	4.982701e+02
2.999483296853711e-03	6.782212e-01	4.999866e+00	4.982730e+02
3.000000000000000e-03	6.782210e-01	4.999866e+00	4.982732e+02
Step Information: Cpar=160p  (Step: 8/8)
0.000000000000000e+00	6.781196e-01	4.999866e+00	4.983538e+02
1.006310719976990e-05	6.781196e-01	4.999866e+00	4.983538e+02
2.030310719977066e-05	6.781196e-01	4.999866e+00	4.983538e+02
3.054310719977230e-05	6.781196e-01	4.999866e+00	4.983538e+02
4.078310719977393e-05	6.781196e-01	4.999866e+00	4.983538e+02
5.102310719977557e-05	6.781196e-01	4.999866e+00	4.983538e+02
6.126310719977705e-05	6.781196e-01	4.999866e+00	4.983538e+02
7.150310719977175e-05	6.781196e-01	4.999866e+00	4.983538e+02
8.174310719976644e-05	6.781196e-01	4.999866e+00	4.983538e+02
9.198310719976114e-05	6.781196e-01	4.999866e+00	4.983538e+02
1.022231071997558e-04	6.781196e-01	4.999866e+00	4.983538e+02
1.124631071997505e-04	6.781196e-01	4.999866e+00	4.983538e+02
1.227031071997452e-04	6.781196e-01	4.999866e+00	4.983538e+02
1.329431071997399e-04	6.781196e-01	4.999866e+00	4.983538e+02
1.431831071997346e-04	6.781196e-01	4.999866e+00	4.983538e+02
1.534231071997293e-04	6.781196e-01	4.999866e+00	4.983538e+02
1.636631071997240e-04	6.781196e-01	4.999866e+00	4.983538e+02
1.739031071997187e-04	6.781196e-01	4.999866e+00	4.983538e+02
1.841431071997134e-04	6.781196e-01	4.999866e+00	4.983538e+02
1.943831071997081e-04	6.781196e-01	4.999866e+00	4.983538e+02
2.046231071997028e-04	6.781196e-01	4.999866e+00	4.983538e+02
2.148631071996975e-04	6.781196e-01	4.999866e+00	4.983538e+02
2.251031071996922e-04	6.781196e-01	4.999866e+00	4.983538e+02
2.353431071996869e-04	6.781196e-01	4.999866e+00	4.983538e+02
2.455831071996817e-04	6.781196e-01	4.999866e+00	4.983538e+02
2.558231071996763e-04	6.781196e-01	4.999866e+00	4.983538e+02
2.660631071996710e-04	6.781196e-01	4.999866e+00	4.983538e+02
2.763031071996657e-04	6.781196e-01	4.999866e+00	4.983538e+02
2.865431071996604e-04	6.781196e-01	4.999866e+00	4.983538e+02
2.967831071996551e-04	6.781196e-01	4.999866e+00	4.983538e+02
3.070231071996498e-04	6.781196e-01	4.999866e+00	4.983538e+02
3.172631071996445e-04	6.781196e-01	4.999866e+00	4.983538e+02
3.275031071996392e-04	6.781196e-01	4.999866e+00	4.983538e+02
3.377431071996339e-04	6.781196e-01	4.999866e+00	4.983538e+02
3.479831071996286e-04	6.781196e-01	4.999866e+00	4.983538e+02
3.582231071996233e-04	6.781196e-01	4.999866e+00	4.983538e+02
3.684631071996180e-04	6.781196e-01	4.999866e+00	4.983538e+02
3.787031071996127e-04	6.781196e-01	4.999866e+00	4.983538e+02
3.889431071996074e-04	6.781196e-01	4.999866e+00	4.983538e+02
3.991831071996021e-04	6.781196e-01	4.999866e+00	4.983538e+02
4.094231071995968e-04	6.781196e-01	4.999866e+00	4.983538e+02
4.196631071995915e-04	6.781196e-01	4.999866e+00	4.983538e+02
4.299031071995862e-04	6.781196e-01	4.999866e+00	4.983538e+02
4.401431071995809e-04	6.781196e-01	4.999866e+00	4.983538e+02
4.503831071995756e-04	6.781196e-01	4.999866e+00	4.983538e+02
4.606231071995703e-04	6.781196e-01	4.999866e+00	4.983538e+02
4.708631071995650e-04	6.781196e-01	4.999866e+00	4.983538e+02
4.811031071995597e-04	6.781196e-01	4.999866e+00	4.983538e+02
4.913431071995710e-04	6.781196e-01	4.999866e+00	4.983538e+02
5.000000000000004e-04	6.781196e-01	4.999866e+00	4.983538e+02
5.000010000000000e-04	6.771351e-01	4.999866e+00	4.953160e+02
5.000055152855344e-04	6.317927e-01	4.999866e+00	4.686558e+02
5.000109401621102e-04	4.917762e-01	4.999866e+00	4.385951e+02
5.000173257029004e-04	2.370407e-01	4.999866e+00	4.057671e+02
5.000223696129173e-04	-1.046430e-02	4.999866e+00	3.816543e+02
5.000253510079281e-04	-1.500154e-01	4.999866e+00	3.681089e+02
5.000271911757733e-04	-1.974067e-01	4.999866e+00	3.599987e+02
5.000296329891192e-04	-2.069926e-01	4.999866e+00	3.495213e+02
5.000311684939269e-04	-2.061695e-01	4.999866e+00	3.430952e+02
5.000333196470827e-04	-2.075372e-01	4.999866e+00	3.342970e+02
5.000363997288544e-04	-2.087340e-01	4.999866e+00	3.221028e+02
5.000417833588638e-04	-2.103135e-01	4.999866e+00	3.018738e+02
5.000517833588638e-04	-2.117892e-01	4.999866e+00	2.676673e+02
5.000617833588639e-04	-2.118165e-01	4.999866e+00	2.374284e+02
5.000717833588639e-04	-2.108941e-01	4.999866e+00	2.106765e+02
5.000817833588640e-04	-2.092933e-01	4.999866e+00	1.869936e+02
5.000917833588640e-04	-2.072077e-01	4.999866e+00	1.660154e+02
5.001017833588641e-04	-2.047326e-01	4.999866e+00	1.474236e+02
5.001117833588641e-04	-2.019701e-01	4.999866e+00	1.309394e+02
5.001217833588642e-04	-1.989665e-01	4.999866e+00	1.163183e+02
5.001317833588642e-04	-1.957815e-01	4.999866e+00	1.033453e+02
5.001417833588643e-04	-1.924405e-01	4.999866e+00	9.183141e+01
5.001517833588643e-04	-1.889802e-01	4.999866e+00	8.160986e+01
5.001617833588644e-04	-1.854165e-01	4.999866e+00	7.253362e+01
5.001717833588644e-04	-1.817725e-01	4.999866e+00	6.447285e+01
5.001817833588645e-04	-1.780595e-01	4.999866e+00	5.731276e+01
5.001917833588645e-04	-1.742924e-01	4.999866e+00	5.095181e+01
5.002017833588646e-04	-1.704797e-01	4.999866e+00	4.530010e+01
5.002117833588646e-04	-1.666311e-01	4.999866e+00	4.027802e+01
5.002217833588647e-04	-1.627536e-01	4.999866e+00	3.581502e+01
5.002317833588647e-04	-1.588538e-01	4.999866e+00	3.184854e+01
5.002417833588648e-04	-1.549372e-01	4.999866e+00	2.832309e+01
5.002517833588648e-04	-1.510088e-01	4.999866e+00	2.518946e+01
5.002617833588649e-04	-1.470731e-01	4.999866e+00	2.240395e+01
5.002717833588649e-04	-1.431340e-01	4.999866e+00	1.992777e+01
5.002817833588650e-04	-1.391955e-01	4.999866e+00	1.772649e+01
5.002917833588650e-04	-1.352608e-01	4.999866e+00	1.576953e+01
5.003017833588651e-04	-1.313333e-01	4.999866e+00	1.402972e+01
5.003117833588651e-04	-1.274161e-01	4.999866e+00	1.248292e+01
5.003217833588652e-04	-1.235121e-01	4.999866e+00	1.110769e+01
5.003317833588652e-04	-1.196244e-01	4.999866e+00	9.884981e+00
5.003417833588653e-04	-1.157557e-01	4.999866e+00	8.797856e+00
5.003517833588653e-04	-1.119088e-01	4.999866e+00	7.831269e+00
5.003617833588654e-04	-1.080867e-01	4.999866e+00	6.971842e+00
5.003717833588654e-04	-1.042918e-01	4.999866e+00	6.207689e+00
5.003817833588655e-04	-1.005271e-01	4.999866e+00	5.528240e+00
5.003917833588655e-04	-9.679499e-02	4.999866e+00	4.924103e+00
5.004017833588655e-04	-9.309833e-02	4.999866e+00	4.386925e+00
5.004117833588656e-04	-8.943955e-02	4.999866e+00	3.909282e+00
5.004217833588656e-04	-8.582126e-02	4.999866e+00	3.484573e+00
5.004317833588657e-04	-8.224579e-02	4.999866e+00	3.106931e+00
5.004417833588657e-04	-7.871557e-02	4.999866e+00	2.771138e+00
5.004517833588658e-04	-7.523273e-02	4.999866e+00	2.472556e+00
5.004617833588658e-04	-7.179949e-02	4.999866e+00	2.207059e+00
5.004717833588659e-04	-6.841769e-02	4.999866e+00	1.970982e+00
5.004817833588659e-04	-6.508928e-02	4.999866e+00	1.761063e+00
5.004917833588660e-04	-6.181579e-02	4.999866e+00	1.574404e+00
5.005017833588660e-04	-5.859882e-02	4.999866e+00	1.408426e+00
5.005117833588661e-04	-5.543956e-02	4.999866e+00	1.260839e+00
5.005217833588661e-04	-5.233923e-02	4.999866e+00	1.129604e+00
5.005317833588662e-04	-4.929865e-02	4.999866e+00	1.012909e+00
5.005417833588662e-04	-4.631866e-02	4.999866e+00	9.091423e-01
5.005517833588663e-04	-4.339969e-02	4.999866e+00	8.168722e-01
5.005617833588663e-04	-4.054220e-02	4.999866e+00	7.348245e-01
5.005717833588664e-04	-3.774626e-02	4.999866e+00	6.618664e-01
5.005817833588664e-04	-3.501197e-02	4.999866e+00	5.969908e-01
5.005917833588665e-04	-3.233903e-02	4.999866e+00	5.393020e-01
5.006017833588665e-04	-2.972725e-02	4.999866e+00	4.880038e-01
5.006117833588666e-04	-2.717602e-02	4.999866e+00	4.423881e-01
5.006217833588666e-04	-2.468484e-02	4.999866e+00	4.018252e-01
5.006317833588667e-04	-2.225286e-02	4.999866e+00	3.657553e-01
5.006417833588667e-04	-1.987933e-02	4.999866e+00	3.336805e-01
5.006517833588668e-04	-1.756319e-02	4.999866e+00	3.051583e-01
5.006617833588668e-04	-1.530352e-02	4.999866e+00	2.797949e-01
5.006717833588669e-04	-1.309907e-02	4.999866e+00	2.572405e-01
5.006817833588669e-04	-1.094877e-02	4.999866e+00	2.371838e-01
5.006917833588670e-04	-8.851280e-03	4.999866e+00	2.193481e-01
5.007017833588670e-04	-6.805417e-03	4.999866e+00	2.034874e-01
5.007117833588671e-04	-4.809747e-03	4.999866e+00	1.893827e-01
5.007217833588671e-04	-2.863038e-03	4.999866e+00	1.768397e-01
5.007317833588672e-04	-9.638111e-04	4.999866e+00	1.656852e-01
5.007417833588672e-04	8.891943e-04	4.999866e+00	1.557655e-01
5.007517833588673e-04	2.697471e-03	4.999866e+00	1.469438e-01
5.007617833588673e-04	4.462281e-03	4.999866e+00	1.390984e-01
5.007717833588674e-04	6.185106e-03	4.999866e+00	1.321212e-01
5.007817833588674e-04	7.867185e-03	4.999866e+00	1.259161e-01
5.007917833588675e-04	9.509971e-03	4.999866e+00	1.203975e-01
5.008017833588675e-04	1.111467e-02	4.999866e+00	1.154894e-01
5.008117833588676e-04	1.268268e-02	4.999866e+00	1.111241e-01
5.008217833588676e-04	1.421515e-02	4.999866e+00	1.072417e-01
5.008317833588677e-04	1.571344e-02	4.999866e+00	1.037885e-01
5.008417833588677e-04	1.717864e-02	4.999866e+00	1.007171e-01
5.008517833588678e-04	1.861203e-02	4.999866e+00	9.798519e-02
5.008617833588678e-04	2.001464e-02	4.999866e+00	9.555518e-02
5.008717833588679e-04	2.138769e-02	4.999866e+00	9.339365e-02
5.008817833588679e-04	2.273213e-02	4.999866e+00	9.147088e-02
5.008917833588680e-04	2.404912e-02	4.999866e+00	8.976045e-02
5.009017833588680e-04	2.533955e-02	4.999866e+00	8.823884e-02
5.009117833588681e-04	2.660449e-02	4.999866e+00	8.688517e-02
5.009217833588681e-04	2.784476e-02	4.999866e+00	8.568085e-02
5.009317833588681e-04	2.906138e-02	4.999866e+00	8.460935e-02
5.009417833588682e-04	3.025510e-02	4.999866e+00	8.365598e-02
5.009517833588682e-04	3.142686e-02	4.999866e+00	8.280768e-02
5.009617833588683e-04	3.257735e-02	4.999866e+00	8.205282e-02
5.009717833588683e-04	3.370745e-02	4.999866e+00	8.138107e-02
5.009817833588684e-04	3.481780e-02	4.999866e+00	8.078323e-02
5.009917833588684e-04	3.590920e-02	4.999866e+00	8.025116e-02
5.010017833588685e-04	3.698224e-02	4.999866e+00	7.977755e-02
5.010117833588685e-04	3.803767e-02	4.999866e+00	7.935597e-02
5.010217833588686e-04	3.907600e-02	4.999866e+00	7.898065e-02
5.010317833588686e-04	4.009796e-02	4.999866e+00	7.864651e-02
5.010417833588687e-04	4.110400e-02	4.999866e+00	7.834897e-02
5.010517833588687e-04	4.209480e-02	4.999866e+00	7.808401e-02
5.010617833588688e-04	4.307076e-02	4.999866e+00	7.784802e-02
5.010717833588688e-04	4.403251e-02	4.999866e+00	7.763782e-02
5.010817833588689e-04	4.498041e-02	4.999866e+00	7.745055e-02
5.010917833588689e-04	4.591506e-02	4.999866e+00	7.728369e-02
5.011017833588690e-04	4.683678e-02	4.999866e+00	7.713499e-02
5.011117833588690e-04	4.774610e-02	4.999866e+00	7.700244e-02
5.011217833588691e-04	4.864335e-02	4.999866e+00	7.688428e-02
5.011317833588691e-04	4.952900e-02	4.999866e+00	7.677891e-02
5.011417833588692e-04	5.040333e-02	4.999866e+00	7.668493e-02
5.011517833588692e-04	5.126681e-02	4.999866e+00	7.660108e-02
5.011617833588693e-04	5.211968e-02	4.999866e+00	7.652625e-02
5.011717833588693e-04	5.296238e-02	4.999866e+00	7.645946e-02
5.011817833588694e-04	5.379512e-02	4.999866e+00	7.639982e-02
5.011917833588694e-04	5.461831e-02	4.999866e+00	7.634654e-02
5.012017833588695e-04	5.543213e-02	4.999866e+00	7.629893e-02
5.012117833588695e-04	5.623699e-02	4.999866e+00	7.625636e-02
5.012217833588696e-04	5.703302e-02	4.999866e+00	7.621830e-02
5.012317833588696e-04	5.782062e-02	4.999866e+00	7.618424e-02
5.012417833588697e-04	5.859991e-02	4.999866e+00	7.615373e-02
5.012517833588697e-04	5.937124e-02	4.999866e+00	7.612642e-02
5.012617833588698e-04	6.013473e-02	4.999866e+00	7.610193e-02
5.012717833588698e-04	6.089072e-02	4.999866e+00	7.607996e-02
5.012817833588699e-04	6.163931e-02	4.999866e+00	7.606025e-02
5.012917833588699e-04	6.238081e-02	4.999866e+00	7.604255e-02
5.013017833588700e-04	6.311531e-02	4.999866e+00	7.602663e-02
5.013117833588700e-04	6.384309e-02	4.999866e+00	7.601231e-02
5.013217833588701e-04	6.456426e-02	4.999866e+00	7.599940e-02
5.013317833588701e-04	6.527907e-02	4.999866e+00	7.598777e-02
5.013417833588702e-04	6.598759e-02	4.999866e+00	7.597728e-02
5.013517833588702e-04	6.669010e-02	4.999866e+00	7.596780e-02
5.013617833588703e-04	6.738665e-02	4.999866e+00	7.595921e-02
5.013717833588703e-04	6.807747e-02	4.999866e+00	7.595145e-02
5.013817833588704e-04	6.876264e-02	4.999866e+00	7.594440e-02
5.013917833588704e-04	6.944238e-02	4.999866e+00	7.593799e-02
5.014017833588705e-04	7.011672e-02	4.999866e+00	7.593217e-02
5.014117833588705e-04	7.078590e-02	4.999866e+00	7.592686e-02
5.014217833588706e-04	7.144995e-02	4.999866e+00	7.592202e-02
5.014317833588706e-04	7.210909e-02	4.999866e+00	7.591759e-02
5.014417833588706e-04	7.276333e-02	4.999866e+00	7.591353e-02
5.014517833588707e-04	7.341289e-02	4.999866e+00	7.590982e-02
5.014617833588707e-04	7.405778e-02	4.999866e+00	7.590639e-02
5.014717833588708e-04	7.469820e-02	4.999866e+00	7.590324e-02
5.014817833588708e-04	7.533417e-02	4.999866e+00	7.590032e-02
5.014917833588709e-04	7.596587e-02	4.999866e+00	7.589763e-02
5.015017833588709e-04	7.659330e-02	4.999866e+00	7.589513e-02
5.015117833588710e-04	7.721667e-02	4.999866e+00	7.589281e-02
5.015217833588710e-04	7.783595e-02	4.999866e+00	7.589065e-02
5.015317833588711e-04	7.845134e-02	4.999866e+00	7.588863e-02
5.015417833588711e-04	7.906282e-02	4.999866e+00	7.588673e-02
5.015517833588712e-04	7.967056e-02	4.999866e+00	7.588496e-02
5.015617833588712e-04	8.027457e-02	4.999866e+00	7.588330e-02
5.015717833588713e-04	8.087500e-02	4.999866e+00	7.588173e-02
5.015817833588713e-04	8.147184e-02	4.999866e+00	7.588025e-02
5.015917833588714e-04	8.206525e-02	4.999866e+00	7.587885e-02
5.016017833588714e-04	8.265521e-02	4.999866e+00	7.587752e-02
5.016117833588715e-04	8.324189e-02	4.999866e+00	7.587627e-02
5.016217833588715e-04	8.382525e-02	4.999866e+00	7.587507e-02
5.016317833588716e-04	8.440546e-02	4.999866e+00	7.587393e-02
5.016417833588716e-04	8.498248e-02	4.999866e+00	7.587283e-02
5.016517833588717e-04	8.555646e-02	4.999866e+00	7.587179e-02
5.016617833588717e-04	8.612738e-02	4.999866e+00	7.587078e-02
5.016717833588718e-04	8.669539e-02	4.999866e+00	7.586982e-02
5.016817833588718e-04	8.726044e-02	4.999866e+00	7.586890e-02
5.016917833588719e-04	8.782268e-02	4.999866e+00	7.586801e-02
5.017017833588719e-04	8.838208e-02	4.999866e+00	7.586715e-02
5.017117833588720e-04	8.893878e-02	4.999866e+00	7.586632e-02
5.017217833588720e-04	8.949274e-02	4.999866e+00	7.586551e-02
5.017317833588721e-04	9.004410e-02	4.999866e+00	7.586474e-02
5.017417833588721e-04	9.059280e-02	4.999866e+00	7.586399e-02
5.017517833588722e-04	9.113900e-02	4.999866e+00	7.586326e-02
5.017617833588722e-04	9.168265e-02	4.999866e+00	7.586255e-02
5.017717833588723e-04	9.222388e-02	4.999866e+00	7.586186e-02
5.017817833588723e-04	9.276263e-02	4.999866e+00	7.586119e-02
5.017917833588724e-04	9.329905e-02	4.999866e+00	7.586054e-02
5.018017833588724e-04	9.383309e-02	4.999866e+00	7.585990e-02
5.018117833588725e-04	9.436487e-02	4.999866e+00	7.585928e-02
5.018217833588725e-04	9.489435e-02	4.999866e+00	7.585867e-02
5.018317833588726e-04	9.542165e-02	4.999866e+00	7.585809e-02
5.018417833588726e-04	9.594671e-02	4.999866e+00	7.585751e-02
5.018517833588727e-04	9.646968e-02	4.999866e+00	7.585695e-02
5.018617833588727e-04	9.699047e-02	4.999866e+00	7.585640e-02
5.018717833588728e-04	9.750924e-02	4.999866e+00	7.585585e-02
5.018817833588728e-04	9.802591e-02	4.999866e+00	7.585532e-02
5.018917833588729e-04	9.854060e-02	4.999866e+00	7.585481e-02
5.019017833588729e-04	9.905328e-02	4.999866e+00	7.585430e-02
5.019117833588730e-04	9.956404e-02	4.999866e+00	7.585380e-02
5.019217833588730e-04	1.000728e-01	4.999866e+00	7.585331e-02
5.019317833588731e-04	1.005798e-01	4.999866e+00	7.585283e-02
5.019417833588731e-04	1.010848e-01	4.999866e+00	7.585236e-02
5.019517833588731e-04	1.015881e-01	4.999866e+00	7.585190e-02
5.019617833588732e-04	1.020895e-01	4.999866e+00	7.585146e-02
5.019717833588732e-04	1.025891e-01	4.999866e+00	7.585101e-02
5.019817833588733e-04	1.030870e-01	4.999866e+00	7.585058e-02
5.019917833588733e-04	1.035832e-01	4.999866e+00	7.585014e-02
5.020010000000001e-04	1.040390e-01	4.999866e+00	7.584976e-02
5.020013333333334e-04	1.040554e-01	4.999866e+00	7.584974e-02
5.020020000000001e-04	1.040884e-01	4.999866e+00	7.615988e-02
5.020033333333334e-04	1.041549e-01	4.999866e+00	7.739997e-02
5.020059999999999e-04	1.042907e-01	4.999866e+00	7.987726e-02
5.020097969442995e-04	1.044899e-01	4.999866e+00	8.339839e-02
5.020173908328986e-04	1.049063e-01	4.999866e+00	9.042143e-02
5.020273908328986e-04	1.054850e-01	4.999866e+00	9.963690e-02
5.020373908328987e-04	1.060908e-01	4.999866e+00	1.088226e-01
5.020473908328987e-04	1.067169e-01	4.999866e+00	1.179854e-01
5.020573908328988e-04	1.073581e-01	4.999866e+00	1.271306e-01
5.020673908328988e-04	1.080104e-01	4.999866e+00	1.362622e-01
5.020773908328989e-04	1.086708e-01	4.999866e+00	1.453833e-01
5.020873908328989e-04	1.093370e-01	4.999866e+00	1.544962e-01
5.020973908328990e-04	1.100071e-01	4.999866e+00	1.636029e-01
5.021173908328991e-04	1.113542e-01	4.999866e+00	1.818027e-01
5.021473908328992e-04	1.133795e-01	4.999866e+00	2.090814e-01
5.021973908328995e-04	1.167409e-01	4.999866e+00	2.545188e-01
5.023573908329003e-04	1.272640e-01	4.999866e+00	3.998467e-01
5.029173908329030e-04	1.618222e-01	4.999866e+00	9.080868e-01
5.037673908329072e-04	2.102324e-01	4.999866e+00	1.678433e+00
5.049173908329128e-04	2.708636e-01	4.999866e+00	2.718652e+00
5.062973908329196e-04	3.377038e-01	4.999866e+00	3.963901e+00
5.078973908329274e-04	4.079100e-01	4.999866e+00	5.403582e+00
5.097173908329364e-04	4.790453e-01	4.999866e+00	7.035921e+00
5.116973908329461e-04	5.468885e-01	4.999866e+00	8.805401e+00
5.140473908329576e-04	6.159714e-01	4.999866e+00	1.089701e+01
5.167473908329708e-04	6.821056e-01	4.999866e+00	1.328879e+01
5.198673908329861e-04	7.437798e-01	4.999866e+00	1.603767e+01
5.219373908329963e-04	7.774089e-01	4.999866e+00	1.785268e+01
5.259673908330160e-04	8.294180e-01	4.999866e+00	2.136636e+01
5.308373908330399e-04	8.739266e-01	4.999866e+00	2.557772e+01
5.321773908330465e-04	8.834375e-01	4.999866e+00	2.672990e+01
5.386673908330783e-04	9.172411e-01	4.999866e+00	3.227031e+01
5.424173908330967e-04	9.297927e-01	4.999866e+00	3.544174e+01
5.526573908331469e-04	9.483019e-01	4.999866e+00	4.399201e+01
5.628973908331971e-04	9.539765e-01	4.999866e+00	5.238406e+01
5.731373908332473e-04	9.537885e-01	4.999866e+00	6.062097e+01
5.833773908332975e-04	9.509546e-01	4.999866e+00	6.870568e+01
5.936173908333477e-04	9.469550e-01	4.999866e+00	7.664105e+01
6.038573908333979e-04	9.424691e-01	4.999866e+00	8.442984e+01
6.140973908334482e-04	9.378084e-01	4.999866e+00	9.207477e+01
6.243373908334984e-04	9.331154e-01	4.999866e+00	9.957850e+01
6.345773908335486e-04	9.284544e-01	4.999866e+00	1.069436e+02
6.448173908335988e-04	9.238544e-01	4.999866e+00	1.141727e+02
6.550573908336490e-04	9.193277e-01	4.999866e+00	1.212683e+02
6.652973908336992e-04	9.148793e-01	4.999866e+00	1.282329e+02
6.755373908337494e-04	9.105105e-01	4.999866e+00	1.350688e+02
6.857773908337996e-04	9.062213e-01	4.999866e+00	1.417784e+02
6.960173908338498e-04	9.020106e-01	4.999866e+00	1.483642e+02
7.062573908339000e-04	8.978775e-01	4.999866e+00	1.548283e+02
7.164973908339502e-04	8.938205e-01	4.999866e+00	1.611730e+02
7.267373908340004e-04	8.898383e-01	4.999866e+00	1.674005e+02
7.369773908340507e-04	8.859296e-01	4.999866e+00	1.735130e+02
7.472173908341009e-04	8.820931e-01	4.999866e+00	1.795126e+02
7.574573908341511e-04	8.783273e-01	4.999866e+00	1.854014e+02
7.676973908342013e-04	8.746310e-01	4.999866e+00	1.911815e+02
7.779373908342515e-04	8.710030e-01	4.999866e+00	1.968547e+02
7.881773908343017e-04	8.674419e-01	4.999866e+00	2.024232e+02
7.984173908343519e-04	8.639465e-01	4.999866e+00	2.078889e+02
8.086573908344021e-04	8.605157e-01	4.999866e+00	2.132536e+02
8.188973908344523e-04	8.571482e-01	4.999866e+00	2.185192e+02
8.291373908345025e-04	8.538428e-01	4.999866e+00	2.236876e+02
8.393773908345527e-04	8.505985e-01	4.999866e+00	2.287605e+02
8.496173908346030e-04	8.474140e-01	4.999866e+00	2.337397e+02
8.598573908346532e-04	8.442883e-01	4.999866e+00	2.386270e+02
8.700973908347034e-04	8.412203e-01	4.999866e+00	2.434240e+02
8.803373908347536e-04	8.382089e-01	4.999866e+00	2.481324e+02
8.905773908348038e-04	8.352531e-01	4.999866e+00	2.527538e+02
9.008173908348540e-04	8.323519e-01	4.999866e+00	2.572899e+02
9.110573908349042e-04	8.295042e-01	4.999866e+00	2.617422e+02
9.212973908349544e-04	8.267091e-01	4.999866e+00	2.661123e+02
9.315373908350046e-04	8.239656e-01	4.999866e+00	2.704016e+02
9.417773908350548e-04	8.212727e-01	4.999866e+00	2.746118e+02
9.520173908351050e-04	8.186296e-01	4.999866e+00	2.787442e+02
9.622573908351553e-04	8.160352e-01	4.999866e+00	2.828002e+02
9.724973908352055e-04	8.134887e-01	4.999866e+00	2.867814e+02
9.827373908351887e-04	8.109892e-01	4.999866e+00	2.906890e+02
9.929773908351279e-04	8.085359e-01	4.999866e+00	2.945244e+02
1.003217390835067e-03	8.061278e-01	4.999866e+00	2.982890e+02
1.013457390835006e-03	8.037642e-01	4.999866e+00	3.019841e+02
1.023697390834945e-03	8.014443e-01	4.999866e+00	3.056109e+02
1.033937390834885e-03	7.991672e-01	4.999866e+00	3.091708e+02
1.044177390834824e-03	7.969320e-01	4.999866e+00	3.126649e+02
1.054417390834763e-03	7.947382e-01	4.999866e+00	3.160944e+02
1.064657390834702e-03	7.925849e-01	4.999866e+00	3.194607e+02
1.074897390834641e-03	7.904713e-01	4.999866e+00	3.227647e+02
1.085137390834581e-03	7.883967e-01	4.999866e+00	3.260077e+02
1.095377390834520e-03	7.863604e-01	4.999866e+00	3.291909e+02
1.105617390834459e-03	7.843618e-01	4.999866e+00	3.323152e+02
1.115857390834398e-03	7.824000e-01	4.999866e+00	3.353818e+02
1.126097390834337e-03	7.804744e-01	4.999866e+00	3.383918e+02
1.136337390834276e-03	7.785844e-01	4.999866e+00	3.413462e+02
1.146577390834216e-03	7.767293e-01	4.999866e+00	3.442460e+02
1.156817390834155e-03	7.749084e-01	4.999866e+00	3.470923e+02
1.167057390834094e-03	7.731212e-01	4.999866e+00	3.498860e+02
1.177297390834033e-03	7.713670e-01	4.999866e+00	3.526281e+02
1.187537390833972e-03	7.696451e-01	4.999866e+00	3.553196e+02
1.197777390833912e-03	7.679550e-01	4.999866e+00	3.579614e+02
1.208017390833851e-03	7.662961e-01	4.999866e+00	3.605543e+02
1.218257390833790e-03	7.646679e-01	4.999866e+00	3.630994e+02
1.228497390833729e-03	7.630697e-01	4.999866e+00	3.655975e+02
1.238737390833668e-03	7.615010e-01	4.999866e+00	3.680494e+02
1.248977390833608e-03	7.599612e-01	4.999866e+00	3.704560e+02
1.259217390833547e-03	7.584500e-01	4.999866e+00	3.728182e+02
1.269457390833486e-03	7.569666e-01	4.999866e+00	3.751368e+02
1.279697390833425e-03	7.555106e-01	4.999866e+00	3.774125e+02
1.289937390833364e-03	7.540815e-01	4.999866e+00	3.796462e+02
1.300177390833303e-03	7.526788e-01	4.999866e+00	3.818387e+02
1.310417390833243e-03	7.513019e-01	4.999866e+00	3.839907e+02
1.320657390833182e-03	7.499505e-01	4.999866e+00	3.861029e+02
1.330897390833121e-03	7.486240e-01	4.999866e+00	3.881761e+02
1.341137390833060e-03	7.473221e-01	4.999866e+00	3.902110e+02
1.351377390832999e-03	7.460442e-01	4.999866e+00	3.922083e+02
1.361617390832939e-03	7.447898e-01	4.999866e+00	3.941688e+02
1.371857390832878e-03	7.435586e-01	4.999866e+00	3.960930e+02
1.382097390832817e-03	7.423502e-01	4.999866e+00	3.979817e+02
1.392337390832756e-03	7.411641e-01	4.999866e+00	3.998355e+02
1.402577390832695e-03	7.399998e-01	4.999866e+00	4.016551e+02
1.412817390832635e-03	7.388571e-01	4.999866e+00	4.034410e+02
1.423057390832574e-03	7.377355e-01	4.999866e+00	4.051940e+02
1.433297390832513e-03	7.366346e-01	4.999866e+00	4.069146e+02
1.443537390832452e-03	7.355540e-01	4.999866e+00	4.086035e+02
1.453777390832391e-03	7.344933e-01	4.999866e+00	4.102611e+02
1.464017390832330e-03	7.334523e-01	4.999866e+00	4.118881e+02
1.474257390832270e-03	7.324305e-01	4.999866e+00	4.134851e+02
1.484497390832209e-03	7.314275e-01	4.999866e+00	4.150526e+02
1.494737390832148e-03	7.304431e-01	4.999866e+00	4.165911e+02
1.504977390832087e-03	7.294767e-01	4.999866e+00	4.181012e+02
1.515217390832026e-03	7.285284e-01	4.999866e+00	4.195834e+02
1.525457390831966e-03	7.275974e-01	4.999866e+00	4.210382e+02
1.535697390831905e-03	7.266837e-01	4.999866e+00	4.224662e+02
1.545937390831844e-03	7.257869e-01	4.999866e+00	4.238678e+02
1.556177390831783e-03	7.249066e-01	4.999866e+00	4.252435e+02
1.566417390831722e-03	7.240425e-01	4.999866e+00	4.265938e+02
1.576657390831661e-03	7.231945e-01	4.999866e+00	4.279192e+02
1.586897390831601e-03	7.223620e-01	4.999866e+00	4.292201e+02
1.597137390831540e-03	7.215450e-01	4.999866e+00	4.304969e+02
1.607377390831479e-03	7.207431e-01	4.999866e+00	4.317502e+02
1.617617390831418e-03	7.199559e-01	4.999866e+00	4.329803e+02
1.627857390831357e-03	7.191833e-01	4.999866e+00	4.341877e+02
1.638097390831297e-03	7.184249e-01	4.999866e+00	4.353729e+02
1.648337390831236e-03	7.176806e-01	4.999866e+00	4.365361e+02
1.658577390831175e-03	7.169500e-01	4.999866e+00	4.376778e+02
1.668817390831114e-03	7.162329e-01	4.999866e+00	4.387985e+02
1.679057390831053e-03	7.155290e-01	4.999866e+00	4.398984e+02
1.689297390830993e-03	7.148381e-01	4.999866e+00	4.409780e+02
1.699537390830932e-03	7.141600e-01	4.999866e+00	4.420377e+02
1.709777390830871e-03	7.134944e-01	4.999866e+00	4.430779e+02
1.720017390830810e-03	7.128412e-01	4.999866e+00	4.440988e+02
1.730257390830749e-03	7.121999e-01	4.999866e+00	4.451008e+02
1.740497390830688e-03	7.115705e-01	4.999866e+00	4.460844e+02
1.750737390830628e-03	7.109528e-01	4.999866e+00	4.470498e+02
1.760977390830567e-03	7.103464e-01	4.999866e+00	4.479973e+02
1.771217390830506e-03	7.097512e-01	4.999866e+00	4.489274e+02
1.781457390830445e-03	7.091671e-01	4.999866e+00	4.498402e+02
1.791697390830384e-03	7.085937e-01	4.999866e+00	4.507363e+02
1.801937390830324e-03	7.080309e-01	4.999866e+00	4.516157e+02
1.812177390830263e-03	7.074785e-01	4.999866e+00	4.524789e+02
1.822417390830202e-03	7.069362e-01	4.999866e+00	4.533262e+02
1.832657390830141e-03	7.064041e-01	4.999866e+00	4.541579e+02
1.842897390830080e-03	7.058817e-01	4.999866e+00	4.549741e+02
1.853137390830020e-03	7.053690e-01	4.999866e+00	4.557753e+02
1.863377390829959e-03	7.048658e-01	4.999866e+00	4.565617e+02
1.873617390829898e-03	7.043718e-01	4.999866e+00	4.573336e+02
1.883857390829837e-03	7.038870e-01	4.999866e+00	4.580912e+02
1.894097390829776e-03	7.034111e-01	4.999866e+00	4.588348e+02
1.904337390829715e-03	7.029440e-01	4.999866e+00	4.595647e+02
1.914577390829655e-03	7.024855e-01	4.999866e+00	4.602812e+02
1.924817390829594e-03	7.020355e-01	4.999866e+00	4.609843e+02
1.935057390829533e-03	7.015938e-01	4.999866e+00	4.616745e+02
1.945297390829472e-03	7.011603e-01	4.999866e+00	4.623520e+02
1.955537390829412e-03	7.007348e-01	4.999866e+00	4.630169e+02
1.965777390829351e-03	7.003171e-01	4.999866e+00	4.636696e+02
1.976017390829290e-03	6.999072e-01	4.999866e+00	4.643102e+02
1.986257390829229e-03	6.995048e-01	4.999866e+00	4.649389e+02
1.996497390829168e-03	6.991099e-01	4.999866e+00	4.655561e+02
2.006737390829108e-03	6.987222e-01	4.999866e+00	4.661618e+02
2.016977390829047e-03	6.983417e-01	4.999866e+00	4.667564e+02
2.027217390828986e-03	6.979682e-01	4.999866e+00	4.673400e+02
2.037457390828925e-03	6.976016e-01	4.999866e+00	4.679128e+02
2.047697390828864e-03	6.972418e-01	4.999866e+00	4.684750e+02
2.057937390828803e-03	6.968887e-01	4.999866e+00	4.690268e+02
2.068177390828743e-03	6.965420e-01	4.999866e+00	4.695685e+02
2.078417390828682e-03	6.962018e-01	4.999866e+00	4.701001e+02
2.088657390828621e-03	6.958678e-01	4.999866e+00	4.706220e+02
2.098897390828560e-03	6.955401e-01	4.999866e+00	4.711342e+02
2.109137390828499e-03	6.952183e-01	4.999866e+00	4.716369e+02
2.119377390828439e-03	6.949025e-01	4.999866e+00	4.721303e+02
2.129617390828378e-03	6.945926e-01	4.999866e+00	4.726147e+02
2.139857390828317e-03	6.942883e-01	4.999866e+00	4.730901e+02
2.150097390828256e-03	6.939898e-01	4.999866e+00	4.735566e+02
2.160337390828195e-03	6.936966e-01	4.999866e+00	4.740146e+02
2.170577390828135e-03	6.934090e-01	4.999866e+00	4.744642e+02
2.180817390828074e-03	6.931266e-01	4.999866e+00	4.749054e+02
2.191057390828013e-03	6.928494e-01	4.999866e+00	4.753385e+02
2.201297390827952e-03	6.925774e-01	4.999866e+00	4.757635e+02
2.211537390827891e-03	6.923103e-01	4.999866e+00	4.761808e+02
2.221777390827830e-03	6.920483e-01	4.999866e+00	4.765903e+02
2.232017390827770e-03	6.917910e-01	4.999866e+00	4.769922e+02
2.242257390827709e-03	6.915385e-01	4.999866e+00	4.773868e+02
2.252497390827648e-03	6.912907e-01	4.999866e+00	4.777740e+02
2.262737390827587e-03	6.910474e-01	4.999866e+00	4.781541e+02
2.272977390827526e-03	6.908087e-01	4.999866e+00	4.785272e+02
2.283217390827466e-03	6.905743e-01	4.999866e+00	4.788934e+02
2.293457390827405e-03	6.903443e-01	4.999866e+00	4.792528e+02
2.303697390827344e-03	6.901185e-01	4.999866e+00	4.796056e+02
2.313937390827283e-03	6.898969e-01	4.999866e+00	4.799519e+02
2.324177390827222e-03	6.896794e-01	4.999866e+00	4.802917e+02
2.334417390827162e-03	6.894659e-01	4.999866e+00	4.806253e+02
2.344657390827101e-03	6.892564e-01	4.999866e+00	4.809528e+02
2.354897390827040e-03	6.890507e-01	4.999866e+00	4.812742e+02
2.365137390826979e-03	6.888488e-01	4.999866e+00	4.815896e+02
2.375377390826918e-03	6.886506e-01	4.999866e+00	4.818992e+02
2.385617390826857e-03	6.884561e-01	4.999866e+00	4.822031e+02
2.395857390826797e-03	6.882652e-01	4.999866e+00	4.825014e+02
2.406097390826736e-03	6.880779e-01	4.999866e+00	4.827942e+02
2.416337390826675e-03	6.878939e-01	4.999866e+00	4.830816e+02
2.426577390826614e-03	6.877134e-01	4.999866e+00	4.833636e+02
2.436817390826553e-03	6.875362e-01	4.999866e+00	4.836405e+02
2.447057390826493e-03	6.873623e-01	4.999866e+00	4.839123e+02
2.457297390826432e-03	6.871916e-01	4.999866e+00	4.841790e+02
2.467537390826371e-03	6.870241e-01	4.999866e+00	4.844408e+02
2.477777390826310e-03	6.868596e-01	4.999866e+00	4.846978e+02
2.488017390826249e-03	6.866982e-01	4.999866e+00	4.849500e+02
2.498257390826189e-03	6.865397e-01	4.999866e+00	4.851975e+02
2.508497390826128e-03	6.863842e-01	4.999866e+00	4.854405e+02
2.518737390826067e-03	6.862316e-01	4.999866e+00	4.856790e+02
2.528977390826006e-03	6.860818e-01	4.999866e+00	4.859131e+02
2.539217390825945e-03	6.859347e-01	4.999866e+00	4.861429e+02
2.549457390825884e-03	6.857904e-01	4.999866e+00	4.863684e+02
2.559697390825824e-03	6.856487e-01	4.999866e+00	4.865898e+02
2.569937390825763e-03	6.855096e-01	4.999866e+00	4.868070e+02
2.580177390825702e-03	6.853732e-01	4.999866e+00	4.870203e+02
2.590417390825641e-03	6.852392e-01	4.999866e+00	4.872296e+02
2.600657390825580e-03	6.851077e-01	4.999866e+00	4.874351e+02
2.610897390825520e-03	6.849787e-01	4.999866e+00	4.876367e+02
2.621137390825459e-03	6.848519e-01	4.999866e+00	4.878347e+02
2.631377390825398e-03	6.847276e-01	4.999866e+00	4.880290e+02
2.641617390825337e-03	6.846056e-01	4.999866e+00	4.882197e+02
2.651857390825276e-03	6.844858e-01	4.999866e+00	4.884068e+02
2.662097390825215e-03	6.843682e-01	4.999866e+00	4.885905e+02
2.672337390825155e-03	6.842528e-01	4.999866e+00	4.887709e+02
2.682577390825094e-03	6.841395e-01	4.999866e+00	4.889479e+02
2.692817390825033e-03	6.840283e-01	4.999866e+00	4.891216e+02
2.703057390824972e-03	6.839192e-01	4.999866e+00	4.892921e+02
2.713297390824911e-03	6.838121e-01	4.999866e+00	4.894595e+02
2.723537390824851e-03	6.837069e-01	4.999866e+00	4.896237e+02
2.733777390824790e-03	6.836038e-01	4.999866e+00	4.897850e+02
2.744017390824729e-03	6.835025e-01	4.999866e+00	4.899432e+02
2.754257390824668e-03	6.834031e-01	4.999866e+00	4.900986e+02
2.764497390824607e-03	6.833055e-01	4.999866e+00	4.902510e+02
2.774737390824547e-03	6.832097e-01	4.999866e+00	4.904007e+02
2.784977390824486e-03	6.831157e-01	4.999866e+00	4.905476e+02
2.795217390824425e-03	6.830234e-01	4.999866e+00	4.906917e+02
2.805457390824364e-03	6.829329e-01	4.999866e+00	4.908333e+02
2.815697390824303e-03	6.828439e-01	4.999866e+00	4.909722e+02
2.825937390824242e-03	6.827567e-01	4.999866e+00	4.911085e+02
2.836177390824182e-03	6.826711e-01	4.999866e+00	4.912423e+02
2.846417390824121e-03	6.825870e-01	4.999866e+00	4.913737e+02
2.856657390824060e-03	6.825045e-01	4.999866e+00	4.915026e+02
2.866897390823999e-03	6.824235e-01	4.999866e+00	4.916291e+02
2.877137390823938e-03	6.823440e-01	4.999866e+00	4.917533e+02
2.887377390823878e-03	6.822660e-01	4.999866e+00	4.918752e+02
2.897617390823817e-03	6.821894e-01	4.999866e+00	4.919949e+02
2.907857390823756e-03	6.821142e-01	4.999866e+00	4.921123e+02
2.918097390823695e-03	6.820405e-01	4.999866e+00	4.922276e+02
2.928337390823634e-03	6.819680e-01	4.999866e+00	4.923408e+02
2.938577390823574e-03	6.818970e-01	4.999866e+00	4.924518e+02
2.948817390823513e-03	6.818272e-01	4.999866e+00	4.925608e+02
2.959057390823452e-03	6.817587e-01	4.999866e+00	4.926678e+02
2.969297390823391e-03	6.816915e-01	4.999866e+00	4.927728e+02
2.979537390823330e-03	6.816255e-01	4.999866e+00	4.928759e+02
2.989777390823269e-03	6.815608e-01	4.999866e+00	4.929771e+02
3.000000000000000e-03	6.814973e-01	4.999866e+00	4.930762e+02
