time	V(comp_in)	V(out)	V(tube)
Step Information: Rpot=15K  (Step: 1/6)
0.000000000000000e+00	6.781196e-01	4.999906e+00	4.983538e+02
1.007310719976990e-05	6.781196e-01	4.999906e+00	4.983538e+02
2.031310719977066e-05	6.781196e-01	4.999906e+00	4.983538e+02
3.055310719977230e-05	6.781196e-01	4.999906e+00	4.983538e+02
4.079310719977393e-05	6.781196e-01	4.999906e+00	4.983538e+02
5.103310719977557e-05	6.781196e-01	4.999906e+00	4.983538e+02
6.127310719977704e-05	6.781196e-01	4.999906e+00	4.983538e+02
7.151310719977174e-05	6.781196e-01	4.999906e+00	4.983538e+02
8.175310719976644e-05	6.781196e-01	4.999906e+00	4.983538e+02
9.199310719976114e-05	6.781196e-01	4.999906e+00	4.983538e+02
1.022331071997558e-04	6.781196e-01	4.999906e+00	4.983538e+02
1.124731071997505e-04	6.781196e-01	4.999906e+00	4.983538e+02
1.227131071997452e-04	6.781196e-01	4.999906e+00	4.983538e+02
1.329531071997399e-04	6.781196e-01	4.999906e+00	4.983538e+02
1.431931071997346e-04	6.781196e-01	4.999906e+00	4.983538e+02
1.534331071997293e-04	6.781196e-01	4.999906e+00	4.983538e+02
1.636731071997240e-04	6.781196e-01	4.999906e+00	4.983538e+02
1.739131071997187e-04	6.781196e-01	4.999906e+00	4.983538e+02
1.841531071997134e-04	6.781196e-01	4.999906e+00	4.983538e+02
1.943931071997081e-04	6.781196e-01	4.999906e+00	4.983538e+02
2.046331071997028e-04	6.781196e-01	4.999906e+00	4.983538e+02
2.148731071996975e-04	6.781196e-01	4.999906e+00	4.983538e+02
2.251131071996922e-04	6.781196e-01	4.999906e+00	4.983538e+02
2.353531071996869e-04	6.781196e-01	4.999906e+00	4.983538e+02
2.455931071996816e-04	6.781196e-01	4.999906e+00	4.983538e+02
2.558331071996763e-04	6.781196e-01	4.999906e+00	4.983538e+02
2.660731071996710e-04	6.781196e-01	4.999906e+00	4.983538e+02
2.763131071996657e-04	6.781196e-01	4.999906e+00	4.983538e+02
2.865531071996604e-04	6.781196e-01	4.999906e+00	4.983538e+02
2.967931071996551e-04	6.781196e-01	4.999906e+00	4.983538e+02
3.070331071996498e-04	6.781196e-01	4.999906e+00	4.983538e+02
3.172731071996445e-04	6.781196e-01	4.999906e+00	4.983538e+02
3.275131071996392e-04	6.781196e-01	4.999906e+00	4.983538e+02
3.377531071996339e-04	6.781196e-01	4.999906e+00	4.983538e+02
3.479931071996286e-04	6.781196e-01	4.999906e+00	4.983538e+02
3.582331071996233e-04	6.781196e-01	4.999906e+00	4.983538e+02
3.684731071996180e-04	6.781196e-01	4.999906e+00	4.983538e+02
3.787131071996127e-04	6.781196e-01	4.999906e+00	4.983538e+02
3.889531071996074e-04	6.781196e-01	4.999906e+00	4.983538e+02
3.991931071996021e-04	6.781196e-01	4.999906e+00	4.983538e+02
4.094331071995968e-04	6.781196e-01	4.999906e+00	4.983538e+02
4.196731071995915e-04	6.781196e-01	4.999906e+00	4.983538e+02
4.299131071995862e-04	6.781196e-01	4.999906e+00	4.983538e+02
4.401531071995809e-04	6.781196e-01	4.999906e+00	4.983538e+02
4.503931071995756e-04	6.781196e-01	4.999906e+00	4.983538e+02
4.606331071995703e-04	6.781196e-01	4.999906e+00	4.983538e+02
4.708731071995650e-04	6.781196e-01	4.999906e+00	4.983538e+02
4.811131071995597e-04	6.781196e-01	4.999906e+00	4.983538e+02
4.913531071995711e-04	6.781196e-01	4.999906e+00	4.983538e+02
5.000000000000004e-04	6.781196e-01	4.999906e+00	4.983538e+02
5.000010000000000e-04	6.382340e-01	4.999906e+00	3.752889e+02
5.000024805452893e-04	4.126318e-01	4.999906e+00	1.351277e+02
5.000028812522172e-04	3.207836e-01	4.999906e+00	1.075926e+02
5.000034780157607e-04	1.776667e-01	4.999906e+00	7.834965e+01
5.000040765146123e-04	3.105234e-02	4.999906e+00	5.906678e+01
5.000048303441335e-04	-1.477751e-01	4.999906e+00	4.373447e+01
5.000053126675652e-04	-2.317957e-01	4.999906e+00	3.746551e+01
5.000058124590371e-04	-2.591271e-01	4.999906e+00	3.279619e+01
5.000063285346663e-04	-2.569472e-01	4.999906e+00	2.934899e+01
5.000068609055439e-04	-2.572921e-01	4.999906e+00	2.681103e+01
5.000073845411073e-04	-2.568345e-01	4.999906e+00	2.501364e+01
5.000084318122342e-04	-2.560598e-01	4.999906e+00	2.265978e+01
5.000099698092424e-04	-2.548198e-01	4.999906e+00	2.080424e+01
5.000117381424657e-04	-2.532801e-01	4.999906e+00	1.961035e+01
5.000139918100582e-04	-2.513048e-01	4.999906e+00	1.849975e+01
5.000171644505381e-04	-2.484995e-01	4.999906e+00	1.714839e+01
5.000226865691539e-04	-2.436524e-01	4.999906e+00	1.504665e+01
5.000326865691539e-04	-2.349036e-01	4.999906e+00	1.186641e+01
5.000426865691540e-04	-2.262341e-01	4.999906e+00	9.362215e+00
5.000526865691540e-04	-2.176397e-01	4.999906e+00	7.389735e+00
5.000626865691541e-04	-2.090905e-01	4.999906e+00	5.836415e+00
5.000726865691541e-04	-2.006200e-01	4.999906e+00	4.612989e+00
5.000826865691542e-04	-1.921777e-01	4.999906e+00	3.649503e+00
5.000926865691542e-04	-1.838222e-01	4.999906e+00	2.890665e+00
5.001026865691543e-04	-1.754996e-01	4.999906e+00	2.293041e+00
5.001126865691543e-04	-1.672690e-01	4.999906e+00	1.822362e+00
5.001226865691544e-04	-1.590992e-01	4.999906e+00	1.451671e+00
5.001326865691544e-04	-1.510268e-01	4.999906e+00	1.159722e+00
5.001426865691545e-04	-1.430561e-01	4.999906e+00	9.297889e-01
5.001526865691545e-04	-1.351997e-01	4.999906e+00	7.486961e-01
5.001626865691546e-04	-1.274867e-01	4.999906e+00	6.060679e-01
5.001726865691546e-04	-1.199188e-01	4.999906e+00	4.937322e-01
5.001826865691547e-04	-1.125344e-01	4.999906e+00	4.052530e-01
5.001926865691547e-04	-1.053314e-01	4.999906e+00	3.355618e-01
5.002026865691548e-04	-9.834930e-02	4.999906e+00	2.806664e-01
5.002126865691548e-04	-9.158175e-02	4.999906e+00	2.374232e-01
5.002226865691549e-04	-8.506551e-02	4.999906e+00	2.033561e-01
5.002326865691549e-04	-7.878829e-02	4.999906e+00	1.765155e-01
5.002426865691550e-04	-7.278148e-02	4.999906e+00	1.553657e-01
5.002526865691550e-04	-6.702614e-02	4.999906e+00	1.386977e-01
5.002626865691551e-04	-6.154743e-02	4.999906e+00	1.255593e-01
5.002726865691551e-04	-5.632014e-02	4.999906e+00	1.152007e-01
5.002826865691552e-04	-5.136380e-02	4.999906e+00	1.070316e-01
5.002926865691552e-04	-4.664822e-02	4.999906e+00	1.005871e-01
5.003026865691553e-04	-4.218869e-02	4.999906e+00	9.550119e-02
5.003126865691553e-04	-3.795167e-02	4.999906e+00	9.148569e-02
5.003226865691554e-04	-3.394989e-02	4.999906e+00	8.831365e-02
5.003326865691554e-04	-3.014828e-02	4.999906e+00	8.580639e-02
5.003426865691555e-04	-2.655832e-02	4.999906e+00	8.382319e-02
5.003526865691555e-04	-2.314454e-02	4.999906e+00	8.225323e-02
5.003626865691556e-04	-1.991831e-02	4.999906e+00	8.100923e-02
5.003726865691556e-04	-1.684469e-02	4.999906e+00	8.002246e-02
5.003826865691556e-04	-1.393564e-02	4.999906e+00	7.923874e-02
5.003926865691557e-04	-1.115729e-02	4.999906e+00	7.861540e-02
5.004026865691557e-04	-8.522547e-03	4.999906e+00	7.811882e-02
5.004126865691558e-04	-5.998856e-03	4.999906e+00	7.772246e-02
5.004226865691558e-04	-3.600236e-03	4.999906e+00	7.740542e-02
5.004326865691559e-04	-1.295495e-03	4.999906e+00	7.715121e-02
5.004426865691559e-04	9.002418e-04	4.999906e+00	7.694681e-02
5.004526865691560e-04	3.016849e-03	4.999906e+00	7.678194e-02
5.004626865691560e-04	5.038179e-03	4.999906e+00	7.664850e-02
5.004726865691561e-04	6.992903e-03	4.999906e+00	7.654005e-02
5.004826865691561e-04	8.863974e-03	4.999906e+00	7.645154e-02
5.004926865691562e-04	1.067900e-02	4.999906e+00	7.637894e-02
5.005026865691562e-04	1.242017e-02	4.999906e+00	7.631908e-02
5.005126865691563e-04	1.411416e-02	4.999906e+00	7.626943e-02
5.005226865691563e-04	1.574254e-02	4.999906e+00	7.622799e-02
5.005326865691564e-04	1.733117e-02	4.999906e+00	7.619317e-02
5.005426865691564e-04	1.886112e-02	4.999906e+00	7.616371e-02
5.005526865691565e-04	2.035757e-02	4.999906e+00	7.613859e-02
5.005626865691565e-04	2.180117e-02	4.999906e+00	7.611702e-02
5.005726865691566e-04	2.321654e-02	4.999906e+00	7.609835e-02
5.005826865691566e-04	2.458399e-02	4.999906e+00	7.608206e-02
5.005926865691567e-04	2.592764e-02	4.999906e+00	7.606774e-02
5.006026865691567e-04	2.722755e-02	4.999906e+00	7.605506e-02
5.006126865691568e-04	2.850743e-02	4.999906e+00	7.604375e-02
5.006226865691568e-04	2.974715e-02	4.999906e+00	7.603358e-02
5.006326865691569e-04	3.097003e-02	4.999906e+00	7.602440e-02
5.006426865691569e-04	3.215580e-02	4.999906e+00	7.601604e-02
5.006526865691570e-04	3.332749e-02	4.999906e+00	7.600839e-02
5.006626865691570e-04	3.446471e-02	4.999906e+00	7.600135e-02
5.006726865691571e-04	3.559019e-02	4.999906e+00	7.599483e-02
5.006826865691571e-04	3.668348e-02	4.999906e+00	7.598880e-02
5.006926865691572e-04	3.776708e-02	4.999906e+00	7.598317e-02
5.007026865691572e-04	3.882048e-02	4.999906e+00	7.597790e-02
5.007126865691573e-04	3.986595e-02	4.999906e+00	7.597295e-02
5.007226865691573e-04	4.088296e-02	4.999906e+00	7.596830e-02
5.007326865691574e-04	4.189360e-02	4.999906e+00	7.596390e-02
5.007426865691574e-04	4.287731e-02	4.999906e+00	7.595974e-02
5.007526865691575e-04	4.385599e-02	4.999906e+00	7.595580e-02
5.007626865691575e-04	4.480912e-02	4.999906e+00	7.595205e-02
5.007726865691576e-04	4.575840e-02	4.999906e+00	7.594849e-02
5.007826865691576e-04	4.668333e-02	4.999906e+00	7.594509e-02
5.007926865691577e-04	4.760547e-02	4.999906e+00	7.594185e-02
5.008026865691577e-04	4.850435e-02	4.999906e+00	7.593875e-02
5.008126865691578e-04	4.940137e-02	4.999906e+00	7.593578e-02
5.008226865691578e-04	5.027608e-02	4.999906e+00	7.593293e-02
5.008326865691579e-04	5.114978e-02	4.999906e+00	7.593021e-02
5.008426865691579e-04	5.200204e-02	4.999906e+00	7.592759e-02
5.008526865691580e-04	5.285403e-02	4.999906e+00	7.592507e-02
5.008626865691580e-04	5.368538e-02	4.999906e+00	7.592265e-02
5.008726865691581e-04	5.451712e-02	4.999906e+00	7.592031e-02
5.008826865691581e-04	5.532894e-02	4.999906e+00	7.591807e-02
5.008926865691581e-04	5.614175e-02	4.999906e+00	7.591590e-02
5.009026865691582e-04	5.693528e-02	4.999906e+00	7.591381e-02
5.009126865691582e-04	5.773036e-02	4.999906e+00	7.591179e-02
5.009226865691583e-04	5.850675e-02	4.999906e+00	7.590985e-02
5.009326865691583e-04	5.928518e-02	4.999906e+00	7.590796e-02
5.009426865691584e-04	6.004547e-02	4.999906e+00	7.590614e-02
5.009526865691584e-04	6.080823e-02	4.999906e+00	7.590437e-02
5.009626865691585e-04	6.155337e-02	4.999906e+00	7.590266e-02
5.009726865691585e-04	6.230137e-02	4.999906e+00	7.590101e-02
5.009826865691586e-04	6.303222e-02	4.999906e+00	7.589940e-02
5.009926865691586e-04	6.376631e-02	4.999906e+00	7.589785e-02
5.010026865691587e-04	6.448366e-02	4.999906e+00	7.589634e-02
5.010126865691587e-04	6.520458e-02	4.999906e+00	7.589487e-02
5.010226865691588e-04	6.590918e-02	4.999906e+00	7.589345e-02
5.010326865691588e-04	6.661765e-02	4.999906e+00	7.589207e-02
5.010426865691589e-04	6.731016e-02	4.999906e+00	7.589073e-02
5.010526865691589e-04	6.800683e-02	4.999906e+00	7.588942e-02
5.010626865691590e-04	6.868789e-02	4.999906e+00	7.588815e-02
5.010726865691590e-04	6.937335e-02	4.999906e+00	7.588691e-02
5.010826865691591e-04	7.004352e-02	4.999906e+00	7.588571e-02
5.010926865691591e-04	7.071833e-02	4.999906e+00	7.588454e-02
5.011026865691592e-04	7.137816e-02	4.999906e+00	7.588340e-02
5.011126865691592e-04	7.204285e-02	4.999906e+00	7.588229e-02
5.011226865691593e-04	7.269283e-02	4.999906e+00	7.588121e-02
5.011326865691593e-04	7.334787e-02	4.999906e+00	7.588015e-02
5.011426865691594e-04	7.398846e-02	4.999906e+00	7.587913e-02
5.011526865691594e-04	7.463430e-02	4.999906e+00	7.587812e-02
5.011626865691595e-04	7.526594e-02	4.999906e+00	7.587714e-02
5.011726865691595e-04	7.590301e-02	4.999906e+00	7.587618e-02
5.011826865691596e-04	7.652611e-02	4.999906e+00	7.587525e-02
5.011926865691596e-04	7.715477e-02	4.999906e+00	7.587434e-02
5.012026865691597e-04	7.776970e-02	4.999906e+00	7.587345e-02
5.012126865691597e-04	7.839034e-02	4.999906e+00	7.587258e-02
5.012226865691598e-04	7.899746e-02	4.999906e+00	7.587173e-02
5.012326865691598e-04	7.961042e-02	4.999906e+00	7.587090e-02
5.012426865691599e-04	8.021006e-02	4.999906e+00	7.587009e-02
5.012526865691599e-04	8.081567e-02	4.999906e+00	7.586929e-02
5.012626865691600e-04	8.140813e-02	4.999906e+00	7.586852e-02
5.012726865691600e-04	8.200667e-02	4.999906e+00	7.586775e-02
5.012826865691601e-04	8.259226e-02	4.999906e+00	7.586701e-02
5.012926865691601e-04	8.318403e-02	4.999906e+00	7.586628e-02
5.013026865691602e-04	8.376302e-02	4.999906e+00	7.586557e-02
5.013126865691602e-04	8.434828e-02	4.999906e+00	7.586487e-02
5.013226865691603e-04	8.492094e-02	4.999906e+00	7.586418e-02
5.013326865691603e-04	8.549994e-02	4.999906e+00	7.586351e-02
5.013426865691604e-04	8.606650e-02	4.999906e+00	7.586285e-02
5.013526865691604e-04	8.663949e-02	4.999906e+00	7.586221e-02
5.013626865691605e-04	8.720018e-02	4.999906e+00	7.586158e-02
5.013726865691605e-04	8.776739e-02	4.999906e+00	7.586096e-02
5.013826865691606e-04	8.832243e-02	4.999906e+00	7.586036e-02
5.013926865691606e-04	8.888406e-02	4.999906e+00	7.585976e-02
5.014026865691606e-04	8.943367e-02	4.999906e+00	7.585917e-02
5.014126865691607e-04	8.998992e-02	4.999906e+00	7.585860e-02
5.014226865691607e-04	9.053428e-02	4.999906e+00	7.585804e-02
5.014326865691608e-04	9.108536e-02	4.999906e+00	7.585749e-02
5.014426865691608e-04	9.162467e-02	4.999906e+00	7.585695e-02
5.014526865691609e-04	9.217074e-02	4.999906e+00	7.585642e-02
5.014626865691609e-04	9.270517e-02	4.999906e+00	7.585590e-02
5.014726865691610e-04	9.324642e-02	4.999906e+00	7.585538e-02
5.014826865691610e-04	9.377612e-02	4.999906e+00	7.585488e-02
5.014926865691611e-04	9.431271e-02	4.999906e+00	7.585438e-02
5.015026865691611e-04	9.483787e-02	4.999906e+00	7.585390e-02
5.015126865691612e-04	9.536994e-02	4.999906e+00	7.585341e-02
5.015226865691612e-04	9.589069e-02	4.999906e+00	7.585295e-02
5.015326865691613e-04	9.641840e-02	4.999906e+00	7.585248e-02
5.015426865691613e-04	9.693490e-02	4.999906e+00	7.585204e-02
5.015526865691614e-04	9.745838e-02	4.999906e+00	7.585159e-02
5.015626865691614e-04	9.797077e-02	4.999906e+00	7.585115e-02
5.015726865691615e-04	9.849016e-02	4.999906e+00	7.585072e-02
5.015826865691615e-04	9.899855e-02	4.999906e+00	7.585029e-02
5.015926865691616e-04	9.951399e-02	4.999906e+00	7.584988e-02
5.016026865691616e-04	1.000185e-01	4.999906e+00	7.584947e-02
5.016126865691617e-04	1.005301e-01	4.999906e+00	7.584906e-02
5.016226865691617e-04	1.010309e-01	4.999906e+00	7.584866e-02
5.016326865691618e-04	1.015388e-01	4.999906e+00	7.584827e-02
5.016426865691618e-04	1.020359e-01	4.999906e+00	7.584789e-02
5.016526865691619e-04	1.025402e-01	4.999906e+00	7.584751e-02
5.016626865691619e-04	1.030338e-01	4.999906e+00	7.584713e-02
5.016726865691620e-04	1.035346e-01	4.999906e+00	7.584676e-02
5.016826865691620e-04	1.040248e-01	4.999906e+00	7.584640e-02
5.016926865691621e-04	1.045222e-01	4.999906e+00	7.584605e-02
5.017026865691621e-04	1.050091e-01	4.999906e+00	7.584570e-02
5.017126865691622e-04	1.055031e-01	4.999906e+00	7.584535e-02
5.017226865691622e-04	1.059868e-01	4.999906e+00	7.584501e-02
5.017326865691623e-04	1.064777e-01	4.999906e+00	7.584467e-02
5.017426865691623e-04	1.069582e-01	4.999906e+00	7.584434e-02
5.017526865691624e-04	1.074459e-01	4.999906e+00	7.584401e-02
5.017626865691624e-04	1.079234e-01	4.999906e+00	7.584369e-02
5.017726865691625e-04	1.084081e-01	4.999906e+00	7.584337e-02
5.017826865691625e-04	1.088827e-01	4.999906e+00	7.584306e-02
5.017926865691626e-04	1.093644e-01	4.999906e+00	7.584275e-02
5.018026865691626e-04	1.098361e-01	4.999906e+00	7.584245e-02
5.018126865691627e-04	1.103149e-01	4.999906e+00	7.584215e-02
5.018226865691627e-04	1.107838e-01	4.999906e+00	7.584185e-02
5.018326865691628e-04	1.112599e-01	4.999906e+00	7.584156e-02
5.018426865691628e-04	1.117260e-01	4.999906e+00	7.584127e-02
5.018526865691629e-04	1.121993e-01	4.999906e+00	7.584099e-02
5.018626865691629e-04	1.126628e-01	4.999906e+00	7.584071e-02
5.018726865691630e-04	1.131335e-01	4.999906e+00	7.584043e-02
5.018826865691630e-04	1.135944e-01	4.999906e+00	7.584016e-02
5.018926865691631e-04	1.140625e-01	4.999906e+00	7.583989e-02
5.019026865691631e-04	1.145208e-01	4.999906e+00	7.583962e-02
5.019126865691632e-04	1.149864e-01	4.999906e+00	7.583936e-02
5.019226865691632e-04	1.154423e-01	4.999906e+00	7.583910e-02
5.019326865691632e-04	1.159054e-01	4.999906e+00	7.583885e-02
5.019426865691633e-04	1.163589e-01	4.999906e+00	7.583860e-02
5.019526865691633e-04	1.168196e-01	4.999906e+00	7.583834e-02
5.019626865691634e-04	1.172708e-01	4.999906e+00	7.583810e-02
5.019726865691634e-04	1.177291e-01	4.999906e+00	7.583786e-02
5.019826865691635e-04	1.181780e-01	4.999906e+00	7.583762e-02
5.019926865691635e-04	1.186341e-01	4.999906e+00	7.583738e-02
5.020010000000001e-04	1.190048e-01	4.999906e+00	7.583719e-02
5.020013333333334e-04	1.190218e-01	4.999906e+00	7.583718e-02
5.020020000000001e-04	1.190553e-01	4.999906e+00	9.250566e-02
5.020027648417863e-04	1.191060e-01	4.999906e+00	1.302777e-01
5.020035352650501e-04	1.191741e-01	4.999906e+00	1.673879e-01
5.020043378364342e-04	1.192622e-01	4.999906e+00	2.050911e-01
5.020059429792026e-04	1.194878e-01	4.999906e+00	2.777681e-01
5.020091532647393e-04	1.201146e-01	4.999906e+00	4.133839e-01
5.020139194674985e-04	1.214056e-01	4.999906e+00	5.947226e-01
5.020196274180409e-04	1.233902e-01	4.999906e+00	7.875080e-01
5.020278671674542e-04	1.268364e-01	4.999906e+00	1.033381e+00
5.020378671674543e-04	1.316089e-01	4.999906e+00	1.298700e+00
5.020478671674543e-04	1.367571e-01	4.999906e+00	1.542775e+00
5.020578671674544e-04	1.421071e-01	4.999906e+00	1.775241e+00
5.020678671674544e-04	1.475647e-01	4.999906e+00	2.001340e+00
5.020778671674545e-04	1.530786e-01	4.999906e+00	2.223929e+00
5.020878671674545e-04	1.586215e-01	4.999906e+00	2.444562e+00
5.020978671674546e-04	1.641784e-01	4.999906e+00	2.664087e+00
5.021078671674546e-04	1.697414e-01	4.999906e+00	2.882963e+00
5.021178671674547e-04	1.753062e-01	4.999906e+00	3.101442e+00
5.021278671674547e-04	1.808708e-01	4.999906e+00	3.319662e+00
5.021378671674548e-04	1.864340e-01	4.999906e+00	3.537696e+00
5.021478671674548e-04	1.919954e-01	4.999906e+00	3.755585e+00
5.021578671674549e-04	1.975547e-01	4.999906e+00	3.973352e+00
5.021678671674549e-04	2.031119e-01	4.999906e+00	4.191008e+00
5.021778671674549e-04	2.086669e-01	4.999906e+00	4.408561e+00
5.021878671674550e-04	2.142199e-01	4.999906e+00	4.626014e+00
5.021978671674550e-04	2.197708e-01	4.999906e+00	4.843369e+00
5.022078671674551e-04	2.253197e-01	4.999906e+00	5.060627e+00
5.022178671674551e-04	2.308667e-01	4.999906e+00	5.277788e+00
5.022278671674552e-04	2.364118e-01	4.999906e+00	5.494854e+00
5.022378671674552e-04	2.419549e-01	4.999906e+00	5.711825e+00
5.022478671674553e-04	2.474962e-01	4.999906e+00	5.928700e+00
5.022578671674553e-04	2.530356e-01	4.999906e+00	6.145480e+00
5.022678671674554e-04	2.585733e-01	4.999906e+00	6.362165e+00
5.022778671674554e-04	2.641090e-01	4.999906e+00	6.578755e+00
5.022878671674555e-04	2.696429e-01	4.999906e+00	6.795250e+00
5.022978671674555e-04	2.751748e-01	4.999906e+00	7.011650e+00
5.023078671674556e-04	2.807050e-01	4.999906e+00	7.227954e+00
5.023178671674556e-04	2.862332e-01	4.999906e+00	7.444165e+00
5.023278671674557e-04	2.917595e-01	4.999906e+00	7.660280e+00
5.023378671674557e-04	2.972839e-01	4.999906e+00	7.876300e+00
5.023478671674558e-04	3.028064e-01	4.999906e+00	8.092225e+00
5.023578671674558e-04	3.083268e-01	4.999906e+00	8.308056e+00
5.023678671674559e-04	3.138453e-01	4.999906e+00	8.523792e+00
5.023778671674559e-04	3.193617e-01	4.999906e+00	8.739433e+00
5.023878671674560e-04	3.248762e-01	4.999906e+00	8.954980e+00
5.023978671674560e-04	3.303885e-01	4.999906e+00	9.170431e+00
5.024078671674561e-04	3.358988e-01	4.999906e+00	9.385789e+00
5.024178671674561e-04	3.414069e-01	4.999906e+00	9.601051e+00
5.024278671674562e-04	3.469129e-01	4.999906e+00	9.816219e+00
5.024378671674562e-04	3.524166e-01	4.999906e+00	1.003129e+01
5.024478671674563e-04	3.579182e-01	4.999906e+00	1.024627e+01
5.024578671674563e-04	3.634176e-01	4.999906e+00	1.046116e+01
5.024678671674564e-04	3.689147e-01	4.999906e+00	1.067595e+01
5.024778671674564e-04	3.744095e-01	4.999906e+00	1.089064e+01
5.024878671674565e-04	3.799020e-01	4.999906e+00	1.110524e+01
5.024978671674565e-04	3.853921e-01	4.999906e+00	1.131975e+01
5.025078671674566e-04	3.908800e-01	4.999906e+00	1.153416e+01
5.025178671674566e-04	3.963653e-01	4.999906e+00	1.174848e+01
5.025278671674567e-04	4.018483e-01	4.999906e+00	1.196270e+01
5.025378671674567e-04	4.073288e-01	4.999906e+00	1.217683e+01
5.025478671674568e-04	4.128069e-01	4.999906e+00	1.239087e+01
5.025578671674568e-04	4.182824e-01	4.999906e+00	1.260481e+01
5.025678671674569e-04	4.237554e-01	4.999906e+00	1.281866e+01
5.025778671674569e-04	4.292259e-01	4.999906e+00	1.303241e+01
5.025878671674570e-04	4.346938e-01	4.999906e+00	1.324607e+01
5.025978671674570e-04	4.401590e-01	4.999906e+00	1.345963e+01
5.026078671674571e-04	4.456216e-01	4.999906e+00	1.367310e+01
5.026178671674571e-04	4.510816e-01	4.999906e+00	1.388648e+01
5.026278671674572e-04	4.565389e-01	4.999906e+00	1.409976e+01
5.026378671674572e-04	4.619935e-01	4.999906e+00	1.431294e+01
5.026478671674573e-04	4.674453e-01	4.999906e+00	1.452604e+01
5.026578671674573e-04	4.728944e-01	4.999906e+00	1.473904e+01
5.026678671674574e-04	4.783407e-01	4.999906e+00	1.495194e+01
5.026778671674574e-04	4.837841e-01	4.999906e+00	1.516476e+01
5.026878671674574e-04	4.892248e-01	4.999906e+00	1.537747e+01
5.026978671674575e-04	4.946626e-01	4.999906e+00	1.559010e+01
5.027078671674575e-04	5.000975e-01	4.999906e+00	1.580263e+01
5.027178671674576e-04	5.055295e-01	4.999906e+00	1.601506e+01
5.027278671674576e-04	5.109586e-01	4.999906e+00	1.622741e+01
5.027378671674577e-04	5.163847e-01	4.999906e+00	1.643966e+01
5.027478671674577e-04	5.218078e-01	4.999906e+00	1.665181e+01
5.027578671674578e-04	5.272280e-01	4.999906e+00	1.686387e+01
5.027678671674578e-04	5.326451e-01	4.999906e+00	1.707584e+01
5.027778671674579e-04	5.380592e-01	4.999906e+00	1.728771e+01
5.027878671674579e-04	5.434702e-01	4.999906e+00	1.749949e+01
5.027978671674580e-04	5.488781e-01	4.999906e+00	1.771118e+01
5.028078671674580e-04	5.542830e-01	4.999906e+00	1.792277e+01
5.028178671674581e-04	5.596846e-01	4.999906e+00	1.813427e+01
5.028278671674581e-04	5.650832e-01	4.999906e+00	1.834568e+01
5.028378671674582e-04	5.704786e-01	4.999906e+00	1.855699e+01
5.028478671674582e-04	5.758708e-01	4.999906e+00	1.876821e+01
5.028578671674583e-04	5.812597e-01	4.999906e+00	1.897933e+01
5.028678671674583e-04	5.866454e-01	4.999906e+00	1.919037e+01
5.028778671674584e-04	5.920278e-01	4.999906e+00	1.940131e+01
5.028878671674584e-04	5.974070e-01	4.999906e+00	1.961215e+01
5.028978671674585e-04	6.027828e-01	4.999906e+00	1.982290e+01
5.029078671674585e-04	6.081554e-01	4.999906e+00	2.003356e+01
5.029178671674586e-04	6.135246e-01	4.999906e+00	2.024413e+01
5.029278671674586e-04	6.188905e-01	4.999906e+00	2.045460e+01
5.029378671674587e-04	6.242529e-01	4.999906e+00	2.066498e+01
5.029478671674587e-04	6.296120e-01	4.999906e+00	2.087527e+01
5.029578671674588e-04	6.349677e-01	4.999906e+00	2.108546e+01
5.029678671674588e-04	6.403199e-01	4.999906e+00	2.129556e+01
5.029778671674589e-04	6.456687e-01	4.999906e+00	2.150556e+01
5.029878671674589e-04	6.510140e-01	4.999906e+00	2.171548e+01
5.029978671674590e-04	6.563557e-01	4.999906e+00	2.192530e+01
5.030078671674590e-04	6.616940e-01	4.999906e+00	2.213503e+01
5.030178671674591e-04	6.670288e-01	4.999906e+00	2.234466e+01
5.030278671674591e-04	6.723600e-01	4.999906e+00	2.255420e+01
5.030378671674592e-04	6.776876e-01	4.999906e+00	2.276365e+01
5.030478671674592e-04	6.830117e-01	4.999906e+00	2.297300e+01
5.030578671674593e-04	6.883321e-01	4.999906e+00	2.318227e+01
5.030678671674593e-04	6.936490e-01	4.999906e+00	2.339144e+01
5.030778671674594e-04	6.989622e-01	4.999906e+00	2.360051e+01
5.030878671674594e-04	7.042717e-01	4.999906e+00	2.380950e+01
5.030978671674595e-04	7.095776e-01	4.999906e+00	2.401839e+01
5.031078671674595e-04	7.148798e-01	4.999906e+00	2.422719e+01
5.031178671674596e-04	7.201782e-01	4.999906e+00	2.443590e+01
5.031278671674596e-04	7.254729e-01	4.999906e+00	2.464451e+01
5.031378671674597e-04	7.307639e-01	4.999906e+00	2.485303e+01
5.031478671674597e-04	7.360512e-01	4.999906e+00	2.506146e+01
5.031578671674598e-04	7.413347e-01	4.999906e+00	2.526979e+01
5.031678671674598e-04	7.466144e-01	4.999906e+00	2.547804e+01
5.031778671674599e-04	7.518902e-01	4.999906e+00	2.568619e+01
5.031878671674599e-04	7.571623e-01	4.999906e+00	2.589425e+01
5.031978671674600e-04	7.624305e-01	4.999906e+00	2.610221e+01
5.032078671674600e-04	7.676950e-01	4.999906e+00	2.631009e+01
5.032178671674600e-04	7.729554e-01	4.999906e+00	2.651787e+01
5.032278671674601e-04	7.782121e-01	4.999906e+00	2.672556e+01
5.032378671674601e-04	7.834648e-01	4.999906e+00	2.693315e+01
5.032478671674602e-04	7.887136e-01	4.999906e+00	2.714066e+01
5.032578671674602e-04	7.939585e-01	4.999906e+00	2.734807e+01
5.032678671674603e-04	7.991995e-01	4.999906e+00	2.755539e+01
5.032778671674603e-04	8.044365e-01	4.999906e+00	2.776262e+01
5.032878671674604e-04	8.096696e-01	4.999906e+00	2.796975e+01
5.032978671674604e-04	8.148986e-01	4.999906e+00	2.817679e+01
5.033078671674605e-04	8.201236e-01	4.999906e+00	2.838375e+01
5.033178671674605e-04	8.253446e-01	4.999906e+00	2.859060e+01
5.033278671674606e-04	8.305616e-01	4.999906e+00	2.879737e+01
5.033378671674606e-04	8.357746e-01	4.999906e+00	2.900405e+01
5.033478671674607e-04	8.409835e-01	4.999906e+00	2.921063e+01
5.033578671674607e-04	8.461884e-01	4.999906e+00	2.941712e+01
5.033678671674608e-04	8.513891e-01	4.999906e+00	2.962352e+01
5.033778671674608e-04	8.565857e-01	4.999906e+00	2.982983e+01
5.033878671674609e-04	8.617783e-01	4.999906e+00	3.003605e+01
5.033978671674609e-04	8.669667e-01	4.999906e+00	3.024217e+01
5.034078671674610e-04	8.721510e-01	4.999906e+00	3.044820e+01
5.034178671674610e-04	8.773311e-01	4.999906e+00	3.065414e+01
5.034278671674611e-04	8.825071e-01	4.999906e+00	3.085999e+01
5.034378671674611e-04	8.876790e-01	4.999906e+00	3.106575e+01
5.034478671674612e-04	8.928466e-01	4.999906e+00	3.127141e+01
5.034578671674612e-04	8.980100e-01	4.999906e+00	3.147699e+01
5.034678671674613e-04	9.031692e-01	4.999906e+00	3.168247e+01
5.034778671674613e-04	9.083242e-01	4.999906e+00	3.188786e+01
5.034878671674614e-04	9.134750e-01	4.999906e+00	3.209316e+01
5.034978671674614e-04	9.186215e-01	4.999906e+00	3.229837e+01
5.035078671674615e-04	9.237638e-01	4.999906e+00	3.250348e+01
5.035178671674615e-04	9.289017e-01	4.999906e+00	3.270851e+01
5.035278671674616e-04	9.340354e-01	4.999906e+00	3.291344e+01
5.035378671674616e-04	9.391648e-01	4.999906e+00	3.311828e+01
5.035478671674617e-04	9.442899e-01	4.999906e+00	3.332304e+01
5.035578671674617e-04	9.494107e-01	4.999906e+00	3.352769e+01
5.035678671674618e-04	9.545271e-01	4.999906e+00	3.373226e+01
5.035778671674618e-04	9.596393e-01	4.999906e+00	3.393674e+01
5.035878671674619e-04	9.647470e-01	4.999906e+00	3.414112e+01
5.035978671674619e-04	9.698504e-01	4.999906e+00	3.434542e+01
5.036078671674620e-04	9.749495e-01	4.999906e+00	3.454963e+01
5.036178671674620e-04	9.800441e-01	4.999906e+00	3.475374e+01
5.036278671674621e-04	9.851344e-01	4.999906e+00	3.495776e+01
5.036378671674621e-04	9.902202e-01	4.999906e+00	3.516169e+01
5.036478671674622e-04	9.953017e-01	4.999906e+00	3.536553e+01
5.036578671674622e-04	1.000379e+00	4.999906e+00	3.556928e+01
5.036678671674623e-04	1.005451e+00	4.999906e+00	3.577293e+01
5.036778671674623e-04	1.010519e+00	4.999906e+00	3.597650e+01
5.036878671674624e-04	1.015583e+00	4.999906e+00	3.617998e+01
5.036978671674624e-04	1.020642e+00	4.999906e+00	3.638336e+01
5.037078671674625e-04	1.025697e+00	4.999906e+00	3.658666e+01
5.037178671674625e-04	1.030747e+00	4.999906e+00	3.678986e+01
5.037278671674625e-04	1.035793e+00	4.999906e+00	3.699297e+01
5.037378671674626e-04	1.040834e+00	4.999906e+00	3.719600e+01
5.037478671674626e-04	1.045871e+00	4.999906e+00	3.739893e+01
5.037578671674627e-04	1.050903e+00	4.999906e+00	3.760177e+01
5.037678671674627e-04	1.055931e+00	4.999906e+00	3.780452e+01
5.037778671674628e-04	1.060954e+00	4.999906e+00	3.800718e+01
5.037878671674628e-04	1.065973e+00	4.999906e+00	3.820975e+01
5.037978671674629e-04	1.070987e+00	4.999906e+00	3.841223e+01
5.038078671674629e-04	1.075996e+00	4.999906e+00	3.861462e+01
5.038178671674630e-04	1.081001e+00	4.999906e+00	3.881692e+01
5.038278671674630e-04	1.086001e+00	4.999906e+00	3.901912e+01
5.038378671674631e-04	1.090997e+00	4.999906e+00	3.922124e+01
5.038478671674631e-04	1.095988e+00	4.999906e+00	3.942327e+01
5.038578671674632e-04	1.100975e+00	4.999906e+00	3.962521e+01
5.038678671674632e-04	1.105957e+00	4.999906e+00	3.982705e+01
5.038778671674633e-04	1.110934e+00	4.999906e+00	4.002881e+01
5.038878671674633e-04	1.115907e+00	4.999906e+00	4.023048e+01
5.038978671674634e-04	1.120875e+00	4.999906e+00	4.043205e+01
5.039078671674634e-04	1.125838e+00	4.999906e+00	4.063354e+01
5.039178671674635e-04	1.130797e+00	4.999906e+00	4.083493e+01
5.039278671674635e-04	1.135751e+00	4.999906e+00	4.103624e+01
5.039378671674636e-04	1.140700e+00	4.999906e+00	4.123746e+01
5.039478671674636e-04	1.145645e+00	4.999906e+00	4.143858e+01
5.039578671674637e-04	1.150584e+00	4.999906e+00	4.163962e+01
5.039678671674637e-04	1.155520e+00	4.999906e+00	4.184056e+01
5.039778671674638e-04	1.160450e+00	4.999906e+00	4.204142e+01
5.039878671674638e-04	1.165376e+00	4.999906e+00	4.224219e+01
5.039978671674639e-04	1.170297e+00	4.999906e+00	4.244286e+01
5.040078671674639e-04	1.175214e+00	4.999906e+00	4.264345e+01
5.040178671674640e-04	1.180125e+00	4.999906e+00	4.284395e+01
5.040278671674640e-04	1.185032e+00	4.999906e+00	4.304436e+01
5.040378671674641e-04	1.189934e+00	4.999906e+00	4.324467e+01
5.040478671674641e-04	1.194832e+00	4.999906e+00	4.344490e+01
5.040578671674642e-04	1.199725e+00	4.999906e+00	4.364504e+01
5.040678671674642e-04	1.204612e+00	4.999906e+00	4.384509e+01
5.040778671674643e-04	1.209496e+00	4.999906e+00	4.404505e+01
5.040878671674643e-04	1.214374e+00	4.999906e+00	4.424492e+01
5.040978671674644e-04	1.219247e+00	4.999906e+00	4.444470e+01
5.041078671674644e-04	1.224116e+00	4.999906e+00	4.464439e+01
5.041178671674645e-04	1.228980e+00	4.999906e+00	4.484400e+01
5.041278671674645e-04	1.233839e+00	4.999906e+00	4.504351e+01
5.041378671674646e-04	1.238694e+00	4.999906e+00	4.524293e+01
5.041478671674646e-04	1.243543e+00	4.999906e+00	4.544227e+01
5.041578671674647e-04	1.248388e+00	4.999906e+00	4.564151e+01
5.041678671674647e-04	1.253228e+00	4.999906e+00	4.584067e+01
5.041778671674648e-04	1.258063e+00	4.999906e+00	4.603973e+01
5.041878671674648e-04	1.262893e+00	4.999906e+00	4.623871e+01
5.041978671674649e-04	1.267718e+00	4.999906e+00	4.643760e+01
5.042078671674649e-04	1.272539e+00	4.999906e+00	4.663640e+01
5.042178671674650e-04	1.277354e+00	4.999906e+00	4.683511e+01
5.042278671674650e-04	1.282165e+00	4.999906e+00	4.703373e+01
5.042378671674650e-04	1.286971e+00	4.999906e+00	4.723227e+01
5.042478671674651e-04	1.291772e+00	4.999906e+00	4.743071e+01
5.042578671674651e-04	1.296568e+00	4.999906e+00	4.762907e+01
5.042678671674652e-04	1.301359e+00	4.999906e+00	4.782733e+01
5.042778671674652e-04	1.306146e+00	4.999906e+00	4.802551e+01
5.042878671674653e-04	1.310927e+00	4.999906e+00	4.822359e+01
5.042978671674653e-04	1.315704e+00	4.999906e+00	4.842160e+01
5.043078671674654e-04	1.320475e+00	4.999906e+00	4.861951e+01
5.043178671674654e-04	1.325242e+00	4.999906e+00	4.881733e+01
5.043278671674655e-04	1.330004e+00	4.999906e+00	4.901506e+01
5.043378671674655e-04	1.334761e+00	4.999906e+00	4.921271e+01
5.043478671674656e-04	1.339512e+00	4.999906e+00	4.941027e+01
5.043578671674656e-04	1.344260e+00	4.999906e+00	4.960773e+01
5.043678671674657e-04	1.349002e+00	4.999906e+00	4.980511e+01
5.043778671674657e-04	1.353739e+00	4.999906e+00	5.000240e+01
5.043878671674658e-04	1.358471e+00	4.999906e+00	5.019961e+01
5.043978671674658e-04	1.363198e+00	4.999906e+00	5.039672e+01
5.044078671674659e-04	1.367920e+00	4.999906e+00	5.059375e+01
5.044178671674659e-04	1.372638e+00	4.999906e+00	5.079069e+01
5.044278671674660e-04	1.377350e+00	4.999906e+00	5.098753e+01
5.044378671674660e-04	1.382057e+00	4.999906e+00	5.118430e+01
5.044478671674661e-04	1.386760e+00	4.999906e+00	5.138097e+01
5.044578671674661e-04	1.391457e+00	4.999906e+00	5.157756e+01
5.044678671674662e-04	1.396150e+00	4.999906e+00	5.177405e+01
5.044778671674662e-04	1.400837e+00	4.999906e+00	5.197046e+01
5.044878671674663e-04	1.405520e+00	4.999906e+00	5.216678e+01
5.044978671674663e-04	1.410197e+00	4.999906e+00	5.236301e+01
5.045078671674664e-04	1.414870e+00	4.999906e+00	5.255916e+01
5.045178671674664e-04	1.419537e+00	4.999906e+00	5.275521e+01
5.045278671674665e-04	1.424200e+00	4.999906e+00	5.295118e+01
5.045378671674665e-04	1.428857e+00	4.999906e+00	5.314706e+01
5.045478671674666e-04	1.433510e+00	4.999906e+00	5.334286e+01
5.045578671674666e-04	1.438157e+00	4.999906e+00	5.353856e+01
5.045678671674667e-04	1.442799e+00	4.999906e+00	5.373418e+01
5.045778671674667e-04	1.447437e+00	4.999906e+00	5.392971e+01
5.045878671674668e-04	1.452069e+00	4.999906e+00	5.412515e+01
5.045978671674668e-04	1.456697e+00	4.999906e+00	5.432051e+01
5.046078671674669e-04	1.461319e+00	4.999906e+00	5.451578e+01
5.046178671674669e-04	1.465936e+00	4.999906e+00	5.471096e+01
5.046278671674670e-04	1.470549e+00	4.999906e+00	5.490605e+01
5.046378671674670e-04	1.475156e+00	4.999906e+00	5.510105e+01
5.046478671674671e-04	1.479758e+00	4.999906e+00	5.529597e+01
5.046578671674671e-04	1.484355e+00	4.999906e+00	5.549080e+01
5.046678671674672e-04	1.488947e+00	4.999906e+00	5.568554e+01
5.046778671674672e-04	1.493534e+00	4.999906e+00	5.588020e+01
5.046878671674673e-04	1.498116e+00	4.999906e+00	5.607476e+01
5.046978671674673e-04	1.502693e+00	4.999906e+00	5.626924e+01
5.047078671674674e-04	1.507265e+00	4.999906e+00	5.646363e+01
5.047178671674674e-04	1.511832e+00	4.999906e+00	5.665794e+01
5.047278671674675e-04	1.516393e+00	4.999906e+00	5.685216e+01
5.047378671674675e-04	1.520950e+00	4.999906e+00	5.704629e+01
5.047478671674676e-04	1.525501e+00	4.999906e+00	5.724033e+01
5.047578671674676e-04	1.530048e+00	4.999906e+00	5.743429e+01
5.047678671674676e-04	1.534589e+00	4.999906e+00	5.762816e+01
5.047778671674677e-04	1.539126e+00	4.999906e+00	5.782195e+01
5.047878671674677e-04	1.543657e+00	4.999906e+00	5.801564e+01
5.047978671674678e-04	1.548183e+00	4.999906e+00	5.820925e+01
5.048078671674678e-04	1.552704e+00	4.999906e+00	5.840277e+01
5.048178671674679e-04	1.557220e+00	4.999906e+00	5.859621e+01
5.048278671674679e-04	1.561731e+00	4.999906e+00	5.878956e+01
5.048378671674680e-04	1.566237e+00	4.999906e+00	5.898282e+01
5.048478671674680e-04	1.570738e+00	4.999906e+00	5.917599e+01
5.048578671674681e-04	1.575233e+00	4.999906e+00	5.936908e+01
5.048678671674681e-04	1.579724e+00	4.999906e+00	5.956208e+01
5.048778671674682e-04	1.584209e+00	4.999906e+00	5.975500e+01
5.048878671674682e-04	1.588690e+00	4.999906e+00	5.994783e+01
5.048978671674683e-04	1.593165e+00	4.999906e+00	6.014057e+01
5.049078671674683e-04	1.597635e+00	4.999906e+00	6.033323e+01
5.049178671674684e-04	1.602100e+00	4.999906e+00	6.052579e+01
5.049278671674684e-04	1.606560e+00	4.999906e+00	6.071828e+01
5.049378671674685e-04	1.611015e+00	4.999906e+00	6.091067e+01
5.049478671674685e-04	1.615464e+00	4.999906e+00	6.110298e+01
5.049578671674686e-04	1.619909e+00	4.999906e+00	6.129520e+01
5.049678671674686e-04	1.624348e+00	4.999906e+00	6.148734e+01
5.049778671674687e-04	1.628783e+00	4.999906e+00	6.167939e+01
5.049878671674687e-04	1.633212e+00	4.999906e+00	6.187136e+01
5.049978671674688e-04	1.637636e+00	4.999906e+00	6.206324e+01
5.050078671674688e-04	1.642055e+00	4.999906e+00	6.225503e+01
5.050178671674689e-04	1.646469e+00	4.999906e+00	6.244674e+01
5.050278671674689e-04	1.650877e+00	4.999906e+00	6.263836e+01
5.050378671674690e-04	1.655281e+00	4.999906e+00	6.282989e+01
5.050478671674690e-04	1.659679e+00	4.999906e+00	6.302134e+01
5.050578671674691e-04	1.664073e+00	4.999906e+00	6.321270e+01
5.050678671674691e-04	1.668461e+00	4.999906e+00	6.340398e+01
5.050778671674692e-04	1.672844e+00	4.999906e+00	6.359517e+01
5.050878671674692e-04	1.677222e+00	4.999906e+00	6.378627e+01
5.050978671674693e-04	1.681594e+00	4.999906e+00	6.397729e+01
5.051078671674693e-04	1.685962e+00	4.999906e+00	6.416822e+01
5.051178671674694e-04	1.690325e+00	4.999906e+00	6.435907e+01
5.051278671674694e-04	1.694682e+00	4.999906e+00	6.454983e+01
5.051378671674695e-04	1.699034e+00	4.999906e+00	6.474050e+01
5.051478671674695e-04	1.703381e+00	4.999906e+00	6.493109e+01
5.051578671674696e-04	1.707723e+00	4.999906e+00	6.512160e+01
5.051678671674696e-04	1.712060e+00	4.999906e+00	6.531202e+01
5.051778671674697e-04	1.716392e+00	4.999906e+00	6.550235e+01
5.051878671674697e-04	1.720719e+00	4.999906e+00	6.569260e+01
5.051978671674698e-04	1.725040e+00	4.999906e+00	6.588276e+01
5.052078671674698e-04	1.729356e+00	4.999906e+00	6.607284e+01
5.052178671674699e-04	1.733667e+00	4.999906e+00	6.626283e+01
5.052278671674699e-04	1.737973e+00	4.999906e+00	6.645274e+01
5.052378671674700e-04	1.742274e+00	4.999906e+00	6.664256e+01
5.052478671674700e-04	1.746570e+00	4.999906e+00	6.683229e+01
5.052578671674701e-04	1.750860e+00	4.999906e+00	6.702194e+01
5.052678671674701e-04	1.755146e+00	4.999906e+00	6.721150e+01
5.052778671674701e-04	1.759426e+00	4.999906e+00	6.740099e+01
5.052878671674702e-04	1.763701e+00	4.999906e+00	6.759038e+01
5.052978671674702e-04	1.767971e+00	4.999906e+00	6.777969e+01
5.053078671674703e-04	1.772236e+00	4.999906e+00	6.796891e+01
5.053178671674703e-04	1.776495e+00	4.999906e+00	6.815805e+01
5.053278671674704e-04	1.780750e+00	4.999906e+00	6.834711e+01
5.053378671674704e-04	1.784999e+00	4.999906e+00	6.853607e+01
5.053478671674705e-04	1.789244e+00	4.999906e+00	6.872496e+01
5.053578671674705e-04	1.793483e+00	4.999906e+00	6.891376e+01
5.053678671674706e-04	1.797717e+00	4.999906e+00	6.910248e+01
5.053778671674706e-04	1.801945e+00	4.999906e+00	6.929111e+01
5.053878671674707e-04	1.806169e+00	4.999906e+00	6.947965e+01
5.053978671674707e-04	1.810387e+00	4.999906e+00	6.966811e+01
5.054078671674708e-04	1.814601e+00	4.999906e+00	6.985648e+01
5.054178671674708e-04	1.818809e+00	4.999906e+00	7.004478e+01
5.054278671674709e-04	1.823012e+00	4.999906e+00	7.023299e+01
5.054378671674709e-04	1.827210e+00	4.999906e+00	7.042110e+01
5.054478671674710e-04	1.831403e+00	4.999906e+00	7.060915e+01
5.054578671674710e-04	1.835590e+00	4.999906e+00	7.079710e+01
5.054678671674711e-04	1.839773e+00	4.999906e+00	7.098496e+01
5.054778671674711e-04	1.843950e+00	4.999906e+00	7.117274e+01
5.054878671674712e-04	1.848122e+00	4.999906e+00	7.136045e+01
5.054978671674712e-04	1.852289e+00	4.999906e+00	7.154807e+01
5.055078671674713e-04	1.856451e+00	4.999906e+00	7.173560e+01
5.055178671674713e-04	1.860608e+00	4.999906e+00	7.192304e+01
5.055278671674714e-04	1.864759e+00	4.999906e+00	7.211040e+01
5.055378671674714e-04	1.868906e+00	4.999906e+00	7.229768e+01
5.055478671674715e-04	1.873047e+00	4.999906e+00	7.248488e+01
5.055578671674715e-04	1.877183e+00	4.999906e+00	7.267198e+01
5.055678671674716e-04	1.881314e+00	4.999906e+00	7.285901e+01
5.055778671674716e-04	1.885440e+00	4.999906e+00	7.304595e+01
5.055878671674717e-04	1.889561e+00	4.999906e+00	7.323281e+01
5.055978671674717e-04	1.893677e+00	4.999906e+00	7.341959e+01
5.056078671674718e-04	1.897787e+00	4.999906e+00	7.360628e+01
5.056178671674718e-04	1.901892e+00	4.999906e+00	7.379288e+01
5.056278671674719e-04	1.905993e+00	4.999906e+00	7.397940e+01
5.056378671674719e-04	1.910087e+00	4.999906e+00	7.416584e+01
5.056478671674720e-04	1.914177e+00	4.999906e+00	7.435220e+01
5.056578671674720e-04	1.918262e+00	4.999906e+00	7.453847e+01
5.056678671674721e-04	1.922342e+00	4.999906e+00	7.472465e+01
5.056778671674721e-04	1.926416e+00	4.999906e+00	7.491075e+01
5.056878671674722e-04	1.930486e+00	4.999906e+00	7.509677e+01
5.056978671674722e-04	1.934550e+00	4.999906e+00	7.528271e+01
5.057078671674723e-04	1.938609e+00	4.999906e+00	7.546856e+01
5.057178671674723e-04	1.942663e+00	4.999906e+00	7.565433e+01
5.057278671674724e-04	1.946712e+00	4.999906e+00	7.584001e+01
5.057378671674724e-04	1.950755e+00	4.999906e+00	7.602562e+01
5.057478671674725e-04	1.954794e+00	4.999906e+00	7.621114e+01
5.057578671674725e-04	1.958827e+00	4.999906e+00	7.639657e+01
5.057678671674726e-04	1.962856e+00	4.999906e+00	7.658192e+01
5.057778671674726e-04	1.966879e+00	4.999906e+00	7.676719e+01
5.057878671674726e-04	1.970897e+00	4.999906e+00	7.695237e+01
5.057978671674727e-04	1.974910e+00	4.999906e+00	7.713747e+01
5.058078671674727e-04	1.978918e+00	4.999906e+00	7.732249e+01
5.058178671674728e-04	1.982921e+00	4.999906e+00	7.750743e+01
5.058278671674728e-04	1.986918e+00	4.999906e+00	7.769228e+01
5.058378671674729e-04	1.990911e+00	4.999906e+00	7.787705e+01
5.058478671674729e-04	1.994898e+00	4.999906e+00	7.806174e+01
5.058578671674730e-04	1.998880e+00	4.999906e+00	7.824634e+01
5.058678671674730e-04	2.002857e+00	4.999906e+00	7.843085e+01
5.058778671674731e-04	2.006829e+00	4.999906e+00	7.861530e+01
5.058878671674731e-04	2.010796e+00	4.999906e+00	7.879964e+01
5.058978671674732e-04	2.014758e+00	4.999906e+00	7.898392e+01
5.059078671674732e-04	2.018715e+00	4.999906e+00	7.916811e+01
5.059178671674733e-04	2.022666e+00	4.999906e+00	7.935221e+01
5.059278671674733e-04	2.026613e+00	4.999906e+00	7.953623e+01
5.059378671674734e-04	2.030554e+00	4.999906e+00	7.972018e+01
5.059478671674734e-04	2.034491e+00	4.999906e+00	7.990403e+01
5.059578671674735e-04	2.038422e+00	4.999906e+00	8.008781e+01
5.059678671674735e-04	2.042348e+00	4.999906e+00	8.027150e+01
5.059778671674736e-04	2.046269e+00	4.999906e+00	8.045511e+01
5.059878671674736e-04	2.050185e+00	4.999906e+00	8.063863e+01
5.059978671674737e-04	2.054096e+00	4.999906e+00	8.082207e+01
5.060078671674737e-04	2.058001e+00	4.999906e+00	8.100544e+01
5.060178671674738e-04	2.061902e+00	4.999906e+00	8.118872e+01
5.060278671674738e-04	2.065797e+00	4.999906e+00	8.137192e+01
5.060378671674739e-04	2.069688e+00	4.999906e+00	8.155503e+01
5.060478671674739e-04	2.073573e+00	4.999906e+00	8.173806e+01
5.060578671674740e-04	2.077453e+00	4.999906e+00	8.192101e+01
5.060678671674740e-04	2.081328e+00	4.999906e+00	8.210387e+01
5.060778671674741e-04	2.085199e+00	4.999906e+00	8.228666e+01
5.060878671674741e-04	2.089064e+00	4.999906e+00	8.246937e+01
5.060978671674742e-04	2.092923e+00	4.999906e+00	8.265199e+01
5.061078671674742e-04	2.096778e+00	4.999906e+00	8.283453e+01
5.061178671674743e-04	2.100628e+00	4.999906e+00	8.301698e+01
5.061278671674743e-04	2.104473e+00	4.999906e+00	8.319936e+01
5.061378671674744e-04	2.108313e+00	4.999906e+00	8.338165e+01
5.061478671674744e-04	2.112147e+00	4.999906e+00	8.356386e+01
5.061578671674745e-04	2.115977e+00	4.999906e+00	8.374599e+01
5.061678671674745e-04	2.119801e+00	4.999906e+00	8.392803e+01
5.061778671674746e-04	2.123621e+00	4.999906e+00	8.411000e+01
5.061878671674746e-04	2.127435e+00	4.999906e+00	8.429189e+01
5.061978671674747e-04	2.131244e+00	4.999906e+00	8.447369e+01
5.062078671674747e-04	2.135048e+00	4.999906e+00	8.465540e+01
5.062178671674748e-04	2.138848e+00	4.999906e+00	8.483704e+01
5.062278671674748e-04	2.142642e+00	4.999906e+00	8.501860e+01
5.062378671674749e-04	2.146431e+00	4.999906e+00	8.520007e+01
5.062478671674749e-04	2.150215e+00	4.999906e+00	8.538146e+01
5.062578671674750e-04	2.153994e+00	4.999906e+00	8.556277e+01
5.062678671674750e-04	2.157768e+00	4.999906e+00	8.574400e+01
5.062778671674751e-04	2.161537e+00	4.999906e+00	8.592516e+01
5.062878671674751e-04	2.165301e+00	4.999906e+00	8.610622e+01
5.062978671674752e-04	2.169059e+00	4.999906e+00	8.628721e+01
5.063078671674752e-04	2.172813e+00	4.999906e+00	8.646811e+01
5.063178671674752e-04	2.176562e+00	4.999906e+00	8.664893e+01
5.063278671674753e-04	2.180306e+00	4.999906e+00	8.682967e+01
5.063378671674753e-04	2.184044e+00	4.999906e+00	8.701034e+01
5.063478671674754e-04	2.187778e+00	4.999906e+00	8.719091e+01
5.063578671674754e-04	2.191507e+00	4.999906e+00	8.737141e+01
5.063678671674755e-04	2.195230e+00	4.999906e+00	8.755183e+01
5.063778671674755e-04	2.198949e+00	4.999906e+00	8.773216e+01
5.063878671674756e-04	2.202663e+00	4.999906e+00	8.791241e+01
5.063978671674756e-04	2.206371e+00	4.999906e+00	8.809259e+01
5.064078671674757e-04	2.210075e+00	4.999906e+00	8.827268e+01
5.064178671674757e-04	2.213773e+00	4.999906e+00	8.845269e+01
5.064278671674758e-04	2.217467e+00	4.999906e+00	8.863262e+01
5.064378671674758e-04	2.221156e+00	4.999906e+00	8.881247e+01
5.064478671674759e-04	2.224839e+00	4.999906e+00	8.899224e+01
5.064578671674759e-04	2.228518e+00	4.999906e+00	8.917193e+01
5.064678671674760e-04	2.232191e+00	4.999906e+00	8.935154e+01
5.064778671674760e-04	2.235860e+00	4.999906e+00	8.953106e+01
5.064878671674761e-04	2.239524e+00	4.999906e+00	8.971051e+01
5.064978671674761e-04	2.243182e+00	4.999906e+00	8.988987e+01
5.065078671674762e-04	2.246836e+00	4.999906e+00	9.006915e+01
5.065178671674762e-04	2.250484e+00	4.999906e+00	9.024836e+01
5.065278671674763e-04	2.254128e+00	4.999906e+00	9.042748e+01
5.065378671674763e-04	2.257767e+00	4.999906e+00	9.060652e+01
5.065478671674764e-04	2.261400e+00	4.999906e+00	9.078548e+01
5.065578671674764e-04	2.265029e+00	4.999906e+00	9.096436e+01
5.065678671674765e-04	2.268653e+00	4.999906e+00	9.114317e+01
5.065778671674765e-04	2.272272e+00	4.999906e+00	9.132188e+01
5.065878671674766e-04	2.275886e+00	4.999906e+00	9.150053e+01
5.065978671674766e-04	2.279495e+00	4.999906e+00	9.167908e+01
5.066078671674767e-04	2.283098e+00	4.999906e+00	9.185757e+01
5.066178671674767e-04	2.286697e+00	4.999906e+00	9.203596e+01
5.066278671674768e-04	2.290292e+00	4.999906e+00	9.221429e+01
5.066378671674768e-04	2.293880e+00	4.999906e+00	9.239252e+01
5.066478671674769e-04	2.297465e+00	4.999906e+00	9.257068e+01
5.066578671674769e-04	2.301044e+00	4.999906e+00	9.274876e+01
5.066678671674770e-04	2.304618e+00	4.999906e+00	9.292676e+01
5.066778671674770e-04	2.308187e+00	4.999906e+00	9.310468e+01
5.066878671674771e-04	2.311752e+00	4.999906e+00	9.328252e+01
5.066978671674771e-04	2.315311e+00	4.999906e+00	9.346027e+01
5.067078671674772e-04	2.318866e+00	4.999906e+00	9.363795e+01
5.067178671674772e-04	2.322415e+00	4.999906e+00	9.381555e+01
5.067278671674773e-04	2.325960e+00	4.999906e+00	9.399307e+01
5.067378671674773e-04	2.329499e+00	4.999906e+00	9.417051e+01
5.067478671674774e-04	2.333034e+00	4.999906e+00	9.434787e+01
5.067578671674774e-04	2.336564e+00	4.999906e+00	9.452515e+01
5.067678671674775e-04	2.340089e+00	4.999906e+00	9.470235e+01
5.067778671674775e-04	2.343609e+00	4.999906e+00	9.487946e+01
5.067878671674776e-04	2.347124e+00	4.999906e+00	9.505650e+01
5.067978671674776e-04	2.350635e+00	4.999906e+00	9.523347e+01
5.068078671674777e-04	2.354140e+00	4.999906e+00	9.541035e+01
5.068178671674777e-04	2.357640e+00	4.999906e+00	9.558715e+01
5.068278671674777e-04	2.361136e+00	4.999906e+00	9.576387e+01
5.068378671674778e-04	2.364627e+00	4.999906e+00	9.594051e+01
5.068478671674778e-04	2.368112e+00	4.999906e+00	9.611708e+01
5.068578671674779e-04	2.371593e+00	4.999906e+00	9.629356e+01
5.068678671674779e-04	2.375069e+00	4.999906e+00	9.646996e+01
5.068778671674780e-04	2.378540e+00	4.999906e+00	9.664629e+01
5.068878671674780e-04	2.382006e+00	4.999906e+00	9.682254e+01
5.068978671674781e-04	2.385468e+00	4.999906e+00	9.699870e+01
5.069078671674781e-04	2.388924e+00	4.999906e+00	9.717479e+01
5.069178671674782e-04	2.392376e+00	4.999906e+00	9.735080e+01
5.069278671674782e-04	2.395823e+00	4.999906e+00	9.752673e+01
5.069378671674783e-04	2.399265e+00	4.999906e+00	9.770258e+01
5.069478671674783e-04	2.402702e+00	4.999906e+00	9.787835e+01
5.069578671674784e-04	2.406134e+00	4.999906e+00	9.805404e+01
5.069678671674784e-04	2.409561e+00	4.999906e+00	9.822965e+01
5.069778671674785e-04	2.412984e+00	4.999906e+00	9.840519e+01
5.069878671674785e-04	2.416401e+00	4.999906e+00	9.858064e+01
5.069978671674786e-04	2.419814e+00	4.999906e+00	9.875602e+01
5.070078671674786e-04	2.423222e+00	4.999906e+00	9.893132e+01
5.070178671674787e-04	2.426625e+00	4.999906e+00	9.910654e+01
5.070278671674787e-04	2.430023e+00	4.999906e+00	9.928168e+01
5.070378671674788e-04	2.433417e+00	4.999906e+00	9.945673e+01
5.070478671674788e-04	2.436805e+00	4.999906e+00	9.963172e+01
5.070578671674789e-04	2.440189e+00	4.999906e+00	9.980663e+01
5.070678671674789e-04	2.443568e+00	4.999906e+00	9.998145e+01
5.070778671674790e-04	2.446943e+00	4.999906e+00	1.001562e+02
5.070878671674790e-04	2.450312e+00	4.999906e+00	1.003309e+02
5.070978671674791e-04	2.453676e+00	4.999906e+00	1.005055e+02
5.071078671674791e-04	2.457036e+00	4.999906e+00	1.006800e+02
5.071178671674792e-04	2.460391e+00	4.999906e+00	1.008544e+02
5.071278671674792e-04	2.463741e+00	4.999906e+00	1.010287e+02
5.071378671674793e-04	2.467087e+00	4.999906e+00	1.012030e+02
5.071478671674793e-04	2.470427e+00	4.999906e+00	1.013772e+02
5.071578671674794e-04	2.473763e+00	4.999906e+00	1.015513e+02
5.071678671674794e-04	2.477094e+00	4.999906e+00	1.017254e+02
5.071778671674795e-04	2.480420e+00	4.999906e+00	1.018993e+02
5.071878671674795e-04	2.483741e+00	4.999906e+00	1.020732e+02
5.071978671674796e-04	2.487058e+00	4.999906e+00	1.022470e+02
5.072078671674796e-04	2.490370e+00	4.999906e+00	1.024208e+02
5.072178671674797e-04	2.493677e+00	4.999906e+00	1.025944e+02
5.072278671674797e-04	2.496979e+00	4.999906e+00	1.027680e+02
5.072378671674798e-04	2.500277e+00	4.999906e+00	1.029415e+02
5.072478671674798e-04	2.503570e+00	4.999906e+00	1.031149e+02
5.072578671674799e-04	2.506858e+00	4.999906e+00	1.032882e+02
5.072678671674799e-04	2.510141e+00	4.999906e+00	1.034615e+02
5.072778671674800e-04	2.513419e+00	4.999906e+00	1.036347e+02
5.072878671674800e-04	2.516693e+00	4.999906e+00	1.038078e+02
5.072978671674801e-04	2.519962e+00	4.999906e+00	1.039808e+02
5.073078671674801e-04	2.523226e+00	4.999906e+00	1.041538e+02
5.073178671674802e-04	2.526486e+00	4.999906e+00	1.043266e+02
5.073278671674802e-04	2.529741e+00	4.999906e+00	1.044994e+02
5.073378671674802e-04	2.532991e+00	4.999906e+00	1.046721e+02
5.073478671674803e-04	2.536236e+00	4.999906e+00	1.048448e+02
5.073578671674803e-04	2.539477e+00	4.999906e+00	1.050173e+02
5.073678671674804e-04	2.542713e+00	4.999906e+00	1.051898e+02
5.073778671674804e-04	2.545944e+00	4.999906e+00	1.053622e+02
5.073878671674805e-04	2.549171e+00	4.999906e+00	1.055346e+02
5.073978671674805e-04	2.552392e+00	4.999906e+00	1.057068e+02
5.074078671674806e-04	2.555609e+00	4.999906e+00	1.058790e+02
5.074178671674806e-04	2.558822e+00	4.999906e+00	1.060511e+02
5.074278671674807e-04	2.562030e+00	4.999906e+00	1.062231e+02
5.074378671674807e-04	2.565233e+00	4.999906e+00	1.063950e+02
5.074478671674808e-04	2.568431e+00	4.999906e+00	1.065669e+02
5.074578671674808e-04	2.571625e+00	4.999906e+00	1.067387e+02
5.074678671674809e-04	2.574814e+00	4.999906e+00	1.069104e+02
5.074778671674809e-04	2.577998e+00	4.999906e+00	1.070820e+02
5.074878671674810e-04	2.581177e+00	4.999906e+00	1.072536e+02
5.074978671674810e-04	2.584352e+00	4.999906e+00	1.074251e+02
5.075078671674811e-04	2.587523e+00	4.999906e+00	1.075965e+02
5.075178671674811e-04	2.590688e+00	4.999906e+00	1.077678e+02
5.075278671674812e-04	2.593849e+00	4.999906e+00	1.079390e+02
5.075378671674812e-04	2.597006e+00	4.999906e+00	1.081102e+02
5.075478671674813e-04	2.600157e+00	4.999906e+00	1.082813e+02
5.075578671674813e-04	2.603304e+00	4.999906e+00	1.084523e+02
5.075678671674814e-04	2.606447e+00	4.999906e+00	1.086232e+02
5.075778671674814e-04	2.609584e+00	4.999906e+00	1.087941e+02
5.075878671674815e-04	2.612717e+00	4.999906e+00	1.089649e+02
5.075978671674815e-04	2.615846e+00	4.999906e+00	1.091356e+02
5.076078671674816e-04	2.618969e+00	4.999906e+00	1.093062e+02
5.076178671674816e-04	2.622089e+00	4.999906e+00	1.094768e+02
5.076278671674817e-04	2.625203e+00	4.999906e+00	1.096473e+02
5.076378671674817e-04	2.628313e+00	4.999906e+00	1.098177e+02
5.076478671674818e-04	2.631418e+00	4.999906e+00	1.099880e+02
5.076578671674818e-04	2.634519e+00	4.999906e+00	1.101582e+02
5.076678671674819e-04	2.637615e+00	4.999906e+00	1.103284e+02
5.076778671674819e-04	2.640707e+00	4.999906e+00	1.104985e+02
5.076878671674820e-04	2.643793e+00	4.999906e+00	1.106685e+02
5.076978671674820e-04	2.646876e+00	4.999906e+00	1.108385e+02
5.077078671674821e-04	2.649953e+00	4.999906e+00	1.110083e+02
5.077178671674821e-04	2.653026e+00	4.999906e+00	1.111781e+02
5.077278671674822e-04	2.656095e+00	4.999906e+00	1.113478e+02
5.077378671674822e-04	2.659159e+00	4.999906e+00	1.115175e+02
5.077478671674823e-04	2.662218e+00	4.999906e+00	1.116870e+02
5.077578671674823e-04	2.665273e+00	4.999906e+00	1.118565e+02
5.077678671674824e-04	2.668323e+00	4.999906e+00	1.120259e+02
5.077778671674824e-04	2.671369e+00	4.999906e+00	1.121953e+02
5.077878671674825e-04	2.674410e+00	4.999906e+00	1.123645e+02
5.077978671674825e-04	2.677446e+00	4.999906e+00	1.125337e+02
5.078078671674826e-04	2.680478e+00	4.999906e+00	1.127028e+02
5.078178671674826e-04	2.683506e+00	4.999906e+00	1.128719e+02
5.078278671674827e-04	2.686529e+00	4.999906e+00	1.130408e+02
5.078378671674827e-04	2.689547e+00	4.999906e+00	1.132097e+02
5.078478671674828e-04	2.692561e+00	4.999906e+00	1.133785e+02
5.078578671674828e-04	2.695570e+00	4.999906e+00	1.135472e+02
5.078678671674828e-04	2.698575e+00	4.999906e+00	1.137159e+02
5.078778671674829e-04	2.701575e+00	4.999906e+00	1.138844e+02
5.078878671674829e-04	2.704570e+00	4.999906e+00	1.140529e+02
5.078978671674830e-04	2.707561e+00	4.999906e+00	1.142214e+02
5.079078671674830e-04	2.710548e+00	4.999906e+00	1.143897e+02
5.079178671674831e-04	2.713530e+00	4.999906e+00	1.145580e+02
5.079278671674831e-04	2.716508e+00	4.999906e+00	1.147262e+02
5.079378671674832e-04	2.719481e+00	4.999906e+00	1.148943e+02
5.079478671674832e-04	2.722449e+00	4.999906e+00	1.150623e+02
5.079578671674833e-04	2.725413e+00	4.999906e+00	1.152303e+02
5.079678671674833e-04	2.728373e+00	4.999906e+00	1.153982e+02
5.079778671674834e-04	2.731328e+00	4.999906e+00	1.155660e+02
5.079878671674834e-04	2.734279e+00	4.999906e+00	1.157338e+02
5.079978671674835e-04	2.737225e+00	4.999906e+00	1.159014e+02
5.080078671674835e-04	2.740166e+00	4.999906e+00	1.160690e+02
5.080178671674836e-04	2.743104e+00	4.999906e+00	1.162365e+02
5.080278671674836e-04	2.746036e+00	4.999906e+00	1.164040e+02
5.080378671674837e-04	2.748965e+00	4.999906e+00	1.165714e+02
5.080478671674837e-04	2.751888e+00	4.999906e+00	1.167387e+02
5.080578671674838e-04	2.754807e+00	4.999906e+00	1.169059e+02
5.080678671674838e-04	2.757722e+00	4.999906e+00	1.170730e+02
5.080778671674839e-04	2.760633e+00	4.999906e+00	1.172401e+02
5.080878671674839e-04	2.763539e+00	4.999906e+00	1.174071e+02
5.080978671674840e-04	2.766440e+00	4.999906e+00	1.175740e+02
5.081078671674840e-04	2.769337e+00	4.999906e+00	1.177408e+02
5.081178671674841e-04	2.772230e+00	4.999906e+00	1.179076e+02
5.081278671674841e-04	2.775118e+00	4.999906e+00	1.180743e+02
5.081378671674842e-04	2.778002e+00	4.999906e+00	1.182409e+02
5.081478671674842e-04	2.780881e+00	4.999906e+00	1.184074e+02
5.081578671674843e-04	2.783756e+00	4.999906e+00	1.185739e+02
5.081678671674843e-04	2.786627e+00	4.999906e+00	1.187403e+02
5.081778671674844e-04	2.789493e+00	4.999906e+00	1.189066e+02
5.081878671674844e-04	2.792354e+00	4.999906e+00	1.190729e+02
5.081978671674845e-04	2.795212e+00	4.999906e+00	1.192390e+02
5.082078671674845e-04	2.798065e+00	4.999906e+00	1.194051e+02
5.082178671674846e-04	2.800913e+00	4.999906e+00	1.195712e+02
5.082278671674846e-04	2.803757e+00	4.999906e+00	1.197371e+02
5.082378671674847e-04	2.806597e+00	4.999906e+00	1.199030e+02
5.082478671674847e-04	2.809432e+00	4.999906e+00	1.200688e+02
5.082578671674848e-04	2.812263e+00	4.999906e+00	1.202345e+02
5.082678671674848e-04	2.815090e+00	4.999906e+00	1.204001e+02
5.082778671674849e-04	2.817912e+00	4.999906e+00	1.205657e+02
5.082878671674849e-04	2.820730e+00	4.999906e+00	1.207312e+02
5.082978671674850e-04	2.823543e+00	4.999906e+00	1.208966e+02
5.083078671674850e-04	2.826352e+00	4.999906e+00	1.210620e+02
5.083178671674851e-04	2.829157e+00	4.999906e+00	1.212273e+02
5.083278671674851e-04	2.831957e+00	4.999906e+00	1.213925e+02
5.083378671674852e-04	2.834754e+00	4.999906e+00	1.215576e+02
5.083478671674852e-04	2.837545e+00	4.999906e+00	1.217226e+02
5.083578671674853e-04	2.840333e+00	4.999906e+00	1.218876e+02
5.083678671674853e-04	2.843116e+00	4.999906e+00	1.220525e+02
5.083778671674853e-04	2.845894e+00	4.999906e+00	1.222174e+02
5.083878671674854e-04	2.848669e+00	4.999906e+00	1.223821e+02
5.083978671674854e-04	2.851439e+00	4.999906e+00	1.225468e+02
5.084078671674855e-04	2.854204e+00	4.999906e+00	1.227114e+02
5.084178671674855e-04	2.856966e+00	4.999906e+00	1.228760e+02
5.084278671674856e-04	2.859723e+00	4.999906e+00	1.230404e+02
5.084378671674856e-04	2.862476e+00	4.999906e+00	1.232048e+02
5.084478671674857e-04	2.865224e+00	4.999906e+00	1.233691e+02
5.084578671674857e-04	2.867968e+00	4.999906e+00	1.235334e+02
5.084678671674858e-04	2.870708e+00	4.999906e+00	1.236975e+02
5.084778671674858e-04	2.873444e+00	4.999906e+00	1.238616e+02
5.084878671674859e-04	2.876175e+00	4.999906e+00	1.240256e+02
5.084978671674859e-04	2.878902e+00	4.999906e+00	1.241896e+02
5.085078671674860e-04	2.881625e+00	4.999906e+00	1.243535e+02
5.085178671674860e-04	2.884343e+00	4.999906e+00	1.245173e+02
5.085278671674861e-04	2.887058e+00	4.999906e+00	1.246810e+02
5.085378671674861e-04	2.889767e+00	4.999906e+00	1.248446e+02
5.085478671674862e-04	2.892473e+00	4.999906e+00	1.250082e+02
5.085578671674862e-04	2.895175e+00	4.999906e+00	1.251717e+02
5.085678671674863e-04	2.897871e+00	4.999906e+00	1.253351e+02
5.085778671674863e-04	2.900564e+00	4.999906e+00	1.254985e+02
5.085878671674864e-04	2.903253e+00	4.999906e+00	1.256618e+02
5.085978671674864e-04	2.905937e+00	4.999906e+00	1.258250e+02
5.086078671674865e-04	2.908618e+00	4.999906e+00	1.259881e+02
5.086178671674865e-04	2.911294e+00	4.999906e+00	1.261512e+02
5.086278671674866e-04	2.913965e+00	4.999906e+00	1.263142e+02
5.086378671674866e-04	2.916633e+00	4.999906e+00	1.264771e+02
5.086478671674867e-04	2.919296e+00	4.999906e+00	1.266400e+02
5.086578671674867e-04	2.921955e+00	4.999906e+00	1.268027e+02
5.086678671674868e-04	2.924610e+00	4.999906e+00	1.269654e+02
5.086778671674868e-04	2.927260e+00	4.999906e+00	1.271281e+02
5.086878671674869e-04	2.929907e+00	4.999906e+00	1.272906e+02
5.086978671674869e-04	2.932549e+00	4.999906e+00	1.274531e+02
5.087078671674870e-04	2.935187e+00	4.999906e+00	1.276155e+02
5.087178671674870e-04	2.937821e+00	4.999906e+00	1.277778e+02
5.087278671674871e-04	2.940450e+00	4.999906e+00	1.279401e+02
5.087378671674871e-04	2.943076e+00	4.999906e+00	1.281023e+02
5.087478671674872e-04	2.945697e+00	4.999906e+00	1.282644e+02
5.087578671674872e-04	2.948314e+00	4.999906e+00	1.284265e+02
5.087678671674873e-04	2.950927e+00	4.999906e+00	1.285884e+02
5.087778671674873e-04	2.953536e+00	4.999906e+00	1.287503e+02
5.087878671674874e-04	2.956140e+00	4.999906e+00	1.289122e+02
5.087978671674874e-04	2.958741e+00	4.999906e+00	1.290739e+02
5.088078671674875e-04	2.961337e+00	4.999906e+00	1.292356e+02
5.088178671674875e-04	2.963929e+00	4.999906e+00	1.293972e+02
5.088278671674876e-04	2.966517e+00	4.999906e+00	1.295587e+02
5.088378671674876e-04	2.969101e+00	4.999906e+00	1.297202e+02
5.088478671674877e-04	2.971680e+00	4.999906e+00	1.298816e+02
5.088578671674877e-04	2.974256e+00	4.999906e+00	1.300429e+02
5.088678671674878e-04	2.976827e+00	4.999906e+00	1.302042e+02
5.088778671674878e-04	2.979394e+00	4.999906e+00	1.303653e+02
5.088878671674878e-04	2.981958e+00	4.999906e+00	1.305264e+02
5.088978671674879e-04	2.984517e+00	4.999906e+00	1.306875e+02
5.089078671674879e-04	2.987072e+00	4.999906e+00	1.308484e+02
5.089178671674880e-04	2.989622e+00	4.999906e+00	1.310093e+02
5.089278671674880e-04	2.992169e+00	4.999906e+00	1.311701e+02
5.089378671674881e-04	2.994711e+00	4.999906e+00	1.313309e+02
5.089478671674881e-04	2.997250e+00	4.999906e+00	1.314915e+02
5.089578671674882e-04	2.999784e+00	4.999906e+00	1.316521e+02
5.089678671674882e-04	3.002315e+00	4.999906e+00	1.318127e+02
5.089778671674883e-04	3.004841e+00	4.999906e+00	1.319731e+02
5.089878671674883e-04	3.007363e+00	4.999906e+00	1.321335e+02
5.089978671674884e-04	3.009881e+00	4.999906e+00	1.322938e+02
5.090078671674884e-04	3.012395e+00	4.999906e+00	1.324540e+02
5.090178671674885e-04	3.014904e+00	4.999906e+00	1.326142e+02
5.090278671674885e-04	3.017410e+00	4.999906e+00	1.327743e+02
5.090378671674886e-04	3.019912e+00	4.999906e+00	1.329343e+02
5.090478671674886e-04	3.022410e+00	4.999906e+00	1.330943e+02
5.090578671674887e-04	3.024903e+00	4.999906e+00	1.332542e+02
5.090678671674887e-04	3.027393e+00	4.999906e+00	1.334140e+02
5.090778671674888e-04	3.029878e+00	4.999906e+00	1.335737e+02
5.090878671674888e-04	3.032360e+00	4.999906e+00	1.337334e+02
5.090978671674889e-04	3.034837e+00	4.999906e+00	1.338929e+02
5.091078671674889e-04	3.037311e+00	4.999906e+00	1.340525e+02
5.091178671674890e-04	3.039780e+00	4.999906e+00	1.342119e+02
5.091278671674890e-04	3.042245e+00	4.999906e+00	1.343713e+02
5.091378671674891e-04	3.044707e+00	4.999906e+00	1.345306e+02
5.091478671674891e-04	3.047164e+00	4.999906e+00	1.346898e+02
5.091578671674892e-04	3.049617e+00	4.999906e+00	1.348490e+02
5.091678671674892e-04	3.052067e+00	4.999906e+00	1.350081e+02
5.091778671674893e-04	3.054512e+00	4.999906e+00	1.351671e+02
5.091878671674893e-04	3.056953e+00	4.999906e+00	1.353261e+02
5.091978671674894e-04	3.059390e+00	4.999906e+00	1.354849e+02
5.092078671674894e-04	3.061824e+00	4.999906e+00	1.356438e+02
5.092178671674895e-04	3.064253e+00	4.999906e+00	1.358025e+02
5.092278671674895e-04	3.066678e+00	4.999906e+00	1.359612e+02
5.092378671674896e-04	3.069099e+00	4.999906e+00	1.361197e+02
5.092478671674896e-04	3.071517e+00	4.999906e+00	1.362783e+02
5.092578671674897e-04	3.073930e+00	4.999906e+00	1.364367e+02
5.092678671674897e-04	3.076339e+00	4.999906e+00	1.365951e+02
5.092778671674898e-04	3.078745e+00	4.999906e+00	1.367534e+02
5.092878671674898e-04	3.081146e+00	4.999906e+00	1.369116e+02
5.092978671674899e-04	3.083544e+00	4.999906e+00	1.370698e+02
5.093078671674899e-04	3.085937e+00	4.999906e+00	1.372279e+02
5.093178671674900e-04	3.088327e+00	4.999906e+00	1.373859e+02
5.093278671674900e-04	3.090713e+00	4.999906e+00	1.375439e+02
5.093378671674901e-04	3.093094e+00	4.999906e+00	1.377018e+02
5.093478671674901e-04	3.095472e+00	4.999906e+00	1.378596e+02
5.093578671674902e-04	3.097846e+00	4.999906e+00	1.380173e+02
5.093678671674902e-04	3.100216e+00	4.999906e+00	1.381750e+02
5.093778671674903e-04	3.102582e+00	4.999906e+00	1.383326e+02
5.093878671674903e-04	3.104944e+00	4.999906e+00	1.384901e+02
5.093978671674904e-04	3.107302e+00	4.999906e+00	1.386476e+02
5.094078671674904e-04	3.109656e+00	4.999906e+00	1.388050e+02
5.094178671674904e-04	3.112006e+00	4.999906e+00	1.389623e+02
5.094278671674905e-04	3.114353e+00	4.999906e+00	1.391196e+02
5.094378671674905e-04	3.116695e+00	4.999906e+00	1.392767e+02
5.094478671674906e-04	3.119034e+00	4.999906e+00	1.394338e+02
5.094578671674906e-04	3.121369e+00	4.999906e+00	1.395909e+02
5.094678671674907e-04	3.123700e+00	4.999906e+00	1.397478e+02
5.094778671674907e-04	3.126027e+00	4.999906e+00	1.399047e+02
5.094878671674908e-04	3.128350e+00	4.999906e+00	1.400616e+02
5.094978671674908e-04	3.130669e+00	4.999906e+00	1.402183e+02
5.095078671674909e-04	3.132984e+00	4.999906e+00	1.403750e+02
5.095178671674909e-04	3.135296e+00	4.999906e+00	1.405316e+02
5.095278671674910e-04	3.137603e+00	4.999906e+00	1.406882e+02
5.095378671674910e-04	3.139907e+00	4.999906e+00	1.408447e+02
5.095478671674911e-04	3.142207e+00	4.999906e+00	1.410011e+02
5.095578671674911e-04	3.144503e+00	4.999906e+00	1.411574e+02
5.095678671674912e-04	3.146795e+00	4.999906e+00	1.413137e+02
5.095778671674912e-04	3.149083e+00	4.999906e+00	1.414698e+02
5.095878671674913e-04	3.151368e+00	4.999906e+00	1.416260e+02
5.095978671674913e-04	3.153648e+00	4.999906e+00	1.417820e+02
5.096078671674914e-04	3.155925e+00	4.999906e+00	1.419380e+02
5.096178671674914e-04	3.158198e+00	4.999906e+00	1.420939e+02
5.096278671674915e-04	3.160467e+00	4.999906e+00	1.422498e+02
5.096378671674915e-04	3.162733e+00	4.999906e+00	1.424056e+02
5.096478671674916e-04	3.164994e+00	4.999906e+00	1.425613e+02
5.096578671674916e-04	3.167252e+00	4.999906e+00	1.427169e+02
5.096678671674917e-04	3.169506e+00	4.999906e+00	1.428725e+02
5.096778671674917e-04	3.171756e+00	4.999906e+00	1.430280e+02
5.096878671674918e-04	3.174002e+00	4.999906e+00	1.431834e+02
5.096978671674918e-04	3.176245e+00	4.999906e+00	1.433388e+02
5.097078671674919e-04	3.178483e+00	4.999906e+00	1.434940e+02
5.097178671674919e-04	3.180718e+00	4.999906e+00	1.436493e+02
5.097278671674920e-04	3.182950e+00	4.999906e+00	1.438044e+02
5.097378671674920e-04	3.185177e+00	4.999906e+00	1.439595e+02
5.097478671674921e-04	3.187401e+00	4.999906e+00	1.441145e+02
5.097578671674921e-04	3.189620e+00	4.999906e+00	1.442694e+02
5.097678671674922e-04	3.191836e+00	4.999906e+00	1.444243e+02
5.097778671674922e-04	3.194049e+00	4.999906e+00	1.445791e+02
5.097878671674923e-04	3.196257e+00	4.999906e+00	1.447339e+02
5.097978671674923e-04	3.198462e+00	4.999906e+00	1.448885e+02
5.098078671674924e-04	3.200663e+00	4.999906e+00	1.450431e+02
5.098178671674924e-04	3.202860e+00	4.999906e+00	1.451976e+02
5.098278671674925e-04	3.205054e+00	4.999906e+00	1.453521e+02
5.098378671674925e-04	3.207244e+00	4.999906e+00	1.455065e+02
5.098478671674926e-04	3.209430e+00	4.999906e+00	1.456608e+02
5.098578671674926e-04	3.211612e+00	4.999906e+00	1.458150e+02
5.098678671674927e-04	3.213791e+00	4.999906e+00	1.459692e+02
5.098778671674927e-04	3.215966e+00	4.999906e+00	1.461233e+02
5.098878671674928e-04	3.218137e+00	4.999906e+00	1.462774e+02
5.098978671674928e-04	3.220304e+00	4.999906e+00	1.464314e+02
5.099078671674929e-04	3.222468e+00	4.999906e+00	1.465853e+02
5.099178671674929e-04	3.224628e+00	4.999906e+00	1.467391e+02
5.099278671674929e-04	3.226784e+00	4.999906e+00	1.468929e+02
5.099378671674930e-04	3.228937e+00	4.999906e+00	1.470466e+02
5.099478671674930e-04	3.231086e+00	4.999906e+00	1.472002e+02
5.099578671674931e-04	3.233231e+00	4.999906e+00	1.473537e+02
5.099678671674931e-04	3.235372e+00	4.999906e+00	1.475072e+02
5.099778671674932e-04	3.237510e+00	4.999906e+00	1.476607e+02
5.099878671674932e-04	3.239644e+00	4.999906e+00	1.478140e+02
5.099978671674933e-04	3.241775e+00	4.999906e+00	1.479673e+02
5.100078671674933e-04	3.243902e+00	4.999906e+00	1.481205e+02
5.100178671674934e-04	3.246025e+00	4.999906e+00	1.482737e+02
5.100278671674934e-04	3.248144e+00	4.999906e+00	1.484267e+02
5.100378671674935e-04	3.250260e+00	4.999906e+00	1.485798e+02
5.100478671674935e-04	3.252372e+00	4.999906e+00	1.487327e+02
5.100578671674936e-04	3.254481e+00	4.999906e+00	1.488856e+02
5.100678671674936e-04	3.256586e+00	4.999906e+00	1.490384e+02
5.100778671674937e-04	3.258687e+00	4.999906e+00	1.491911e+02
5.100878671674937e-04	3.260784e+00	4.999906e+00	1.493438e+02
5.100978671674938e-04	3.262878e+00	4.999906e+00	1.494964e+02
5.101078671674938e-04	3.264969e+00	4.999906e+00	1.496489e+02
5.101178671674939e-04	3.267055e+00	4.999906e+00	1.498014e+02
5.101278671674939e-04	3.269138e+00	4.999906e+00	1.499538e+02
5.101378671674940e-04	3.271218e+00	4.999906e+00	1.501061e+02
5.101478671674940e-04	3.273293e+00	4.999906e+00	1.502584e+02
5.101578671674941e-04	3.275366e+00	4.999906e+00	1.504106e+02
5.101678671674941e-04	3.277434e+00	4.999906e+00	1.505627e+02
5.101778671674942e-04	3.279499e+00	4.999906e+00	1.507147e+02
5.101878671674942e-04	3.281561e+00	4.999906e+00	1.508667e+02
5.101978671674943e-04	3.283618e+00	4.999906e+00	1.510186e+02
5.102078671674943e-04	3.285673e+00	4.999906e+00	1.511705e+02
5.102178671674944e-04	3.287723e+00	4.999906e+00	1.513223e+02
5.102278671674944e-04	3.289770e+00	4.999906e+00	1.514740e+02
5.102378671674945e-04	3.291814e+00	4.999906e+00	1.516257e+02
5.102478671674945e-04	3.293853e+00	4.999906e+00	1.517772e+02
5.102578671674946e-04	3.295890e+00	4.999906e+00	1.519287e+02
5.102678671674946e-04	3.297922e+00	4.999906e+00	1.520802e+02
5.102778671674947e-04	3.299951e+00	4.999906e+00	1.522316e+02
5.102878671674947e-04	3.301977e+00	4.999906e+00	1.523829e+02
5.102978671674948e-04	3.303999e+00	4.999906e+00	1.525341e+02
5.103078671674948e-04	3.306017e+00	4.999906e+00	1.526853e+02
5.103178671674949e-04	3.308032e+00	4.999906e+00	1.528364e+02
5.103278671674949e-04	3.310044e+00	4.999906e+00	1.529874e+02
5.103378671674950e-04	3.312051e+00	4.999906e+00	1.531384e+02
5.103478671674950e-04	3.314056e+00	4.999906e+00	1.532893e+02
5.103578671674951e-04	3.316056e+00	4.999906e+00	1.534401e+02
5.103678671674951e-04	3.318053e+00	4.999906e+00	1.535909e+02
5.103778671674952e-04	3.320047e+00	4.999906e+00	1.537416e+02
5.103878671674952e-04	3.322037e+00	4.999906e+00	1.538922e+02
5.103978671674953e-04	3.324024e+00	4.999906e+00	1.540428e+02
5.104078671674953e-04	3.326007e+00	4.999906e+00	1.541933e+02
5.104178671674954e-04	3.327986e+00	4.999906e+00	1.543438e+02
5.104278671674954e-04	3.329962e+00	4.999906e+00	1.544941e+02
5.104378671674954e-04	3.331935e+00	4.999906e+00	1.546444e+02
5.104478671674955e-04	3.333904e+00	4.999906e+00	1.547946e+02
5.104578671674955e-04	3.335870e+00	4.999906e+00	1.549448e+02
5.104678671674956e-04	3.337831e+00	4.999906e+00	1.550949e+02
5.104778671674956e-04	3.339790e+00	4.999906e+00	1.552449e+02
5.104878671674957e-04	3.341745e+00	4.999906e+00	1.553949e+02
5.104978671674957e-04	3.343697e+00	4.999906e+00	1.555448e+02
5.105078671674958e-04	3.345645e+00	4.999906e+00	1.556946e+02
5.105178671674958e-04	3.347589e+00	4.999906e+00	1.558444e+02
5.105278671674959e-04	3.349531e+00	4.999906e+00	1.559941e+02
5.105378671674959e-04	3.351468e+00	4.999906e+00	1.561437e+02
5.105478671674960e-04	3.353402e+00	4.999906e+00	1.562932e+02
5.105578671674960e-04	3.355333e+00	4.999906e+00	1.564427e+02
5.105678671674961e-04	3.357260e+00	4.999906e+00	1.565922e+02
5.105778671674961e-04	3.359184e+00	4.999906e+00	1.567415e+02
5.105878671674962e-04	3.361104e+00	4.999906e+00	1.568908e+02
5.105978671674962e-04	3.363022e+00	4.999906e+00	1.570401e+02
5.106078671674963e-04	3.364935e+00	4.999906e+00	1.571892e+02
5.106178671674963e-04	3.366845e+00	4.999906e+00	1.573383e+02
5.106278671674964e-04	3.368752e+00	4.999906e+00	1.574873e+02
5.106378671674964e-04	3.370655e+00	4.999906e+00	1.576363e+02
5.106478671674965e-04	3.372555e+00	4.999906e+00	1.577852e+02
5.106578671674965e-04	3.374451e+00	4.999906e+00	1.579340e+02
5.106678671674966e-04	3.376344e+00	4.999906e+00	1.580828e+02
5.106778671674966e-04	3.378233e+00	4.999906e+00	1.582315e+02
5.106878671674967e-04	3.380119e+00	4.999906e+00	1.583801e+02
5.106978671674967e-04	3.382002e+00	4.999906e+00	1.585286e+02
5.107078671674968e-04	3.383881e+00	4.999906e+00	1.586771e+02
5.107178671674968e-04	3.385757e+00	4.999906e+00	1.588256e+02
5.107278671674969e-04	3.387629e+00	4.999906e+00	1.589739e+02
5.107378671674969e-04	3.389498e+00	4.999906e+00	1.591222e+02
5.107478671674970e-04	3.391364e+00	4.999906e+00	1.592704e+02
5.107578671674970e-04	3.393226e+00	4.999906e+00	1.594186e+02
5.107678671674971e-04	3.395085e+00	4.999906e+00	1.595667e+02
5.107778671674971e-04	3.396940e+00	4.999906e+00	1.597147e+02
5.107878671674972e-04	3.398792e+00	4.999906e+00	1.598627e+02
5.107978671674972e-04	3.400641e+00	4.999906e+00	1.600106e+02
5.108078671674973e-04	3.402486e+00	4.999906e+00	1.601584e+02
5.108178671674973e-04	3.404328e+00	4.999906e+00	1.603062e+02
5.108278671674974e-04	3.406167e+00	4.999906e+00	1.604539e+02
5.108378671674974e-04	3.408002e+00	4.999906e+00	1.606015e+02
5.108478671674975e-04	3.409834e+00	4.999906e+00	1.607491e+02
5.108578671674975e-04	3.411663e+00	4.999906e+00	1.608966e+02
5.108678671674976e-04	3.413488e+00	4.999906e+00	1.610440e+02
5.108778671674976e-04	3.415309e+00	4.999906e+00	1.611914e+02
5.108878671674977e-04	3.417128e+00	4.999906e+00	1.613387e+02
5.108978671674977e-04	3.418943e+00	4.999906e+00	1.614859e+02
5.109078671674978e-04	3.420755e+00	4.999906e+00	1.616331e+02
5.109178671674978e-04	3.422563e+00	4.999906e+00	1.617802e+02
5.109278671674979e-04	3.424368e+00	4.999906e+00	1.619273e+02
5.109378671674979e-04	3.426170e+00	4.999906e+00	1.620742e+02
5.109478671674980e-04	3.427969e+00	4.999906e+00	1.622211e+02
5.109578671674980e-04	3.429764e+00	4.999906e+00	1.623680e+02
5.109678671674980e-04	3.431556e+00	4.999906e+00	1.625148e+02
5.109778671674981e-04	3.433344e+00	4.999906e+00	1.626615e+02
5.109878671674981e-04	3.435129e+00	4.999906e+00	1.628081e+02
5.109978671674982e-04	3.436911e+00	4.999906e+00	1.629547e+02
5.110078671674982e-04	3.438689e+00	4.999906e+00	1.631012e+02
5.110178671674983e-04	3.440465e+00	4.999906e+00	1.632477e+02
5.110278671674983e-04	3.442237e+00	4.999906e+00	1.633941e+02
5.110378671674984e-04	3.444005e+00	4.999906e+00	1.635404e+02
5.110478671674984e-04	3.445771e+00	4.999906e+00	1.636866e+02
5.110578671674985e-04	3.447533e+00	4.999906e+00	1.638328e+02
5.110678671674985e-04	3.449292e+00	4.999906e+00	1.639790e+02
5.110778671674986e-04	3.451047e+00	4.999906e+00	1.641250e+02
5.110878671674986e-04	3.452800e+00	4.999906e+00	1.642710e+02
5.110978671674987e-04	3.454549e+00	4.999906e+00	1.644169e+02
5.111078671674987e-04	3.456294e+00	4.999906e+00	1.645628e+02
5.111178671674988e-04	3.458037e+00	4.999906e+00	1.647086e+02
5.111278671674988e-04	3.459776e+00	4.999906e+00	1.648543e+02
5.111378671674989e-04	3.461512e+00	4.999906e+00	1.650000e+02
5.111478671674989e-04	3.463244e+00	4.999906e+00	1.651456e+02
5.111578671674990e-04	3.464974e+00	4.999906e+00	1.652911e+02
5.111678671674990e-04	3.466700e+00	4.999906e+00	1.654366e+02
5.111778671674991e-04	3.468423e+00	4.999906e+00	1.655820e+02
5.111878671674991e-04	3.470142e+00	4.999906e+00	1.657274e+02
5.111978671674992e-04	3.471859e+00	4.999906e+00	1.658726e+02
5.112078671674992e-04	3.473572e+00	4.999906e+00	1.660179e+02
5.112178671674993e-04	3.475282e+00	4.999906e+00	1.661630e+02
5.112278671674993e-04	3.476989e+00	4.999906e+00	1.663081e+02
5.112378671674994e-04	3.478692e+00	4.999906e+00	1.664531e+02
5.112478671674994e-04	3.480392e+00	4.999906e+00	1.665981e+02
5.112578671674995e-04	3.482089e+00	4.999906e+00	1.667429e+02
5.112678671674995e-04	3.483783e+00	4.999906e+00	1.668878e+02
5.112778671674996e-04	3.485474e+00	4.999906e+00	1.670325e+02
5.112878671674996e-04	3.487161e+00	4.999906e+00	1.671772e+02
5.112978671674997e-04	3.488845e+00	4.999906e+00	1.673219e+02
5.113078671674997e-04	3.490526e+00	4.999906e+00	1.674664e+02
5.113178671674998e-04	3.492204e+00	4.999906e+00	1.676109e+02
5.113278671674998e-04	3.493878e+00	4.999906e+00	1.677554e+02
5.113378671674999e-04	3.495549e+00	4.999906e+00	1.678997e+02
5.113478671674999e-04	3.497218e+00	4.999906e+00	1.680440e+02
5.113578671675000e-04	3.498883e+00	4.999906e+00	1.681883e+02
5.113678671675000e-04	3.500544e+00	4.999906e+00	1.683325e+02
5.113778671675001e-04	3.502203e+00	4.999906e+00	1.684766e+02
5.113878671675001e-04	3.503858e+00	4.999906e+00	1.686206e+02
5.113978671675002e-04	3.505511e+00	4.999906e+00	1.687646e+02
5.114078671675002e-04	3.507159e+00	4.999906e+00	1.689085e+02
5.114178671675003e-04	3.508806e+00	4.999906e+00	1.690524e+02
5.114278671675003e-04	3.510448e+00	4.999906e+00	1.691962e+02
5.114378671675004e-04	3.512088e+00	4.999906e+00	1.693399e+02
5.114478671675004e-04	3.513724e+00	4.999906e+00	1.694836e+02
5.114578671675005e-04	3.515357e+00	4.999906e+00	1.696272e+02
5.114678671675005e-04	3.516988e+00	4.999906e+00	1.697707e+02
5.114778671675005e-04	3.518615e+00	4.999906e+00	1.699142e+02
5.114878671675006e-04	3.520239e+00	4.999906e+00	1.700576e+02
5.114978671675006e-04	3.521859e+00	4.999906e+00	1.702009e+02
5.115078671675007e-04	3.523477e+00	4.999906e+00	1.703442e+02
5.115178671675007e-04	3.525092e+00	4.999906e+00	1.704874e+02
5.115278671675008e-04	3.526703e+00	4.999906e+00	1.706306e+02
5.115378671675008e-04	3.528312e+00	4.999906e+00	1.707737e+02
5.115478671675009e-04	3.529917e+00	4.999906e+00	1.709167e+02
5.115578671675009e-04	3.531519e+00	4.999906e+00	1.710597e+02
5.115678671675010e-04	3.533118e+00	4.999906e+00	1.712026e+02
5.115778671675010e-04	3.534714e+00	4.999906e+00	1.713454e+02
5.115878671675011e-04	3.536308e+00	4.999906e+00	1.714882e+02
5.115978671675011e-04	3.537898e+00	4.999906e+00	1.716309e+02
5.116078671675012e-04	3.539485e+00	4.999906e+00	1.717735e+02
5.116178671675012e-04	3.541068e+00	4.999906e+00	1.719161e+02
5.116278671675013e-04	3.542649e+00	4.999906e+00	1.720586e+02
5.116378671675013e-04	3.544227e+00	4.999906e+00	1.722011e+02
5.116478671675014e-04	3.545802e+00	4.999906e+00	1.723435e+02
5.116578671675014e-04	3.547374e+00	4.999906e+00	1.724858e+02
5.116678671675015e-04	3.548942e+00	4.999906e+00	1.726280e+02
5.116778671675015e-04	3.550508e+00	4.999906e+00	1.727702e+02
5.116878671675016e-04	3.552071e+00	4.999906e+00	1.729124e+02
5.116978671675016e-04	3.553631e+00	4.999906e+00	1.730544e+02
5.117078671675017e-04	3.555187e+00	4.999906e+00	1.731965e+02
5.117178671675017e-04	3.556741e+00	4.999906e+00	1.733384e+02
5.117278671675018e-04	3.558292e+00	4.999906e+00	1.734803e+02
5.117378671675018e-04	3.559839e+00	4.999906e+00	1.736221e+02
5.117478671675019e-04	3.561384e+00	4.999906e+00	1.737639e+02
5.117578671675019e-04	3.562926e+00	4.999906e+00	1.739055e+02
5.117678671675020e-04	3.564465e+00	4.999906e+00	1.740472e+02
5.117778671675020e-04	3.566001e+00	4.999906e+00	1.741887e+02
5.117878671675021e-04	3.567533e+00	4.999906e+00	1.743302e+02
5.117978671675021e-04	3.569063e+00	4.999906e+00	1.744717e+02
5.118078671675022e-04	3.570590e+00	4.999906e+00	1.746131e+02
5.118178671675022e-04	3.572114e+00	4.999906e+00	1.747544e+02
5.118278671675023e-04	3.573636e+00	4.999906e+00	1.748956e+02
5.118378671675023e-04	3.575154e+00	4.999906e+00	1.750368e+02
5.118478671675024e-04	3.576669e+00	4.999906e+00	1.751779e+02
5.118578671675024e-04	3.578181e+00	4.999906e+00	1.753190e+02
5.118678671675025e-04	3.579691e+00	4.999906e+00	1.754600e+02
5.118778671675025e-04	3.581197e+00	4.999906e+00	1.756009e+02
5.118878671675026e-04	3.582701e+00	4.999906e+00	1.757418e+02
5.118978671675026e-04	3.584201e+00	4.999906e+00	1.758826e+02
5.119078671675027e-04	3.585699e+00	4.999906e+00	1.760234e+02
5.119178671675027e-04	3.587194e+00	4.999906e+00	1.761640e+02
5.119278671675028e-04	3.588686e+00	4.999906e+00	1.763047e+02
5.119378671675028e-04	3.590175e+00	4.999906e+00	1.764452e+02
5.119478671675029e-04	3.591661e+00	4.999906e+00	1.765857e+02
5.119578671675029e-04	3.593144e+00	4.999906e+00	1.767262e+02
5.119678671675030e-04	3.594625e+00	4.999906e+00	1.768665e+02
5.119778671675030e-04	3.596102e+00	4.999906e+00	1.770068e+02
5.119878671675030e-04	3.597577e+00	4.999906e+00	1.771471e+02
5.119978671675031e-04	3.599049e+00	4.999906e+00	1.772873e+02
5.120078671675031e-04	3.600518e+00	4.999906e+00	1.774274e+02
5.120178671675032e-04	3.601984e+00	4.999906e+00	1.775674e+02
5.120278671675032e-04	3.603447e+00	4.999906e+00	1.777074e+02
5.120378671675033e-04	3.604907e+00	4.999906e+00	1.778474e+02
5.120478671675033e-04	3.606365e+00	4.999906e+00	1.779872e+02
5.120578671675034e-04	3.607819e+00	4.999906e+00	1.781271e+02
5.120678671675034e-04	3.609271e+00	4.999906e+00	1.782668e+02
5.120778671675035e-04	3.610720e+00	4.999906e+00	1.784065e+02
5.120878671675035e-04	3.612166e+00	4.999906e+00	1.785461e+02
5.120978671675036e-04	3.613609e+00	4.999906e+00	1.786857e+02
5.121078671675036e-04	3.615050e+00	4.999906e+00	1.788252e+02
5.121178671675037e-04	3.616487e+00	4.999906e+00	1.789646e+02
5.121278671675037e-04	3.617922e+00	4.999906e+00	1.791040e+02
5.121378671675038e-04	3.619354e+00	4.999906e+00	1.792433e+02
5.121478671675038e-04	3.620783e+00	4.999906e+00	1.793825e+02
5.121578671675039e-04	3.622209e+00	4.999906e+00	1.795217e+02
5.121678671675039e-04	3.623632e+00	4.999906e+00	1.796609e+02
5.121778671675040e-04	3.625053e+00	4.999906e+00	1.797999e+02
5.121878671675040e-04	3.626471e+00	4.999906e+00	1.799389e+02
5.121978671675041e-04	3.627885e+00	4.999906e+00	1.800779e+02
5.122078671675041e-04	3.629297e+00	4.999906e+00	1.802167e+02
5.122178671675042e-04	3.630707e+00	4.999906e+00	1.803556e+02
5.122278671675042e-04	3.632113e+00	4.999906e+00	1.804943e+02
5.122378671675043e-04	3.633516e+00	4.999906e+00	1.806330e+02
5.122478671675043e-04	3.634917e+00	4.999906e+00	1.807716e+02
5.122578671675044e-04	3.636315e+00	4.999906e+00	1.809102e+02
5.122678671675044e-04	3.637710e+00	4.999906e+00	1.810487e+02
5.122778671675045e-04	3.639102e+00	4.999906e+00	1.811872e+02
5.122878671675045e-04	3.640491e+00	4.999906e+00	1.813255e+02
5.122978671675046e-04	3.641878e+00	4.999906e+00	1.814639e+02
5.123078671675046e-04	3.643262e+00	4.999906e+00	1.816021e+02
5.123178671675047e-04	3.644643e+00	4.999906e+00	1.817403e+02
5.123278671675047e-04	3.646021e+00	4.999906e+00	1.818785e+02
5.123378671675048e-04	3.647396e+00	4.999906e+00	1.820165e+02
5.123478671675048e-04	3.648769e+00	4.999906e+00	1.821546e+02
5.123578671675049e-04	3.650139e+00	4.999906e+00	1.822925e+02
5.123678671675049e-04	3.651505e+00	4.999906e+00	1.824304e+02
5.123778671675050e-04	3.652869e+00	4.999906e+00	1.825682e+02
5.123878671675050e-04	3.654231e+00	4.999906e+00	1.827060e+02
5.123978671675051e-04	3.655589e+00	4.999906e+00	1.828437e+02
5.124078671675051e-04	3.656945e+00	4.999906e+00	1.829814e+02
5.124178671675052e-04	3.658298e+00	4.999906e+00	1.831189e+02
5.124278671675052e-04	3.659648e+00	4.999906e+00	1.832565e+02
5.124378671675053e-04	3.660995e+00	4.999906e+00	1.833939e+02
5.124478671675053e-04	3.662340e+00	4.999906e+00	1.835313e+02
5.124578671675054e-04	3.663681e+00	4.999906e+00	1.836687e+02
5.124678671675054e-04	3.665020e+00	4.999906e+00	1.838060e+02
5.124778671675055e-04	3.666356e+00	4.999906e+00	1.839432e+02
5.124878671675055e-04	3.667690e+00	4.999906e+00	1.840803e+02
5.124978671675056e-04	3.669020e+00	4.999906e+00	1.842174e+02
5.125078671675056e-04	3.670348e+00	4.999906e+00	1.843544e+02
5.125178671675056e-04	3.671673e+00	4.999906e+00	1.844914e+02
5.125278671675057e-04	3.672995e+00	4.999906e+00	1.846283e+02
5.125378671675057e-04	3.674314e+00	4.999906e+00	1.847652e+02
5.125478671675058e-04	3.675631e+00	4.999906e+00	1.849020e+02
5.125578671675058e-04	3.676944e+00	4.999906e+00	1.850387e+02
5.125678671675059e-04	3.678255e+00	4.999906e+00	1.851754e+02
5.125778671675059e-04	3.679564e+00	4.999906e+00	1.853120e+02
5.125878671675060e-04	3.680869e+00	4.999906e+00	1.854485e+02
5.125978671675060e-04	3.682172e+00	4.999906e+00	1.855850e+02
5.126078671675061e-04	3.683471e+00	4.999906e+00	1.857215e+02
5.126178671675061e-04	3.684768e+00	4.999906e+00	1.858578e+02
5.126278671675062e-04	3.686063e+00	4.999906e+00	1.859941e+02
5.126378671675062e-04	3.687354e+00	4.999906e+00	1.861304e+02
5.126478671675063e-04	3.688643e+00	4.999906e+00	1.862665e+02
5.126578671675063e-04	3.689929e+00	4.999906e+00	1.864027e+02
5.126678671675064e-04	3.691212e+00	4.999906e+00	1.865387e+02
5.126778671675064e-04	3.692492e+00	4.999906e+00	1.866747e+02
5.126878671675065e-04	3.693770e+00	4.999906e+00	1.868107e+02
5.126978671675065e-04	3.695045e+00	4.999906e+00	1.869465e+02
5.127078671675066e-04	3.696317e+00	4.999906e+00	1.870824e+02
5.127178671675066e-04	3.697586e+00	4.999906e+00	1.872181e+02
5.127278671675067e-04	3.698853e+00	4.999906e+00	1.873538e+02
5.127378671675067e-04	3.700116e+00	4.999906e+00	1.874895e+02
5.127478671675068e-04	3.701377e+00	4.999906e+00	1.876250e+02
5.127578671675068e-04	3.702636e+00	4.999906e+00	1.877605e+02
5.127678671675069e-04	3.703891e+00	4.999906e+00	1.878960e+02
5.127778671675069e-04	3.705144e+00	4.999906e+00	1.880314e+02
5.127878671675070e-04	3.706394e+00	4.999906e+00	1.881667e+02
5.127978671675070e-04	3.707641e+00	4.999906e+00	1.883020e+02
5.128078671675071e-04	3.708885e+00	4.999906e+00	1.884372e+02
5.128178671675071e-04	3.710127e+00	4.999906e+00	1.885724e+02
5.128278671675072e-04	3.711366e+00	4.999906e+00	1.887075e+02
5.128378671675072e-04	3.712602e+00	4.999906e+00	1.888425e+02
5.128478671675073e-04	3.713835e+00	4.999906e+00	1.889775e+02
5.128578671675073e-04	3.715066e+00	4.999906e+00	1.891124e+02
5.128678671675074e-04	3.716294e+00	4.999906e+00	1.892473e+02
5.128778671675074e-04	3.717519e+00	4.999906e+00	1.893820e+02
5.128878671675075e-04	3.718741e+00	4.999906e+00	1.895168e+02
5.128978671675075e-04	3.719961e+00	4.999906e+00	1.896515e+02
5.129078671675076e-04	3.721178e+00	4.999906e+00	1.897861e+02
5.129178671675076e-04	3.722392e+00	4.999906e+00	1.899206e+02
5.129278671675077e-04	3.723603e+00	4.999906e+00	1.900551e+02
5.129378671675077e-04	3.724812e+00	4.999906e+00	1.901895e+02
5.129478671675078e-04	3.726018e+00	4.999906e+00	1.903239e+02
5.129578671675078e-04	3.727221e+00	4.999906e+00	1.904582e+02
5.129678671675079e-04	3.728421e+00	4.999906e+00	1.905925e+02
5.129778671675079e-04	3.729619e+00	4.999906e+00	1.907267e+02
5.129878671675080e-04	3.730814e+00	4.999906e+00	1.908608e+02
5.129978671675080e-04	3.732006e+00	4.999906e+00	1.909949e+02
5.130078671675081e-04	3.733195e+00	4.999906e+00	1.911289e+02
5.130178671675081e-04	3.734381e+00	4.999906e+00	1.912629e+02
5.130278671675081e-04	3.735565e+00	4.999906e+00	1.913968e+02
5.130378671675082e-04	3.736747e+00	4.999906e+00	1.915306e+02
5.130478671675082e-04	3.737925e+00	4.999906e+00	1.916644e+02
5.130578671675083e-04	3.739100e+00	4.999906e+00	1.917981e+02
5.130678671675083e-04	3.740273e+00	4.999906e+00	1.919317e+02
5.130778671675084e-04	3.741444e+00	4.999906e+00	1.920654e+02
5.130878671675084e-04	3.742611e+00	4.999906e+00	1.921989e+02
5.130978671675085e-04	3.743776e+00	4.999906e+00	1.923324e+02
5.131078671675085e-04	3.744938e+00	4.999906e+00	1.924658e+02
5.131178671675086e-04	3.746097e+00	4.999906e+00	1.925992e+02
5.131278671675086e-04	3.747253e+00	4.999906e+00	1.927325e+02
5.131378671675087e-04	3.748407e+00	4.999906e+00	1.928657e+02
5.131478671675087e-04	3.749558e+00	4.999906e+00	1.929989e+02
5.131578671675088e-04	3.750706e+00	4.999906e+00	1.931320e+02
5.131678671675088e-04	3.751852e+00	4.999906e+00	1.932651e+02
5.131778671675089e-04	3.752995e+00	4.999906e+00	1.933981e+02
5.131878671675089e-04	3.754135e+00	4.999906e+00	1.935310e+02
5.131978671675090e-04	3.755272e+00	4.999906e+00	1.936639e+02
5.132078671675090e-04	3.756407e+00	4.999906e+00	1.937967e+02
5.132178671675091e-04	3.757539e+00	4.999906e+00	1.939295e+02
5.132278671675091e-04	3.758668e+00	4.999906e+00	1.940622e+02
5.132378671675092e-04	3.759795e+00	4.999906e+00	1.941948e+02
5.132478671675092e-04	3.760918e+00	4.999906e+00	1.943274e+02
5.132578671675093e-04	3.762039e+00	4.999906e+00	1.944600e+02
5.132678671675093e-04	3.763158e+00	4.999906e+00	1.945924e+02
5.132778671675094e-04	3.764273e+00	4.999906e+00	1.947248e+02
5.132878671675094e-04	3.765386e+00	4.999906e+00	1.948572e+02
5.132978671675095e-04	3.766496e+00	4.999906e+00	1.949895e+02
5.133078671675095e-04	3.767604e+00	4.999906e+00	1.951217e+02
5.133178671675096e-04	3.768708e+00	4.999906e+00	1.952539e+02
5.133278671675096e-04	3.769810e+00	4.999906e+00	1.953860e+02
5.133378671675097e-04	3.770910e+00	4.999906e+00	1.955181e+02
5.133478671675097e-04	3.772006e+00	4.999906e+00	1.956501e+02
5.133578671675098e-04	3.773100e+00	4.999906e+00	1.957820e+02
5.133678671675098e-04	3.774191e+00	4.999906e+00	1.959139e+02
5.133778671675099e-04	3.775280e+00	4.999906e+00	1.960457e+02
5.133878671675099e-04	3.776366e+00	4.999906e+00	1.961775e+02
5.133978671675100e-04	3.777449e+00	4.999906e+00	1.963092e+02
5.134078671675100e-04	3.778529e+00	4.999906e+00	1.964409e+02
5.134178671675101e-04	3.779607e+00	4.999906e+00	1.965724e+02
5.134278671675101e-04	3.780681e+00	4.999906e+00	1.967040e+02
5.134378671675102e-04	3.781754e+00	4.999906e+00	1.968354e+02
5.134478671675102e-04	3.782823e+00	4.999906e+00	1.969669e+02
5.134578671675103e-04	3.783890e+00	4.999906e+00	1.970982e+02
5.134678671675103e-04	3.784954e+00	4.999906e+00	1.972295e+02
5.134778671675104e-04	3.786015e+00	4.999906e+00	1.973607e+02
5.134878671675104e-04	3.787074e+00	4.999906e+00	1.974919e+02
5.134978671675105e-04	3.788130e+00	4.999906e+00	1.976230e+02
5.135078671675105e-04	3.789183e+00	4.999906e+00	1.977541e+02
5.135178671675106e-04	3.790234e+00	4.999906e+00	1.978851e+02
5.135278671675106e-04	3.791282e+00	4.999906e+00	1.980161e+02
5.135378671675106e-04	3.792327e+00	4.999906e+00	1.981469e+02
5.135478671675107e-04	3.793370e+00	4.999906e+00	1.982778e+02
5.135578671675107e-04	3.794410e+00	4.999906e+00	1.984085e+02
5.135678671675108e-04	3.795447e+00	4.999906e+00	1.985393e+02
5.135778671675108e-04	3.796481e+00	4.999906e+00	1.986699e+02
5.135878671675109e-04	3.797513e+00	4.999906e+00	1.988005e+02
5.135978671675109e-04	3.798542e+00	4.999906e+00	1.989310e+02
5.136078671675110e-04	3.799568e+00	4.999906e+00	1.990615e+02
5.136178671675110e-04	3.800592e+00	4.999906e+00	1.991919e+02
5.136278671675111e-04	3.801613e+00	4.999906e+00	1.993223e+02
5.136378671675111e-04	3.802632e+00	4.999906e+00	1.994526e+02
5.136478671675112e-04	3.803647e+00	4.999906e+00	1.995829e+02
5.136578671675112e-04	3.804660e+00	4.999906e+00	1.997130e+02
5.136678671675113e-04	3.805670e+00	4.999906e+00	1.998432e+02
5.136778671675113e-04	3.806678e+00	4.999906e+00	1.999733e+02
5.136878671675114e-04	3.807683e+00	4.999905e+00	2.001033e+02
5.136978671675114e-04	3.808686e+00	4.999905e+00	2.002332e+02
5.137078671675115e-04	3.809685e+00	4.999905e+00	2.003631e+02
5.137178671675115e-04	3.810682e+00	4.999905e+00	2.004930e+02
5.137278671675116e-04	3.811677e+00	4.999901e+00	2.006228e+02
5.137378671675116e-04	3.812668e+00	4.999886e+00	2.007525e+02
5.137478671675117e-04	3.813657e+00	4.999856e+00	2.008821e+02
5.137578671675117e-04	3.814643e+00	4.999805e+00	2.010117e+02
5.137678671675118e-04	3.815627e+00	4.999701e+00	2.011413e+02
5.137778671675118e-04	3.816608e+00	4.999351e+00	2.012708e+02
5.137791171675118e-04	3.816730e+00	4.999242e+00	2.012870e+02
5.137816171675118e-04	3.816975e+00	4.998863e+00	2.013194e+02
5.137833960081848e-04	3.817149e+00	4.998008e+00	2.013424e+02
5.137848208652850e-04	3.817289e+00	4.993254e+00	2.013608e+02
5.137856991573400e-04	3.817374e+00	4.981764e+00	2.013722e+02
5.137864076886436e-04	3.817444e+00	4.960475e+00	2.013813e+02
5.137870354974575e-04	3.817505e+00	4.931752e+00	2.013895e+02
5.137876676986722e-04	3.817567e+00	4.894868e+00	2.013977e+02
5.137889321011015e-04	3.817690e+00	4.789207e+00	2.014140e+02
5.137904312543679e-04	3.817837e+00	4.580101e+00	2.014334e+02
5.137920342798683e-04	3.817993e+00	4.176742e+00	2.014542e+02
5.137936964044767e-04	3.818156e+00	3.384708e+00	2.014757e+02
5.137954295408369e-04	3.818325e+00	1.760472e+00	2.014981e+02
5.137965507441978e-04	3.818434e+00	1.455127e-01	2.015126e+02
5.137969441018628e-04	3.818472e+00	-2.496069e-02	2.015177e+02
5.137970391129249e-04	3.818481e+00	5.357906e-03	2.015189e+02
5.137970688103734e-04	3.818484e+00	2.579013e-03	2.015193e+02
5.137970905023714e-04	3.818486e+00	1.575173e-03	2.015196e+02
5.137971181779873e-04	3.818489e+00	8.917726e-04	2.015199e+02
5.137971714530134e-04	3.818494e+00	3.972434e-04	2.015206e+02
5.137972326626744e-04	3.818500e+00	3.021545e-04	2.015214e+02
5.137977277993182e-04	3.818548e+00	2.081466e-04	2.015278e+02
5.137982609723335e-04	3.818600e+00	1.586204e-04	2.015347e+02
5.137993273183640e-04	3.818704e+00	1.208096e-04	2.015485e+02
5.138014600104253e-04	3.818912e+00	1.202058e-04	2.015761e+02
5.138057253945478e-04	3.819327e+00	1.204149e-04	2.016312e+02
5.138142561627928e-04	3.820155e+00	1.199880e-04	2.017415e+02
5.138242561627929e-04	3.821124e+00	1.203199e-04	2.018708e+02
5.143642561627955e-04	3.869550e+00	1.201967e-04	2.087642e+02
5.148042561627977e-04	3.903539e+00	1.201700e-04	2.142598e+02
5.149542561627984e-04	3.914057e+00	1.202229e-04	2.161089e+02
5.151042561627991e-04	3.924064e+00	1.201666e-04	2.179456e+02
5.152542561627999e-04	3.933581e+00	1.202234e-04	2.197702e+02
5.154042561628006e-04	3.942626e+00	1.201677e-04	2.215826e+02
5.155542561628014e-04	3.951218e+00	1.202212e-04	2.233830e+02
5.157142561628021e-04	3.959901e+00	1.202196e-04	2.252904e+02
5.158742561628029e-04	3.968106e+00	1.202179e-04	2.271842e+02
5.160442561628038e-04	3.976316e+00	1.201738e-04	2.291818e+02
5.162342561628047e-04	3.984897e+00	1.202143e-04	2.313966e+02
5.164442561628057e-04	3.993676e+00	1.201776e-04	2.338231e+02
5.167742561628073e-04	4.006040e+00	1.202095e-04	2.375909e+02
5.170042561628085e-04	4.013648e+00	1.201821e-04	2.401846e+02
5.173142561628100e-04	4.022607e+00	1.202058e-04	2.436391e+02
5.181742561628142e-04	4.039977e+00	1.202017e-04	2.529786e+02
5.185642561628161e-04	4.044432e+00	1.201894e-04	2.570984e+02
5.189242561628179e-04	4.046786e+00	1.201904e-04	2.608391e+02
5.192842561628196e-04	4.047543e+00	1.201912e-04	2.645208e+02
5.196542561628215e-04	4.046751e+00	1.201979e-04	2.682444e+02
5.200442561628234e-04	4.044294e+00	1.201925e-04	2.721042e+02
5.205142561628257e-04	4.039256e+00	1.201968e-04	2.766686e+02
5.215042561628305e-04	4.021822e+00	1.201938e-04	2.859801e+02
5.215942561628310e-04	4.019805e+00	1.201960e-04	2.868066e+02
5.219242561628326e-04	4.011819e+00	1.201941e-04	2.898096e+02
5.221942561628339e-04	4.004602e+00	1.201957e-04	2.922345e+02
5.226442561628361e-04	3.991229e+00	1.201944e-04	2.962125e+02
5.229142561628374e-04	3.982431e+00	1.201955e-04	2.985618e+02
5.231742561628387e-04	3.973445e+00	1.201954e-04	3.007980e+02
5.234242561628399e-04	3.964359e+00	1.201946e-04	3.029243e+02
5.236742561628412e-04	3.954863e+00	1.201954e-04	3.050273e+02
5.239142561628423e-04	3.945388e+00	1.201954e-04	3.070247e+02
5.241642561628436e-04	3.935174e+00	1.201948e-04	3.090832e+02
5.244142561628448e-04	3.924639e+00	1.201954e-04	3.111192e+02
5.246742561628461e-04	3.913375e+00	1.201954e-04	3.132133e+02
5.249442561628474e-04	3.901386e+00	1.201952e-04	3.153628e+02
5.257842561628515e-04	3.862475e+00	1.201959e-04	3.218905e+02
5.264442561628548e-04	3.830324e+00	1.201972e-04	3.268542e+02
5.270842561628579e-04	3.797875e+00	1.202001e-04	3.315329e+02
5.276342561628606e-04	3.768998e+00	1.280493e-04	3.354506e+02
5.276542561628607e-04	3.767931e+00	1.600461e-04	3.355912e+02
5.276842561628608e-04	3.766328e+00	2.532811e-04	3.358021e+02
5.276942561628609e-04	3.765793e+00	3.144942e-04	3.358723e+02
5.277042561628609e-04	3.765258e+00	4.149007e-04	3.359425e+02
5.277142561628610e-04	3.764722e+00	6.096304e-04	3.360126e+02
5.277242561628610e-04	3.764186e+00	1.151352e-03	3.360827e+02
5.277255061628610e-04	3.764119e+00	1.293234e-03	3.360915e+02
5.277280061628610e-04	3.763985e+00	1.714832e-03	3.361090e+02
5.277298267270472e-04	3.763887e+00	2.252054e-03	3.361218e+02
5.277313226898344e-04	3.763807e+00	3.013921e-03	3.361323e+02
5.277325447870932e-04	3.763741e+00	4.203682e-03	3.361408e+02
5.277335171291855e-04	3.763689e+00	6.320496e-03	3.361476e+02
5.277345597420239e-04	3.763633e+00	1.268803e-02	3.361549e+02
5.277355907010227e-04	3.763578e+00	2.668373e-02	3.361622e+02
5.277366612063528e-04	3.763521e+00	5.007324e-02	3.361697e+02
5.277384679204267e-04	3.763424e+00	1.178972e-01	3.361823e+02
5.277404769574218e-04	3.763316e+00	2.721921e-01	3.361964e+02
5.277422896131242e-04	3.763219e+00	5.536366e-01	3.362091e+02
5.277442966061789e-04	3.763111e+00	1.211534e+00	3.362232e+02
5.277461478983752e-04	3.763012e+00	2.491542e+00	3.362361e+02
5.277480799442944e-04	3.762908e+00	4.879183e+00	3.362497e+02
5.277486153125325e-04	3.762879e+00	5.028917e+00	3.362534e+02
5.277491374051148e-04	3.762851e+00	4.978656e+00	3.362571e+02
5.277493355785710e-04	3.762841e+00	5.010298e+00	3.362585e+02
5.277494172785502e-04	3.762836e+00	4.996763e+00	3.362590e+02
5.277494469780958e-04	3.762835e+00	4.999207e+00	3.362592e+02
5.277494697583867e-04	3.762833e+00	4.999647e+00	3.362594e+02
5.277494965819281e-04	3.762832e+00	4.999810e+00	3.362596e+02
5.277495287350636e-04	3.762830e+00	4.999856e+00	3.362598e+02
5.277495930413346e-04	3.762827e+00	4.999870e+00	3.362603e+02
5.277497115983816e-04	3.762820e+00	4.999875e+00	3.362611e+02
5.277499487124755e-04	3.762808e+00	4.999887e+00	3.362628e+02
5.277504229406635e-04	3.762782e+00	4.999904e+00	3.362661e+02
5.277513713970396e-04	3.762731e+00	4.999907e+00	3.362727e+02
5.277532683097916e-04	3.762629e+00	4.999905e+00	3.362860e+02
5.277570621352957e-04	3.762426e+00	4.999907e+00	3.363126e+02
5.277646497863039e-04	3.762018e+00	4.999905e+00	3.363657e+02
5.277746497863039e-04	3.761481e+00	4.999907e+00	3.364356e+02
5.284646497863073e-04	3.723662e+00	4.999906e+00	3.411902e+02
5.292346497863111e-04	3.679755e+00	4.999906e+00	3.463297e+02
5.301246497863154e-04	3.626799e+00	4.999906e+00	3.520589e+02
5.315646497863225e-04	3.536453e+00	4.999906e+00	3.608699e+02
5.348246497863385e-04	3.318282e+00	4.999906e+00	3.788882e+02
5.380946497863545e-04	3.091220e+00	4.999906e+00	3.945701e+02
5.413746497863706e-04	2.864764e+00	4.999906e+00	4.082171e+02
5.418046497863727e-04	2.835562e+00	4.999906e+00	4.098668e+02
5.451046497863889e-04	2.617357e+00	4.999906e+00	4.215556e+02
5.484246497864052e-04	2.410983e+00	4.999906e+00	4.317491e+02
5.517646497864216e-04	2.219002e+00	4.999906e+00	4.406328e+02
5.520446497864229e-04	2.203659e+00	4.999906e+00	4.413212e+02
5.554046497864394e-04	2.028744e+00	4.999906e+00	4.489654e+02
5.587846497864560e-04	1.869786e+00	4.999906e+00	4.556182e+02
5.621846497864726e-04	1.726443e+00	4.999906e+00	4.614038e+02
5.622846497864731e-04	1.722469e+00	4.999906e+00	4.615615e+02
5.656946497864899e-04	1.594800e+00	4.999906e+00	4.665540e+02
5.691246497865067e-04	1.480928e+00	4.999906e+00	4.708910e+02
5.725246497865233e-04	1.381156e+00	4.999906e+00	4.746049e+02
5.759946497865404e-04	1.291451e+00	4.999906e+00	4.778769e+02
5.794946497865575e-04	1.212062e+00	4.999906e+00	4.807200e+02
5.827646497865736e-04	1.146857e+00	4.999906e+00	4.830179e+02
5.863246497865910e-04	1.084596e+00	4.999906e+00	4.851800e+02
5.899246497866087e-04	1.029801e+00	4.999906e+00	4.870562e+02
5.930046497866238e-04	9.886684e-01	4.999906e+00	4.884475e+02
5.967046497866419e-04	9.454170e-01	4.999906e+00	4.898940e+02
6.004646497866603e-04	9.074981e-01	4.999906e+00	4.911476e+02
6.032446497866740e-04	8.828944e-01	4.999906e+00	4.919532e+02
6.071446497866931e-04	8.526797e-01	4.999906e+00	4.929338e+02
6.111446497867127e-04	8.262365e-01	4.999906e+00	4.937835e+02
6.134846497867242e-04	8.126339e-01	4.999906e+00	4.942174e+02
6.176746497867447e-04	7.912762e-01	4.999906e+00	4.948939e+02
6.220246497867661e-04	7.726341e-01	4.999906e+00	4.954793e+02
6.237246497867744e-04	7.662014e-01	4.999906e+00	4.956802e+02
6.283346497867970e-04	7.508504e-01	4.999906e+00	4.961570e+02
6.331946497868208e-04	7.375230e-01	4.999906e+00	4.965678e+02
6.339646497868246e-04	7.356455e-01	4.999906e+00	4.966254e+02
6.391746497868501e-04	7.243953e-01	4.999906e+00	4.969694e+02
6.442046497868748e-04	7.156085e-01	4.999906e+00	4.972364e+02
6.502346497869044e-04	7.072288e-01	4.999906e+00	4.974894e+02
6.544446497869250e-04	7.025080e-01	4.999906e+00	4.976313e+02
6.616046497869601e-04	6.961606e-01	4.999906e+00	4.978211e+02
6.646846497869752e-04	6.939635e-01	4.999906e+00	4.978866e+02
6.733546497870177e-04	6.891068e-01	4.999906e+00	4.980308e+02
6.749246497870254e-04	6.884014e-01	4.999906e+00	4.980517e+02
6.851646497870756e-04	6.847863e-01	4.999906e+00	4.981584e+02
6.954046497871259e-04	6.824395e-01	4.999906e+00	4.982274e+02
7.056446497871761e-04	6.809174e-01	4.999906e+00	4.982721e+02
7.158846497872263e-04	6.799310e-01	4.999906e+00	4.983009e+02
7.261246497872765e-04	6.792920e-01	4.999906e+00	4.983196e+02
7.363646497873267e-04	6.788783e-01	4.999906e+00	4.983317e+02
7.466046497873769e-04	6.786105e-01	4.999906e+00	4.983395e+02
7.568446497874271e-04	6.784372e-01	4.999906e+00	4.983445e+02
7.670846497874773e-04	6.783251e-01	4.999906e+00	4.983478e+02
7.773246497875275e-04	6.782525e-01	4.999906e+00	4.983499e+02
7.875646497875777e-04	6.782055e-01	4.999906e+00	4.983513e+02
7.978046497876279e-04	6.781752e-01	4.999906e+00	4.983522e+02
8.080446497876781e-04	6.781555e-01	4.999906e+00	4.983528e+02
8.182846497877284e-04	6.781428e-01	4.999906e+00	4.983531e+02
8.285246497877786e-04	6.781346e-01	4.999906e+00	4.983534e+02
8.387646497878288e-04	6.781293e-01	4.999906e+00	4.983535e+02
8.490046497878790e-04	6.781259e-01	4.999906e+00	4.983536e+02
8.592446497879292e-04	6.781237e-01	4.999906e+00	4.983537e+02
8.694846497879794e-04	6.781222e-01	4.999906e+00	4.983537e+02
8.797246497880296e-04	6.781213e-01	4.999906e+00	4.983537e+02
8.899646497880798e-04	6.781207e-01	4.999906e+00	4.983538e+02
9.002046497881300e-04	6.781203e-01	4.999906e+00	4.983538e+02
9.104446497881802e-04	6.781201e-01	4.999906e+00	4.983538e+02
9.206846497882304e-04	6.781199e-01	4.999906e+00	4.983538e+02
9.309246497882807e-04	6.781198e-01	4.999906e+00	4.983538e+02
9.411646497883309e-04	6.781197e-01	4.999906e+00	4.983538e+02
9.514046497883811e-04	6.781197e-01	4.999906e+00	4.983538e+02
9.616446497884313e-04	6.781197e-01	4.999906e+00	4.983538e+02
9.718846497884815e-04	6.781197e-01	4.999906e+00	4.983538e+02
9.821246497884713e-04	6.781196e-01	4.999906e+00	4.983538e+02
9.923646497884105e-04	6.781196e-01	4.999906e+00	4.983538e+02
1.002604649788350e-03	6.781196e-01	4.999906e+00	4.983538e+02
1.012844649788289e-03	6.781196e-01	4.999906e+00	4.983538e+02
1.023084649788228e-03	6.781196e-01	4.999906e+00	4.983538e+02
1.033324649788167e-03	6.781196e-01	4.999906e+00	4.983538e+02
1.043564649788106e-03	6.781196e-01	4.999906e+00	4.983538e+02
1.053804649788046e-03	6.781196e-01	4.999906e+00	4.983538e+02
1.064044649787985e-03	6.781196e-01	4.999906e+00	4.983538e+02
1.074284649787924e-03	6.781196e-01	4.999906e+00	4.983538e+02
1.084524649787863e-03	6.781196e-01	4.999906e+00	4.983538e+02
1.094764649787802e-03	6.781196e-01	4.999906e+00	4.983538e+02
1.105004649787742e-03	6.781196e-01	4.999906e+00	4.983538e+02
1.115244649787681e-03	6.781196e-01	4.999906e+00	4.983538e+02
1.125484649787620e-03	6.781196e-01	4.999906e+00	4.983538e+02
1.135724649787559e-03	6.781196e-01	4.999906e+00	4.983538e+02
1.145964649787498e-03	6.781196e-01	4.999906e+00	4.983538e+02
1.156204649787437e-03	6.781196e-01	4.999906e+00	4.983538e+02
1.166444649787377e-03	6.781196e-01	4.999906e+00	4.983538e+02
1.176684649787316e-03	6.781196e-01	4.999906e+00	4.983538e+02
1.186924649787255e-03	6.781196e-01	4.999906e+00	4.983538e+02
1.197164649787194e-03	6.781196e-01	4.999906e+00	4.983538e+02
1.207404649787133e-03	6.781196e-01	4.999906e+00	4.983538e+02
1.217644649787073e-03	6.781196e-01	4.999906e+00	4.983538e+02
1.227884649787012e-03	6.781196e-01	4.999906e+00	4.983538e+02
1.238124649786951e-03	6.781196e-01	4.999906e+00	4.983538e+02
1.248364649786890e-03	6.781196e-01	4.999906e+00	4.983538e+02
1.258604649786829e-03	6.781196e-01	4.999906e+00	4.983538e+02
1.268844649786769e-03	6.781196e-01	4.999906e+00	4.983538e+02
1.279084649786708e-03	6.781196e-01	4.999906e+00	4.983538e+02
1.289324649786647e-03	6.781196e-01	4.999906e+00	4.983538e+02
1.299564649786586e-03	6.781196e-01	4.999906e+00	4.983538e+02
1.309804649786525e-03	6.781196e-01	4.999906e+00	4.983538e+02
1.320044649786464e-03	6.781196e-01	4.999906e+00	4.983538e+02
1.330284649786404e-03	6.781196e-01	4.999906e+00	4.983538e+02
1.340524649786343e-03	6.781196e-01	4.999906e+00	4.983538e+02
1.350764649786282e-03	6.781196e-01	4.999906e+00	4.983538e+02
1.361004649786221e-03	6.781196e-01	4.999906e+00	4.983538e+02
1.371244649786160e-03	6.781196e-01	4.999906e+00	4.983538e+02
1.381484649786100e-03	6.781196e-01	4.999906e+00	4.983538e+02
1.391724649786039e-03	6.781196e-01	4.999906e+00	4.983538e+02
1.401964649785978e-03	6.781196e-01	4.999906e+00	4.983538e+02
1.412204649785917e-03	6.781196e-01	4.999906e+00	4.983538e+02
1.422444649785856e-03	6.781196e-01	4.999906e+00	4.983538e+02
1.432684649785796e-03	6.781196e-01	4.999906e+00	4.983538e+02
1.442924649785735e-03	6.781196e-01	4.999906e+00	4.983538e+02
1.453164649785674e-03	6.781196e-01	4.999906e+00	4.983538e+02
1.463404649785613e-03	6.781196e-01	4.999906e+00	4.983538e+02
1.473644649785552e-03	6.781196e-01	4.999906e+00	4.983538e+02
1.483884649785491e-03	6.781196e-01	4.999906e+00	4.983538e+02
1.494124649785431e-03	6.781196e-01	4.999906e+00	4.983538e+02
1.504364649785370e-03	6.781196e-01	4.999906e+00	4.983538e+02
1.514604649785309e-03	6.781196e-01	4.999906e+00	4.983538e+02
1.524844649785248e-03	6.781196e-01	4.999906e+00	4.983538e+02
1.535084649785187e-03	6.781196e-01	4.999906e+00	4.983538e+02
1.545324649785127e-03	6.781196e-01	4.999906e+00	4.983538e+02
1.555564649785066e-03	6.781196e-01	4.999906e+00	4.983538e+02
1.565804649785005e-03	6.781196e-01	4.999906e+00	4.983538e+02
1.576044649784944e-03	6.781196e-01	4.999906e+00	4.983538e+02
1.586284649784883e-03	6.781196e-01	4.999906e+00	4.983538e+02
1.596524649784823e-03	6.781196e-01	4.999906e+00	4.983538e+02
1.606764649784762e-03	6.781196e-01	4.999906e+00	4.983538e+02
1.617004649784701e-03	6.781196e-01	4.999906e+00	4.983538e+02
1.627244649784640e-03	6.781196e-01	4.999906e+00	4.983538e+02
1.637484649784579e-03	6.781196e-01	4.999906e+00	4.983538e+02
1.647724649784518e-03	6.781196e-01	4.999906e+00	4.983538e+02
1.657964649784458e-03	6.781196e-01	4.999906e+00	4.983538e+02
1.668204649784397e-03	6.781196e-01	4.999906e+00	4.983538e+02
1.678444649784336e-03	6.781196e-01	4.999906e+00	4.983538e+02
1.688684649784275e-03	6.781196e-01	4.999906e+00	4.983538e+02
1.698924649784214e-03	6.781196e-01	4.999906e+00	4.983538e+02
1.709164649784154e-03	6.781196e-01	4.999906e+00	4.983538e+02
1.719404649784093e-03	6.781196e-01	4.999906e+00	4.983538e+02
1.729644649784032e-03	6.781196e-01	4.999906e+00	4.983538e+02
1.739884649783971e-03	6.781196e-01	4.999906e+00	4.983538e+02
1.750124649783910e-03	6.781196e-01	4.999906e+00	4.983538e+02
1.760364649783849e-03	6.781196e-01	4.999906e+00	4.983538e+02
1.770604649783789e-03	6.781196e-01	4.999906e+00	4.983538e+02
1.780844649783728e-03	6.781196e-01	4.999906e+00	4.983538e+02
1.791084649783667e-03	6.781196e-01	4.999906e+00	4.983538e+02
1.801324649783606e-03	6.781196e-01	4.999906e+00	4.983538e+02
1.811564649783545e-03	6.781196e-01	4.999906e+00	4.983538e+02
1.821804649783485e-03	6.781196e-01	4.999906e+00	4.983538e+02
1.832044649783424e-03	6.781196e-01	4.999906e+00	4.983538e+02
1.842284649783363e-03	6.781196e-01	4.999906e+00	4.983538e+02
1.852524649783302e-03	6.781196e-01	4.999906e+00	4.983538e+02
1.862764649783241e-03	6.781196e-01	4.999906e+00	4.983538e+02
1.873004649783181e-03	6.781196e-01	4.999906e+00	4.983538e+02
1.883244649783120e-03	6.781196e-01	4.999906e+00	4.983538e+02
1.893484649783059e-03	6.781196e-01	4.999906e+00	4.983538e+02
1.903724649782998e-03	6.781196e-01	4.999906e+00	4.983538e+02
1.913964649782937e-03	6.781196e-01	4.999906e+00	4.983538e+02
1.924204649782876e-03	6.781196e-01	4.999906e+00	4.983538e+02
1.934444649782816e-03	6.781196e-01	4.999906e+00	4.983538e+02
1.944684649782755e-03	6.781196e-01	4.999906e+00	4.983538e+02
1.954924649782694e-03	6.781196e-01	4.999906e+00	4.983538e+02
1.965164649782633e-03	6.781196e-01	4.999906e+00	4.983538e+02
1.975404649782572e-03	6.781196e-01	4.999906e+00	4.983538e+02
1.985644649782512e-03	6.781196e-01	4.999906e+00	4.983538e+02
1.995884649782451e-03	6.781196e-01	4.999906e+00	4.983538e+02
2.006124649782390e-03	6.781196e-01	4.999906e+00	4.983538e+02
2.016364649782329e-03	6.781196e-01	4.999906e+00	4.983538e+02
2.026604649782268e-03	6.781196e-01	4.999906e+00	4.983538e+02
2.036844649782208e-03	6.781196e-01	4.999906e+00	4.983538e+02
2.047084649782147e-03	6.781196e-01	4.999906e+00	4.983538e+02
2.057324649782086e-03	6.781196e-01	4.999906e+00	4.983538e+02
2.067564649782025e-03	6.781196e-01	4.999906e+00	4.983538e+02
2.077804649781964e-03	6.781196e-01	4.999906e+00	4.983538e+02
2.088044649781903e-03	6.781196e-01	4.999906e+00	4.983538e+02
2.098284649781843e-03	6.781196e-01	4.999906e+00	4.983538e+02
2.108524649781782e-03	6.781196e-01	4.999906e+00	4.983538e+02
2.118764649781721e-03	6.781196e-01	4.999906e+00	4.983538e+02
2.129004649781660e-03	6.781196e-01	4.999906e+00	4.983538e+02
2.139244649781599e-03	6.781196e-01	4.999906e+00	4.983538e+02
2.149484649781539e-03	6.781196e-01	4.999906e+00	4.983538e+02
2.159724649781478e-03	6.781196e-01	4.999906e+00	4.983538e+02
2.169964649781417e-03	6.781196e-01	4.999906e+00	4.983538e+02
2.180204649781356e-03	6.781196e-01	4.999906e+00	4.983538e+02
2.190444649781295e-03	6.781196e-01	4.999906e+00	4.983538e+02
2.200684649781235e-03	6.781196e-01	4.999906e+00	4.983538e+02
2.210924649781174e-03	6.781196e-01	4.999906e+00	4.983538e+02
2.221164649781113e-03	6.781196e-01	4.999906e+00	4.983538e+02
2.231404649781052e-03	6.781196e-01	4.999906e+00	4.983538e+02
2.241644649780991e-03	6.781196e-01	4.999906e+00	4.983538e+02
2.251884649780930e-03	6.781196e-01	4.999906e+00	4.983538e+02
2.262124649780870e-03	6.781196e-01	4.999906e+00	4.983538e+02
2.272364649780809e-03	6.781196e-01	4.999906e+00	4.983538e+02
2.282604649780748e-03	6.781196e-01	4.999906e+00	4.983538e+02
2.292844649780687e-03	6.781196e-01	4.999906e+00	4.983538e+02
2.303084649780626e-03	6.781196e-01	4.999906e+00	4.983538e+02
2.313324649780566e-03	6.781196e-01	4.999906e+00	4.983538e+02
2.323564649780505e-03	6.781196e-01	4.999906e+00	4.983538e+02
2.333804649780444e-03	6.781196e-01	4.999906e+00	4.983538e+02
2.344044649780383e-03	6.781196e-01	4.999906e+00	4.983538e+02
2.354284649780322e-03	6.781196e-01	4.999906e+00	4.983538e+02
2.364524649780262e-03	6.781196e-01	4.999906e+00	4.983538e+02
2.374764649780201e-03	6.781196e-01	4.999906e+00	4.983538e+02
2.385004649780140e-03	6.781196e-01	4.999906e+00	4.983538e+02
2.395244649780079e-03	6.781196e-01	4.999906e+00	4.983538e+02
2.405484649780018e-03	6.781196e-01	4.999906e+00	4.983538e+02
2.415724649779957e-03	6.781196e-01	4.999906e+00	4.983538e+02
2.425964649779897e-03	6.781196e-01	4.999906e+00	4.983538e+02
2.436204649779836e-03	6.781196e-01	4.999906e+00	4.983538e+02
2.446444649779775e-03	6.781196e-01	4.999906e+00	4.983538e+02
2.456684649779714e-03	6.781196e-01	4.999906e+00	4.983538e+02
2.466924649779653e-03	6.781196e-01	4.999906e+00	4.983538e+02
2.477164649779593e-03	6.781196e-01	4.999906e+00	4.983538e+02
2.487404649779532e-03	6.781196e-01	4.999906e+00	4.983538e+02
2.497644649779471e-03	6.781196e-01	4.999906e+00	4.983538e+02
2.507884649779410e-03	6.781196e-01	4.999906e+00	4.983538e+02
2.518124649779349e-03	6.781196e-01	4.999906e+00	4.983538e+02
2.528364649779288e-03	6.781196e-01	4.999906e+00	4.983538e+02
2.538604649779228e-03	6.781196e-01	4.999906e+00	4.983538e+02
2.548844649779167e-03	6.781196e-01	4.999906e+00	4.983538e+02
2.559084649779106e-03	6.781196e-01	4.999906e+00	4.983538e+02
2.569324649779045e-03	6.781196e-01	4.999906e+00	4.983538e+02
2.579564649778984e-03	6.781196e-01	4.999906e+00	4.983538e+02
2.589804649778924e-03	6.781196e-01	4.999906e+00	4.983538e+02
2.600044649778863e-03	6.781196e-01	4.999906e+00	4.983538e+02
2.610284649778802e-03	6.781196e-01	4.999906e+00	4.983538e+02
2.620524649778741e-03	6.781196e-01	4.999906e+00	4.983538e+02
2.630764649778680e-03	6.781196e-01	4.999906e+00	4.983538e+02
2.641004649778620e-03	6.781196e-01	4.999906e+00	4.983538e+02
2.651244649778559e-03	6.781196e-01	4.999906e+00	4.983538e+02
2.661484649778498e-03	6.781196e-01	4.999906e+00	4.983538e+02
2.671724649778437e-03	6.781196e-01	4.999906e+00	4.983538e+02
2.681964649778376e-03	6.781196e-01	4.999906e+00	4.983538e+02
2.692204649778315e-03	6.781196e-01	4.999906e+00	4.983538e+02
2.702444649778255e-03	6.781196e-01	4.999906e+00	4.983538e+02
2.712684649778194e-03	6.781196e-01	4.999906e+00	4.983538e+02
2.722924649778133e-03	6.781196e-01	4.999906e+00	4.983538e+02
2.733164649778072e-03	6.781196e-01	4.999906e+00	4.983538e+02
2.743404649778011e-03	6.781196e-01	4.999906e+00	4.983538e+02
2.753644649777951e-03	6.781196e-01	4.999906e+00	4.983538e+02
2.763884649777890e-03	6.781196e-01	4.999906e+00	4.983538e+02
2.774124649777829e-03	6.781196e-01	4.999906e+00	4.983538e+02
2.784364649777768e-03	6.781196e-01	4.999906e+00	4.983538e+02
2.794604649777707e-03	6.781196e-01	4.999906e+00	4.983538e+02
2.804844649777647e-03	6.781196e-01	4.999906e+00	4.983538e+02
2.815084649777586e-03	6.781196e-01	4.999906e+00	4.983538e+02
2.825324649777525e-03	6.781196e-01	4.999906e+00	4.983538e+02
2.835564649777464e-03	6.781196e-01	4.999906e+00	4.983538e+02
2.845804649777403e-03	6.781196e-01	4.999906e+00	4.983538e+02
2.856044649777342e-03	6.781196e-01	4.999906e+00	4.983538e+02
2.866284649777282e-03	6.781196e-01	4.999906e+00	4.983538e+02
2.876524649777221e-03	6.781196e-01	4.999906e+00	4.983538e+02
2.886764649777160e-03	6.781196e-01	4.999906e+00	4.983538e+02
2.897004649777099e-03	6.781196e-01	4.999906e+00	4.983538e+02
2.907244649777038e-03	6.781196e-01	4.999906e+00	4.983538e+02
2.917484649776978e-03	6.781196e-01	4.999906e+00	4.983538e+02
2.927724649776917e-03	6.781196e-01	4.999906e+00	4.983538e+02
2.937964649776856e-03	6.781196e-01	4.999906e+00	4.983538e+02
2.948204649776795e-03	6.781196e-01	4.999906e+00	4.983538e+02
2.958444649776734e-03	6.781196e-01	4.999906e+00	4.983538e+02
2.968684649776674e-03	6.781196e-01	4.999906e+00	4.983538e+02
2.978924649776613e-03	6.781196e-01	4.999906e+00	4.983538e+02
2.989164649776552e-03	6.781196e-01	4.999906e+00	4.983538e+02
2.999404649776491e-03	6.781196e-01	4.999906e+00	4.983538e+02
3.000000000000000e-03	6.781196e-01	4.999906e+00	4.983538e+02
Step Information: Rpot=31K  (Step: 2/6)
0.000000000000000e+00	6.781196e-01	4.999895e+00	4.983538e+02
1.006310719976990e-05	6.781196e-01	4.999895e+00	4.983538e+02
2.030310719977066e-05	6.781196e-01	4.999895e+00	4.983538e+02
3.054310719977230e-05	6.781196e-01	4.999895e+00	4.983538e+02
4.078310719977393e-05	6.781196e-01	4.999895e+00	4.983538e+02
5.102310719977557e-05	6.781196e-01	4.999895e+00	4.983538e+02
6.126310719977705e-05	6.781196e-01	4.999895e+00	4.983538e+02
7.150310719977175e-05	6.781196e-01	4.999895e+00	4.983538e+02
8.174310719976644e-05	6.781196e-01	4.999895e+00	4.983538e+02
9.198310719976114e-05	6.781196e-01	4.999895e+00	4.983538e+02
1.022231071997558e-04	6.781196e-01	4.999895e+00	4.983538e+02
1.124631071997505e-04	6.781196e-01	4.999895e+00	4.983538e+02
1.227031071997452e-04	6.781196e-01	4.999895e+00	4.983538e+02
1.329431071997399e-04	6.781196e-01	4.999895e+00	4.983538e+02
1.431831071997346e-04	6.781196e-01	4.999895e+00	4.983538e+02
1.534231071997293e-04	6.781196e-01	4.999895e+00	4.983538e+02
1.636631071997240e-04	6.781196e-01	4.999895e+00	4.983538e+02
1.739031071997187e-04	6.781196e-01	4.999895e+00	4.983538e+02
1.841431071997134e-04	6.781196e-01	4.999895e+00	4.983538e+02
1.943831071997081e-04	6.781196e-01	4.999895e+00	4.983538e+02
2.046231071997028e-04	6.781196e-01	4.999895e+00	4.983538e+02
2.148631071996975e-04	6.781196e-01	4.999895e+00	4.983538e+02
2.251031071996922e-04	6.781196e-01	4.999895e+00	4.983538e+02
2.353431071996869e-04	6.781196e-01	4.999895e+00	4.983538e+02
2.455831071996817e-04	6.781196e-01	4.999895e+00	4.983538e+02
2.558231071996763e-04	6.781196e-01	4.999895e+00	4.983538e+02
2.660631071996710e-04	6.781196e-01	4.999895e+00	4.983538e+02
2.763031071996657e-04	6.781196e-01	4.999895e+00	4.983538e+02
2.865431071996604e-04	6.781196e-01	4.999895e+00	4.983538e+02
2.967831071996551e-04	6.781196e-01	4.999895e+00	4.983538e+02
3.070231071996498e-04	6.781196e-01	4.999895e+00	4.983538e+02
3.172631071996445e-04	6.781196e-01	4.999895e+00	4.983538e+02
3.275031071996392e-04	6.781196e-01	4.999895e+00	4.983538e+02
3.377431071996339e-04	6.781196e-01	4.999895e+00	4.983538e+02
3.479831071996286e-04	6.781196e-01	4.999895e+00	4.983538e+02
3.582231071996233e-04	6.781196e-01	4.999895e+00	4.983538e+02
3.684631071996180e-04	6.781196e-01	4.999895e+00	4.983538e+02
3.787031071996127e-04	6.781196e-01	4.999895e+00	4.983538e+02
3.889431071996074e-04	6.781196e-01	4.999895e+00	4.983538e+02
3.991831071996021e-04	6.781196e-01	4.999895e+00	4.983538e+02
4.094231071995968e-04	6.781196e-01	4.999895e+00	4.983538e+02
4.196631071995915e-04	6.781196e-01	4.999895e+00	4.983538e+02
4.299031071995862e-04	6.781196e-01	4.999895e+00	4.983538e+02
4.401431071995809e-04	6.781196e-01	4.999895e+00	4.983538e+02
4.503831071995756e-04	6.781196e-01	4.999895e+00	4.983538e+02
4.606231071995703e-04	6.781196e-01	4.999895e+00	4.983538e+02
4.708631071995650e-04	6.781196e-01	4.999895e+00	4.983538e+02
4.811031071995597e-04	6.781196e-01	4.999895e+00	4.983538e+02
4.913431071995710e-04	6.781196e-01	4.999895e+00	4.983538e+02
5.000000000000004e-04	6.781196e-01	4.999895e+00	4.983538e+02
5.000010000000000e-04	6.382340e-01	4.999895e+00	3.752889e+02
5.000024805452893e-04	4.126318e-01	4.999895e+00	1.351277e+02
5.000028812522172e-04	3.207836e-01	4.999895e+00	1.075926e+02
5.000034780157607e-04	1.776667e-01	4.999895e+00	7.834965e+01
5.000040765146123e-04	3.105234e-02	4.999895e+00	5.906678e+01
5.000048303441335e-04	-1.477751e-01	4.999895e+00	4.373447e+01
5.000053126675652e-04	-2.317957e-01	4.999895e+00	3.746551e+01
5.000058124590371e-04	-2.591271e-01	4.999895e+00	3.279619e+01
5.000063285346663e-04	-2.569472e-01	4.999895e+00	2.934899e+01
5.000068609055439e-04	-2.572921e-01	4.999895e+00	2.681103e+01
5.000073845411073e-04	-2.568345e-01	4.999895e+00	2.501364e+01
5.000084318122342e-04	-2.560598e-01	4.999895e+00	2.265978e+01
5.000099698092424e-04	-2.548198e-01	4.999895e+00	2.080424e+01
5.000117381424657e-04	-2.532801e-01	4.999895e+00	1.961035e+01
5.000139918100582e-04	-2.513048e-01	4.999895e+00	1.849975e+01
5.000171644505381e-04	-2.484995e-01	4.999895e+00	1.714839e+01
5.000226865691539e-04	-2.436524e-01	4.999895e+00	1.504665e+01
5.000326865691539e-04	-2.349036e-01	4.999895e+00	1.186641e+01
5.000426865691540e-04	-2.262341e-01	4.999895e+00	9.362215e+00
5.000526865691540e-04	-2.176397e-01	4.999895e+00	7.389735e+00
5.000626865691541e-04	-2.090905e-01	4.999895e+00	5.836415e+00
5.000726865691541e-04	-2.006200e-01	4.999895e+00	4.612989e+00
5.000826865691542e-04	-1.921777e-01	4.999895e+00	3.649503e+00
5.000926865691542e-04	-1.838222e-01	4.999895e+00	2.890665e+00
5.001026865691543e-04	-1.754996e-01	4.999895e+00	2.293041e+00
5.001126865691543e-04	-1.672690e-01	4.999895e+00	1.822362e+00
5.001226865691544e-04	-1.590992e-01	4.999895e+00	1.451671e+00
5.001326865691544e-04	-1.510268e-01	4.999895e+00	1.159722e+00
5.001426865691545e-04	-1.430561e-01	4.999895e+00	9.297889e-01
5.001526865691545e-04	-1.351997e-01	4.999895e+00	7.486961e-01
5.001626865691546e-04	-1.274867e-01	4.999895e+00	6.060679e-01
5.001726865691546e-04	-1.199188e-01	4.999895e+00	4.937322e-01
5.001826865691547e-04	-1.125344e-01	4.999895e+00	4.052530e-01
5.001926865691547e-04	-1.053314e-01	4.999895e+00	3.355618e-01
5.002026865691548e-04	-9.834930e-02	4.999895e+00	2.806664e-01
5.002126865691548e-04	-9.158175e-02	4.999895e+00	2.374232e-01
5.002226865691549e-04	-8.506551e-02	4.999895e+00	2.033561e-01
5.002326865691549e-04	-7.878829e-02	4.999895e+00	1.765155e-01
5.002426865691550e-04	-7.278148e-02	4.999895e+00	1.553657e-01
5.002526865691550e-04	-6.702614e-02	4.999895e+00	1.386977e-01
5.002626865691551e-04	-6.154743e-02	4.999895e+00	1.255593e-01
5.002726865691551e-04	-5.632014e-02	4.999895e+00	1.152007e-01
5.002826865691552e-04	-5.136380e-02	4.999895e+00	1.070316e-01
5.002926865691552e-04	-4.664822e-02	4.999895e+00	1.005871e-01
5.003026865691553e-04	-4.218869e-02	4.999895e+00	9.550119e-02
5.003126865691553e-04	-3.795167e-02	4.999895e+00	9.148569e-02
5.003226865691554e-04	-3.394989e-02	4.999895e+00	8.831365e-02
5.003326865691554e-04	-3.014828e-02	4.999895e+00	8.580639e-02
5.003426865691555e-04	-2.655832e-02	4.999895e+00	8.382319e-02
5.003526865691555e-04	-2.314454e-02	4.999895e+00	8.225323e-02
5.003626865691556e-04	-1.991831e-02	4.999895e+00	8.100923e-02
5.003726865691556e-04	-1.684469e-02	4.999895e+00	8.002246e-02
5.003826865691556e-04	-1.393564e-02	4.999895e+00	7.923874e-02
5.003926865691557e-04	-1.115729e-02	4.999895e+00	7.861540e-02
5.004026865691557e-04	-8.522547e-03	4.999895e+00	7.811882e-02
5.004126865691558e-04	-5.998856e-03	4.999895e+00	7.772246e-02
5.004226865691558e-04	-3.600236e-03	4.999895e+00	7.740542e-02
5.004326865691559e-04	-1.295495e-03	4.999895e+00	7.715121e-02
5.004426865691559e-04	9.002418e-04	4.999895e+00	7.694681e-02
5.004526865691560e-04	3.016849e-03	4.999895e+00	7.678194e-02
5.004626865691560e-04	5.038179e-03	4.999895e+00	7.664850e-02
5.004726865691561e-04	6.992903e-03	4.999895e+00	7.654005e-02
5.004826865691561e-04	8.863974e-03	4.999895e+00	7.645154e-02
5.004926865691562e-04	1.067900e-02	4.999895e+00	7.637894e-02
5.005026865691562e-04	1.242017e-02	4.999895e+00	7.631908e-02
5.005126865691563e-04	1.411416e-02	4.999895e+00	7.626943e-02
5.005226865691563e-04	1.574254e-02	4.999895e+00	7.622799e-02
5.005326865691564e-04	1.733117e-02	4.999895e+00	7.619317e-02
5.005426865691564e-04	1.886112e-02	4.999895e+00	7.616371e-02
5.005526865691565e-04	2.035757e-02	4.999895e+00	7.613859e-02
5.005626865691565e-04	2.180117e-02	4.999895e+00	7.611702e-02
5.005726865691566e-04	2.321654e-02	4.999895e+00	7.609835e-02
5.005826865691566e-04	2.458399e-02	4.999895e+00	7.608206e-02
5.005926865691567e-04	2.592764e-02	4.999895e+00	7.606774e-02
5.006026865691567e-04	2.722755e-02	4.999895e+00	7.605506e-02
5.006126865691568e-04	2.850743e-02	4.999895e+00	7.604375e-02
5.006226865691568e-04	2.974715e-02	4.999895e+00	7.603358e-02
5.006326865691569e-04	3.097003e-02	4.999895e+00	7.602440e-02
5.006426865691569e-04	3.215580e-02	4.999895e+00	7.601604e-02
5.006526865691570e-04	3.332749e-02	4.999895e+00	7.600839e-02
5.006626865691570e-04	3.446471e-02	4.999895e+00	7.600135e-02
5.006726865691571e-04	3.559019e-02	4.999895e+00	7.599483e-02
5.006826865691571e-04	3.668348e-02	4.999895e+00	7.598880e-02
5.006926865691572e-04	3.776708e-02	4.999895e+00	7.598317e-02
5.007026865691572e-04	3.882048e-02	4.999895e+00	7.597790e-02
5.007126865691573e-04	3.986595e-02	4.999895e+00	7.597295e-02
5.007226865691573e-04	4.088296e-02	4.999895e+00	7.596830e-02
5.007326865691574e-04	4.189360e-02	4.999895e+00	7.596390e-02
5.007426865691574e-04	4.287731e-02	4.999895e+00	7.595974e-02
5.007526865691575e-04	4.385599e-02	4.999895e+00	7.595580e-02
5.007626865691575e-04	4.480912e-02	4.999895e+00	7.595205e-02
5.007726865691576e-04	4.575840e-02	4.999895e+00	7.594849e-02
5.007826865691576e-04	4.668333e-02	4.999895e+00	7.594509e-02
5.007926865691577e-04	4.760547e-02	4.999895e+00	7.594185e-02
5.008026865691577e-04	4.850435e-02	4.999895e+00	7.593875e-02
5.008126865691578e-04	4.940137e-02	4.999895e+00	7.593578e-02
5.008226865691578e-04	5.027608e-02	4.999895e+00	7.593293e-02
5.008326865691579e-04	5.114978e-02	4.999895e+00	7.593021e-02
5.008426865691579e-04	5.200204e-02	4.999895e+00	7.592759e-02
5.008526865691580e-04	5.285403e-02	4.999895e+00	7.592507e-02
5.008626865691580e-04	5.368538e-02	4.999895e+00	7.592265e-02
5.008726865691581e-04	5.451712e-02	4.999895e+00	7.592031e-02
5.008826865691581e-04	5.532894e-02	4.999895e+00	7.591807e-02
5.008926865691581e-04	5.614175e-02	4.999895e+00	7.591590e-02
5.009026865691582e-04	5.693528e-02	4.999895e+00	7.591381e-02
5.009126865691582e-04	5.773036e-02	4.999895e+00	7.591179e-02
5.009226865691583e-04	5.850675e-02	4.999895e+00	7.590985e-02
5.009326865691583e-04	5.928518e-02	4.999895e+00	7.590796e-02
5.009426865691584e-04	6.004547e-02	4.999895e+00	7.590614e-02
5.009526865691584e-04	6.080823e-02	4.999895e+00	7.590437e-02
5.009626865691585e-04	6.155337e-02	4.999895e+00	7.590266e-02
5.009726865691585e-04	6.230137e-02	4.999895e+00	7.590101e-02
5.009826865691586e-04	6.303222e-02	4.999895e+00	7.589940e-02
5.009926865691586e-04	6.376631e-02	4.999895e+00	7.589785e-02
5.010026865691587e-04	6.448366e-02	4.999895e+00	7.589634e-02
5.010126865691587e-04	6.520458e-02	4.999895e+00	7.589487e-02
5.010226865691588e-04	6.590918e-02	4.999895e+00	7.589345e-02
5.010326865691588e-04	6.661765e-02	4.999895e+00	7.589207e-02
5.010426865691589e-04	6.731016e-02	4.999895e+00	7.589073e-02
5.010526865691589e-04	6.800683e-02	4.999895e+00	7.588942e-02
5.010626865691590e-04	6.868789e-02	4.999895e+00	7.588815e-02
5.010726865691590e-04	6.937335e-02	4.999895e+00	7.588691e-02
5.010826865691591e-04	7.004352e-02	4.999895e+00	7.588571e-02
5.010926865691591e-04	7.071833e-02	4.999895e+00	7.588454e-02
5.011026865691592e-04	7.137816e-02	4.999895e+00	7.588340e-02
5.011126865691592e-04	7.204285e-02	4.999895e+00	7.588229e-02
5.011226865691593e-04	7.269283e-02	4.999895e+00	7.588121e-02
5.011326865691593e-04	7.334787e-02	4.999895e+00	7.588015e-02
5.011426865691594e-04	7.398846e-02	4.999895e+00	7.587913e-02
5.011526865691594e-04	7.463430e-02	4.999895e+00	7.587812e-02
5.011626865691595e-04	7.526594e-02	4.999895e+00	7.587714e-02
5.011726865691595e-04	7.590301e-02	4.999895e+00	7.587618e-02
5.011826865691596e-04	7.652611e-02	4.999895e+00	7.587525e-02
5.011926865691596e-04	7.715477e-02	4.999895e+00	7.587434e-02
5.012026865691597e-04	7.776970e-02	4.999895e+00	7.587345e-02
5.012126865691597e-04	7.839034e-02	4.999895e+00	7.587258e-02
5.012226865691598e-04	7.899746e-02	4.999895e+00	7.587173e-02
5.012326865691598e-04	7.961042e-02	4.999895e+00	7.587090e-02
5.012426865691599e-04	8.021006e-02	4.999895e+00	7.587009e-02
5.012526865691599e-04	8.081567e-02	4.999895e+00	7.586929e-02
5.012626865691600e-04	8.140813e-02	4.999895e+00	7.586852e-02
5.012726865691600e-04	8.200667e-02	4.999895e+00	7.586775e-02
5.012826865691601e-04	8.259226e-02	4.999895e+00	7.586701e-02
5.012926865691601e-04	8.318403e-02	4.999895e+00	7.586628e-02
5.013026865691602e-04	8.376302e-02	4.999895e+00	7.586557e-02
5.013126865691602e-04	8.434828e-02	4.999895e+00	7.586487e-02
5.013226865691603e-04	8.492094e-02	4.999895e+00	7.586418e-02
5.013326865691603e-04	8.549994e-02	4.999895e+00	7.586351e-02
5.013426865691604e-04	8.606650e-02	4.999895e+00	7.586285e-02
5.013526865691604e-04	8.663949e-02	4.999895e+00	7.586221e-02
5.013626865691605e-04	8.720018e-02	4.999895e+00	7.586158e-02
5.013726865691605e-04	8.776739e-02	4.999895e+00	7.586096e-02
5.013826865691606e-04	8.832243e-02	4.999895e+00	7.586036e-02
5.013926865691606e-04	8.888406e-02	4.999895e+00	7.585976e-02
5.014026865691606e-04	8.943367e-02	4.999895e+00	7.585917e-02
5.014126865691607e-04	8.998992e-02	4.999895e+00	7.585860e-02
5.014226865691607e-04	9.053428e-02	4.999895e+00	7.585804e-02
5.014326865691608e-04	9.108536e-02	4.999895e+00	7.585749e-02
5.014426865691608e-04	9.162467e-02	4.999895e+00	7.585695e-02
5.014526865691609e-04	9.217074e-02	4.999895e+00	7.585642e-02
5.014626865691609e-04	9.270517e-02	4.999895e+00	7.585590e-02
5.014726865691610e-04	9.324642e-02	4.999895e+00	7.585538e-02
5.014826865691610e-04	9.377612e-02	4.999895e+00	7.585488e-02
5.014926865691611e-04	9.431271e-02	4.999895e+00	7.585438e-02
5.015026865691611e-04	9.483787e-02	4.999895e+00	7.585390e-02
5.015126865691612e-04	9.536994e-02	4.999895e+00	7.585341e-02
5.015226865691612e-04	9.589069e-02	4.999895e+00	7.585295e-02
5.015326865691613e-04	9.641840e-02	4.999895e+00	7.585248e-02
5.015426865691613e-04	9.693490e-02	4.999895e+00	7.585204e-02
5.015526865691614e-04	9.745838e-02	4.999895e+00	7.585159e-02
5.015626865691614e-04	9.797077e-02	4.999895e+00	7.585115e-02
5.015726865691615e-04	9.849016e-02	4.999895e+00	7.585072e-02
5.015826865691615e-04	9.899855e-02	4.999895e+00	7.585029e-02
5.015926865691616e-04	9.951399e-02	4.999895e+00	7.584988e-02
5.016026865691616e-04	1.000185e-01	4.999895e+00	7.584947e-02
5.016126865691617e-04	1.005301e-01	4.999895e+00	7.584906e-02
5.016226865691617e-04	1.010309e-01	4.999895e+00	7.584866e-02
5.016326865691618e-04	1.015388e-01	4.999895e+00	7.584827e-02
5.016426865691618e-04	1.020359e-01	4.999895e+00	7.584789e-02
5.016526865691619e-04	1.025402e-01	4.999895e+00	7.584751e-02
5.016626865691619e-04	1.030338e-01	4.999895e+00	7.584713e-02
5.016726865691620e-04	1.035346e-01	4.999895e+00	7.584676e-02
5.016826865691620e-04	1.040248e-01	4.999895e+00	7.584640e-02
5.016926865691621e-04	1.045222e-01	4.999895e+00	7.584605e-02
5.017026865691621e-04	1.050091e-01	4.999895e+00	7.584570e-02
5.017126865691622e-04	1.055031e-01	4.999895e+00	7.584535e-02
5.017226865691622e-04	1.059868e-01	4.999895e+00	7.584501e-02
5.017326865691623e-04	1.064777e-01	4.999895e+00	7.584467e-02
5.017426865691623e-04	1.069582e-01	4.999895e+00	7.584434e-02
5.017526865691624e-04	1.074459e-01	4.999895e+00	7.584401e-02
5.017626865691624e-04	1.079234e-01	4.999895e+00	7.584369e-02
5.017726865691625e-04	1.084081e-01	4.999895e+00	7.584337e-02
5.017826865691625e-04	1.088827e-01	4.999895e+00	7.584306e-02
5.017926865691626e-04	1.093644e-01	4.999895e+00	7.584275e-02
5.018026865691626e-04	1.098361e-01	4.999895e+00	7.584245e-02
5.018126865691627e-04	1.103149e-01	4.999895e+00	7.584215e-02
5.018226865691627e-04	1.107838e-01	4.999895e+00	7.584185e-02
5.018326865691628e-04	1.112599e-01	4.999895e+00	7.584156e-02
5.018426865691628e-04	1.117260e-01	4.999895e+00	7.584127e-02
5.018526865691629e-04	1.121993e-01	4.999895e+00	7.584099e-02
5.018626865691629e-04	1.126628e-01	4.999895e+00	7.584071e-02
5.018726865691630e-04	1.131335e-01	4.999895e+00	7.584043e-02
5.018826865691630e-04	1.135944e-01	4.999895e+00	7.584016e-02
5.018926865691631e-04	1.140625e-01	4.999895e+00	7.583989e-02
5.019026865691631e-04	1.145208e-01	4.999895e+00	7.583962e-02
5.019126865691632e-04	1.149864e-01	4.999895e+00	7.583936e-02
5.019226865691632e-04	1.154423e-01	4.999895e+00	7.583910e-02
5.019326865691632e-04	1.159054e-01	4.999895e+00	7.583885e-02
5.019426865691633e-04	1.163589e-01	4.999895e+00	7.583860e-02
5.019526865691633e-04	1.168196e-01	4.999895e+00	7.583834e-02
5.019626865691634e-04	1.172708e-01	4.999895e+00	7.583810e-02
5.019726865691634e-04	1.177291e-01	4.999895e+00	7.583786e-02
5.019826865691635e-04	1.181780e-01	4.999895e+00	7.583762e-02
5.019926865691635e-04	1.186341e-01	4.999895e+00	7.583738e-02
5.020010000000001e-04	1.190048e-01	4.999895e+00	7.583719e-02
5.020013333333334e-04	1.190218e-01	4.999895e+00	7.583718e-02
5.020020000000001e-04	1.190553e-01	4.999895e+00	9.250566e-02
5.020027648417863e-04	1.191060e-01	4.999895e+00	1.302777e-01
5.020035352650501e-04	1.191741e-01	4.999895e+00	1.673879e-01
5.020043378364342e-04	1.192622e-01	4.999895e+00	2.050911e-01
5.020059429792026e-04	1.194878e-01	4.999895e+00	2.777681e-01
5.020091532647393e-04	1.201146e-01	4.999895e+00	4.133839e-01
5.020139194674985e-04	1.214056e-01	4.999895e+00	5.947226e-01
5.020196274180409e-04	1.233902e-01	4.999895e+00	7.875080e-01
5.020278671674542e-04	1.268364e-01	4.999895e+00	1.033381e+00
5.020378671674543e-04	1.316089e-01	4.999895e+00	1.298700e+00
5.020478671674543e-04	1.367571e-01	4.999895e+00	1.542775e+00
5.020578671674544e-04	1.421071e-01	4.999895e+00	1.775241e+00
5.020678671674544e-04	1.475647e-01	4.999895e+00	2.001340e+00
5.020778671674545e-04	1.530786e-01	4.999895e+00	2.223929e+00
5.020878671674545e-04	1.586215e-01	4.999895e+00	2.444562e+00
5.020978671674546e-04	1.641784e-01	4.999895e+00	2.664087e+00
5.021078671674546e-04	1.697414e-01	4.999895e+00	2.882963e+00
5.021178671674547e-04	1.753062e-01	4.999895e+00	3.101442e+00
5.021278671674547e-04	1.808708e-01	4.999895e+00	3.319662e+00
5.021378671674548e-04	1.864340e-01	4.999895e+00	3.537696e+00
5.021478671674548e-04	1.919954e-01	4.999895e+00	3.755585e+00
5.021578671674549e-04	1.975547e-01	4.999895e+00	3.973352e+00
5.021678671674549e-04	2.031119e-01	4.999895e+00	4.191008e+00
5.021778671674549e-04	2.086669e-01	4.999895e+00	4.408561e+00
5.021878671674550e-04	2.142199e-01	4.999895e+00	4.626014e+00
5.021978671674550e-04	2.197708e-01	4.999895e+00	4.843369e+00
5.022078671674551e-04	2.253197e-01	4.999895e+00	5.060627e+00
5.022178671674551e-04	2.308667e-01	4.999895e+00	5.277788e+00
5.022278671674552e-04	2.364118e-01	4.999895e+00	5.494854e+00
5.022378671674552e-04	2.419549e-01	4.999895e+00	5.711825e+00
5.022478671674553e-04	2.474962e-01	4.999895e+00	5.928700e+00
5.022578671674553e-04	2.530356e-01	4.999895e+00	6.145480e+00
5.022678671674554e-04	2.585733e-01	4.999895e+00	6.362165e+00
5.022778671674554e-04	2.641090e-01	4.999895e+00	6.578755e+00
5.022878671674555e-04	2.696429e-01	4.999895e+00	6.795250e+00
5.022978671674555e-04	2.751748e-01	4.999895e+00	7.011650e+00
5.023078671674556e-04	2.807050e-01	4.999895e+00	7.227954e+00
5.023178671674556e-04	2.862332e-01	4.999895e+00	7.444165e+00
5.023278671674557e-04	2.917595e-01	4.999895e+00	7.660280e+00
5.023378671674557e-04	2.972839e-01	4.999895e+00	7.876300e+00
5.023478671674558e-04	3.028064e-01	4.999895e+00	8.092225e+00
5.023578671674558e-04	3.083268e-01	4.999895e+00	8.308056e+00
5.023678671674559e-04	3.138453e-01	4.999895e+00	8.523792e+00
5.023778671674559e-04	3.193617e-01	4.999895e+00	8.739433e+00
5.023878671674560e-04	3.248762e-01	4.999895e+00	8.954980e+00
5.023978671674560e-04	3.303885e-01	4.999895e+00	9.170431e+00
5.024078671674561e-04	3.358988e-01	4.999895e+00	9.385789e+00
5.024178671674561e-04	3.414069e-01	4.999895e+00	9.601051e+00
5.024278671674562e-04	3.469129e-01	4.999895e+00	9.816219e+00
5.024378671674562e-04	3.524166e-01	4.999895e+00	1.003129e+01
5.024478671674563e-04	3.579182e-01	4.999895e+00	1.024627e+01
5.024578671674563e-04	3.634176e-01	4.999895e+00	1.046116e+01
5.024678671674564e-04	3.689147e-01	4.999895e+00	1.067595e+01
5.024778671674564e-04	3.744095e-01	4.999895e+00	1.089064e+01
5.024878671674565e-04	3.799020e-01	4.999895e+00	1.110524e+01
5.024978671674565e-04	3.853921e-01	4.999895e+00	1.131975e+01
5.025078671674566e-04	3.908800e-01	4.999895e+00	1.153416e+01
5.025178671674566e-04	3.963653e-01	4.999895e+00	1.174848e+01
5.025278671674567e-04	4.018483e-01	4.999895e+00	1.196270e+01
5.025378671674567e-04	4.073288e-01	4.999895e+00	1.217683e+01
5.025478671674568e-04	4.128069e-01	4.999895e+00	1.239087e+01
5.025578671674568e-04	4.182824e-01	4.999895e+00	1.260481e+01
5.025678671674569e-04	4.237554e-01	4.999895e+00	1.281866e+01
5.025778671674569e-04	4.292259e-01	4.999895e+00	1.303241e+01
5.025878671674570e-04	4.346938e-01	4.999895e+00	1.324607e+01
5.025978671674570e-04	4.401590e-01	4.999895e+00	1.345963e+01
5.026078671674571e-04	4.456216e-01	4.999895e+00	1.367310e+01
5.026178671674571e-04	4.510816e-01	4.999895e+00	1.388648e+01
5.026278671674572e-04	4.565389e-01	4.999895e+00	1.409976e+01
5.026378671674572e-04	4.619935e-01	4.999895e+00	1.431294e+01
5.026478671674573e-04	4.674453e-01	4.999895e+00	1.452604e+01
5.026578671674573e-04	4.728944e-01	4.999895e+00	1.473904e+01
5.026678671674574e-04	4.783407e-01	4.999895e+00	1.495194e+01
5.026778671674574e-04	4.837841e-01	4.999895e+00	1.516476e+01
5.026878671674574e-04	4.892248e-01	4.999895e+00	1.537747e+01
5.026978671674575e-04	4.946626e-01	4.999895e+00	1.559010e+01
5.027078671674575e-04	5.000975e-01	4.999895e+00	1.580263e+01
5.027178671674576e-04	5.055295e-01	4.999895e+00	1.601506e+01
5.027278671674576e-04	5.109586e-01	4.999895e+00	1.622741e+01
5.027378671674577e-04	5.163847e-01	4.999895e+00	1.643966e+01
5.027478671674577e-04	5.218078e-01	4.999895e+00	1.665181e+01
5.027578671674578e-04	5.272280e-01	4.999895e+00	1.686387e+01
5.027678671674578e-04	5.326451e-01	4.999895e+00	1.707584e+01
5.027778671674579e-04	5.380592e-01	4.999895e+00	1.728771e+01
5.027878671674579e-04	5.434702e-01	4.999895e+00	1.749949e+01
5.027978671674580e-04	5.488781e-01	4.999895e+00	1.771118e+01
5.028078671674580e-04	5.542830e-01	4.999895e+00	1.792277e+01
5.028178671674581e-04	5.596846e-01	4.999895e+00	1.813427e+01
5.028278671674581e-04	5.650832e-01	4.999895e+00	1.834568e+01
5.028378671674582e-04	5.704786e-01	4.999895e+00	1.855699e+01
5.028478671674582e-04	5.758708e-01	4.999895e+00	1.876821e+01
5.028578671674583e-04	5.812597e-01	4.999895e+00	1.897933e+01
5.028678671674583e-04	5.866454e-01	4.999895e+00	1.919037e+01
5.028778671674584e-04	5.920278e-01	4.999895e+00	1.940131e+01
5.028878671674584e-04	5.974070e-01	4.999895e+00	1.961215e+01
5.028978671674585e-04	6.027828e-01	4.999895e+00	1.982290e+01
5.029078671674585e-04	6.081554e-01	4.999895e+00	2.003356e+01
5.029178671674586e-04	6.135246e-01	4.999895e+00	2.024413e+01
5.029278671674586e-04	6.188905e-01	4.999895e+00	2.045460e+01
5.029378671674587e-04	6.242529e-01	4.999895e+00	2.066498e+01
5.029478671674587e-04	6.296120e-01	4.999895e+00	2.087527e+01
5.029578671674588e-04	6.349677e-01	4.999895e+00	2.108546e+01
5.029678671674588e-04	6.403199e-01	4.999895e+00	2.129556e+01
5.029778671674589e-04	6.456687e-01	4.999895e+00	2.150556e+01
5.029878671674589e-04	6.510140e-01	4.999895e+00	2.171548e+01
5.029978671674590e-04	6.563557e-01	4.999895e+00	2.192530e+01
5.030078671674590e-04	6.616940e-01	4.999895e+00	2.213503e+01
5.030178671674591e-04	6.670288e-01	4.999895e+00	2.234466e+01
5.030278671674591e-04	6.723600e-01	4.999895e+00	2.255420e+01
5.030378671674592e-04	6.776876e-01	4.999895e+00	2.276365e+01
5.030478671674592e-04	6.830117e-01	4.999895e+00	2.297300e+01
5.030578671674593e-04	6.883321e-01	4.999895e+00	2.318227e+01
5.030678671674593e-04	6.936490e-01	4.999895e+00	2.339144e+01
5.030778671674594e-04	6.989622e-01	4.999895e+00	2.360051e+01
5.030878671674594e-04	7.042717e-01	4.999895e+00	2.380950e+01
5.030978671674595e-04	7.095776e-01	4.999895e+00	2.401839e+01
5.031078671674595e-04	7.148798e-01	4.999895e+00	2.422719e+01
5.031178671674596e-04	7.201782e-01	4.999895e+00	2.443590e+01
5.031278671674596e-04	7.254729e-01	4.999895e+00	2.464451e+01
5.031378671674597e-04	7.307639e-01	4.999895e+00	2.485303e+01
5.031478671674597e-04	7.360512e-01	4.999895e+00	2.506146e+01
5.031578671674598e-04	7.413347e-01	4.999895e+00	2.526979e+01
5.031678671674598e-04	7.466144e-01	4.999895e+00	2.547804e+01
5.031778671674599e-04	7.518902e-01	4.999895e+00	2.568619e+01
5.031878671674599e-04	7.571623e-01	4.999895e+00	2.589425e+01
5.031978671674600e-04	7.624305e-01	4.999895e+00	2.610221e+01
5.032078671674600e-04	7.676950e-01	4.999895e+00	2.631009e+01
5.032178671674600e-04	7.729554e-01	4.999895e+00	2.651787e+01
5.032278671674601e-04	7.782121e-01	4.999895e+00	2.672556e+01
5.032378671674601e-04	7.834648e-01	4.999895e+00	2.693315e+01
5.032478671674602e-04	7.887136e-01	4.999895e+00	2.714066e+01
5.032578671674602e-04	7.939585e-01	4.999895e+00	2.734807e+01
5.032678671674603e-04	7.991995e-01	4.999895e+00	2.755539e+01
5.032778671674603e-04	8.044365e-01	4.999895e+00	2.776262e+01
5.032878671674604e-04	8.096696e-01	4.999895e+00	2.796975e+01
5.032978671674604e-04	8.148986e-01	4.999895e+00	2.817679e+01
5.033078671674605e-04	8.201236e-01	4.999895e+00	2.838375e+01
5.033178671674605e-04	8.253446e-01	4.999895e+00	2.859060e+01
5.033278671674606e-04	8.305616e-01	4.999895e+00	2.879737e+01
5.033378671674606e-04	8.357746e-01	4.999895e+00	2.900405e+01
5.033478671674607e-04	8.409835e-01	4.999895e+00	2.921063e+01
5.033578671674607e-04	8.461884e-01	4.999895e+00	2.941712e+01
5.033678671674608e-04	8.513891e-01	4.999895e+00	2.962352e+01
5.033778671674608e-04	8.565857e-01	4.999895e+00	2.982983e+01
5.033878671674609e-04	8.617783e-01	4.999895e+00	3.003605e+01
5.033978671674609e-04	8.669667e-01	4.999895e+00	3.024217e+01
5.034078671674610e-04	8.721510e-01	4.999895e+00	3.044820e+01
5.034178671674610e-04	8.773311e-01	4.999895e+00	3.065414e+01
5.034278671674611e-04	8.825071e-01	4.999895e+00	3.085999e+01
5.034378671674611e-04	8.876790e-01	4.999895e+00	3.106575e+01
5.034478671674612e-04	8.928466e-01	4.999895e+00	3.127141e+01
5.034578671674612e-04	8.980100e-01	4.999895e+00	3.147699e+01
5.034678671674613e-04	9.031692e-01	4.999895e+00	3.168247e+01
5.034778671674613e-04	9.083242e-01	4.999895e+00	3.188786e+01
5.034878671674614e-04	9.134750e-01	4.999895e+00	3.209316e+01
5.034978671674614e-04	9.186215e-01	4.999895e+00	3.229837e+01
5.035078671674615e-04	9.237638e-01	4.999895e+00	3.250348e+01
5.035178671674615e-04	9.289017e-01	4.999895e+00	3.270851e+01
5.035278671674616e-04	9.340354e-01	4.999895e+00	3.291344e+01
5.035378671674616e-04	9.391648e-01	4.999895e+00	3.311828e+01
5.035478671674617e-04	9.442899e-01	4.999895e+00	3.332304e+01
5.035578671674617e-04	9.494107e-01	4.999895e+00	3.352769e+01
5.035678671674618e-04	9.545271e-01	4.999895e+00	3.373226e+01
5.035778671674618e-04	9.596393e-01	4.999895e+00	3.393674e+01
5.035878671674619e-04	9.647470e-01	4.999895e+00	3.414112e+01
5.035978671674619e-04	9.698504e-01	4.999895e+00	3.434542e+01
5.036078671674620e-04	9.749495e-01	4.999895e+00	3.454963e+01
5.036178671674620e-04	9.800441e-01	4.999895e+00	3.475374e+01
5.036278671674621e-04	9.851344e-01	4.999895e+00	3.495776e+01
5.036378671674621e-04	9.902202e-01	4.999895e+00	3.516169e+01
5.036478671674622e-04	9.953017e-01	4.999895e+00	3.536553e+01
5.036578671674622e-04	1.000379e+00	4.999895e+00	3.556928e+01
5.036678671674623e-04	1.005451e+00	4.999895e+00	3.577293e+01
5.036778671674623e-04	1.010519e+00	4.999895e+00	3.597650e+01
5.036878671674624e-04	1.015583e+00	4.999895e+00	3.617998e+01
5.036978671674624e-04	1.020642e+00	4.999895e+00	3.638336e+01
5.037078671674625e-04	1.025697e+00	4.999895e+00	3.658666e+01
5.037178671674625e-04	1.030747e+00	4.999895e+00	3.678986e+01
5.037278671674625e-04	1.035793e+00	4.999895e+00	3.699297e+01
5.037378671674626e-04	1.040834e+00	4.999895e+00	3.719600e+01
5.037478671674626e-04	1.045871e+00	4.999895e+00	3.739893e+01
5.037578671674627e-04	1.050903e+00	4.999895e+00	3.760177e+01
5.037678671674627e-04	1.055931e+00	4.999895e+00	3.780452e+01
5.037778671674628e-04	1.060954e+00	4.999895e+00	3.800718e+01
5.037878671674628e-04	1.065973e+00	4.999895e+00	3.820975e+01
5.037978671674629e-04	1.070987e+00	4.999895e+00	3.841223e+01
5.038078671674629e-04	1.075996e+00	4.999895e+00	3.861462e+01
5.038178671674630e-04	1.081001e+00	4.999895e+00	3.881692e+01
5.038278671674630e-04	1.086001e+00	4.999895e+00	3.901912e+01
5.038378671674631e-04	1.090997e+00	4.999895e+00	3.922124e+01
5.038478671674631e-04	1.095988e+00	4.999895e+00	3.942327e+01
5.038578671674632e-04	1.100975e+00	4.999895e+00	3.962521e+01
5.038678671674632e-04	1.105957e+00	4.999895e+00	3.982705e+01
5.038778671674633e-04	1.110934e+00	4.999895e+00	4.002881e+01
5.038878671674633e-04	1.115907e+00	4.999895e+00	4.023048e+01
5.038978671674634e-04	1.120875e+00	4.999895e+00	4.043205e+01
5.039078671674634e-04	1.125838e+00	4.999895e+00	4.063354e+01
5.039178671674635e-04	1.130797e+00	4.999895e+00	4.083493e+01
5.039278671674635e-04	1.135751e+00	4.999895e+00	4.103624e+01
5.039378671674636e-04	1.140700e+00	4.999895e+00	4.123746e+01
5.039478671674636e-04	1.145645e+00	4.999895e+00	4.143858e+01
5.039578671674637e-04	1.150584e+00	4.999895e+00	4.163962e+01
5.039678671674637e-04	1.155520e+00	4.999895e+00	4.184056e+01
5.039778671674638e-04	1.160450e+00	4.999895e+00	4.204142e+01
5.039878671674638e-04	1.165376e+00	4.999895e+00	4.224219e+01
5.039978671674639e-04	1.170297e+00	4.999895e+00	4.244286e+01
5.040078671674639e-04	1.175214e+00	4.999895e+00	4.264345e+01
5.040178671674640e-04	1.180125e+00	4.999895e+00	4.284395e+01
5.040278671674640e-04	1.185032e+00	4.999895e+00	4.304436e+01
5.040378671674641e-04	1.189934e+00	4.999895e+00	4.324467e+01
5.040478671674641e-04	1.194832e+00	4.999895e+00	4.344490e+01
5.040578671674642e-04	1.199725e+00	4.999895e+00	4.364504e+01
5.040678671674642e-04	1.204612e+00	4.999895e+00	4.384509e+01
5.040778671674643e-04	1.209496e+00	4.999895e+00	4.404505e+01
5.040878671674643e-04	1.214374e+00	4.999895e+00	4.424492e+01
5.040978671674644e-04	1.219247e+00	4.999895e+00	4.444470e+01
5.041078671674644e-04	1.224116e+00	4.999895e+00	4.464439e+01
5.041178671674645e-04	1.228980e+00	4.999895e+00	4.484400e+01
5.041278671674645e-04	1.233839e+00	4.999895e+00	4.504351e+01
5.041378671674646e-04	1.238694e+00	4.999895e+00	4.524293e+01
5.041478671674646e-04	1.243543e+00	4.999895e+00	4.544227e+01
5.041578671674647e-04	1.248388e+00	4.999895e+00	4.564151e+01
5.041678671674647e-04	1.253228e+00	4.999895e+00	4.584067e+01
5.041778671674648e-04	1.258063e+00	4.999895e+00	4.603973e+01
5.041878671674648e-04	1.262893e+00	4.999895e+00	4.623871e+01
5.041978671674649e-04	1.267718e+00	4.999895e+00	4.643760e+01
5.042078671674649e-04	1.272539e+00	4.999895e+00	4.663640e+01
5.042178671674650e-04	1.277354e+00	4.999895e+00	4.683511e+01
5.042278671674650e-04	1.282165e+00	4.999895e+00	4.703373e+01
5.042378671674650e-04	1.286971e+00	4.999895e+00	4.723227e+01
5.042478671674651e-04	1.291772e+00	4.999895e+00	4.743071e+01
5.042578671674651e-04	1.296568e+00	4.999895e+00	4.762907e+01
5.042678671674652e-04	1.301359e+00	4.999895e+00	4.782733e+01
5.042778671674652e-04	1.306146e+00	4.999895e+00	4.802551e+01
5.042878671674653e-04	1.310927e+00	4.999895e+00	4.822359e+01
5.042978671674653e-04	1.315704e+00	4.999895e+00	4.842160e+01
5.043078671674654e-04	1.320475e+00	4.999895e+00	4.861951e+01
5.043178671674654e-04	1.325242e+00	4.999895e+00	4.881733e+01
5.043278671674655e-04	1.330004e+00	4.999895e+00	4.901506e+01
5.043378671674655e-04	1.334761e+00	4.999895e+00	4.921271e+01
5.043478671674656e-04	1.339512e+00	4.999895e+00	4.941027e+01
5.043578671674656e-04	1.344260e+00	4.999895e+00	4.960773e+01
5.043678671674657e-04	1.349002e+00	4.999895e+00	4.980511e+01
5.043778671674657e-04	1.353739e+00	4.999895e+00	5.000240e+01
5.043878671674658e-04	1.358471e+00	4.999895e+00	5.019961e+01
5.043978671674658e-04	1.363198e+00	4.999895e+00	5.039672e+01
5.044078671674659e-04	1.367920e+00	4.999895e+00	5.059375e+01
5.044178671674659e-04	1.372638e+00	4.999895e+00	5.079069e+01
5.044278671674660e-04	1.377350e+00	4.999895e+00	5.098753e+01
5.044378671674660e-04	1.382057e+00	4.999895e+00	5.118430e+01
5.044478671674661e-04	1.386760e+00	4.999895e+00	5.138097e+01
5.044578671674661e-04	1.391457e+00	4.999895e+00	5.157756e+01
5.044678671674662e-04	1.396150e+00	4.999895e+00	5.177405e+01
5.044778671674662e-04	1.400837e+00	4.999895e+00	5.197046e+01
5.044878671674663e-04	1.405520e+00	4.999895e+00	5.216678e+01
5.044978671674663e-04	1.410197e+00	4.999895e+00	5.236301e+01
5.045078671674664e-04	1.414870e+00	4.999895e+00	5.255916e+01
5.045178671674664e-04	1.419537e+00	4.999895e+00	5.275521e+01
5.045278671674665e-04	1.424200e+00	4.999895e+00	5.295118e+01
5.045378671674665e-04	1.428857e+00	4.999895e+00	5.314706e+01
5.045478671674666e-04	1.433510e+00	4.999895e+00	5.334286e+01
5.045578671674666e-04	1.438157e+00	4.999895e+00	5.353856e+01
5.045678671674667e-04	1.442799e+00	4.999895e+00	5.373418e+01
5.045778671674667e-04	1.447437e+00	4.999895e+00	5.392971e+01
5.045878671674668e-04	1.452069e+00	4.999895e+00	5.412515e+01
5.045978671674668e-04	1.456697e+00	4.999895e+00	5.432051e+01
5.046078671674669e-04	1.461319e+00	4.999895e+00	5.451578e+01
5.046178671674669e-04	1.465936e+00	4.999895e+00	5.471096e+01
5.046278671674670e-04	1.470549e+00	4.999895e+00	5.490605e+01
5.046378671674670e-04	1.475156e+00	4.999895e+00	5.510105e+01
5.046478671674671e-04	1.479758e+00	4.999895e+00	5.529597e+01
5.046578671674671e-04	1.484355e+00	4.999895e+00	5.549080e+01
5.046678671674672e-04	1.488947e+00	4.999895e+00	5.568554e+01
5.046778671674672e-04	1.493534e+00	4.999895e+00	5.588020e+01
5.046878671674673e-04	1.498116e+00	4.999895e+00	5.607476e+01
5.046978671674673e-04	1.502693e+00	4.999895e+00	5.626924e+01
5.047078671674674e-04	1.507265e+00	4.999895e+00	5.646363e+01
5.047178671674674e-04	1.511832e+00	4.999895e+00	5.665794e+01
5.047278671674675e-04	1.516393e+00	4.999895e+00	5.685216e+01
5.047378671674675e-04	1.520950e+00	4.999895e+00	5.704629e+01
5.047478671674676e-04	1.525501e+00	4.999895e+00	5.724033e+01
5.047578671674676e-04	1.530048e+00	4.999895e+00	5.743429e+01
5.047678671674676e-04	1.534589e+00	4.999895e+00	5.762816e+01
5.047778671674677e-04	1.539126e+00	4.999895e+00	5.782195e+01
5.047878671674677e-04	1.543657e+00	4.999895e+00	5.801564e+01
5.047978671674678e-04	1.548183e+00	4.999895e+00	5.820925e+01
5.048078671674678e-04	1.552704e+00	4.999895e+00	5.840277e+01
5.048178671674679e-04	1.557220e+00	4.999895e+00	5.859621e+01
5.048278671674679e-04	1.561731e+00	4.999895e+00	5.878956e+01
5.048378671674680e-04	1.566237e+00	4.999895e+00	5.898282e+01
5.048478671674680e-04	1.570738e+00	4.999895e+00	5.917599e+01
5.048578671674681e-04	1.575233e+00	4.999895e+00	5.936908e+01
5.048678671674681e-04	1.579724e+00	4.999895e+00	5.956208e+01
5.048778671674682e-04	1.584209e+00	4.999895e+00	5.975500e+01
5.048878671674682e-04	1.588690e+00	4.999895e+00	5.994783e+01
5.048978671674683e-04	1.593165e+00	4.999895e+00	6.014057e+01
5.049078671674683e-04	1.597635e+00	4.999895e+00	6.033323e+01
5.049178671674684e-04	1.602100e+00	4.999895e+00	6.052579e+01
5.049278671674684e-04	1.606560e+00	4.999895e+00	6.071828e+01
5.049378671674685e-04	1.611015e+00	4.999895e+00	6.091067e+01
5.049478671674685e-04	1.615464e+00	4.999895e+00	6.110298e+01
5.049578671674686e-04	1.619909e+00	4.999895e+00	6.129520e+01
5.049678671674686e-04	1.624348e+00	4.999895e+00	6.148734e+01
5.049778671674687e-04	1.628783e+00	4.999895e+00	6.167939e+01
5.049878671674687e-04	1.633212e+00	4.999895e+00	6.187136e+01
5.049978671674688e-04	1.637636e+00	4.999895e+00	6.206324e+01
5.050078671674688e-04	1.642055e+00	4.999895e+00	6.225503e+01
5.050178671674689e-04	1.646469e+00	4.999895e+00	6.244674e+01
5.050278671674689e-04	1.650877e+00	4.999895e+00	6.263836e+01
5.050378671674690e-04	1.655281e+00	4.999895e+00	6.282989e+01
5.050478671674690e-04	1.659679e+00	4.999895e+00	6.302134e+01
5.050578671674691e-04	1.664073e+00	4.999895e+00	6.321270e+01
5.050678671674691e-04	1.668461e+00	4.999895e+00	6.340398e+01
5.050778671674692e-04	1.672844e+00	4.999895e+00	6.359517e+01
5.050878671674692e-04	1.677222e+00	4.999895e+00	6.378627e+01
5.050978671674693e-04	1.681594e+00	4.999895e+00	6.397729e+01
5.051078671674693e-04	1.685962e+00	4.999895e+00	6.416822e+01
5.051178671674694e-04	1.690325e+00	4.999895e+00	6.435907e+01
5.051278671674694e-04	1.694682e+00	4.999895e+00	6.454983e+01
5.051378671674695e-04	1.699034e+00	4.999895e+00	6.474050e+01
5.051478671674695e-04	1.703381e+00	4.999895e+00	6.493109e+01
5.051578671674696e-04	1.707723e+00	4.999895e+00	6.512160e+01
5.051678671674696e-04	1.712060e+00	4.999895e+00	6.531202e+01
5.051778671674697e-04	1.716392e+00	4.999895e+00	6.550235e+01
5.051878671674697e-04	1.720719e+00	4.999895e+00	6.569260e+01
5.051978671674698e-04	1.725040e+00	4.999895e+00	6.588276e+01
5.052078671674698e-04	1.729356e+00	4.999895e+00	6.607284e+01
5.052178671674699e-04	1.733667e+00	4.999895e+00	6.626283e+01
5.052278671674699e-04	1.737973e+00	4.999895e+00	6.645274e+01
5.052378671674700e-04	1.742274e+00	4.999895e+00	6.664256e+01
5.052478671674700e-04	1.746570e+00	4.999895e+00	6.683229e+01
5.052578671674701e-04	1.750860e+00	4.999895e+00	6.702194e+01
5.052678671674701e-04	1.755146e+00	4.999895e+00	6.721150e+01
5.052778671674701e-04	1.759426e+00	4.999895e+00	6.740099e+01
5.052878671674702e-04	1.763701e+00	4.999895e+00	6.759038e+01
5.052978671674702e-04	1.767971e+00	4.999895e+00	6.777969e+01
5.053078671674703e-04	1.772236e+00	4.999895e+00	6.796891e+01
5.053178671674703e-04	1.776495e+00	4.999895e+00	6.815805e+01
5.053278671674704e-04	1.780750e+00	4.999895e+00	6.834711e+01
5.053378671674704e-04	1.784999e+00	4.999895e+00	6.853607e+01
5.053478671674705e-04	1.789244e+00	4.999895e+00	6.872496e+01
5.053578671674705e-04	1.793483e+00	4.999895e+00	6.891376e+01
5.053678671674706e-04	1.797717e+00	4.999895e+00	6.910248e+01
5.053778671674706e-04	1.801945e+00	4.999895e+00	6.929111e+01
5.053878671674707e-04	1.806169e+00	4.999895e+00	6.947965e+01
5.053978671674707e-04	1.810387e+00	4.999895e+00	6.966811e+01
5.054078671674708e-04	1.814601e+00	4.999895e+00	6.985648e+01
5.054178671674708e-04	1.818809e+00	4.999895e+00	7.004478e+01
5.054278671674709e-04	1.823012e+00	4.999895e+00	7.023299e+01
5.054378671674709e-04	1.827210e+00	4.999895e+00	7.042110e+01
5.054478671674710e-04	1.831403e+00	4.999895e+00	7.060915e+01
5.054578671674710e-04	1.835590e+00	4.999895e+00	7.079710e+01
5.054678671674711e-04	1.839773e+00	4.999895e+00	7.098496e+01
5.054778671674711e-04	1.843950e+00	4.999895e+00	7.117274e+01
5.054878671674712e-04	1.848122e+00	4.999895e+00	7.136045e+01
5.054978671674712e-04	1.852289e+00	4.999895e+00	7.154807e+01
5.055078671674713e-04	1.856451e+00	4.999895e+00	7.173560e+01
5.055178671674713e-04	1.860608e+00	4.999895e+00	7.192304e+01
5.055278671674714e-04	1.864759e+00	4.999895e+00	7.211040e+01
5.055378671674714e-04	1.868906e+00	4.999895e+00	7.229768e+01
5.055478671674715e-04	1.873047e+00	4.999895e+00	7.248488e+01
5.055578671674715e-04	1.877183e+00	4.999895e+00	7.267198e+01
5.055678671674716e-04	1.881314e+00	4.999895e+00	7.285901e+01
5.055778671674716e-04	1.885440e+00	4.999895e+00	7.304595e+01
5.055878671674717e-04	1.889561e+00	4.999895e+00	7.323281e+01
5.055978671674717e-04	1.893677e+00	4.999895e+00	7.341959e+01
5.056078671674718e-04	1.897787e+00	4.999895e+00	7.360628e+01
5.056178671674718e-04	1.901892e+00	4.999895e+00	7.379288e+01
5.056278671674719e-04	1.905993e+00	4.999895e+00	7.397940e+01
5.056378671674719e-04	1.910087e+00	4.999895e+00	7.416584e+01
5.056478671674720e-04	1.914177e+00	4.999895e+00	7.435220e+01
5.056578671674720e-04	1.918262e+00	4.999895e+00	7.453847e+01
5.056678671674721e-04	1.922342e+00	4.999895e+00	7.472465e+01
5.056778671674721e-04	1.926416e+00	4.999895e+00	7.491075e+01
5.056878671674722e-04	1.930486e+00	4.999895e+00	7.509677e+01
5.056978671674722e-04	1.934550e+00	4.999895e+00	7.528271e+01
5.057078671674723e-04	1.938609e+00	4.999895e+00	7.546856e+01
5.057178671674723e-04	1.942663e+00	4.999895e+00	7.565433e+01
5.057278671674724e-04	1.946712e+00	4.999895e+00	7.584001e+01
5.057378671674724e-04	1.950755e+00	4.999895e+00	7.602562e+01
5.057478671674725e-04	1.954794e+00	4.999895e+00	7.621114e+01
5.057578671674725e-04	1.958827e+00	4.999895e+00	7.639657e+01
5.057678671674726e-04	1.962856e+00	4.999895e+00	7.658192e+01
5.057778671674726e-04	1.966879e+00	4.999895e+00	7.676719e+01
5.057878671674726e-04	1.970897e+00	4.999895e+00	7.695237e+01
5.057978671674727e-04	1.974910e+00	4.999895e+00	7.713747e+01
5.058078671674727e-04	1.978918e+00	4.999895e+00	7.732249e+01
5.058178671674728e-04	1.982921e+00	4.999895e+00	7.750743e+01
5.058278671674728e-04	1.986918e+00	4.999895e+00	7.769228e+01
5.058378671674729e-04	1.990911e+00	4.999895e+00	7.787705e+01
5.058478671674729e-04	1.994898e+00	4.999895e+00	7.806174e+01
5.058578671674730e-04	1.998880e+00	4.999895e+00	7.824634e+01
5.058678671674730e-04	2.002857e+00	4.999895e+00	7.843085e+01
5.058778671674731e-04	2.006829e+00	4.999895e+00	7.861530e+01
5.058878671674731e-04	2.010796e+00	4.999895e+00	7.879964e+01
5.058978671674732e-04	2.014758e+00	4.999895e+00	7.898392e+01
5.059078671674732e-04	2.018715e+00	4.999895e+00	7.916811e+01
5.059178671674733e-04	2.022666e+00	4.999895e+00	7.935221e+01
5.059278671674733e-04	2.026613e+00	4.999895e+00	7.953623e+01
5.059378671674734e-04	2.030554e+00	4.999895e+00	7.972018e+01
5.059478671674734e-04	2.034491e+00	4.999895e+00	7.990403e+01
5.059578671674735e-04	2.038422e+00	4.999895e+00	8.008781e+01
5.059678671674735e-04	2.042348e+00	4.999895e+00	8.027150e+01
5.059778671674736e-04	2.046269e+00	4.999895e+00	8.045511e+01
5.059878671674736e-04	2.050185e+00	4.999895e+00	8.063863e+01
5.059978671674737e-04	2.054096e+00	4.999895e+00	8.082207e+01
5.060078671674737e-04	2.058001e+00	4.999895e+00	8.100544e+01
5.060178671674738e-04	2.061902e+00	4.999895e+00	8.118872e+01
5.060278671674738e-04	2.065797e+00	4.999895e+00	8.137192e+01
5.060378671674739e-04	2.069688e+00	4.999895e+00	8.155503e+01
5.060478671674739e-04	2.073573e+00	4.999895e+00	8.173806e+01
5.060578671674740e-04	2.077453e+00	4.999895e+00	8.192101e+01
5.060678671674740e-04	2.081328e+00	4.999895e+00	8.210387e+01
5.060778671674741e-04	2.085199e+00	4.999895e+00	8.228666e+01
5.060878671674741e-04	2.089064e+00	4.999895e+00	8.246937e+01
5.060978671674742e-04	2.092923e+00	4.999895e+00	8.265199e+01
5.061078671674742e-04	2.096778e+00	4.999895e+00	8.283453e+01
5.061178671674743e-04	2.100628e+00	4.999895e+00	8.301698e+01
5.061278671674743e-04	2.104473e+00	4.999895e+00	8.319936e+01
5.061378671674744e-04	2.108313e+00	4.999895e+00	8.338165e+01
5.061478671674744e-04	2.112147e+00	4.999895e+00	8.356386e+01
5.061578671674745e-04	2.115977e+00	4.999895e+00	8.374599e+01
5.061678671674745e-04	2.119801e+00	4.999895e+00	8.392803e+01
5.061778671674746e-04	2.123621e+00	4.999895e+00	8.411000e+01
5.061878671674746e-04	2.127435e+00	4.999895e+00	8.429189e+01
5.061978671674747e-04	2.131244e+00	4.999895e+00	8.447369e+01
5.062078671674747e-04	2.135048e+00	4.999895e+00	8.465540e+01
5.062178671674748e-04	2.138848e+00	4.999895e+00	8.483704e+01
5.062278671674748e-04	2.142642e+00	4.999895e+00	8.501860e+01
5.062378671674749e-04	2.146431e+00	4.999895e+00	8.520007e+01
5.062478671674749e-04	2.150215e+00	4.999895e+00	8.538146e+01
5.062578671674750e-04	2.153994e+00	4.999895e+00	8.556277e+01
5.062678671674750e-04	2.157768e+00	4.999895e+00	8.574400e+01
5.062778671674751e-04	2.161537e+00	4.999895e+00	8.592516e+01
5.062878671674751e-04	2.165301e+00	4.999895e+00	8.610622e+01
5.062978671674752e-04	2.169059e+00	4.999895e+00	8.628721e+01
5.063078671674752e-04	2.172813e+00	4.999895e+00	8.646811e+01
5.063178671674752e-04	2.176562e+00	4.999895e+00	8.664893e+01
5.063278671674753e-04	2.180306e+00	4.999895e+00	8.682967e+01
5.063378671674753e-04	2.184044e+00	4.999895e+00	8.701034e+01
5.063478671674754e-04	2.187778e+00	4.999895e+00	8.719091e+01
5.063578671674754e-04	2.191507e+00	4.999895e+00	8.737141e+01
5.063678671674755e-04	2.195230e+00	4.999895e+00	8.755183e+01
5.063778671674755e-04	2.198949e+00	4.999895e+00	8.773216e+01
5.063878671674756e-04	2.202663e+00	4.999895e+00	8.791241e+01
5.063978671674756e-04	2.206371e+00	4.999895e+00	8.809259e+01
5.064078671674757e-04	2.210075e+00	4.999895e+00	8.827268e+01
5.064178671674757e-04	2.213773e+00	4.999895e+00	8.845269e+01
5.064278671674758e-04	2.217467e+00	4.999895e+00	8.863262e+01
5.064378671674758e-04	2.221156e+00	4.999895e+00	8.881247e+01
5.064478671674759e-04	2.224839e+00	4.999895e+00	8.899224e+01
5.064578671674759e-04	2.228518e+00	4.999895e+00	8.917193e+01
5.064678671674760e-04	2.232191e+00	4.999895e+00	8.935154e+01
5.064778671674760e-04	2.235860e+00	4.999895e+00	8.953106e+01
5.064878671674761e-04	2.239524e+00	4.999895e+00	8.971051e+01
5.064978671674761e-04	2.243182e+00	4.999895e+00	8.988987e+01
5.065078671674762e-04	2.246836e+00	4.999895e+00	9.006915e+01
5.065178671674762e-04	2.250484e+00	4.999895e+00	9.024836e+01
5.065278671674763e-04	2.254128e+00	4.999895e+00	9.042748e+01
5.065378671674763e-04	2.257767e+00	4.999895e+00	9.060652e+01
5.065478671674764e-04	2.261400e+00	4.999895e+00	9.078548e+01
5.065578671674764e-04	2.265029e+00	4.999895e+00	9.096436e+01
5.065678671674765e-04	2.268653e+00	4.999895e+00	9.114317e+01
5.065778671674765e-04	2.272272e+00	4.999895e+00	9.132188e+01
5.065878671674766e-04	2.275886e+00	4.999895e+00	9.150053e+01
5.065978671674766e-04	2.279495e+00	4.999895e+00	9.167908e+01
5.066078671674767e-04	2.283098e+00	4.999895e+00	9.185757e+01
5.066178671674767e-04	2.286697e+00	4.999895e+00	9.203596e+01
5.066278671674768e-04	2.290292e+00	4.999895e+00	9.221429e+01
5.066378671674768e-04	2.293880e+00	4.999895e+00	9.239252e+01
5.066478671674769e-04	2.297465e+00	4.999895e+00	9.257068e+01
5.066578671674769e-04	2.301044e+00	4.999895e+00	9.274876e+01
5.066678671674770e-04	2.304618e+00	4.999895e+00	9.292676e+01
5.066778671674770e-04	2.308187e+00	4.999895e+00	9.310468e+01
5.066878671674771e-04	2.311752e+00	4.999895e+00	9.328252e+01
5.066978671674771e-04	2.315311e+00	4.999895e+00	9.346027e+01
5.067078671674772e-04	2.318866e+00	4.999895e+00	9.363795e+01
5.067178671674772e-04	2.322415e+00	4.999895e+00	9.381555e+01
5.067278671674773e-04	2.325960e+00	4.999895e+00	9.399307e+01
5.067378671674773e-04	2.329499e+00	4.999895e+00	9.417051e+01
5.067478671674774e-04	2.333034e+00	4.999895e+00	9.434787e+01
5.067578671674774e-04	2.336564e+00	4.999895e+00	9.452515e+01
5.067678671674775e-04	2.340089e+00	4.999895e+00	9.470235e+01
5.067778671674775e-04	2.343609e+00	4.999895e+00	9.487946e+01
5.067878671674776e-04	2.347124e+00	4.999895e+00	9.505650e+01
5.067978671674776e-04	2.350635e+00	4.999895e+00	9.523347e+01
5.068078671674777e-04	2.354140e+00	4.999895e+00	9.541035e+01
5.068178671674777e-04	2.357640e+00	4.999895e+00	9.558715e+01
5.068278671674777e-04	2.361136e+00	4.999895e+00	9.576387e+01
5.068378671674778e-04	2.364627e+00	4.999895e+00	9.594051e+01
5.068478671674778e-04	2.368112e+00	4.999895e+00	9.611708e+01
5.068578671674779e-04	2.371593e+00	4.999895e+00	9.629356e+01
5.068678671674779e-04	2.375069e+00	4.999895e+00	9.646996e+01
5.068778671674780e-04	2.378540e+00	4.999895e+00	9.664629e+01
5.068878671674780e-04	2.382006e+00	4.999895e+00	9.682254e+01
5.068978671674781e-04	2.385468e+00	4.999895e+00	9.699870e+01
5.069078671674781e-04	2.388924e+00	4.999895e+00	9.717479e+01
5.069178671674782e-04	2.392376e+00	4.999895e+00	9.735080e+01
5.069278671674782e-04	2.395823e+00	4.999895e+00	9.752673e+01
5.069378671674783e-04	2.399265e+00	4.999895e+00	9.770258e+01
5.069478671674783e-04	2.402702e+00	4.999895e+00	9.787835e+01
5.069578671674784e-04	2.406134e+00	4.999895e+00	9.805404e+01
5.069678671674784e-04	2.409561e+00	4.999895e+00	9.822965e+01
5.069778671674785e-04	2.412984e+00	4.999895e+00	9.840519e+01
5.069878671674785e-04	2.416401e+00	4.999895e+00	9.858064e+01
5.069978671674786e-04	2.419814e+00	4.999895e+00	9.875602e+01
5.070078671674786e-04	2.423222e+00	4.999895e+00	9.893132e+01
5.070178671674787e-04	2.426625e+00	4.999895e+00	9.910654e+01
5.070278671674787e-04	2.430023e+00	4.999895e+00	9.928168e+01
5.070378671674788e-04	2.433417e+00	4.999895e+00	9.945673e+01
5.070478671674788e-04	2.436805e+00	4.999895e+00	9.963172e+01
5.070578671674789e-04	2.440189e+00	4.999895e+00	9.980663e+01
5.070678671674789e-04	2.443568e+00	4.999895e+00	9.998145e+01
5.070778671674790e-04	2.446943e+00	4.999895e+00	1.001562e+02
5.070878671674790e-04	2.450312e+00	4.999895e+00	1.003309e+02
5.070978671674791e-04	2.453676e+00	4.999895e+00	1.005055e+02
5.071078671674791e-04	2.457036e+00	4.999895e+00	1.006800e+02
5.071178671674792e-04	2.460391e+00	4.999895e+00	1.008544e+02
5.071278671674792e-04	2.463741e+00	4.999895e+00	1.010287e+02
5.071378671674793e-04	2.467087e+00	4.999895e+00	1.012030e+02
5.071478671674793e-04	2.470427e+00	4.999895e+00	1.013772e+02
5.071578671674794e-04	2.473763e+00	4.999895e+00	1.015513e+02
5.071678671674794e-04	2.477094e+00	4.999895e+00	1.017254e+02
5.071778671674795e-04	2.480420e+00	4.999895e+00	1.018993e+02
5.071878671674795e-04	2.483741e+00	4.999895e+00	1.020732e+02
5.071978671674796e-04	2.487058e+00	4.999895e+00	1.022470e+02
5.072078671674796e-04	2.490370e+00	4.999895e+00	1.024208e+02
5.072178671674797e-04	2.493677e+00	4.999895e+00	1.025944e+02
5.072278671674797e-04	2.496979e+00	4.999895e+00	1.027680e+02
5.072378671674798e-04	2.500277e+00	4.999895e+00	1.029415e+02
5.072478671674798e-04	2.503570e+00	4.999895e+00	1.031149e+02
5.072578671674799e-04	2.506858e+00	4.999895e+00	1.032882e+02
5.072678671674799e-04	2.510141e+00	4.999895e+00	1.034615e+02
5.072778671674800e-04	2.513419e+00	4.999895e+00	1.036347e+02
5.072878671674800e-04	2.516693e+00	4.999895e+00	1.038078e+02
5.072978671674801e-04	2.519962e+00	4.999895e+00	1.039808e+02
5.073078671674801e-04	2.523226e+00	4.999895e+00	1.041538e+02
5.073178671674802e-04	2.526486e+00	4.999895e+00	1.043266e+02
5.073278671674802e-04	2.529741e+00	4.999895e+00	1.044994e+02
5.073378671674802e-04	2.532991e+00	4.999895e+00	1.046721e+02
5.073478671674803e-04	2.536236e+00	4.999895e+00	1.048448e+02
5.073578671674803e-04	2.539477e+00	4.999895e+00	1.050173e+02
5.073678671674804e-04	2.542713e+00	4.999895e+00	1.051898e+02
5.073778671674804e-04	2.545944e+00	4.999895e+00	1.053622e+02
5.073878671674805e-04	2.549171e+00	4.999895e+00	1.055346e+02
5.073978671674805e-04	2.552392e+00	4.999895e+00	1.057068e+02
5.074078671674806e-04	2.555609e+00	4.999895e+00	1.058790e+02
5.074178671674806e-04	2.558822e+00	4.999895e+00	1.060511e+02
5.074278671674807e-04	2.562030e+00	4.999895e+00	1.062231e+02
5.074378671674807e-04	2.565233e+00	4.999895e+00	1.063950e+02
5.074478671674808e-04	2.568431e+00	4.999895e+00	1.065669e+02
5.074578671674808e-04	2.571625e+00	4.999895e+00	1.067387e+02
5.074678671674809e-04	2.574814e+00	4.999895e+00	1.069104e+02
5.074778671674809e-04	2.577998e+00	4.999895e+00	1.070820e+02
5.074878671674810e-04	2.581177e+00	4.999895e+00	1.072536e+02
5.074978671674810e-04	2.584352e+00	4.999895e+00	1.074251e+02
5.075078671674811e-04	2.587523e+00	4.999895e+00	1.075965e+02
5.075178671674811e-04	2.590688e+00	4.999895e+00	1.077678e+02
5.075278671674812e-04	2.593849e+00	4.999895e+00	1.079390e+02
5.075378671674812e-04	2.597006e+00	4.999895e+00	1.081102e+02
5.075478671674813e-04	2.600157e+00	4.999895e+00	1.082813e+02
5.075578671674813e-04	2.603304e+00	4.999895e+00	1.084523e+02
5.075678671674814e-04	2.606447e+00	4.999895e+00	1.086232e+02
5.075778671674814e-04	2.609584e+00	4.999895e+00	1.087941e+02
5.075878671674815e-04	2.612717e+00	4.999895e+00	1.089649e+02
5.075978671674815e-04	2.615846e+00	4.999895e+00	1.091356e+02
5.076078671674816e-04	2.618969e+00	4.999895e+00	1.093062e+02
5.076178671674816e-04	2.622089e+00	4.999895e+00	1.094768e+02
5.076278671674817e-04	2.625203e+00	4.999895e+00	1.096473e+02
5.076378671674817e-04	2.628313e+00	4.999895e+00	1.098177e+02
5.076478671674818e-04	2.631418e+00	4.999895e+00	1.099880e+02
5.076578671674818e-04	2.634519e+00	4.999895e+00	1.101582e+02
5.076678671674819e-04	2.637615e+00	4.999895e+00	1.103284e+02
5.076778671674819e-04	2.640707e+00	4.999895e+00	1.104985e+02
5.076878671674820e-04	2.643793e+00	4.999895e+00	1.106685e+02
5.076978671674820e-04	2.646876e+00	4.999895e+00	1.108385e+02
5.077078671674821e-04	2.649953e+00	4.999895e+00	1.110083e+02
5.077178671674821e-04	2.653026e+00	4.999895e+00	1.111781e+02
5.077278671674822e-04	2.656095e+00	4.999895e+00	1.113478e+02
5.077378671674822e-04	2.659159e+00	4.999895e+00	1.115175e+02
5.077478671674823e-04	2.662218e+00	4.999895e+00	1.116870e+02
5.077578671674823e-04	2.665273e+00	4.999895e+00	1.118565e+02
5.077678671674824e-04	2.668323e+00	4.999895e+00	1.120259e+02
5.077778671674824e-04	2.671369e+00	4.999895e+00	1.121953e+02
5.077878671674825e-04	2.674410e+00	4.999895e+00	1.123645e+02
5.077978671674825e-04	2.677446e+00	4.999895e+00	1.125337e+02
5.078078671674826e-04	2.680478e+00	4.999895e+00	1.127028e+02
5.078178671674826e-04	2.683506e+00	4.999895e+00	1.128719e+02
5.078278671674827e-04	2.686529e+00	4.999895e+00	1.130408e+02
5.078378671674827e-04	2.689547e+00	4.999895e+00	1.132097e+02
5.078478671674828e-04	2.692561e+00	4.999895e+00	1.133785e+02
5.078578671674828e-04	2.695570e+00	4.999895e+00	1.135472e+02
5.078678671674828e-04	2.698575e+00	4.999895e+00	1.137159e+02
5.078778671674829e-04	2.701575e+00	4.999895e+00	1.138844e+02
5.078878671674829e-04	2.704570e+00	4.999895e+00	1.140529e+02
5.078978671674830e-04	2.707561e+00	4.999895e+00	1.142214e+02
5.079078671674830e-04	2.710548e+00	4.999895e+00	1.143897e+02
5.079178671674831e-04	2.713530e+00	4.999895e+00	1.145580e+02
5.079278671674831e-04	2.716508e+00	4.999895e+00	1.147262e+02
5.079378671674832e-04	2.719481e+00	4.999895e+00	1.148943e+02
5.079478671674832e-04	2.722449e+00	4.999895e+00	1.150623e+02
5.079578671674833e-04	2.725413e+00	4.999895e+00	1.152303e+02
5.079678671674833e-04	2.728373e+00	4.999895e+00	1.153982e+02
5.079778671674834e-04	2.731328e+00	4.999895e+00	1.155660e+02
5.079878671674834e-04	2.734279e+00	4.999895e+00	1.157338e+02
5.079978671674835e-04	2.737225e+00	4.999895e+00	1.159014e+02
5.080078671674835e-04	2.740166e+00	4.999895e+00	1.160690e+02
5.080178671674836e-04	2.743104e+00	4.999895e+00	1.162365e+02
5.080278671674836e-04	2.746036e+00	4.999895e+00	1.164040e+02
5.080378671674837e-04	2.748965e+00	4.999895e+00	1.165714e+02
5.080478671674837e-04	2.751888e+00	4.999895e+00	1.167387e+02
5.080578671674838e-04	2.754807e+00	4.999895e+00	1.169059e+02
5.080678671674838e-04	2.757722e+00	4.999895e+00	1.170730e+02
5.080778671674839e-04	2.760633e+00	4.999895e+00	1.172401e+02
5.080878671674839e-04	2.763539e+00	4.999895e+00	1.174071e+02
5.080978671674840e-04	2.766440e+00	4.999895e+00	1.175740e+02
5.081078671674840e-04	2.769337e+00	4.999895e+00	1.177408e+02
5.081178671674841e-04	2.772230e+00	4.999895e+00	1.179076e+02
5.081278671674841e-04	2.775118e+00	4.999895e+00	1.180743e+02
5.081378671674842e-04	2.778002e+00	4.999895e+00	1.182409e+02
5.081478671674842e-04	2.780881e+00	4.999895e+00	1.184074e+02
5.081578671674843e-04	2.783756e+00	4.999895e+00	1.185739e+02
5.081678671674843e-04	2.786627e+00	4.999895e+00	1.187403e+02
5.081778671674844e-04	2.789493e+00	4.999895e+00	1.189066e+02
5.081878671674844e-04	2.792354e+00	4.999895e+00	1.190729e+02
5.081978671674845e-04	2.795212e+00	4.999895e+00	1.192390e+02
5.082078671674845e-04	2.798065e+00	4.999895e+00	1.194051e+02
5.082178671674846e-04	2.800913e+00	4.999895e+00	1.195712e+02
5.082278671674846e-04	2.803757e+00	4.999895e+00	1.197371e+02
5.082378671674847e-04	2.806597e+00	4.999895e+00	1.199030e+02
5.082478671674847e-04	2.809432e+00	4.999895e+00	1.200688e+02
5.082578671674848e-04	2.812263e+00	4.999895e+00	1.202345e+02
5.082678671674848e-04	2.815090e+00	4.999895e+00	1.204001e+02
5.082778671674849e-04	2.817912e+00	4.999895e+00	1.205657e+02
5.082878671674849e-04	2.820730e+00	4.999895e+00	1.207312e+02
5.082978671674850e-04	2.823543e+00	4.999895e+00	1.208966e+02
5.083078671674850e-04	2.826352e+00	4.999895e+00	1.210620e+02
5.083178671674851e-04	2.829157e+00	4.999895e+00	1.212273e+02
5.083278671674851e-04	2.831957e+00	4.999895e+00	1.213925e+02
5.083378671674852e-04	2.834754e+00	4.999895e+00	1.215576e+02
5.083478671674852e-04	2.837545e+00	4.999895e+00	1.217226e+02
5.083578671674853e-04	2.840333e+00	4.999895e+00	1.218876e+02
5.083678671674853e-04	2.843116e+00	4.999895e+00	1.220525e+02
5.083778671674853e-04	2.845894e+00	4.999895e+00	1.222174e+02
5.083878671674854e-04	2.848669e+00	4.999895e+00	1.223821e+02
5.083978671674854e-04	2.851439e+00	4.999895e+00	1.225468e+02
5.084078671674855e-04	2.854204e+00	4.999895e+00	1.227114e+02
5.084178671674855e-04	2.856966e+00	4.999895e+00	1.228760e+02
5.084278671674856e-04	2.859723e+00	4.999895e+00	1.230404e+02
5.084378671674856e-04	2.862476e+00	4.999895e+00	1.232048e+02
5.084478671674857e-04	2.865224e+00	4.999895e+00	1.233691e+02
5.084578671674857e-04	2.867968e+00	4.999895e+00	1.235334e+02
5.084678671674858e-04	2.870708e+00	4.999895e+00	1.236975e+02
5.084778671674858e-04	2.873444e+00	4.999895e+00	1.238616e+02
5.084878671674859e-04	2.876175e+00	4.999895e+00	1.240256e+02
5.084978671674859e-04	2.878902e+00	4.999895e+00	1.241896e+02
5.085078671674860e-04	2.881625e+00	4.999895e+00	1.243535e+02
5.085178671674860e-04	2.884343e+00	4.999895e+00	1.245173e+02
5.085278671674861e-04	2.887058e+00	4.999895e+00	1.246810e+02
5.085378671674861e-04	2.889767e+00	4.999895e+00	1.248446e+02
5.085478671674862e-04	2.892473e+00	4.999895e+00	1.250082e+02
5.085578671674862e-04	2.895175e+00	4.999895e+00	1.251717e+02
5.085678671674863e-04	2.897871e+00	4.999895e+00	1.253351e+02
5.085778671674863e-04	2.900564e+00	4.999895e+00	1.254985e+02
5.085878671674864e-04	2.903253e+00	4.999895e+00	1.256618e+02
5.085978671674864e-04	2.905937e+00	4.999895e+00	1.258250e+02
5.086078671674865e-04	2.908618e+00	4.999895e+00	1.259881e+02
5.086178671674865e-04	2.911294e+00	4.999895e+00	1.261512e+02
5.086278671674866e-04	2.913965e+00	4.999895e+00	1.263142e+02
5.086378671674866e-04	2.916633e+00	4.999895e+00	1.264771e+02
5.086478671674867e-04	2.919296e+00	4.999895e+00	1.266400e+02
5.086578671674867e-04	2.921955e+00	4.999895e+00	1.268027e+02
5.086678671674868e-04	2.924610e+00	4.999895e+00	1.269654e+02
5.086778671674868e-04	2.927260e+00	4.999895e+00	1.271281e+02
5.086878671674869e-04	2.929907e+00	4.999895e+00	1.272906e+02
5.086978671674869e-04	2.932549e+00	4.999895e+00	1.274531e+02
5.087078671674870e-04	2.935187e+00	4.999895e+00	1.276155e+02
5.087178671674870e-04	2.937821e+00	4.999895e+00	1.277778e+02
5.087278671674871e-04	2.940450e+00	4.999895e+00	1.279401e+02
5.087378671674871e-04	2.943076e+00	4.999895e+00	1.281023e+02
5.087478671674872e-04	2.945697e+00	4.999895e+00	1.282644e+02
5.087578671674872e-04	2.948314e+00	4.999895e+00	1.284265e+02
5.087678671674873e-04	2.950927e+00	4.999895e+00	1.285884e+02
5.087778671674873e-04	2.953536e+00	4.999895e+00	1.287503e+02
5.087878671674874e-04	2.956140e+00	4.999895e+00	1.289122e+02
5.087978671674874e-04	2.958741e+00	4.999895e+00	1.290739e+02
5.088078671674875e-04	2.961337e+00	4.999895e+00	1.292356e+02
5.088178671674875e-04	2.963929e+00	4.999895e+00	1.293972e+02
5.088278671674876e-04	2.966517e+00	4.999895e+00	1.295587e+02
5.088378671674876e-04	2.969101e+00	4.999895e+00	1.297202e+02
5.088478671674877e-04	2.971680e+00	4.999895e+00	1.298816e+02
5.088578671674877e-04	2.974256e+00	4.999895e+00	1.300429e+02
5.088678671674878e-04	2.976827e+00	4.999895e+00	1.302042e+02
5.088778671674878e-04	2.979394e+00	4.999895e+00	1.303653e+02
5.088878671674878e-04	2.981958e+00	4.999895e+00	1.305264e+02
5.088978671674879e-04	2.984517e+00	4.999895e+00	1.306875e+02
5.089078671674879e-04	2.987072e+00	4.999895e+00	1.308484e+02
5.089178671674880e-04	2.989622e+00	4.999895e+00	1.310093e+02
5.089278671674880e-04	2.992169e+00	4.999895e+00	1.311701e+02
5.089378671674881e-04	2.994711e+00	4.999895e+00	1.313309e+02
5.089478671674881e-04	2.997250e+00	4.999895e+00	1.314915e+02
5.089578671674882e-04	2.999784e+00	4.999895e+00	1.316521e+02
5.089678671674882e-04	3.002315e+00	4.999895e+00	1.318127e+02
5.089778671674883e-04	3.004841e+00	4.999895e+00	1.319731e+02
5.089878671674883e-04	3.007363e+00	4.999895e+00	1.321335e+02
5.089978671674884e-04	3.009881e+00	4.999895e+00	1.322938e+02
5.090078671674884e-04	3.012395e+00	4.999895e+00	1.324540e+02
5.090178671674885e-04	3.014904e+00	4.999895e+00	1.326142e+02
5.090278671674885e-04	3.017410e+00	4.999895e+00	1.327743e+02
5.090378671674886e-04	3.019912e+00	4.999895e+00	1.329343e+02
5.090478671674886e-04	3.022410e+00	4.999895e+00	1.330943e+02
5.090578671674887e-04	3.024903e+00	4.999895e+00	1.332542e+02
5.090678671674887e-04	3.027393e+00	4.999895e+00	1.334140e+02
5.090778671674888e-04	3.029878e+00	4.999895e+00	1.335737e+02
5.090878671674888e-04	3.032360e+00	4.999895e+00	1.337334e+02
5.090978671674889e-04	3.034837e+00	4.999895e+00	1.338929e+02
5.091078671674889e-04	3.037311e+00	4.999895e+00	1.340525e+02
5.091178671674890e-04	3.039780e+00	4.999895e+00	1.342119e+02
5.091278671674890e-04	3.042245e+00	4.999895e+00	1.343713e+02
5.091378671674891e-04	3.044707e+00	4.999895e+00	1.345306e+02
5.091478671674891e-04	3.047164e+00	4.999895e+00	1.346898e+02
5.091578671674892e-04	3.049617e+00	4.999895e+00	1.348490e+02
5.091678671674892e-04	3.052067e+00	4.999895e+00	1.350081e+02
5.091778671674893e-04	3.054512e+00	4.999895e+00	1.351671e+02
5.091878671674893e-04	3.056953e+00	4.999895e+00	1.353261e+02
5.091978671674894e-04	3.059390e+00	4.999895e+00	1.354849e+02
5.092078671674894e-04	3.061824e+00	4.999895e+00	1.356438e+02
5.092178671674895e-04	3.064253e+00	4.999895e+00	1.358025e+02
5.092278671674895e-04	3.066678e+00	4.999895e+00	1.359612e+02
5.092378671674896e-04	3.069099e+00	4.999895e+00	1.361197e+02
5.092478671674896e-04	3.071517e+00	4.999895e+00	1.362783e+02
5.092578671674897e-04	3.073930e+00	4.999895e+00	1.364367e+02
5.092678671674897e-04	3.076339e+00	4.999895e+00	1.365951e+02
5.092778671674898e-04	3.078745e+00	4.999895e+00	1.367534e+02
5.092878671674898e-04	3.081146e+00	4.999895e+00	1.369116e+02
5.092978671674899e-04	3.083544e+00	4.999895e+00	1.370698e+02
5.093078671674899e-04	3.085937e+00	4.999895e+00	1.372279e+02
5.093178671674900e-04	3.088327e+00	4.999895e+00	1.373859e+02
5.093278671674900e-04	3.090713e+00	4.999894e+00	1.375439e+02
5.093378671674901e-04	3.093094e+00	4.999894e+00	1.377018e+02
5.093478671674901e-04	3.095472e+00	4.999882e+00	1.378596e+02
5.093578671674902e-04	3.097846e+00	4.999821e+00	1.380173e+02
5.093678671674902e-04	3.100216e+00	4.998705e+00	1.381750e+02
5.093681203962551e-04	3.100276e+00	4.998501e+00	1.381790e+02
5.093686268537849e-04	3.100396e+00	4.997784e+00	1.381870e+02
5.093694799693859e-04	3.100598e+00	4.994490e+00	1.382004e+02
5.093701177744126e-04	3.100749e+00	4.988404e+00	1.382105e+02
5.093706656699103e-04	3.100878e+00	4.977355e+00	1.382191e+02
5.093711781627615e-04	3.101000e+00	4.956060e+00	1.382272e+02
5.093716488236890e-04	3.101111e+00	4.914514e+00	1.382346e+02
5.093721427751910e-04	3.101228e+00	4.842728e+00	1.382424e+02
5.093725881919650e-04	3.101333e+00	4.760420e+00	1.382494e+02
5.093734790255131e-04	3.101544e+00	4.559711e+00	1.382635e+02
5.093743340894667e-04	3.101746e+00	4.311336e+00	1.382769e+02
5.093756273885657e-04	3.102052e+00	3.741783e+00	1.382973e+02
5.093770853394337e-04	3.102397e+00	2.590216e+00	1.383203e+02
5.093785939249037e-04	3.102754e+00	4.242325e-01	1.383441e+02
5.093791643666863e-04	3.102888e+00	-1.163423e-02	1.383530e+02
5.093793115438257e-04	3.102923e+00	4.082228e-03	1.383554e+02
5.093793533065939e-04	3.102933e+00	1.350728e-03	1.383560e+02
5.093793859594302e-04	3.102941e+00	6.801598e-04	1.383565e+02
5.093794277379684e-04	3.102951e+00	3.752179e-04	1.383572e+02
5.093794837767555e-04	3.102964e+00	2.742085e-04	1.383581e+02
5.093795796215852e-04	3.102987e+00	2.436513e-04	1.383596e+02
5.093797232325671e-04	3.103020e+00	2.206797e-04	1.383618e+02
5.093805374904134e-04	3.103213e+00	1.408886e-04	1.383747e+02
5.093816231675419e-04	3.103469e+00	1.105795e-04	1.383918e+02
5.093837945217990e-04	3.103982e+00	1.105044e-04	1.384260e+02
5.093881372303131e-04	3.105008e+00	1.101208e-04	1.384944e+02
5.093968226473414e-04	3.107056e+00	1.100480e-04	1.386311e+02
5.094068226473414e-04	3.109411e+00	1.098071e-04	1.387885e+02
5.094168226473415e-04	3.111761e+00	1.099444e-04	1.389459e+02
5.094268226473415e-04	3.114108e+00	1.097747e-04	1.391031e+02
5.096068226473424e-04	3.155688e+00	1.097521e-04	1.419217e+02
5.108468226473485e-04	3.409643e+00	1.097741e-04	1.607337e+02
5.113468226473509e-04	3.497044e+00	1.097941e-04	1.680290e+02
5.117168226473527e-04	3.556579e+00	1.099201e-04	1.733236e+02
5.123668226473559e-04	3.651363e+00	1.098233e-04	1.824160e+02
5.127468226473578e-04	3.701246e+00	1.098308e-04	1.876109e+02
5.130968226473595e-04	3.743654e+00	1.098902e-04	1.923184e+02
5.134368226473612e-04	3.781642e+00	1.098856e-04	1.968217e+02
5.138068226473630e-04	3.819434e+00	1.098451e-04	2.016454e+02
5.143268226473655e-04	3.866435e+00	1.098495e-04	2.082917e+02
5.147968226473679e-04	3.903004e+00	1.098740e-04	2.141679e+02
5.149468226473686e-04	3.913548e+00	1.098535e-04	2.160175e+02
5.150968226473693e-04	3.923580e+00	1.098724e-04	2.178549e+02
5.152468226473701e-04	3.933120e+00	1.098549e-04	2.196800e+02
5.153968226473708e-04	3.942189e+00	1.098710e-04	2.214931e+02
5.155468226473715e-04	3.950803e+00	1.098562e-04	2.232941e+02
5.157068226473723e-04	3.959509e+00	1.098568e-04	2.252020e+02
5.158668226473731e-04	3.967735e+00	1.098573e-04	2.270965e+02
5.160368226473739e-04	3.975968e+00	1.098688e-04	2.290947e+02
5.162268226473749e-04	3.984573e+00	1.098583e-04	2.313103e+02
5.164368226473759e-04	3.993378e+00	1.098677e-04	2.337376e+02
5.167768226473776e-04	4.006130e+00	1.098670e-04	2.376200e+02
5.170068226473787e-04	4.013728e+00	1.098600e-04	2.402134e+02
5.173168226473802e-04	4.022676e+00	1.098661e-04	2.436675e+02
5.181768226473844e-04	4.040013e+00	1.098651e-04	2.530059e+02
5.185668226473863e-04	4.044455e+00	1.098618e-04	2.571253e+02
5.189268226473881e-04	4.046797e+00	1.098621e-04	2.608655e+02
5.192868226473899e-04	4.047543e+00	1.098623e-04	2.645468e+02
5.196568226473917e-04	4.046741e+00	1.098642e-04	2.682700e+02
5.200468226473936e-04	4.044273e+00	1.098626e-04	2.721294e+02
5.205168226473959e-04	4.039223e+00	1.098639e-04	2.766933e+02
5.215068226474008e-04	4.021766e+00	1.098629e-04	2.860037e+02
5.215868226474011e-04	4.019975e+00	1.098629e-04	2.867385e+02
5.219168226474028e-04	4.012009e+00	1.098636e-04	2.897425e+02
5.221868226474041e-04	4.004809e+00	1.098630e-04	2.921681e+02
5.226468226474063e-04	3.991148e+00	1.098630e-04	2.962349e+02
5.229168226474077e-04	3.982345e+00	1.098636e-04	2.985840e+02
5.231768226474089e-04	3.973354e+00	1.098635e-04	3.008199e+02
5.234268226474102e-04	3.964263e+00	1.098631e-04	3.029460e+02
5.236768226474114e-04	3.954763e+00	1.098635e-04	3.050488e+02
5.239168226474126e-04	3.945285e+00	1.098635e-04	3.070460e+02
5.241668226474138e-04	3.935067e+00	1.098631e-04	3.091042e+02
5.244168226474150e-04	3.924529e+00	1.098635e-04	3.111400e+02
5.246768226474163e-04	3.913263e+00	1.098635e-04	3.132338e+02
5.249468226474176e-04	3.901270e+00	1.098631e-04	3.153831e+02
5.257868226474217e-04	3.862353e+00	1.098631e-04	3.219101e+02
5.264468226474250e-04	3.830196e+00	1.098632e-04	3.268732e+02
5.270868226474281e-04	3.797742e+00	1.098632e-04	3.315514e+02
5.277368226474313e-04	3.763512e+00	1.098634e-04	3.361708e+02
5.284268226474347e-04	3.725773e+00	1.098632e-04	3.409332e+02
5.291868226474384e-04	3.682534e+00	1.098632e-04	3.460155e+02
5.300668226474427e-04	3.630310e+00	1.098632e-04	3.516934e+02
5.316068226474503e-04	3.533732e+00	1.098632e-04	3.611197e+02
5.318268226474514e-04	3.519480e+00	1.098632e-04	3.624154e+02
5.347668226474658e-04	3.322256e+00	1.098632e-04	3.785903e+02
5.380368226474818e-04	3.095249e+00	1.098649e-04	3.943117e+02
5.391668226474873e-04	3.016665e+00	1.109548e-04	3.992461e+02
5.391768226474874e-04	3.015971e+00	1.134721e-04	3.992887e+02
5.391868226474874e-04	3.015278e+00	1.246735e-04	3.993313e+02
5.392068226474875e-04	3.013891e+00	1.708684e-04	3.994164e+02
5.392168226474876e-04	3.013197e+00	2.099325e-04	3.994589e+02
5.392268226474876e-04	3.012503e+00	2.722931e-04	3.995014e+02
5.392368226474877e-04	3.011810e+00	3.872057e-04	3.995439e+02
5.392468226474877e-04	3.011117e+00	6.706257e-04	3.995864e+02
5.392530136476833e-04	3.010687e+00	1.223275e-03	3.996127e+02
5.392542636476833e-04	3.010601e+00	1.467495e-03	3.996180e+02
5.392567636476833e-04	3.010427e+00	2.460581e-03	3.996286e+02
5.392580318875202e-04	3.010339e+00	4.106497e-03	3.996340e+02
5.392589756307322e-04	3.010274e+00	7.731446e-03	3.996380e+02
5.392598396444230e-04	3.010214e+00	1.719360e-02	3.996416e+02
5.392606231783013e-04	3.010159e+00	3.377896e-02	3.996450e+02
5.392617105737646e-04	3.010084e+00	6.903099e-02	3.996496e+02
5.392633200475060e-04	3.009973e+00	1.567822e-01	3.996564e+02
5.392650028721577e-04	3.009856e+00	3.295721e-01	3.996635e+02
5.392667919645927e-04	3.009732e+00	6.990901e-01	3.996711e+02
5.392685575139172e-04	3.009609e+00	1.456990e+00	3.996786e+02
5.392703373577459e-04	3.009486e+00	3.073145e+00	3.996862e+02
5.392714235225833e-04	3.009411e+00	4.744712e+00	3.996908e+02
5.392718052445754e-04	3.009384e+00	5.017347e+00	3.996924e+02
5.392719241327466e-04	3.009376e+00	4.996654e+00	3.996929e+02
5.392719553932532e-04	3.009374e+00	4.998204e+00	3.996931e+02
5.392719780546699e-04	3.009372e+00	4.998813e+00	3.996931e+02
5.392720069495356e-04	3.009370e+00	4.999259e+00	3.996933e+02
5.392720468952437e-04	3.009367e+00	4.999551e+00	3.996934e+02
5.392721018934739e-04	3.009364e+00	4.999691e+00	3.996937e+02
5.392721751977709e-04	3.009359e+00	4.999737e+00	3.996940e+02
5.392722901085274e-04	3.009351e+00	4.999763e+00	3.996945e+02
5.392725109472217e-04	3.009335e+00	4.999798e+00	3.996954e+02
5.392729526246104e-04	3.009305e+00	4.999844e+00	3.996973e+02
5.392738359793879e-04	3.009243e+00	4.999891e+00	3.997010e+02
5.392756026889428e-04	3.009121e+00	4.999895e+00	3.997085e+02
5.392791361080526e-04	3.008876e+00	4.999894e+00	3.997235e+02
5.392858797321615e-04	3.008408e+00	4.999896e+00	3.997521e+02
5.392958797321615e-04	3.007715e+00	4.999894e+00	3.997945e+02
5.393058797321616e-04	3.007022e+00	4.999896e+00	3.998368e+02
5.393158797321616e-04	3.006329e+00	4.999894e+00	3.998792e+02
5.393558797321618e-04	3.003556e+00	4.999894e+00	4.000483e+02
5.418158797321739e-04	2.834801e+00	4.999895e+00	4.099094e+02
5.451158797321901e-04	2.616634e+00	4.999895e+00	4.215926e+02
5.484358797322064e-04	2.410310e+00	4.999895e+00	4.317812e+02
5.517758797322227e-04	2.218384e+00	4.999895e+00	4.406606e+02
5.520558797322241e-04	2.203046e+00	4.999895e+00	4.413486e+02
5.554158797322406e-04	2.028188e+00	4.999895e+00	4.489891e+02
5.587958797322572e-04	1.869286e+00	4.999895e+00	4.556387e+02
5.621958797322738e-04	1.725996e+00	4.999895e+00	4.614215e+02
5.622958797322743e-04	1.722023e+00	4.999895e+00	4.615792e+02
5.657058797322910e-04	1.594404e+00	4.999895e+00	4.665692e+02
5.691358797323079e-04	1.480578e+00	4.999895e+00	4.709042e+02
5.725358797323245e-04	1.380846e+00	4.999895e+00	4.746163e+02
5.760058797323415e-04	1.291179e+00	4.999895e+00	4.778867e+02
5.795058797323587e-04	1.211824e+00	4.999895e+00	4.807285e+02
5.827758797323747e-04	1.146647e+00	4.999895e+00	4.830253e+02
5.863358797323922e-04	1.084413e+00	4.999895e+00	4.851863e+02
5.899358797324098e-04	1.029641e+00	4.999895e+00	4.870616e+02
5.930158797324249e-04	9.885274e-01	4.999895e+00	4.884523e+02
5.967158797324431e-04	9.452951e-01	4.999895e+00	4.898981e+02
6.004758797324615e-04	9.073932e-01	4.999895e+00	4.911510e+02
6.032558797324752e-04	8.828005e-01	4.999895e+00	4.919563e+02
6.071558797324943e-04	8.525993e-01	4.999895e+00	4.929364e+02
6.111558797325139e-04	8.261681e-01	4.999895e+00	4.937857e+02
6.134958797325254e-04	8.125716e-01	4.999895e+00	4.942194e+02
6.176858797325459e-04	7.912236e-01	4.999895e+00	4.948955e+02
6.220358797325672e-04	7.725902e-01	4.999895e+00	4.954807e+02
6.237358797325756e-04	7.661604e-01	4.999895e+00	4.956815e+02
6.283458797325982e-04	7.508164e-01	4.999895e+00	4.961580e+02
6.332058797326220e-04	7.374951e-01	4.999895e+00	4.965686e+02
6.339758797326258e-04	7.356185e-01	4.999895e+00	4.966263e+02
6.391858797326513e-04	7.243736e-01	4.999895e+00	4.969701e+02
6.442158797326760e-04	7.155908e-01	4.999895e+00	4.972369e+02
6.502458797327056e-04	7.072151e-01	4.999895e+00	4.974898e+02
6.544558797327262e-04	7.024965e-01	4.999895e+00	4.976316e+02
6.616158797327613e-04	6.961520e-01	4.999895e+00	4.978214e+02
6.646958797327764e-04	6.939560e-01	4.999895e+00	4.978868e+02
6.733658797328189e-04	6.891016e-01	4.999895e+00	4.980309e+02
6.749358797328266e-04	6.883965e-01	4.999895e+00	4.980518e+02
6.851758797328768e-04	6.847831e-01	4.999895e+00	4.981585e+02
6.954158797329270e-04	6.824374e-01	4.999895e+00	4.982275e+02
7.056558797329772e-04	6.809161e-01	4.999895e+00	4.982721e+02
7.158958797330274e-04	6.799302e-01	4.999895e+00	4.983010e+02
7.261358797330777e-04	6.792915e-01	4.999895e+00	4.983196e+02
7.363758797331279e-04	6.788779e-01	4.999895e+00	4.983317e+02
7.466158797331781e-04	6.786103e-01	4.999895e+00	4.983395e+02
7.568558797332283e-04	6.784371e-01	4.999895e+00	4.983445e+02
7.670958797332785e-04	6.783249e-01	4.999895e+00	4.983478e+02
7.773358797333287e-04	6.782525e-01	4.999895e+00	4.983499e+02
7.875758797333789e-04	6.782055e-01	4.999895e+00	4.983513e+02
7.978158797334291e-04	6.781752e-01	4.999895e+00	4.983522e+02
8.080558797334793e-04	6.781555e-01	4.999895e+00	4.983528e+02
8.182958797335295e-04	6.781428e-01	4.999895e+00	4.983531e+02
8.285358797335797e-04	6.781346e-01	4.999895e+00	4.983534e+02
8.387758797336300e-04	6.781293e-01	4.999895e+00	4.983535e+02
8.490158797336802e-04	6.781259e-01	4.999895e+00	4.983536e+02
8.592558797337304e-04	6.781237e-01	4.999895e+00	4.983537e+02
8.694958797337806e-04	6.781222e-01	4.999895e+00	4.983537e+02
8.797358797338308e-04	6.781213e-01	4.999895e+00	4.983537e+02
8.899758797338810e-04	6.781207e-01	4.999895e+00	4.983538e+02
9.002158797339312e-04	6.781203e-01	4.999895e+00	4.983538e+02
9.104558797339814e-04	6.781201e-01	4.999895e+00	4.983538e+02
9.206958797340316e-04	6.781199e-01	4.999895e+00	4.983538e+02
9.309358797340818e-04	6.781198e-01	4.999895e+00	4.983538e+02
9.411758797341320e-04	6.781197e-01	4.999895e+00	4.983538e+02
9.514158797341823e-04	6.781197e-01	4.999895e+00	4.983538e+02
9.616558797342325e-04	6.781197e-01	4.999895e+00	4.983538e+02
9.718958797342827e-04	6.781197e-01	4.999895e+00	4.983538e+02
9.821358797342725e-04	6.781196e-01	4.999895e+00	4.983538e+02
9.923758797342117e-04	6.781196e-01	4.999895e+00	4.983538e+02
1.002615879734151e-03	6.781196e-01	4.999895e+00	4.983538e+02
1.012855879734090e-03	6.781196e-01	4.999895e+00	4.983538e+02
1.023095879734029e-03	6.781196e-01	4.999895e+00	4.983538e+02
1.033335879733968e-03	6.781196e-01	4.999895e+00	4.983538e+02
1.043575879733908e-03	6.781196e-01	4.999895e+00	4.983538e+02
1.053815879733847e-03	6.781196e-01	4.999895e+00	4.983538e+02
1.064055879733786e-03	6.781196e-01	4.999895e+00	4.983538e+02
1.074295879733725e-03	6.781196e-01	4.999895e+00	4.983538e+02
1.084535879733664e-03	6.781196e-01	4.999895e+00	4.983538e+02
1.094775879733604e-03	6.781196e-01	4.999895e+00	4.983538e+02
1.105015879733543e-03	6.781196e-01	4.999895e+00	4.983538e+02
1.115255879733482e-03	6.781196e-01	4.999895e+00	4.983538e+02
1.125495879733421e-03	6.781196e-01	4.999895e+00	4.983538e+02
1.135735879733360e-03	6.781196e-01	4.999895e+00	4.983538e+02
1.145975879733299e-03	6.781196e-01	4.999895e+00	4.983538e+02
1.156215879733239e-03	6.781196e-01	4.999895e+00	4.983538e+02
1.166455879733178e-03	6.781196e-01	4.999895e+00	4.983538e+02
1.176695879733117e-03	6.781196e-01	4.999895e+00	4.983538e+02
1.186935879733056e-03	6.781196e-01	4.999895e+00	4.983538e+02
1.197175879732995e-03	6.781196e-01	4.999895e+00	4.983538e+02
1.207415879732935e-03	6.781196e-01	4.999895e+00	4.983538e+02
1.217655879732874e-03	6.781196e-01	4.999895e+00	4.983538e+02
1.227895879732813e-03	6.781196e-01	4.999895e+00	4.983538e+02
1.238135879732752e-03	6.781196e-01	4.999895e+00	4.983538e+02
1.248375879732691e-03	6.781196e-01	4.999895e+00	4.983538e+02
1.258615879732631e-03	6.781196e-01	4.999895e+00	4.983538e+02
1.268855879732570e-03	6.781196e-01	4.999895e+00	4.983538e+02
1.279095879732509e-03	6.781196e-01	4.999895e+00	4.983538e+02
1.289335879732448e-03	6.781196e-01	4.999895e+00	4.983538e+02
1.299575879732387e-03	6.781196e-01	4.999895e+00	4.983538e+02
1.309815879732326e-03	6.781196e-01	4.999895e+00	4.983538e+02
1.320055879732266e-03	6.781196e-01	4.999895e+00	4.983538e+02
1.330295879732205e-03	6.781196e-01	4.999895e+00	4.983538e+02
1.340535879732144e-03	6.781196e-01	4.999895e+00	4.983538e+02
1.350775879732083e-03	6.781196e-01	4.999895e+00	4.983538e+02
1.361015879732022e-03	6.781196e-01	4.999895e+00	4.983538e+02
1.371255879731962e-03	6.781196e-01	4.999895e+00	4.983538e+02
1.381495879731901e-03	6.781196e-01	4.999895e+00	4.983538e+02
1.391735879731840e-03	6.781196e-01	4.999895e+00	4.983538e+02
1.401975879731779e-03	6.781196e-01	4.999895e+00	4.983538e+02
1.412215879731718e-03	6.781196e-01	4.999895e+00	4.983538e+02
1.422455879731658e-03	6.781196e-01	4.999895e+00	4.983538e+02
1.432695879731597e-03	6.781196e-01	4.999895e+00	4.983538e+02
1.442935879731536e-03	6.781196e-01	4.999895e+00	4.983538e+02
1.453175879731475e-03	6.781196e-01	4.999895e+00	4.983538e+02
1.463415879731414e-03	6.781196e-01	4.999895e+00	4.983538e+02
1.473655879731353e-03	6.781196e-01	4.999895e+00	4.983538e+02
1.483895879731293e-03	6.781196e-01	4.999895e+00	4.983538e+02
1.494135879731232e-03	6.781196e-01	4.999895e+00	4.983538e+02
1.504375879731171e-03	6.781196e-01	4.999895e+00	4.983538e+02
1.514615879731110e-03	6.781196e-01	4.999895e+00	4.983538e+02
1.524855879731049e-03	6.781196e-01	4.999895e+00	4.983538e+02
1.535095879730989e-03	6.781196e-01	4.999895e+00	4.983538e+02
1.545335879730928e-03	6.781196e-01	4.999895e+00	4.983538e+02
1.555575879730867e-03	6.781196e-01	4.999895e+00	4.983538e+02
1.565815879730806e-03	6.781196e-01	4.999895e+00	4.983538e+02
1.576055879730745e-03	6.781196e-01	4.999895e+00	4.983538e+02
1.586295879730685e-03	6.781196e-01	4.999895e+00	4.983538e+02
1.596535879730624e-03	6.781196e-01	4.999895e+00	4.983538e+02
1.606775879730563e-03	6.781196e-01	4.999895e+00	4.983538e+02
1.617015879730502e-03	6.781196e-01	4.999895e+00	4.983538e+02
1.627255879730441e-03	6.781196e-01	4.999895e+00	4.983538e+02
1.637495879730380e-03	6.781196e-01	4.999895e+00	4.983538e+02
1.647735879730320e-03	6.781196e-01	4.999895e+00	4.983538e+02
1.657975879730259e-03	6.781196e-01	4.999895e+00	4.983538e+02
1.668215879730198e-03	6.781196e-01	4.999895e+00	4.983538e+02
1.678455879730137e-03	6.781196e-01	4.999895e+00	4.983538e+02
1.688695879730076e-03	6.781196e-01	4.999895e+00	4.983538e+02
1.698935879730016e-03	6.781196e-01	4.999895e+00	4.983538e+02
1.709175879729955e-03	6.781196e-01	4.999895e+00	4.983538e+02
1.719415879729894e-03	6.781196e-01	4.999895e+00	4.983538e+02
1.729655879729833e-03	6.781196e-01	4.999895e+00	4.983538e+02
1.739895879729772e-03	6.781196e-01	4.999895e+00	4.983538e+02
1.750135879729711e-03	6.781196e-01	4.999895e+00	4.983538e+02
1.760375879729651e-03	6.781196e-01	4.999895e+00	4.983538e+02
1.770615879729590e-03	6.781196e-01	4.999895e+00	4.983538e+02
1.780855879729529e-03	6.781196e-01	4.999895e+00	4.983538e+02
1.791095879729468e-03	6.781196e-01	4.999895e+00	4.983538e+02
1.801335879729407e-03	6.781196e-01	4.999895e+00	4.983538e+02
1.811575879729347e-03	6.781196e-01	4.999895e+00	4.983538e+02
1.821815879729286e-03	6.781196e-01	4.999895e+00	4.983538e+02
1.832055879729225e-03	6.781196e-01	4.999895e+00	4.983538e+02
1.842295879729164e-03	6.781196e-01	4.999895e+00	4.983538e+02
1.852535879729103e-03	6.781196e-01	4.999895e+00	4.983538e+02
1.862775879729043e-03	6.781196e-01	4.999895e+00	4.983538e+02
1.873015879728982e-03	6.781196e-01	4.999895e+00	4.983538e+02
1.883255879728921e-03	6.781196e-01	4.999895e+00	4.983538e+02
1.893495879728860e-03	6.781196e-01	4.999895e+00	4.983538e+02
1.903735879728799e-03	6.781196e-01	4.999895e+00	4.983538e+02
1.913975879728738e-03	6.781196e-01	4.999895e+00	4.983538e+02
1.924215879728678e-03	6.781196e-01	4.999895e+00	4.983538e+02
1.934455879728617e-03	6.781196e-01	4.999895e+00	4.983538e+02
1.944695879728556e-03	6.781196e-01	4.999895e+00	4.983538e+02
1.954935879728495e-03	6.781196e-01	4.999895e+00	4.983538e+02
1.965175879728435e-03	6.781196e-01	4.999895e+00	4.983538e+02
1.975415879728374e-03	6.781196e-01	4.999895e+00	4.983538e+02
1.985655879728313e-03	6.781196e-01	4.999895e+00	4.983538e+02
1.995895879728252e-03	6.781196e-01	4.999895e+00	4.983538e+02
2.006135879728191e-03	6.781196e-01	4.999895e+00	4.983538e+02
2.016375879728131e-03	6.781196e-01	4.999895e+00	4.983538e+02
2.026615879728070e-03	6.781196e-01	4.999895e+00	4.983538e+02
2.036855879728009e-03	6.781196e-01	4.999895e+00	4.983538e+02
2.047095879727948e-03	6.781196e-01	4.999895e+00	4.983538e+02
2.057335879727887e-03	6.781196e-01	4.999895e+00	4.983538e+02
2.067575879727826e-03	6.781196e-01	4.999895e+00	4.983538e+02
2.077815879727766e-03	6.781196e-01	4.999895e+00	4.983538e+02
2.088055879727705e-03	6.781196e-01	4.999895e+00	4.983538e+02
2.098295879727644e-03	6.781196e-01	4.999895e+00	4.983538e+02
2.108535879727583e-03	6.781196e-01	4.999895e+00	4.983538e+02
2.118775879727522e-03	6.781196e-01	4.999895e+00	4.983538e+02
2.129015879727462e-03	6.781196e-01	4.999895e+00	4.983538e+02
2.139255879727401e-03	6.781196e-01	4.999895e+00	4.983538e+02
2.149495879727340e-03	6.781196e-01	4.999895e+00	4.983538e+02
2.159735879727279e-03	6.781196e-01	4.999895e+00	4.983538e+02
2.169975879727218e-03	6.781196e-01	4.999895e+00	4.983538e+02
2.180215879727158e-03	6.781196e-01	4.999895e+00	4.983538e+02
2.190455879727097e-03	6.781196e-01	4.999895e+00	4.983538e+02
2.200695879727036e-03	6.781196e-01	4.999895e+00	4.983538e+02
2.210935879726975e-03	6.781196e-01	4.999895e+00	4.983538e+02
2.221175879726914e-03	6.781196e-01	4.999895e+00	4.983538e+02
2.231415879726853e-03	6.781196e-01	4.999895e+00	4.983538e+02
2.241655879726793e-03	6.781196e-01	4.999895e+00	4.983538e+02
2.251895879726732e-03	6.781196e-01	4.999895e+00	4.983538e+02
2.262135879726671e-03	6.781196e-01	4.999895e+00	4.983538e+02
2.272375879726610e-03	6.781196e-01	4.999895e+00	4.983538e+02
2.282615879726549e-03	6.781196e-01	4.999895e+00	4.983538e+02
2.292855879726489e-03	6.781196e-01	4.999895e+00	4.983538e+02
2.303095879726428e-03	6.781196e-01	4.999895e+00	4.983538e+02
2.313335879726367e-03	6.781196e-01	4.999895e+00	4.983538e+02
2.323575879726306e-03	6.781196e-01	4.999895e+00	4.983538e+02
2.333815879726245e-03	6.781196e-01	4.999895e+00	4.983538e+02
2.344055879726185e-03	6.781196e-01	4.999895e+00	4.983538e+02
2.354295879726124e-03	6.781196e-01	4.999895e+00	4.983538e+02
2.364535879726063e-03	6.781196e-01	4.999895e+00	4.983538e+02
2.374775879726002e-03	6.781196e-01	4.999895e+00	4.983538e+02
2.385015879725941e-03	6.781196e-01	4.999895e+00	4.983538e+02
2.395255879725880e-03	6.781196e-01	4.999895e+00	4.983538e+02
2.405495879725820e-03	6.781196e-01	4.999895e+00	4.983538e+02
2.415735879725759e-03	6.781196e-01	4.999895e+00	4.983538e+02
2.425975879725698e-03	6.781196e-01	4.999895e+00	4.983538e+02
2.436215879725637e-03	6.781196e-01	4.999895e+00	4.983538e+02
2.446455879725576e-03	6.781196e-01	4.999895e+00	4.983538e+02
2.456695879725516e-03	6.781196e-01	4.999895e+00	4.983538e+02
2.466935879725455e-03	6.781196e-01	4.999895e+00	4.983538e+02
2.477175879725394e-03	6.781196e-01	4.999895e+00	4.983538e+02
2.487415879725333e-03	6.781196e-01	4.999895e+00	4.983538e+02
2.497655879725272e-03	6.781196e-01	4.999895e+00	4.983538e+02
2.507895879725212e-03	6.781196e-01	4.999895e+00	4.983538e+02
2.518135879725151e-03	6.781196e-01	4.999895e+00	4.983538e+02
2.528375879725090e-03	6.781196e-01	4.999895e+00	4.983538e+02
2.538615879725029e-03	6.781196e-01	4.999895e+00	4.983538e+02
2.548855879724968e-03	6.781196e-01	4.999895e+00	4.983538e+02
2.559095879724907e-03	6.781196e-01	4.999895e+00	4.983538e+02
2.569335879724847e-03	6.781196e-01	4.999895e+00	4.983538e+02
2.579575879724786e-03	6.781196e-01	4.999895e+00	4.983538e+02
2.589815879724725e-03	6.781196e-01	4.999895e+00	4.983538e+02
2.600055879724664e-03	6.781196e-01	4.999895e+00	4.983538e+02
2.610295879724603e-03	6.781196e-01	4.999895e+00	4.983538e+02
2.620535879724543e-03	6.781196e-01	4.999895e+00	4.983538e+02
2.630775879724482e-03	6.781196e-01	4.999895e+00	4.983538e+02
2.641015879724421e-03	6.781196e-01	4.999895e+00	4.983538e+02
2.651255879724360e-03	6.781196e-01	4.999895e+00	4.983538e+02
2.661495879724299e-03	6.781196e-01	4.999895e+00	4.983538e+02
2.671735879724239e-03	6.781196e-01	4.999895e+00	4.983538e+02
2.681975879724178e-03	6.781196e-01	4.999895e+00	4.983538e+02
2.692215879724117e-03	6.781196e-01	4.999895e+00	4.983538e+02
2.702455879724056e-03	6.781196e-01	4.999895e+00	4.983538e+02
2.712695879723995e-03	6.781196e-01	4.999895e+00	4.983538e+02
2.722935879723934e-03	6.781196e-01	4.999895e+00	4.983538e+02
2.733175879723874e-03	6.781196e-01	4.999895e+00	4.983538e+02
2.743415879723813e-03	6.781196e-01	4.999895e+00	4.983538e+02
2.753655879723752e-03	6.781196e-01	4.999895e+00	4.983538e+02
2.763895879723691e-03	6.781196e-01	4.999895e+00	4.983538e+02
2.774135879723630e-03	6.781196e-01	4.999895e+00	4.983538e+02
2.784375879723570e-03	6.781196e-01	4.999895e+00	4.983538e+02
2.794615879723509e-03	6.781196e-01	4.999895e+00	4.983538e+02
2.804855879723448e-03	6.781196e-01	4.999895e+00	4.983538e+02
2.815095879723387e-03	6.781196e-01	4.999895e+00	4.983538e+02
2.825335879723326e-03	6.781196e-01	4.999895e+00	4.983538e+02
2.835575879723265e-03	6.781196e-01	4.999895e+00	4.983538e+02
2.845815879723205e-03	6.781196e-01	4.999895e+00	4.983538e+02
2.856055879723144e-03	6.781196e-01	4.999895e+00	4.983538e+02
2.866295879723083e-03	6.781196e-01	4.999895e+00	4.983538e+02
2.876535879723022e-03	6.781196e-01	4.999895e+00	4.983538e+02
2.886775879722961e-03	6.781196e-01	4.999895e+00	4.983538e+02
2.897015879722901e-03	6.781196e-01	4.999895e+00	4.983538e+02
2.907255879722840e-03	6.781196e-01	4.999895e+00	4.983538e+02
2.917495879722779e-03	6.781196e-01	4.999895e+00	4.983538e+02
2.927735879722718e-03	6.781196e-01	4.999895e+00	4.983538e+02
2.937975879722657e-03	6.781196e-01	4.999895e+00	4.983538e+02
2.948215879722597e-03	6.781196e-01	4.999895e+00	4.983538e+02
2.958455879722536e-03	6.781196e-01	4.999895e+00	4.983538e+02
2.968695879722475e-03	6.781196e-01	4.999895e+00	4.983538e+02
2.978935879722414e-03	6.781196e-01	4.999895e+00	4.983538e+02
2.989175879722353e-03	6.781196e-01	4.999895e+00	4.983538e+02
2.999415879722292e-03	6.781196e-01	4.999895e+00	4.983538e+02
3.000000000000000e-03	6.781196e-01	4.999895e+00	4.983538e+02
Step Information: Rpot=62.5K  (Step: 3/6)
0.000000000000000e+00	6.781196e-01	4.999883e+00	4.983538e+02
1.006310719976990e-05	6.781196e-01	4.999883e+00	4.983538e+02
2.030310719977066e-05	6.781196e-01	4.999883e+00	4.983538e+02
3.054310719977230e-05	6.781196e-01	4.999883e+00	4.983538e+02
4.078310719977393e-05	6.781196e-01	4.999883e+00	4.983538e+02
5.102310719977557e-05	6.781196e-01	4.999883e+00	4.983538e+02
6.126310719977705e-05	6.781196e-01	4.999883e+00	4.983538e+02
7.150310719977175e-05	6.781196e-01	4.999883e+00	4.983538e+02
8.174310719976644e-05	6.781196e-01	4.999883e+00	4.983538e+02
9.198310719976114e-05	6.781196e-01	4.999883e+00	4.983538e+02
1.022231071997558e-04	6.781196e-01	4.999883e+00	4.983538e+02
1.124631071997505e-04	6.781196e-01	4.999883e+00	4.983538e+02
1.227031071997452e-04	6.781196e-01	4.999883e+00	4.983538e+02
1.329431071997399e-04	6.781196e-01	4.999883e+00	4.983538e+02
1.431831071997346e-04	6.781196e-01	4.999883e+00	4.983538e+02
1.534231071997293e-04	6.781196e-01	4.999883e+00	4.983538e+02
1.636631071997240e-04	6.781196e-01	4.999883e+00	4.983538e+02
1.739031071997187e-04	6.781196e-01	4.999883e+00	4.983538e+02
1.841431071997134e-04	6.781196e-01	4.999883e+00	4.983538e+02
1.943831071997081e-04	6.781196e-01	4.999883e+00	4.983538e+02
2.046231071997028e-04	6.781196e-01	4.999883e+00	4.983538e+02
2.148631071996975e-04	6.781196e-01	4.999883e+00	4.983538e+02
2.251031071996922e-04	6.781196e-01	4.999883e+00	4.983538e+02
2.353431071996869e-04	6.781196e-01	4.999883e+00	4.983538e+02
2.455831071996817e-04	6.781196e-01	4.999883e+00	4.983538e+02
2.558231071996763e-04	6.781196e-01	4.999883e+00	4.983538e+02
2.660631071996710e-04	6.781196e-01	4.999883e+00	4.983538e+02
2.763031071996657e-04	6.781196e-01	4.999883e+00	4.983538e+02
2.865431071996604e-04	6.781196e-01	4.999883e+00	4.983538e+02
2.967831071996551e-04	6.781196e-01	4.999883e+00	4.983538e+02
3.070231071996498e-04	6.781196e-01	4.999883e+00	4.983538e+02
3.172631071996445e-04	6.781196e-01	4.999883e+00	4.983538e+02
3.275031071996392e-04	6.781196e-01	4.999883e+00	4.983538e+02
3.377431071996339e-04	6.781196e-01	4.999883e+00	4.983538e+02
3.479831071996286e-04	6.781196e-01	4.999883e+00	4.983538e+02
3.582231071996233e-04	6.781196e-01	4.999883e+00	4.983538e+02
3.684631071996180e-04	6.781196e-01	4.999883e+00	4.983538e+02
3.787031071996127e-04	6.781196e-01	4.999883e+00	4.983538e+02
3.889431071996074e-04	6.781196e-01	4.999883e+00	4.983538e+02
3.991831071996021e-04	6.781196e-01	4.999883e+00	4.983538e+02
4.094231071995968e-04	6.781196e-01	4.999883e+00	4.983538e+02
4.196631071995915e-04	6.781196e-01	4.999883e+00	4.983538e+02
4.299031071995862e-04	6.781196e-01	4.999883e+00	4.983538e+02
4.401431071995809e-04	6.781196e-01	4.999883e+00	4.983538e+02
4.503831071995756e-04	6.781196e-01	4.999883e+00	4.983538e+02
4.606231071995703e-04	6.781196e-01	4.999883e+00	4.983538e+02
4.708631071995650e-04	6.781196e-01	4.999883e+00	4.983538e+02
4.811031071995597e-04	6.781196e-01	4.999883e+00	4.983538e+02
4.913431071995710e-04	6.781196e-01	4.999883e+00	4.983538e+02
5.000000000000004e-04	6.781196e-01	4.999883e+00	4.983538e+02
5.000010000000000e-04	6.382340e-01	4.999883e+00	3.752889e+02
5.000024805452893e-04	4.126318e-01	4.999883e+00	1.351277e+02
5.000028812522172e-04	3.207836e-01	4.999883e+00	1.075926e+02
5.000034780157607e-04	1.776667e-01	4.999883e+00	7.834965e+01
5.000040765146123e-04	3.105234e-02	4.999883e+00	5.906678e+01
5.000048303441335e-04	-1.477751e-01	4.999883e+00	4.373447e+01
5.000053126675652e-04	-2.317957e-01	4.999883e+00	3.746551e+01
5.000058124590371e-04	-2.591271e-01	4.999883e+00	3.279619e+01
5.000063285346663e-04	-2.569472e-01	4.999883e+00	2.934899e+01
5.000068609055439e-04	-2.572921e-01	4.999883e+00	2.681103e+01
5.000073845411073e-04	-2.568345e-01	4.999883e+00	2.501364e+01
5.000084318122342e-04	-2.560598e-01	4.999883e+00	2.265978e+01
5.000099698092424e-04	-2.548198e-01	4.999883e+00	2.080424e+01
5.000117381424657e-04	-2.532801e-01	4.999883e+00	1.961035e+01
5.000139918100582e-04	-2.513048e-01	4.999883e+00	1.849975e+01
5.000171644505381e-04	-2.484995e-01	4.999883e+00	1.714839e+01
5.000226865691539e-04	-2.436524e-01	4.999883e+00	1.504665e+01
5.000326865691539e-04	-2.349036e-01	4.999883e+00	1.186641e+01
5.000426865691540e-04	-2.262341e-01	4.999883e+00	9.362215e+00
5.000526865691540e-04	-2.176397e-01	4.999883e+00	7.389735e+00
5.000626865691541e-04	-2.090905e-01	4.999883e+00	5.836415e+00
5.000726865691541e-04	-2.006200e-01	4.999883e+00	4.612989e+00
5.000826865691542e-04	-1.921777e-01	4.999883e+00	3.649503e+00
5.000926865691542e-04	-1.838222e-01	4.999883e+00	2.890665e+00
5.001026865691543e-04	-1.754996e-01	4.999883e+00	2.293041e+00
5.001126865691543e-04	-1.672690e-01	4.999883e+00	1.822362e+00
5.001226865691544e-04	-1.590992e-01	4.999883e+00	1.451671e+00
5.001326865691544e-04	-1.510268e-01	4.999883e+00	1.159722e+00
5.001426865691545e-04	-1.430561e-01	4.999883e+00	9.297889e-01
5.001526865691545e-04	-1.351997e-01	4.999883e+00	7.486961e-01
5.001626865691546e-04	-1.274867e-01	4.999883e+00	6.060679e-01
5.001726865691546e-04	-1.199188e-01	4.999883e+00	4.937322e-01
5.001826865691547e-04	-1.125344e-01	4.999883e+00	4.052530e-01
5.001926865691547e-04	-1.053314e-01	4.999883e+00	3.355618e-01
5.002026865691548e-04	-9.834930e-02	4.999883e+00	2.806664e-01
5.002126865691548e-04	-9.158175e-02	4.999883e+00	2.374232e-01
5.002226865691549e-04	-8.506551e-02	4.999883e+00	2.033561e-01
5.002326865691549e-04	-7.878829e-02	4.999883e+00	1.765155e-01
5.002426865691550e-04	-7.278148e-02	4.999883e+00	1.553657e-01
5.002526865691550e-04	-6.702614e-02	4.999883e+00	1.386977e-01
5.002626865691551e-04	-6.154743e-02	4.999883e+00	1.255593e-01
5.002726865691551e-04	-5.632014e-02	4.999883e+00	1.152007e-01
5.002826865691552e-04	-5.136380e-02	4.999883e+00	1.070316e-01
5.002926865691552e-04	-4.664822e-02	4.999883e+00	1.005871e-01
5.003026865691553e-04	-4.218869e-02	4.999883e+00	9.550119e-02
5.003126865691553e-04	-3.795167e-02	4.999883e+00	9.148569e-02
5.003226865691554e-04	-3.394989e-02	4.999883e+00	8.831365e-02
5.003326865691554e-04	-3.014828e-02	4.999883e+00	8.580639e-02
5.003426865691555e-04	-2.655832e-02	4.999883e+00	8.382319e-02
5.003526865691555e-04	-2.314454e-02	4.999883e+00	8.225323e-02
5.003626865691556e-04	-1.991831e-02	4.999883e+00	8.100923e-02
5.003726865691556e-04	-1.684469e-02	4.999883e+00	8.002246e-02
5.003826865691556e-04	-1.393564e-02	4.999883e+00	7.923874e-02
5.003926865691557e-04	-1.115729e-02	4.999883e+00	7.861540e-02
5.004026865691557e-04	-8.522547e-03	4.999883e+00	7.811882e-02
5.004126865691558e-04	-5.998856e-03	4.999883e+00	7.772246e-02
5.004226865691558e-04	-3.600236e-03	4.999883e+00	7.740542e-02
5.004326865691559e-04	-1.295495e-03	4.999883e+00	7.715121e-02
5.004426865691559e-04	9.002418e-04	4.999883e+00	7.694681e-02
5.004526865691560e-04	3.016849e-03	4.999883e+00	7.678194e-02
5.004626865691560e-04	5.038179e-03	4.999883e+00	7.664850e-02
5.004726865691561e-04	6.992903e-03	4.999883e+00	7.654005e-02
5.004826865691561e-04	8.863974e-03	4.999883e+00	7.645154e-02
5.004926865691562e-04	1.067900e-02	4.999883e+00	7.637894e-02
5.005026865691562e-04	1.242017e-02	4.999883e+00	7.631908e-02
5.005126865691563e-04	1.411416e-02	4.999883e+00	7.626943e-02
5.005226865691563e-04	1.574254e-02	4.999883e+00	7.622799e-02
5.005326865691564e-04	1.733117e-02	4.999883e+00	7.619317e-02
5.005426865691564e-04	1.886112e-02	4.999883e+00	7.616371e-02
5.005526865691565e-04	2.035757e-02	4.999883e+00	7.613859e-02
5.005626865691565e-04	2.180117e-02	4.999883e+00	7.611702e-02
5.005726865691566e-04	2.321654e-02	4.999883e+00	7.609835e-02
5.005826865691566e-04	2.458399e-02	4.999883e+00	7.608206e-02
5.005926865691567e-04	2.592764e-02	4.999883e+00	7.606774e-02
5.006026865691567e-04	2.722755e-02	4.999883e+00	7.605506e-02
5.006126865691568e-04	2.850743e-02	4.999883e+00	7.604375e-02
5.006226865691568e-04	2.974715e-02	4.999883e+00	7.603358e-02
5.006326865691569e-04	3.097003e-02	4.999883e+00	7.602440e-02
5.006426865691569e-04	3.215580e-02	4.999883e+00	7.601604e-02
5.006526865691570e-04	3.332749e-02	4.999883e+00	7.600839e-02
5.006626865691570e-04	3.446471e-02	4.999883e+00	7.600135e-02
5.006726865691571e-04	3.559019e-02	4.999883e+00	7.599483e-02
5.006826865691571e-04	3.668348e-02	4.999883e+00	7.598880e-02
5.006926865691572e-04	3.776708e-02	4.999883e+00	7.598317e-02
5.007026865691572e-04	3.882048e-02	4.999883e+00	7.597790e-02
5.007126865691573e-04	3.986595e-02	4.999883e+00	7.597295e-02
5.007226865691573e-04	4.088296e-02	4.999883e+00	7.596830e-02
5.007326865691574e-04	4.189360e-02	4.999883e+00	7.596390e-02
5.007426865691574e-04	4.287731e-02	4.999883e+00	7.595974e-02
5.007526865691575e-04	4.385599e-02	4.999883e+00	7.595580e-02
5.007626865691575e-04	4.480912e-02	4.999883e+00	7.595205e-02
5.007726865691576e-04	4.575840e-02	4.999883e+00	7.594849e-02
5.007826865691576e-04	4.668333e-02	4.999883e+00	7.594509e-02
5.007926865691577e-04	4.760547e-02	4.999883e+00	7.594185e-02
5.008026865691577e-04	4.850435e-02	4.999883e+00	7.593875e-02
5.008126865691578e-04	4.940137e-02	4.999883e+00	7.593578e-02
5.008226865691578e-04	5.027608e-02	4.999883e+00	7.593293e-02
5.008326865691579e-04	5.114978e-02	4.999883e+00	7.593021e-02
5.008426865691579e-04	5.200204e-02	4.999883e+00	7.592759e-02
5.008526865691580e-04	5.285403e-02	4.999883e+00	7.592507e-02
5.008626865691580e-04	5.368538e-02	4.999883e+00	7.592265e-02
5.008726865691581e-04	5.451712e-02	4.999883e+00	7.592031e-02
5.008826865691581e-04	5.532894e-02	4.999883e+00	7.591807e-02
5.008926865691581e-04	5.614175e-02	4.999883e+00	7.591590e-02
5.009026865691582e-04	5.693528e-02	4.999883e+00	7.591381e-02
5.009126865691582e-04	5.773036e-02	4.999883e+00	7.591179e-02
5.009226865691583e-04	5.850675e-02	4.999883e+00	7.590985e-02
5.009326865691583e-04	5.928518e-02	4.999883e+00	7.590796e-02
5.009426865691584e-04	6.004547e-02	4.999883e+00	7.590614e-02
5.009526865691584e-04	6.080823e-02	4.999883e+00	7.590437e-02
5.009626865691585e-04	6.155337e-02	4.999883e+00	7.590266e-02
5.009726865691585e-04	6.230137e-02	4.999883e+00	7.590101e-02
5.009826865691586e-04	6.303222e-02	4.999883e+00	7.589940e-02
5.009926865691586e-04	6.376631e-02	4.999883e+00	7.589785e-02
5.010026865691587e-04	6.448366e-02	4.999883e+00	7.589634e-02
5.010126865691587e-04	6.520458e-02	4.999883e+00	7.589487e-02
5.010226865691588e-04	6.590918e-02	4.999883e+00	7.589345e-02
5.010326865691588e-04	6.661765e-02	4.999883e+00	7.589207e-02
5.010426865691589e-04	6.731016e-02	4.999883e+00	7.589073e-02
5.010526865691589e-04	6.800683e-02	4.999883e+00	7.588942e-02
5.010626865691590e-04	6.868789e-02	4.999883e+00	7.588815e-02
5.010726865691590e-04	6.937335e-02	4.999883e+00	7.588691e-02
5.010826865691591e-04	7.004352e-02	4.999883e+00	7.588571e-02
5.010926865691591e-04	7.071833e-02	4.999883e+00	7.588454e-02
5.011026865691592e-04	7.137816e-02	4.999883e+00	7.588340e-02
5.011126865691592e-04	7.204285e-02	4.999883e+00	7.588229e-02
5.011226865691593e-04	7.269283e-02	4.999883e+00	7.588121e-02
5.011326865691593e-04	7.334787e-02	4.999883e+00	7.588015e-02
5.011426865691594e-04	7.398846e-02	4.999883e+00	7.587913e-02
5.011526865691594e-04	7.463430e-02	4.999883e+00	7.587812e-02
5.011626865691595e-04	7.526594e-02	4.999883e+00	7.587714e-02
5.011726865691595e-04	7.590301e-02	4.999883e+00	7.587618e-02
5.011826865691596e-04	7.652611e-02	4.999883e+00	7.587525e-02
5.011926865691596e-04	7.715477e-02	4.999883e+00	7.587434e-02
5.012026865691597e-04	7.776970e-02	4.999883e+00	7.587345e-02
5.012126865691597e-04	7.839034e-02	4.999883e+00	7.587258e-02
5.012226865691598e-04	7.899746e-02	4.999883e+00	7.587173e-02
5.012326865691598e-04	7.961042e-02	4.999883e+00	7.587090e-02
5.012426865691599e-04	8.021006e-02	4.999883e+00	7.587009e-02
5.012526865691599e-04	8.081567e-02	4.999883e+00	7.586929e-02
5.012626865691600e-04	8.140813e-02	4.999883e+00	7.586852e-02
5.012726865691600e-04	8.200667e-02	4.999883e+00	7.586775e-02
5.012826865691601e-04	8.259226e-02	4.999883e+00	7.586701e-02
5.012926865691601e-04	8.318403e-02	4.999883e+00	7.586628e-02
5.013026865691602e-04	8.376302e-02	4.999883e+00	7.586557e-02
5.013126865691602e-04	8.434828e-02	4.999883e+00	7.586487e-02
5.013226865691603e-04	8.492094e-02	4.999883e+00	7.586418e-02
5.013326865691603e-04	8.549994e-02	4.999883e+00	7.586351e-02
5.013426865691604e-04	8.606650e-02	4.999883e+00	7.586285e-02
5.013526865691604e-04	8.663949e-02	4.999883e+00	7.586221e-02
5.013626865691605e-04	8.720018e-02	4.999883e+00	7.586158e-02
5.013726865691605e-04	8.776739e-02	4.999883e+00	7.586096e-02
5.013826865691606e-04	8.832243e-02	4.999883e+00	7.586036e-02
5.013926865691606e-04	8.888406e-02	4.999883e+00	7.585976e-02
5.014026865691606e-04	8.943367e-02	4.999883e+00	7.585917e-02
5.014126865691607e-04	8.998992e-02	4.999883e+00	7.585860e-02
5.014226865691607e-04	9.053428e-02	4.999883e+00	7.585804e-02
5.014326865691608e-04	9.108536e-02	4.999883e+00	7.585749e-02
5.014426865691608e-04	9.162467e-02	4.999883e+00	7.585695e-02
5.014526865691609e-04	9.217074e-02	4.999883e+00	7.585642e-02
5.014626865691609e-04	9.270517e-02	4.999883e+00	7.585590e-02
5.014726865691610e-04	9.324642e-02	4.999883e+00	7.585538e-02
5.014826865691610e-04	9.377612e-02	4.999883e+00	7.585488e-02
5.014926865691611e-04	9.431271e-02	4.999883e+00	7.585438e-02
5.015026865691611e-04	9.483787e-02	4.999883e+00	7.585390e-02
5.015126865691612e-04	9.536994e-02	4.999883e+00	7.585341e-02
5.015226865691612e-04	9.589069e-02	4.999883e+00	7.585295e-02
5.015326865691613e-04	9.641840e-02	4.999883e+00	7.585248e-02
5.015426865691613e-04	9.693490e-02	4.999883e+00	7.585204e-02
5.015526865691614e-04	9.745838e-02	4.999883e+00	7.585159e-02
5.015626865691614e-04	9.797077e-02	4.999883e+00	7.585115e-02
5.015726865691615e-04	9.849016e-02	4.999883e+00	7.585072e-02
5.015826865691615e-04	9.899855e-02	4.999883e+00	7.585029e-02
5.015926865691616e-04	9.951399e-02	4.999883e+00	7.584988e-02
5.016026865691616e-04	1.000185e-01	4.999883e+00	7.584947e-02
5.016126865691617e-04	1.005301e-01	4.999883e+00	7.584906e-02
5.016226865691617e-04	1.010309e-01	4.999883e+00	7.584866e-02
5.016326865691618e-04	1.015388e-01	4.999883e+00	7.584827e-02
5.016426865691618e-04	1.020359e-01	4.999883e+00	7.584789e-02
5.016526865691619e-04	1.025402e-01	4.999883e+00	7.584751e-02
5.016626865691619e-04	1.030338e-01	4.999883e+00	7.584713e-02
5.016726865691620e-04	1.035346e-01	4.999883e+00	7.584676e-02
5.016826865691620e-04	1.040248e-01	4.999883e+00	7.584640e-02
5.016926865691621e-04	1.045222e-01	4.999883e+00	7.584605e-02
5.017026865691621e-04	1.050091e-01	4.999883e+00	7.584570e-02
5.017126865691622e-04	1.055031e-01	4.999883e+00	7.584535e-02
5.017226865691622e-04	1.059868e-01	4.999883e+00	7.584501e-02
5.017326865691623e-04	1.064777e-01	4.999883e+00	7.584467e-02
5.017426865691623e-04	1.069582e-01	4.999883e+00	7.584434e-02
5.017526865691624e-04	1.074459e-01	4.999883e+00	7.584401e-02
5.017626865691624e-04	1.079234e-01	4.999883e+00	7.584369e-02
5.017726865691625e-04	1.084081e-01	4.999883e+00	7.584337e-02
5.017826865691625e-04	1.088827e-01	4.999883e+00	7.584306e-02
5.017926865691626e-04	1.093644e-01	4.999883e+00	7.584275e-02
5.018026865691626e-04	1.098361e-01	4.999883e+00	7.584245e-02
5.018126865691627e-04	1.103149e-01	4.999883e+00	7.584215e-02
5.018226865691627e-04	1.107838e-01	4.999883e+00	7.584185e-02
5.018326865691628e-04	1.112599e-01	4.999883e+00	7.584156e-02
5.018426865691628e-04	1.117260e-01	4.999883e+00	7.584127e-02
5.018526865691629e-04	1.121993e-01	4.999883e+00	7.584099e-02
5.018626865691629e-04	1.126628e-01	4.999883e+00	7.584071e-02
5.018726865691630e-04	1.131335e-01	4.999883e+00	7.584043e-02
5.018826865691630e-04	1.135944e-01	4.999883e+00	7.584016e-02
5.018926865691631e-04	1.140625e-01	4.999883e+00	7.583989e-02
5.019026865691631e-04	1.145208e-01	4.999883e+00	7.583962e-02
5.019126865691632e-04	1.149864e-01	4.999883e+00	7.583936e-02
5.019226865691632e-04	1.154423e-01	4.999883e+00	7.583910e-02
5.019326865691632e-04	1.159054e-01	4.999883e+00	7.583885e-02
5.019426865691633e-04	1.163589e-01	4.999883e+00	7.583860e-02
5.019526865691633e-04	1.168196e-01	4.999883e+00	7.583834e-02
5.019626865691634e-04	1.172708e-01	4.999883e+00	7.583810e-02
5.019726865691634e-04	1.177291e-01	4.999883e+00	7.583786e-02
5.019826865691635e-04	1.181780e-01	4.999883e+00	7.583762e-02
5.019926865691635e-04	1.186341e-01	4.999883e+00	7.583738e-02
5.020010000000001e-04	1.190048e-01	4.999883e+00	7.583719e-02
5.020013333333334e-04	1.190218e-01	4.999883e+00	7.583718e-02
5.020020000000001e-04	1.190553e-01	4.999883e+00	9.250566e-02
5.020027648417863e-04	1.191060e-01	4.999883e+00	1.302777e-01
5.020035352650501e-04	1.191741e-01	4.999883e+00	1.673879e-01
5.020043378364342e-04	1.192622e-01	4.999883e+00	2.050911e-01
5.020059429792026e-04	1.194878e-01	4.999883e+00	2.777681e-01
5.020091532647393e-04	1.201146e-01	4.999883e+00	4.133839e-01
5.020139194674985e-04	1.214056e-01	4.999883e+00	5.947226e-01
5.020196274180409e-04	1.233902e-01	4.999883e+00	7.875080e-01
5.020278671674542e-04	1.268364e-01	4.999883e+00	1.033381e+00
5.020378671674543e-04	1.316089e-01	4.999883e+00	1.298700e+00
5.020478671674543e-04	1.367571e-01	4.999883e+00	1.542775e+00
5.020578671674544e-04	1.421071e-01	4.999883e+00	1.775241e+00
5.020678671674544e-04	1.475647e-01	4.999883e+00	2.001340e+00
5.020778671674545e-04	1.530786e-01	4.999883e+00	2.223929e+00
5.020878671674545e-04	1.586215e-01	4.999883e+00	2.444562e+00
5.020978671674546e-04	1.641784e-01	4.999883e+00	2.664087e+00
5.021078671674546e-04	1.697414e-01	4.999883e+00	2.882963e+00
5.021178671674547e-04	1.753062e-01	4.999883e+00	3.101442e+00
5.021278671674547e-04	1.808708e-01	4.999883e+00	3.319662e+00
5.021378671674548e-04	1.864340e-01	4.999883e+00	3.537696e+00
5.021478671674548e-04	1.919954e-01	4.999883e+00	3.755585e+00
5.021578671674549e-04	1.975547e-01	4.999883e+00	3.973352e+00
5.021678671674549e-04	2.031119e-01	4.999883e+00	4.191008e+00
5.021778671674549e-04	2.086669e-01	4.999883e+00	4.408561e+00
5.021878671674550e-04	2.142199e-01	4.999883e+00	4.626014e+00
5.021978671674550e-04	2.197708e-01	4.999883e+00	4.843369e+00
5.022078671674551e-04	2.253197e-01	4.999883e+00	5.060627e+00
5.022178671674551e-04	2.308667e-01	4.999883e+00	5.277788e+00
5.022278671674552e-04	2.364118e-01	4.999883e+00	5.494854e+00
5.022378671674552e-04	2.419549e-01	4.999883e+00	5.711825e+00
5.022478671674553e-04	2.474962e-01	4.999883e+00	5.928700e+00
5.022578671674553e-04	2.530356e-01	4.999883e+00	6.145480e+00
5.022678671674554e-04	2.585733e-01	4.999883e+00	6.362165e+00
5.022778671674554e-04	2.641090e-01	4.999883e+00	6.578755e+00
5.022878671674555e-04	2.696429e-01	4.999883e+00	6.795250e+00
5.022978671674555e-04	2.751748e-01	4.999883e+00	7.011650e+00
5.023078671674556e-04	2.807050e-01	4.999883e+00	7.227954e+00
5.023178671674556e-04	2.862332e-01	4.999883e+00	7.444165e+00
5.023278671674557e-04	2.917595e-01	4.999883e+00	7.660280e+00
5.023378671674557e-04	2.972839e-01	4.999883e+00	7.876300e+00
5.023478671674558e-04	3.028064e-01	4.999883e+00	8.092225e+00
5.023578671674558e-04	3.083268e-01	4.999883e+00	8.308056e+00
5.023678671674559e-04	3.138453e-01	4.999883e+00	8.523792e+00
5.023778671674559e-04	3.193617e-01	4.999883e+00	8.739433e+00
5.023878671674560e-04	3.248762e-01	4.999883e+00	8.954980e+00
5.023978671674560e-04	3.303885e-01	4.999883e+00	9.170431e+00
5.024078671674561e-04	3.358988e-01	4.999883e+00	9.385789e+00
5.024178671674561e-04	3.414069e-01	4.999883e+00	9.601051e+00
5.024278671674562e-04	3.469129e-01	4.999883e+00	9.816219e+00
5.024378671674562e-04	3.524166e-01	4.999883e+00	1.003129e+01
5.024478671674563e-04	3.579182e-01	4.999883e+00	1.024627e+01
5.024578671674563e-04	3.634176e-01	4.999883e+00	1.046116e+01
5.024678671674564e-04	3.689147e-01	4.999883e+00	1.067595e+01
5.024778671674564e-04	3.744095e-01	4.999883e+00	1.089064e+01
5.024878671674565e-04	3.799020e-01	4.999883e+00	1.110524e+01
5.024978671674565e-04	3.853921e-01	4.999883e+00	1.131975e+01
5.025078671674566e-04	3.908800e-01	4.999883e+00	1.153416e+01
5.025178671674566e-04	3.963653e-01	4.999883e+00	1.174848e+01
5.025278671674567e-04	4.018483e-01	4.999883e+00	1.196270e+01
5.025378671674567e-04	4.073288e-01	4.999883e+00	1.217683e+01
5.025478671674568e-04	4.128069e-01	4.999883e+00	1.239087e+01
5.025578671674568e-04	4.182824e-01	4.999883e+00	1.260481e+01
5.025678671674569e-04	4.237554e-01	4.999883e+00	1.281866e+01
5.025778671674569e-04	4.292259e-01	4.999883e+00	1.303241e+01
5.025878671674570e-04	4.346938e-01	4.999883e+00	1.324607e+01
5.025978671674570e-04	4.401590e-01	4.999883e+00	1.345963e+01
5.026078671674571e-04	4.456216e-01	4.999883e+00	1.367310e+01
5.026178671674571e-04	4.510816e-01	4.999883e+00	1.388648e+01
5.026278671674572e-04	4.565389e-01	4.999883e+00	1.409976e+01
5.026378671674572e-04	4.619935e-01	4.999883e+00	1.431294e+01
5.026478671674573e-04	4.674453e-01	4.999883e+00	1.452604e+01
5.026578671674573e-04	4.728944e-01	4.999883e+00	1.473904e+01
5.026678671674574e-04	4.783407e-01	4.999883e+00	1.495194e+01
5.026778671674574e-04	4.837841e-01	4.999883e+00	1.516476e+01
5.026878671674574e-04	4.892248e-01	4.999883e+00	1.537747e+01
5.026978671674575e-04	4.946626e-01	4.999883e+00	1.559010e+01
5.027078671674575e-04	5.000975e-01	4.999883e+00	1.580263e+01
5.027178671674576e-04	5.055295e-01	4.999883e+00	1.601506e+01
5.027278671674576e-04	5.109586e-01	4.999883e+00	1.622741e+01
5.027378671674577e-04	5.163847e-01	4.999883e+00	1.643966e+01
5.027478671674577e-04	5.218078e-01	4.999883e+00	1.665181e+01
5.027578671674578e-04	5.272280e-01	4.999883e+00	1.686387e+01
5.027678671674578e-04	5.326451e-01	4.999883e+00	1.707584e+01
5.027778671674579e-04	5.380592e-01	4.999883e+00	1.728771e+01
5.027878671674579e-04	5.434702e-01	4.999883e+00	1.749949e+01
5.027978671674580e-04	5.488781e-01	4.999883e+00	1.771118e+01
5.028078671674580e-04	5.542830e-01	4.999883e+00	1.792277e+01
5.028178671674581e-04	5.596846e-01	4.999883e+00	1.813427e+01
5.028278671674581e-04	5.650832e-01	4.999883e+00	1.834568e+01
5.028378671674582e-04	5.704786e-01	4.999883e+00	1.855699e+01
5.028478671674582e-04	5.758708e-01	4.999883e+00	1.876821e+01
5.028578671674583e-04	5.812597e-01	4.999883e+00	1.897933e+01
5.028678671674583e-04	5.866454e-01	4.999883e+00	1.919037e+01
5.028778671674584e-04	5.920278e-01	4.999883e+00	1.940131e+01
5.028878671674584e-04	5.974070e-01	4.999883e+00	1.961215e+01
5.028978671674585e-04	6.027828e-01	4.999883e+00	1.982290e+01
5.029078671674585e-04	6.081554e-01	4.999883e+00	2.003356e+01
5.029178671674586e-04	6.135246e-01	4.999883e+00	2.024413e+01
5.029278671674586e-04	6.188905e-01	4.999883e+00	2.045460e+01
5.029378671674587e-04	6.242529e-01	4.999883e+00	2.066498e+01
5.029478671674587e-04	6.296120e-01	4.999883e+00	2.087527e+01
5.029578671674588e-04	6.349677e-01	4.999883e+00	2.108546e+01
5.029678671674588e-04	6.403199e-01	4.999883e+00	2.129556e+01
5.029778671674589e-04	6.456687e-01	4.999883e+00	2.150556e+01
5.029878671674589e-04	6.510140e-01	4.999883e+00	2.171548e+01
5.029978671674590e-04	6.563557e-01	4.999883e+00	2.192530e+01
5.030078671674590e-04	6.616940e-01	4.999883e+00	2.213503e+01
5.030178671674591e-04	6.670288e-01	4.999883e+00	2.234466e+01
5.030278671674591e-04	6.723600e-01	4.999883e+00	2.255420e+01
5.030378671674592e-04	6.776876e-01	4.999883e+00	2.276365e+01
5.030478671674592e-04	6.830117e-01	4.999883e+00	2.297300e+01
5.030578671674593e-04	6.883321e-01	4.999883e+00	2.318227e+01
5.030678671674593e-04	6.936490e-01	4.999883e+00	2.339144e+01
5.030778671674594e-04	6.989622e-01	4.999883e+00	2.360051e+01
5.030878671674594e-04	7.042717e-01	4.999883e+00	2.380950e+01
5.030978671674595e-04	7.095776e-01	4.999883e+00	2.401839e+01
5.031078671674595e-04	7.148798e-01	4.999883e+00	2.422719e+01
5.031178671674596e-04	7.201782e-01	4.999883e+00	2.443590e+01
5.031278671674596e-04	7.254729e-01	4.999883e+00	2.464451e+01
5.031378671674597e-04	7.307639e-01	4.999883e+00	2.485303e+01
5.031478671674597e-04	7.360512e-01	4.999883e+00	2.506146e+01
5.031578671674598e-04	7.413347e-01	4.999883e+00	2.526979e+01
5.031678671674598e-04	7.466144e-01	4.999883e+00	2.547804e+01
5.031778671674599e-04	7.518902e-01	4.999883e+00	2.568619e+01
5.031878671674599e-04	7.571623e-01	4.999883e+00	2.589425e+01
5.031978671674600e-04	7.624305e-01	4.999883e+00	2.610221e+01
5.032078671674600e-04	7.676950e-01	4.999883e+00	2.631009e+01
5.032178671674600e-04	7.729554e-01	4.999883e+00	2.651787e+01
5.032278671674601e-04	7.782121e-01	4.999883e+00	2.672556e+01
5.032378671674601e-04	7.834648e-01	4.999883e+00	2.693315e+01
5.032478671674602e-04	7.887136e-01	4.999883e+00	2.714066e+01
5.032578671674602e-04	7.939585e-01	4.999883e+00	2.734807e+01
5.032678671674603e-04	7.991995e-01	4.999883e+00	2.755539e+01
5.032778671674603e-04	8.044365e-01	4.999883e+00	2.776262e+01
5.032878671674604e-04	8.096696e-01	4.999883e+00	2.796975e+01
5.032978671674604e-04	8.148986e-01	4.999883e+00	2.817679e+01
5.033078671674605e-04	8.201236e-01	4.999883e+00	2.838375e+01
5.033178671674605e-04	8.253446e-01	4.999883e+00	2.859060e+01
5.033278671674606e-04	8.305616e-01	4.999883e+00	2.879737e+01
5.033378671674606e-04	8.357746e-01	4.999883e+00	2.900405e+01
5.033478671674607e-04	8.409835e-01	4.999883e+00	2.921063e+01
5.033578671674607e-04	8.461884e-01	4.999883e+00	2.941712e+01
5.033678671674608e-04	8.513891e-01	4.999883e+00	2.962352e+01
5.033778671674608e-04	8.565857e-01	4.999883e+00	2.982983e+01
5.033878671674609e-04	8.617783e-01	4.999883e+00	3.003605e+01
5.033978671674609e-04	8.669667e-01	4.999883e+00	3.024217e+01
5.034078671674610e-04	8.721510e-01	4.999883e+00	3.044820e+01
5.034178671674610e-04	8.773311e-01	4.999883e+00	3.065414e+01
5.034278671674611e-04	8.825071e-01	4.999883e+00	3.085999e+01
5.034378671674611e-04	8.876790e-01	4.999883e+00	3.106575e+01
5.034478671674612e-04	8.928466e-01	4.999883e+00	3.127141e+01
5.034578671674612e-04	8.980100e-01	4.999883e+00	3.147699e+01
5.034678671674613e-04	9.031692e-01	4.999883e+00	3.168247e+01
5.034778671674613e-04	9.083242e-01	4.999883e+00	3.188786e+01
5.034878671674614e-04	9.134750e-01	4.999883e+00	3.209316e+01
5.034978671674614e-04	9.186215e-01	4.999883e+00	3.229837e+01
5.035078671674615e-04	9.237638e-01	4.999883e+00	3.250348e+01
5.035178671674615e-04	9.289017e-01	4.999883e+00	3.270851e+01
5.035278671674616e-04	9.340354e-01	4.999883e+00	3.291344e+01
5.035378671674616e-04	9.391648e-01	4.999883e+00	3.311828e+01
5.035478671674617e-04	9.442899e-01	4.999883e+00	3.332304e+01
5.035578671674617e-04	9.494107e-01	4.999883e+00	3.352769e+01
5.035678671674618e-04	9.545271e-01	4.999883e+00	3.373226e+01
5.035778671674618e-04	9.596393e-01	4.999883e+00	3.393674e+01
5.035878671674619e-04	9.647470e-01	4.999883e+00	3.414112e+01
5.035978671674619e-04	9.698504e-01	4.999883e+00	3.434542e+01
5.036078671674620e-04	9.749495e-01	4.999883e+00	3.454963e+01
5.036178671674620e-04	9.800441e-01	4.999883e+00	3.475374e+01
5.036278671674621e-04	9.851344e-01	4.999883e+00	3.495776e+01
5.036378671674621e-04	9.902202e-01	4.999883e+00	3.516169e+01
5.036478671674622e-04	9.953017e-01	4.999883e+00	3.536553e+01
5.036578671674622e-04	1.000379e+00	4.999883e+00	3.556928e+01
5.036678671674623e-04	1.005451e+00	4.999883e+00	3.577293e+01
5.036778671674623e-04	1.010519e+00	4.999883e+00	3.597650e+01
5.036878671674624e-04	1.015583e+00	4.999883e+00	3.617998e+01
5.036978671674624e-04	1.020642e+00	4.999883e+00	3.638336e+01
5.037078671674625e-04	1.025697e+00	4.999883e+00	3.658666e+01
5.037178671674625e-04	1.030747e+00	4.999883e+00	3.678986e+01
5.037278671674625e-04	1.035793e+00	4.999883e+00	3.699297e+01
5.037378671674626e-04	1.040834e+00	4.999883e+00	3.719600e+01
5.037478671674626e-04	1.045871e+00	4.999883e+00	3.739893e+01
5.037578671674627e-04	1.050903e+00	4.999883e+00	3.760177e+01
5.037678671674627e-04	1.055931e+00	4.999883e+00	3.780452e+01
5.037778671674628e-04	1.060954e+00	4.999883e+00	3.800718e+01
5.037878671674628e-04	1.065973e+00	4.999883e+00	3.820975e+01
5.037978671674629e-04	1.070987e+00	4.999883e+00	3.841223e+01
5.038078671674629e-04	1.075996e+00	4.999883e+00	3.861462e+01
5.038178671674630e-04	1.081001e+00	4.999883e+00	3.881692e+01
5.038278671674630e-04	1.086001e+00	4.999883e+00	3.901912e+01
5.038378671674631e-04	1.090997e+00	4.999883e+00	3.922124e+01
5.038478671674631e-04	1.095988e+00	4.999883e+00	3.942327e+01
5.038578671674632e-04	1.100975e+00	4.999883e+00	3.962521e+01
5.038678671674632e-04	1.105957e+00	4.999883e+00	3.982705e+01
5.038778671674633e-04	1.110934e+00	4.999883e+00	4.002881e+01
5.038878671674633e-04	1.115907e+00	4.999883e+00	4.023048e+01
5.038978671674634e-04	1.120875e+00	4.999883e+00	4.043205e+01
5.039078671674634e-04	1.125838e+00	4.999883e+00	4.063354e+01
5.039178671674635e-04	1.130797e+00	4.999883e+00	4.083493e+01
5.039278671674635e-04	1.135751e+00	4.999883e+00	4.103624e+01
5.039378671674636e-04	1.140700e+00	4.999883e+00	4.123746e+01
5.039478671674636e-04	1.145645e+00	4.999883e+00	4.143858e+01
5.039578671674637e-04	1.150584e+00	4.999883e+00	4.163962e+01
5.039678671674637e-04	1.155520e+00	4.999883e+00	4.184056e+01
5.039778671674638e-04	1.160450e+00	4.999883e+00	4.204142e+01
5.039878671674638e-04	1.165376e+00	4.999883e+00	4.224219e+01
5.039978671674639e-04	1.170297e+00	4.999883e+00	4.244286e+01
5.040078671674639e-04	1.175214e+00	4.999883e+00	4.264345e+01
5.040178671674640e-04	1.180125e+00	4.999883e+00	4.284395e+01
5.040278671674640e-04	1.185032e+00	4.999883e+00	4.304436e+01
5.040378671674641e-04	1.189934e+00	4.999883e+00	4.324467e+01
5.040478671674641e-04	1.194832e+00	4.999883e+00	4.344490e+01
5.040578671674642e-04	1.199725e+00	4.999883e+00	4.364504e+01
5.040678671674642e-04	1.204612e+00	4.999883e+00	4.384509e+01
5.040778671674643e-04	1.209496e+00	4.999883e+00	4.404505e+01
5.040878671674643e-04	1.214374e+00	4.999883e+00	4.424492e+01
5.040978671674644e-04	1.219247e+00	4.999883e+00	4.444470e+01
5.041078671674644e-04	1.224116e+00	4.999883e+00	4.464439e+01
5.041178671674645e-04	1.228980e+00	4.999883e+00	4.484400e+01
5.041278671674645e-04	1.233839e+00	4.999883e+00	4.504351e+01
5.041378671674646e-04	1.238694e+00	4.999883e+00	4.524293e+01
5.041478671674646e-04	1.243543e+00	4.999883e+00	4.544227e+01
5.041578671674647e-04	1.248388e+00	4.999883e+00	4.564151e+01
5.041678671674647e-04	1.253228e+00	4.999883e+00	4.584067e+01
5.041778671674648e-04	1.258063e+00	4.999883e+00	4.603973e+01
5.041878671674648e-04	1.262893e+00	4.999883e+00	4.623871e+01
5.041978671674649e-04	1.267718e+00	4.999883e+00	4.643760e+01
5.042078671674649e-04	1.272539e+00	4.999883e+00	4.663640e+01
5.042178671674650e-04	1.277354e+00	4.999883e+00	4.683511e+01
5.042278671674650e-04	1.282165e+00	4.999883e+00	4.703373e+01
5.042378671674650e-04	1.286971e+00	4.999883e+00	4.723227e+01
5.042478671674651e-04	1.291772e+00	4.999883e+00	4.743071e+01
5.042578671674651e-04	1.296568e+00	4.999883e+00	4.762907e+01
5.042678671674652e-04	1.301359e+00	4.999883e+00	4.782733e+01
5.042778671674652e-04	1.306146e+00	4.999883e+00	4.802551e+01
5.042878671674653e-04	1.310927e+00	4.999883e+00	4.822359e+01
5.042978671674653e-04	1.315704e+00	4.999883e+00	4.842160e+01
5.043078671674654e-04	1.320475e+00	4.999883e+00	4.861951e+01
5.043178671674654e-04	1.325242e+00	4.999883e+00	4.881733e+01
5.043278671674655e-04	1.330004e+00	4.999883e+00	4.901506e+01
5.043378671674655e-04	1.334761e+00	4.999883e+00	4.921271e+01
5.043478671674656e-04	1.339512e+00	4.999883e+00	4.941027e+01
5.043578671674656e-04	1.344260e+00	4.999883e+00	4.960773e+01
5.043678671674657e-04	1.349002e+00	4.999883e+00	4.980511e+01
5.043778671674657e-04	1.353739e+00	4.999883e+00	5.000240e+01
5.043878671674658e-04	1.358471e+00	4.999883e+00	5.019961e+01
5.043978671674658e-04	1.363198e+00	4.999883e+00	5.039672e+01
5.044078671674659e-04	1.367920e+00	4.999883e+00	5.059375e+01
5.044178671674659e-04	1.372638e+00	4.999883e+00	5.079069e+01
5.044278671674660e-04	1.377350e+00	4.999883e+00	5.098753e+01
5.044378671674660e-04	1.382057e+00	4.999883e+00	5.118430e+01
5.044478671674661e-04	1.386760e+00	4.999883e+00	5.138097e+01
5.044578671674661e-04	1.391457e+00	4.999883e+00	5.157756e+01
5.044678671674662e-04	1.396150e+00	4.999883e+00	5.177405e+01
5.044778671674662e-04	1.400837e+00	4.999883e+00	5.197046e+01
5.044878671674663e-04	1.405520e+00	4.999883e+00	5.216678e+01
5.044978671674663e-04	1.410197e+00	4.999883e+00	5.236301e+01
5.045078671674664e-04	1.414870e+00	4.999883e+00	5.255916e+01
5.045178671674664e-04	1.419537e+00	4.999883e+00	5.275521e+01
5.045278671674665e-04	1.424200e+00	4.999883e+00	5.295118e+01
5.045378671674665e-04	1.428857e+00	4.999883e+00	5.314706e+01
5.045478671674666e-04	1.433510e+00	4.999883e+00	5.334286e+01
5.045578671674666e-04	1.438157e+00	4.999883e+00	5.353856e+01
5.045678671674667e-04	1.442799e+00	4.999883e+00	5.373418e+01
5.045778671674667e-04	1.447437e+00	4.999883e+00	5.392971e+01
5.045878671674668e-04	1.452069e+00	4.999883e+00	5.412515e+01
5.045978671674668e-04	1.456697e+00	4.999883e+00	5.432051e+01
5.046078671674669e-04	1.461319e+00	4.999883e+00	5.451578e+01
5.046178671674669e-04	1.465936e+00	4.999883e+00	5.471096e+01
5.046278671674670e-04	1.470549e+00	4.999883e+00	5.490605e+01
5.046378671674670e-04	1.475156e+00	4.999883e+00	5.510105e+01
5.046478671674671e-04	1.479758e+00	4.999883e+00	5.529597e+01
5.046578671674671e-04	1.484355e+00	4.999883e+00	5.549080e+01
5.046678671674672e-04	1.488947e+00	4.999883e+00	5.568554e+01
5.046778671674672e-04	1.493534e+00	4.999883e+00	5.588020e+01
5.046878671674673e-04	1.498116e+00	4.999883e+00	5.607476e+01
5.046978671674673e-04	1.502693e+00	4.999883e+00	5.626924e+01
5.047078671674674e-04	1.507265e+00	4.999883e+00	5.646363e+01
5.047178671674674e-04	1.511832e+00	4.999883e+00	5.665794e+01
5.047278671674675e-04	1.516393e+00	4.999883e+00	5.685216e+01
5.047378671674675e-04	1.520950e+00	4.999883e+00	5.704629e+01
5.047478671674676e-04	1.525501e+00	4.999883e+00	5.724033e+01
5.047578671674676e-04	1.530048e+00	4.999883e+00	5.743429e+01
5.047678671674676e-04	1.534589e+00	4.999883e+00	5.762816e+01
5.047778671674677e-04	1.539126e+00	4.999883e+00	5.782195e+01
5.047878671674677e-04	1.543657e+00	4.999883e+00	5.801564e+01
5.047978671674678e-04	1.548183e+00	4.999883e+00	5.820925e+01
5.048078671674678e-04	1.552704e+00	4.999883e+00	5.840277e+01
5.048178671674679e-04	1.557220e+00	4.999883e+00	5.859621e+01
5.048278671674679e-04	1.561731e+00	4.999883e+00	5.878956e+01
5.048378671674680e-04	1.566237e+00	4.999883e+00	5.898282e+01
5.048478671674680e-04	1.570738e+00	4.999883e+00	5.917599e+01
5.048578671674681e-04	1.575233e+00	4.999883e+00	5.936908e+01
5.048678671674681e-04	1.579724e+00	4.999883e+00	5.956208e+01
5.048778671674682e-04	1.584209e+00	4.999883e+00	5.975500e+01
5.048878671674682e-04	1.588690e+00	4.999883e+00	5.994783e+01
5.048978671674683e-04	1.593165e+00	4.999883e+00	6.014057e+01
5.049078671674683e-04	1.597635e+00	4.999883e+00	6.033323e+01
5.049178671674684e-04	1.602100e+00	4.999883e+00	6.052579e+01
5.049278671674684e-04	1.606560e+00	4.999883e+00	6.071828e+01
5.049378671674685e-04	1.611015e+00	4.999883e+00	6.091067e+01
5.049478671674685e-04	1.615464e+00	4.999883e+00	6.110298e+01
5.049578671674686e-04	1.619909e+00	4.999883e+00	6.129520e+01
5.049678671674686e-04	1.624348e+00	4.999883e+00	6.148734e+01
5.049778671674687e-04	1.628783e+00	4.999883e+00	6.167939e+01
5.049878671674687e-04	1.633212e+00	4.999883e+00	6.187136e+01
5.049978671674688e-04	1.637636e+00	4.999883e+00	6.206324e+01
5.050078671674688e-04	1.642055e+00	4.999883e+00	6.225503e+01
5.050178671674689e-04	1.646469e+00	4.999883e+00	6.244674e+01
5.050278671674689e-04	1.650877e+00	4.999883e+00	6.263836e+01
5.050378671674690e-04	1.655281e+00	4.999883e+00	6.282989e+01
5.050478671674690e-04	1.659679e+00	4.999883e+00	6.302134e+01
5.050578671674691e-04	1.664073e+00	4.999883e+00	6.321270e+01
5.050678671674691e-04	1.668461e+00	4.999883e+00	6.340398e+01
5.050778671674692e-04	1.672844e+00	4.999883e+00	6.359517e+01
5.050878671674692e-04	1.677222e+00	4.999883e+00	6.378627e+01
5.050978671674693e-04	1.681594e+00	4.999883e+00	6.397729e+01
5.051078671674693e-04	1.685962e+00	4.999883e+00	6.416822e+01
5.051178671674694e-04	1.690325e+00	4.999883e+00	6.435907e+01
5.051278671674694e-04	1.694682e+00	4.999883e+00	6.454983e+01
5.051378671674695e-04	1.699034e+00	4.999883e+00	6.474050e+01
5.051478671674695e-04	1.703381e+00	4.999883e+00	6.493109e+01
5.051578671674696e-04	1.707723e+00	4.999883e+00	6.512160e+01
5.051678671674696e-04	1.712060e+00	4.999883e+00	6.531202e+01
5.051778671674697e-04	1.716392e+00	4.999883e+00	6.550235e+01
5.051878671674697e-04	1.720719e+00	4.999883e+00	6.569260e+01
5.051978671674698e-04	1.725040e+00	4.999883e+00	6.588276e+01
5.052078671674698e-04	1.729356e+00	4.999883e+00	6.607284e+01
5.052178671674699e-04	1.733667e+00	4.999883e+00	6.626283e+01
5.052278671674699e-04	1.737973e+00	4.999883e+00	6.645274e+01
5.052378671674700e-04	1.742274e+00	4.999883e+00	6.664256e+01
5.052478671674700e-04	1.746570e+00	4.999883e+00	6.683229e+01
5.052578671674701e-04	1.750860e+00	4.999883e+00	6.702194e+01
5.052678671674701e-04	1.755146e+00	4.999883e+00	6.721150e+01
5.052778671674701e-04	1.759426e+00	4.999883e+00	6.740099e+01
5.052878671674702e-04	1.763701e+00	4.999883e+00	6.759038e+01
5.052978671674702e-04	1.767971e+00	4.999883e+00	6.777969e+01
5.053078671674703e-04	1.772236e+00	4.999883e+00	6.796891e+01
5.053178671674703e-04	1.776495e+00	4.999883e+00	6.815805e+01
5.053278671674704e-04	1.780750e+00	4.999883e+00	6.834711e+01
5.053378671674704e-04	1.784999e+00	4.999883e+00	6.853607e+01
5.053478671674705e-04	1.789244e+00	4.999883e+00	6.872496e+01
5.053578671674705e-04	1.793483e+00	4.999883e+00	6.891376e+01
5.053678671674706e-04	1.797717e+00	4.999883e+00	6.910248e+01
5.053778671674706e-04	1.801945e+00	4.999883e+00	6.929111e+01
5.053878671674707e-04	1.806169e+00	4.999883e+00	6.947965e+01
5.053978671674707e-04	1.810387e+00	4.999883e+00	6.966811e+01
5.054078671674708e-04	1.814601e+00	4.999883e+00	6.985648e+01
5.054178671674708e-04	1.818809e+00	4.999883e+00	7.004478e+01
5.054278671674709e-04	1.823012e+00	4.999883e+00	7.023299e+01
5.054378671674709e-04	1.827210e+00	4.999883e+00	7.042110e+01
5.054478671674710e-04	1.831403e+00	4.999883e+00	7.060915e+01
5.054578671674710e-04	1.835590e+00	4.999883e+00	7.079710e+01
5.054678671674711e-04	1.839773e+00	4.999883e+00	7.098496e+01
5.054778671674711e-04	1.843950e+00	4.999883e+00	7.117274e+01
5.054878671674712e-04	1.848122e+00	4.999883e+00	7.136045e+01
5.054978671674712e-04	1.852289e+00	4.999883e+00	7.154807e+01
5.055078671674713e-04	1.856451e+00	4.999883e+00	7.173560e+01
5.055178671674713e-04	1.860608e+00	4.999883e+00	7.192304e+01
5.055278671674714e-04	1.864759e+00	4.999883e+00	7.211040e+01
5.055378671674714e-04	1.868906e+00	4.999883e+00	7.229768e+01
5.055478671674715e-04	1.873047e+00	4.999883e+00	7.248488e+01
5.055578671674715e-04	1.877183e+00	4.999883e+00	7.267198e+01
5.055678671674716e-04	1.881314e+00	4.999883e+00	7.285901e+01
5.055778671674716e-04	1.885440e+00	4.999883e+00	7.304595e+01
5.055878671674717e-04	1.889561e+00	4.999883e+00	7.323281e+01
5.055978671674717e-04	1.893677e+00	4.999883e+00	7.341959e+01
5.056078671674718e-04	1.897787e+00	4.999883e+00	7.360628e+01
5.056178671674718e-04	1.901892e+00	4.999883e+00	7.379288e+01
5.056278671674719e-04	1.905993e+00	4.999883e+00	7.397940e+01
5.056378671674719e-04	1.910087e+00	4.999883e+00	7.416584e+01
5.056478671674720e-04	1.914177e+00	4.999883e+00	7.435220e+01
5.056578671674720e-04	1.918262e+00	4.999883e+00	7.453847e+01
5.056678671674721e-04	1.922342e+00	4.999883e+00	7.472465e+01
5.056778671674721e-04	1.926416e+00	4.999883e+00	7.491075e+01
5.056878671674722e-04	1.930486e+00	4.999883e+00	7.509677e+01
5.056978671674722e-04	1.934550e+00	4.999883e+00	7.528271e+01
5.057078671674723e-04	1.938609e+00	4.999883e+00	7.546856e+01
5.057178671674723e-04	1.942663e+00	4.999883e+00	7.565433e+01
5.057278671674724e-04	1.946712e+00	4.999883e+00	7.584001e+01
5.057378671674724e-04	1.950755e+00	4.999883e+00	7.602562e+01
5.057478671674725e-04	1.954794e+00	4.999883e+00	7.621114e+01
5.057578671674725e-04	1.958827e+00	4.999883e+00	7.639657e+01
5.057678671674726e-04	1.962856e+00	4.999883e+00	7.658192e+01
5.057778671674726e-04	1.966879e+00	4.999883e+00	7.676719e+01
5.057878671674726e-04	1.970897e+00	4.999883e+00	7.695237e+01
5.057978671674727e-04	1.974910e+00	4.999883e+00	7.713747e+01
5.058078671674727e-04	1.978918e+00	4.999883e+00	7.732249e+01
5.058178671674728e-04	1.982921e+00	4.999883e+00	7.750743e+01
5.058278671674728e-04	1.986918e+00	4.999883e+00	7.769228e+01
5.058378671674729e-04	1.990911e+00	4.999883e+00	7.787705e+01
5.058478671674729e-04	1.994898e+00	4.999883e+00	7.806174e+01
5.058578671674730e-04	1.998880e+00	4.999883e+00	7.824634e+01
5.058678671674730e-04	2.002857e+00	4.999883e+00	7.843085e+01
5.058778671674731e-04	2.006829e+00	4.999883e+00	7.861530e+01
5.058878671674731e-04	2.010796e+00	4.999883e+00	7.879964e+01
5.058978671674732e-04	2.014758e+00	4.999883e+00	7.898392e+01
5.059078671674732e-04	2.018715e+00	4.999883e+00	7.916811e+01
5.059178671674733e-04	2.022666e+00	4.999883e+00	7.935221e+01
5.059278671674733e-04	2.026613e+00	4.999883e+00	7.953623e+01
5.059378671674734e-04	2.030554e+00	4.999883e+00	7.972018e+01
5.059478671674734e-04	2.034491e+00	4.999883e+00	7.990403e+01
5.059578671674735e-04	2.038422e+00	4.999883e+00	8.008781e+01
5.059678671674735e-04	2.042348e+00	4.999883e+00	8.027150e+01
5.059778671674736e-04	2.046269e+00	4.999883e+00	8.045511e+01
5.059878671674736e-04	2.050185e+00	4.999883e+00	8.063863e+01
5.059978671674737e-04	2.054096e+00	4.999883e+00	8.082207e+01
5.060078671674737e-04	2.058001e+00	4.999883e+00	8.100544e+01
5.060178671674738e-04	2.061902e+00	4.999883e+00	8.118872e+01
5.060278671674738e-04	2.065797e+00	4.999883e+00	8.137192e+01
5.060378671674739e-04	2.069688e+00	4.999883e+00	8.155503e+01
5.060478671674739e-04	2.073573e+00	4.999883e+00	8.173806e+01
5.060578671674740e-04	2.077453e+00	4.999883e+00	8.192101e+01
5.060678671674740e-04	2.081328e+00	4.999883e+00	8.210387e+01
5.060778671674741e-04	2.085199e+00	4.999883e+00	8.228666e+01
5.060878671674741e-04	2.089064e+00	4.999883e+00	8.246937e+01
5.060978671674742e-04	2.092923e+00	4.999883e+00	8.265199e+01
5.061078671674742e-04	2.096778e+00	4.999883e+00	8.283453e+01
5.061178671674743e-04	2.100628e+00	4.999883e+00	8.301698e+01
5.061278671674743e-04	2.104473e+00	4.999883e+00	8.319936e+01
5.061378671674744e-04	2.108313e+00	4.999883e+00	8.338165e+01
5.061478671674744e-04	2.112147e+00	4.999883e+00	8.356386e+01
5.061578671674745e-04	2.115977e+00	4.999883e+00	8.374599e+01
5.061678671674745e-04	2.119801e+00	4.999883e+00	8.392803e+01
5.061778671674746e-04	2.123621e+00	4.999883e+00	8.411000e+01
5.061878671674746e-04	2.127435e+00	4.999883e+00	8.429189e+01
5.061978671674747e-04	2.131244e+00	4.999883e+00	8.447369e+01
5.062078671674747e-04	2.135048e+00	4.999883e+00	8.465540e+01
5.062178671674748e-04	2.138848e+00	4.999883e+00	8.483704e+01
5.062278671674748e-04	2.142642e+00	4.999883e+00	8.501860e+01
5.062378671674749e-04	2.146431e+00	4.999883e+00	8.520007e+01
5.062478671674749e-04	2.150215e+00	4.999883e+00	8.538146e+01
5.062578671674750e-04	2.153994e+00	4.999883e+00	8.556277e+01
5.062678671674750e-04	2.157768e+00	4.999883e+00	8.574400e+01
5.062778671674751e-04	2.161537e+00	4.999883e+00	8.592516e+01
5.062878671674751e-04	2.165301e+00	4.999883e+00	8.610622e+01
5.062978671674752e-04	2.169059e+00	4.999883e+00	8.628721e+01
5.063078671674752e-04	2.172813e+00	4.999883e+00	8.646811e+01
5.063178671674752e-04	2.176562e+00	4.999883e+00	8.664893e+01
5.063278671674753e-04	2.180306e+00	4.999883e+00	8.682967e+01
5.063378671674753e-04	2.184044e+00	4.999883e+00	8.701034e+01
5.063478671674754e-04	2.187778e+00	4.999883e+00	8.719091e+01
5.063578671674754e-04	2.191507e+00	4.999883e+00	8.737141e+01
5.063678671674755e-04	2.195230e+00	4.999883e+00	8.755183e+01
5.063778671674755e-04	2.198949e+00	4.999883e+00	8.773216e+01
5.063878671674756e-04	2.202663e+00	4.999883e+00	8.791241e+01
5.063978671674756e-04	2.206371e+00	4.999883e+00	8.809259e+01
5.064078671674757e-04	2.210075e+00	4.999883e+00	8.827268e+01
5.064178671674757e-04	2.213773e+00	4.999883e+00	8.845269e+01
5.064278671674758e-04	2.217467e+00	4.999883e+00	8.863262e+01
5.064378671674758e-04	2.221156e+00	4.999883e+00	8.881247e+01
5.064478671674759e-04	2.224839e+00	4.999883e+00	8.899224e+01
5.064578671674759e-04	2.228518e+00	4.999883e+00	8.917193e+01
5.064678671674760e-04	2.232191e+00	4.999883e+00	8.935154e+01
5.064778671674760e-04	2.235860e+00	4.999883e+00	8.953106e+01
5.064878671674761e-04	2.239524e+00	4.999883e+00	8.971051e+01
5.064978671674761e-04	2.243182e+00	4.999883e+00	8.988987e+01
5.065078671674762e-04	2.246836e+00	4.999883e+00	9.006915e+01
5.065178671674762e-04	2.250484e+00	4.999883e+00	9.024836e+01
5.065278671674763e-04	2.254128e+00	4.999883e+00	9.042748e+01
5.065378671674763e-04	2.257767e+00	4.999883e+00	9.060652e+01
5.065478671674764e-04	2.261400e+00	4.999883e+00	9.078548e+01
5.065578671674764e-04	2.265029e+00	4.999883e+00	9.096436e+01
5.065678671674765e-04	2.268653e+00	4.999883e+00	9.114317e+01
5.065778671674765e-04	2.272272e+00	4.999883e+00	9.132188e+01
5.065878671674766e-04	2.275886e+00	4.999883e+00	9.150053e+01
5.065978671674766e-04	2.279495e+00	4.999883e+00	9.167908e+01
5.066078671674767e-04	2.283098e+00	4.999883e+00	9.185757e+01
5.066178671674767e-04	2.286697e+00	4.999883e+00	9.203596e+01
5.066278671674768e-04	2.290292e+00	4.999883e+00	9.221429e+01
5.066378671674768e-04	2.293880e+00	4.999883e+00	9.239252e+01
5.066478671674769e-04	2.297465e+00	4.999883e+00	9.257068e+01
5.066578671674769e-04	2.301044e+00	4.999883e+00	9.274876e+01
5.066678671674770e-04	2.304618e+00	4.999883e+00	9.292676e+01
5.066778671674770e-04	2.308187e+00	4.999883e+00	9.310468e+01
5.066878671674771e-04	2.311752e+00	4.999883e+00	9.328252e+01
5.066978671674771e-04	2.315311e+00	4.999883e+00	9.346027e+01
5.067078671674772e-04	2.318866e+00	4.999882e+00	9.363795e+01
5.067178671674772e-04	2.322415e+00	4.999866e+00	9.381555e+01
5.067278671674773e-04	2.325960e+00	4.999739e+00	9.399307e+01
5.067321962643692e-04	2.327493e+00	4.993258e+00	9.406989e+01
5.067322512497366e-04	2.327512e+00	4.992970e+00	9.407087e+01
5.067323612204714e-04	2.327551e+00	4.992214e+00	9.407282e+01
5.067325811619410e-04	2.327629e+00	4.989955e+00	9.407672e+01
5.067330210448802e-04	2.327785e+00	4.982859e+00	9.408453e+01
5.067335134264885e-04	2.327959e+00	4.968466e+00	9.409327e+01
5.067340026691510e-04	2.328132e+00	4.940213e+00	9.410194e+01
5.067344318545827e-04	2.328284e+00	4.887008e+00	9.410956e+01
5.067348400486922e-04	2.328429e+00	4.798147e+00	9.411681e+01
5.067352551726594e-04	2.328575e+00	4.677860e+00	9.412417e+01
5.067359761192793e-04	2.328830e+00	4.425564e+00	9.413696e+01
5.067367027435700e-04	2.329087e+00	4.115861e+00	9.414985e+01
5.067381559921512e-04	2.329602e+00	3.192992e+00	9.417563e+01
5.067395731393186e-04	2.330103e+00	1.551243e+00	9.420077e+01
5.067404059143764e-04	2.330397e+00	1.639036e-01	9.421555e+01
5.067407183630293e-04	2.330508e+00	-2.197512e-02	9.422108e+01
5.067407673252803e-04	2.330525e+00	-4.016695e-03	9.422195e+01
5.067407906685594e-04	2.330533e+00	-2.097032e-03	9.422237e+01
5.067408120891864e-04	2.330541e+00	-1.097614e-03	9.422275e+01
5.067408379496561e-04	2.330550e+00	-4.190996e-04	9.422321e+01
5.067408896705953e-04	2.330568e+00	1.379168e-04	9.422412e+01
5.067409525348103e-04	2.330591e+00	2.555370e-04	9.422524e+01
5.067414301475631e-04	2.330760e+00	1.829257e-04	9.423371e+01
5.067419418127375e-04	2.330940e+00	1.369901e-04	9.424278e+01
5.067429651430863e-04	2.331302e+00	1.006916e-04	9.426093e+01
5.067450118037839e-04	2.332026e+00	9.917413e-05	9.429723e+01
5.067491051251792e-04	2.333472e+00	9.992774e-05	9.436982e+01
5.067572917679697e-04	2.336361e+00	9.848248e-05	9.451495e+01
5.067672917679698e-04	2.339886e+00	9.935128e-05	9.469215e+01
5.067772917679698e-04	2.343407e+00	9.823540e-05	9.486928e+01
5.067872917679699e-04	2.346922e+00	9.922356e-05	9.504633e+01
5.067972917679699e-04	2.350433e+00	9.819968e-05	9.522329e+01
5.068272917679701e-04	2.360935e+00	9.917661e-05	9.575371e+01
5.078372917679750e-04	2.689373e+00	9.860443e-05	1.132000e+02
5.088272917679799e-04	2.966368e+00	9.883776e-05	1.295494e+02
5.098372917679848e-04	3.207118e+00	9.871263e-05	1.454976e+02
5.112172917679916e-04	3.475183e+00	9.873677e-05	1.661546e+02
5.113272917679922e-04	3.493782e+00	9.877777e-05	1.677470e+02
5.116972917679940e-04	3.553541e+00	9.874169e-05	1.730463e+02
5.123672917679972e-04	3.651427e+00	9.876908e-05	1.824225e+02
5.127472917679991e-04	3.701305e+00	9.876696e-05	1.876172e+02
5.130972917680008e-04	3.743709e+00	9.875044e-05	1.923247e+02
5.134372917680025e-04	3.781692e+00	9.875173e-05	1.968279e+02
5.138072917680043e-04	3.819479e+00	9.876292e-05	2.016515e+02
5.143272917680069e-04	3.866474e+00	9.876164e-05	2.082976e+02
5.147972917680092e-04	3.903038e+00	9.875503e-05	2.141737e+02
5.149472917680099e-04	3.913580e+00	9.876054e-05	2.160233e+02
5.150972917680106e-04	3.923611e+00	9.875548e-05	2.178606e+02
5.152472917680114e-04	3.933149e+00	9.876012e-05	2.196857e+02
5.153972917680121e-04	3.942216e+00	9.875587e-05	2.214987e+02
5.155472917680128e-04	3.950829e+00	9.875977e-05	2.232997e+02
5.157072917680136e-04	3.959533e+00	9.875960e-05	2.252076e+02
5.158672917680144e-04	3.967758e+00	9.875945e-05	2.271021e+02
5.160372917680152e-04	3.975990e+00	9.875650e-05	2.291002e+02
5.162272917680162e-04	3.984593e+00	9.875916e-05	2.313158e+02
5.164372917680172e-04	3.993397e+00	9.875679e-05	2.337430e+02
5.167772917680189e-04	4.006146e+00	9.875700e-05	2.376253e+02
5.170072917680200e-04	4.013743e+00	9.875868e-05	2.402187e+02
5.173172917680215e-04	4.022688e+00	9.875726e-05	2.436727e+02
5.181772917680257e-04	4.040020e+00	9.875754e-05	2.530109e+02
5.185672917680276e-04	4.044459e+00	9.875818e-05	2.571302e+02
5.189272917680294e-04	4.046799e+00	9.875811e-05	2.608703e+02
5.192872917680312e-04	4.047543e+00	9.875806e-05	2.645516e+02
5.196572917680330e-04	4.046739e+00	9.875780e-05	2.682747e+02
5.200472917680349e-04	4.044269e+00	9.875797e-05	2.721340e+02
5.205172917680372e-04	4.039217e+00	9.875787e-05	2.766978e+02
5.215072917680421e-04	4.021755e+00	9.875788e-05	2.860080e+02
5.215672917680424e-04	4.020417e+00	9.875788e-05	2.865593e+02
5.218972917680440e-04	4.012506e+00	9.875793e-05	2.895659e+02
5.221772917680454e-04	4.005074e+00	9.875795e-05	2.920829e+02
5.226472917680477e-04	3.991133e+00	9.875785e-05	2.962390e+02
5.229172917680490e-04	3.982329e+00	9.875796e-05	2.985881e+02
5.231772917680503e-04	3.973338e+00	9.875796e-05	3.008240e+02
5.234272917680515e-04	3.964246e+00	9.875784e-05	3.029500e+02
5.236772917680527e-04	3.954745e+00	9.875797e-05	3.050527e+02
5.239172917680539e-04	3.945266e+00	9.875798e-05	3.070499e+02
5.241672917680551e-04	3.935048e+00	9.875783e-05	3.091081e+02
5.244172917680563e-04	3.924509e+00	9.875798e-05	3.111438e+02
5.246772917680576e-04	3.913242e+00	9.875798e-05	3.132375e+02
5.249472917680589e-04	3.901249e+00	9.875782e-05	3.153868e+02
5.257872917680631e-04	3.862330e+00	9.875782e-05	3.219136e+02
5.264472917680663e-04	3.830173e+00	9.875782e-05	3.268767e+02
5.270872917680694e-04	3.797718e+00	9.875782e-05	3.315547e+02
5.277372917680726e-04	3.763487e+00	9.875798e-05	3.361741e+02
5.284272917680760e-04	3.725747e+00	9.875782e-05	3.409364e+02
5.291872917680797e-04	3.682507e+00	9.875782e-05	3.460186e+02
5.300672917680840e-04	3.630282e+00	9.875782e-05	3.516963e+02
5.316072917680916e-04	3.533701e+00	9.875783e-05	3.611225e+02
5.318072917680926e-04	3.520749e+00	9.875783e-05	3.623009e+02
5.347872917681072e-04	3.320849e+00	9.875783e-05	3.786959e+02
5.380572917681232e-04	3.093823e+00	9.875798e-05	3.944033e+02
5.413372917681393e-04	2.867308e+00	9.875797e-05	4.080724e+02
5.420472917681428e-04	2.819151e+00	9.875785e-05	4.107841e+02
5.453572917681590e-04	2.601149e+00	9.875797e-05	4.223837e+02
5.486772917681753e-04	2.395894e+00	9.875806e-05	4.324667e+02
5.519972917681916e-04	2.206245e+00	1.023994e-04	4.412053e+02
5.520172917681917e-04	2.205153e+00	1.240585e-04	4.412543e+02
5.520372917681918e-04	2.204060e+00	1.626926e-04	4.413032e+02
5.520572917681919e-04	2.202969e+00	2.360087e-04	4.413521e+02
5.520672917681919e-04	2.202423e+00	3.047669e-04	4.413765e+02
5.520772917681920e-04	2.201878e+00	4.298762e-04	4.414008e+02
5.520872917681920e-04	2.201332e+00	7.304882e-04	4.414253e+02
5.520947834757678e-04	2.200924e+00	1.531181e-03	4.414435e+02
5.520960334757678e-04	2.200855e+00	1.867820e-03	4.414466e+02
5.520985334757678e-04	2.200719e+00	3.424762e-03	4.414527e+02
5.520997052413358e-04	2.200655e+00	5.847040e-03	4.414555e+02
5.521006824549096e-04	2.200602e+00	1.193549e-02	4.414579e+02
5.521017251316115e-04	2.200545e+00	2.634473e-02	4.414604e+02
5.521027563883321e-04	2.200489e+00	4.951056e-02	4.414630e+02
5.521044297607060e-04	2.200398e+00	1.136885e-01	4.414670e+02
5.521063219174990e-04	2.200295e+00	2.611017e-01	4.414716e+02
5.521080298191089e-04	2.200202e+00	5.330170e-01	4.414758e+02
5.521098839121011e-04	2.200101e+00	1.164774e+00	4.414803e+02
5.521115861933882e-04	2.200008e+00	2.399624e+00	4.414845e+02
5.521133507054108e-04	2.199912e+00	4.820842e+00	4.414888e+02
5.521138538714225e-04	2.199884e+00	5.029652e+00	4.414900e+02
5.521143494170368e-04	2.199857e+00	4.978567e+00	4.414912e+02
5.521145067791601e-04	2.199849e+00	5.008384e+00	4.414916e+02
5.521145628085829e-04	2.199846e+00	4.999261e+00	4.414917e+02
5.521145881354331e-04	2.199844e+00	4.999625e+00	4.414918e+02
5.521146109207884e-04	2.199843e+00	4.999740e+00	4.414919e+02
5.521146364099909e-04	2.199842e+00	4.999788e+00	4.414919e+02
5.521146873883960e-04	2.199839e+00	4.999815e+00	4.414920e+02
5.521147751307661e-04	2.199834e+00	4.999823e+00	4.414922e+02
5.521149506155064e-04	2.199825e+00	4.999837e+00	4.414927e+02
5.521153015849870e-04	2.199805e+00	4.999860e+00	4.414935e+02
5.521160035239480e-04	2.199767e+00	4.999881e+00	4.414952e+02
5.521174074018701e-04	2.199691e+00	4.999882e+00	4.414987e+02
5.521202151577145e-04	2.199538e+00	4.999882e+00	4.415055e+02
5.521258306694030e-04	2.199232e+00	4.999883e+00	4.415192e+02
5.521358306694031e-04	2.198687e+00	4.999883e+00	4.415435e+02
5.521458306694031e-04	2.198143e+00	4.999883e+00	4.415678e+02
5.521558306694032e-04	2.197599e+00	4.999883e+00	4.415922e+02
5.521658306694032e-04	2.197055e+00	4.999883e+00	4.416165e+02
5.521858306694033e-04	2.195967e+00	4.999883e+00	4.416651e+02
5.555458306694198e-04	2.021765e+00	4.999883e+00	4.492631e+02
5.589258306694364e-04	1.863510e+00	4.999883e+00	4.558756e+02
5.622858306694529e-04	1.722422e+00	4.999883e+00	4.615633e+02
5.656958306694696e-04	1.594759e+00	4.999883e+00	4.665556e+02
5.691258306694864e-04	1.480892e+00	4.999883e+00	4.708924e+02
5.725258306695031e-04	1.381123e+00	4.999883e+00	4.746061e+02
5.759958306695201e-04	1.291422e+00	4.999883e+00	4.778780e+02
5.794958306695372e-04	1.212037e+00	4.999883e+00	4.807209e+02
5.827658306695533e-04	1.146835e+00	4.999883e+00	4.830187e+02
5.863258306695707e-04	1.084577e+00	4.999883e+00	4.851807e+02
5.899258306695884e-04	1.029784e+00	4.999883e+00	4.870568e+02
5.930058306696035e-04	9.886535e-01	4.999883e+00	4.884481e+02
5.967058306696216e-04	9.454042e-01	4.999883e+00	4.898945e+02
6.004658306696401e-04	9.074871e-01	4.999883e+00	4.911479e+02
6.032458306696537e-04	8.828846e-01	4.999883e+00	4.919535e+02
6.071458306696728e-04	8.526712e-01	4.999883e+00	4.929341e+02
6.111458306696924e-04	8.262293e-01	4.999883e+00	4.937838e+02
6.134858306697039e-04	8.126273e-01	4.999883e+00	4.942176e+02
6.176758306697244e-04	7.912706e-01	4.999883e+00	4.948941e+02
6.220258306697458e-04	7.726295e-01	4.999883e+00	4.954795e+02
6.237258306697541e-04	7.661971e-01	4.999883e+00	4.956803e+02
6.283358306697767e-04	7.508468e-01	4.999883e+00	4.961571e+02
6.331958306698005e-04	7.375200e-01	4.999883e+00	4.965679e+02
6.339658306698043e-04	7.356426e-01	4.999883e+00	4.966255e+02
6.391758306698299e-04	7.243931e-01	4.999883e+00	4.969695e+02
6.442058306698545e-04	7.156066e-01	4.999883e+00	4.972364e+02
6.502358306698841e-04	7.072274e-01	4.999883e+00	4.974894e+02
6.544458306699047e-04	7.025068e-01	4.999883e+00	4.976313e+02
6.616058306699398e-04	6.961597e-01	4.999883e+00	4.978211e+02
6.646858306699550e-04	6.939627e-01	4.999883e+00	4.978866e+02
6.733558306699975e-04	6.891062e-01	4.999883e+00	4.980308e+02
6.749258306700052e-04	6.884009e-01	4.999883e+00	4.980517e+02
6.851658306700554e-04	6.847860e-01	4.999883e+00	4.981584e+02
6.954058306701056e-04	6.824393e-01	4.999883e+00	4.982274e+02
7.056458306701558e-04	6.809173e-01	4.999883e+00	4.982721e+02
7.158858306702060e-04	6.799309e-01	4.999883e+00	4.983009e+02
7.261258306702562e-04	6.792920e-01	4.999883e+00	4.983196e+02
7.363658306703064e-04	6.788783e-01	4.999883e+00	4.983317e+02
7.466058306703566e-04	6.786105e-01	4.999883e+00	4.983395e+02
7.568458306704068e-04	6.784372e-01	4.999883e+00	4.983445e+02
7.670858306704570e-04	6.783251e-01	4.999883e+00	4.983478e+02
7.773258306705072e-04	6.782525e-01	4.999883e+00	4.983499e+02
7.875658306705575e-04	6.782055e-01	4.999883e+00	4.983513e+02
7.978058306706077e-04	6.781752e-01	4.999883e+00	4.983522e+02
8.080458306706579e-04	6.781555e-01	4.999883e+00	4.983528e+02
8.182858306707081e-04	6.781428e-01	4.999883e+00	4.983531e+02
8.285258306707583e-04	6.781346e-01	4.999883e+00	4.983534e+02
8.387658306708085e-04	6.781293e-01	4.999883e+00	4.983535e+02
8.490058306708587e-04	6.781259e-01	4.999883e+00	4.983536e+02
8.592458306709089e-04	6.781237e-01	4.999883e+00	4.983537e+02
8.694858306709591e-04	6.781222e-01	4.999883e+00	4.983537e+02
8.797258306710093e-04	6.781213e-01	4.999883e+00	4.983537e+02
8.899658306710595e-04	6.781207e-01	4.999883e+00	4.983538e+02
9.002058306711098e-04	6.781203e-01	4.999883e+00	4.983538e+02
9.104458306711600e-04	6.781201e-01	4.999883e+00	4.983538e+02
9.206858306712102e-04	6.781199e-01	4.999883e+00	4.983538e+02
9.309258306712604e-04	6.781198e-01	4.999883e+00	4.983538e+02
9.411658306713106e-04	6.781197e-01	4.999883e+00	4.983538e+02
9.514058306713608e-04	6.781197e-01	4.999883e+00	4.983538e+02
9.616458306714110e-04	6.781197e-01	4.999883e+00	4.983538e+02
9.718858306714612e-04	6.781197e-01	4.999883e+00	4.983538e+02
9.821258306714510e-04	6.781196e-01	4.999883e+00	4.983538e+02
9.923658306713902e-04	6.781196e-01	4.999883e+00	4.983538e+02
1.002605830671329e-03	6.781196e-01	4.999883e+00	4.983538e+02
1.012845830671269e-03	6.781196e-01	4.999883e+00	4.983538e+02
1.023085830671208e-03	6.781196e-01	4.999883e+00	4.983538e+02
1.033325830671147e-03	6.781196e-01	4.999883e+00	4.983538e+02
1.043565830671086e-03	6.781196e-01	4.999883e+00	4.983538e+02
1.053805830671025e-03	6.781196e-01	4.999883e+00	4.983538e+02
1.064045830670965e-03	6.781196e-01	4.999883e+00	4.983538e+02
1.074285830670904e-03	6.781196e-01	4.999883e+00	4.983538e+02
1.084525830670843e-03	6.781196e-01	4.999883e+00	4.983538e+02
1.094765830670782e-03	6.781196e-01	4.999883e+00	4.983538e+02
1.105005830670721e-03	6.781196e-01	4.999883e+00	4.983538e+02
1.115245830670660e-03	6.781196e-01	4.999883e+00	4.983538e+02
1.125485830670600e-03	6.781196e-01	4.999883e+00	4.983538e+02
1.135725830670539e-03	6.781196e-01	4.999883e+00	4.983538e+02
1.145965830670478e-03	6.781196e-01	4.999883e+00	4.983538e+02
1.156205830670417e-03	6.781196e-01	4.999883e+00	4.983538e+02
1.166445830670356e-03	6.781196e-01	4.999883e+00	4.983538e+02
1.176685830670296e-03	6.781196e-01	4.999883e+00	4.983538e+02
1.186925830670235e-03	6.781196e-01	4.999883e+00	4.983538e+02
1.197165830670174e-03	6.781196e-01	4.999883e+00	4.983538e+02
1.207405830670113e-03	6.781196e-01	4.999883e+00	4.983538e+02
1.217645830670052e-03	6.781196e-01	4.999883e+00	4.983538e+02
1.227885830669992e-03	6.781196e-01	4.999883e+00	4.983538e+02
1.238125830669931e-03	6.781196e-01	4.999883e+00	4.983538e+02
1.248365830669870e-03	6.781196e-01	4.999883e+00	4.983538e+02
1.258605830669809e-03	6.781196e-01	4.999883e+00	4.983538e+02
1.268845830669748e-03	6.781196e-01	4.999883e+00	4.983538e+02
1.279085830669687e-03	6.781196e-01	4.999883e+00	4.983538e+02
1.289325830669627e-03	6.781196e-01	4.999883e+00	4.983538e+02
1.299565830669566e-03	6.781196e-01	4.999883e+00	4.983538e+02
1.309805830669505e-03	6.781196e-01	4.999883e+00	4.983538e+02
1.320045830669444e-03	6.781196e-01	4.999883e+00	4.983538e+02
1.330285830669383e-03	6.781196e-01	4.999883e+00	4.983538e+02
1.340525830669323e-03	6.781196e-01	4.999883e+00	4.983538e+02
1.350765830669262e-03	6.781196e-01	4.999883e+00	4.983538e+02
1.361005830669201e-03	6.781196e-01	4.999883e+00	4.983538e+02
1.371245830669140e-03	6.781196e-01	4.999883e+00	4.983538e+02
1.381485830669079e-03	6.781196e-01	4.999883e+00	4.983538e+02
1.391725830669019e-03	6.781196e-01	4.999883e+00	4.983538e+02
1.401965830668958e-03	6.781196e-01	4.999883e+00	4.983538e+02
1.412205830668897e-03	6.781196e-01	4.999883e+00	4.983538e+02
1.422445830668836e-03	6.781196e-01	4.999883e+00	4.983538e+02
1.432685830668775e-03	6.781196e-01	4.999883e+00	4.983538e+02
1.442925830668714e-03	6.781196e-01	4.999883e+00	4.983538e+02
1.453165830668654e-03	6.781196e-01	4.999883e+00	4.983538e+02
1.463405830668593e-03	6.781196e-01	4.999883e+00	4.983538e+02
1.473645830668532e-03	6.781196e-01	4.999883e+00	4.983538e+02
1.483885830668471e-03	6.781196e-01	4.999883e+00	4.983538e+02
1.494125830668410e-03	6.781196e-01	4.999883e+00	4.983538e+02
1.504365830668350e-03	6.781196e-01	4.999883e+00	4.983538e+02
1.514605830668289e-03	6.781196e-01	4.999883e+00	4.983538e+02
1.524845830668228e-03	6.781196e-01	4.999883e+00	4.983538e+02
1.535085830668167e-03	6.781196e-01	4.999883e+00	4.983538e+02
1.545325830668106e-03	6.781196e-01	4.999883e+00	4.983538e+02
1.555565830668045e-03	6.781196e-01	4.999883e+00	4.983538e+02
1.565805830667985e-03	6.781196e-01	4.999883e+00	4.983538e+02
1.576045830667924e-03	6.781196e-01	4.999883e+00	4.983538e+02
1.586285830667863e-03	6.781196e-01	4.999883e+00	4.983538e+02
1.596525830667802e-03	6.781196e-01	4.999883e+00	4.983538e+02
1.606765830667741e-03	6.781196e-01	4.999883e+00	4.983538e+02
1.617005830667681e-03	6.781196e-01	4.999883e+00	4.983538e+02
1.627245830667620e-03	6.781196e-01	4.999883e+00	4.983538e+02
1.637485830667559e-03	6.781196e-01	4.999883e+00	4.983538e+02
1.647725830667498e-03	6.781196e-01	4.999883e+00	4.983538e+02
1.657965830667437e-03	6.781196e-01	4.999883e+00	4.983538e+02
1.668205830667377e-03	6.781196e-01	4.999883e+00	4.983538e+02
1.678445830667316e-03	6.781196e-01	4.999883e+00	4.983538e+02
1.688685830667255e-03	6.781196e-01	4.999883e+00	4.983538e+02
1.698925830667194e-03	6.781196e-01	4.999883e+00	4.983538e+02
1.709165830667133e-03	6.781196e-01	4.999883e+00	4.983538e+02
1.719405830667072e-03	6.781196e-01	4.999883e+00	4.983538e+02
1.729645830667012e-03	6.781196e-01	4.999883e+00	4.983538e+02
1.739885830666951e-03	6.781196e-01	4.999883e+00	4.983538e+02
1.750125830666890e-03	6.781196e-01	4.999883e+00	4.983538e+02
1.760365830666829e-03	6.781196e-01	4.999883e+00	4.983538e+02
1.770605830666768e-03	6.781196e-01	4.999883e+00	4.983538e+02
1.780845830666708e-03	6.781196e-01	4.999883e+00	4.983538e+02
1.791085830666647e-03	6.781196e-01	4.999883e+00	4.983538e+02
1.801325830666586e-03	6.781196e-01	4.999883e+00	4.983538e+02
1.811565830666525e-03	6.781196e-01	4.999883e+00	4.983538e+02
1.821805830666464e-03	6.781196e-01	4.999883e+00	4.983538e+02
1.832045830666404e-03	6.781196e-01	4.999883e+00	4.983538e+02
1.842285830666343e-03	6.781196e-01	4.999883e+00	4.983538e+02
1.852525830666282e-03	6.781196e-01	4.999883e+00	4.983538e+02
1.862765830666221e-03	6.781196e-01	4.999883e+00	4.983538e+02
1.873005830666160e-03	6.781196e-01	4.999883e+00	4.983538e+02
1.883245830666099e-03	6.781196e-01	4.999883e+00	4.983538e+02
1.893485830666039e-03	6.781196e-01	4.999883e+00	4.983538e+02
1.903725830665978e-03	6.781196e-01	4.999883e+00	4.983538e+02
1.913965830665917e-03	6.781196e-01	4.999883e+00	4.983538e+02
1.924205830665856e-03	6.781196e-01	4.999883e+00	4.983538e+02
1.934445830665795e-03	6.781196e-01	4.999883e+00	4.983538e+02
1.944685830665735e-03	6.781196e-01	4.999883e+00	4.983538e+02
1.954925830665674e-03	6.781196e-01	4.999883e+00	4.983538e+02
1.965165830665613e-03	6.781196e-01	4.999883e+00	4.983538e+02
1.975405830665552e-03	6.781196e-01	4.999883e+00	4.983538e+02
1.985645830665492e-03	6.781196e-01	4.999883e+00	4.983538e+02
1.995885830665431e-03	6.781196e-01	4.999883e+00	4.983538e+02
2.006125830665370e-03	6.781196e-01	4.999883e+00	4.983538e+02
2.016365830665309e-03	6.781196e-01	4.999883e+00	4.983538e+02
2.026605830665248e-03	6.781196e-01	4.999883e+00	4.983538e+02
2.036845830665187e-03	6.781196e-01	4.999883e+00	4.983538e+02
2.047085830665127e-03	6.781196e-01	4.999883e+00	4.983538e+02
2.057325830665066e-03	6.781196e-01	4.999883e+00	4.983538e+02
2.067565830665005e-03	6.781196e-01	4.999883e+00	4.983538e+02
2.077805830664944e-03	6.781196e-01	4.999883e+00	4.983538e+02
2.088045830664883e-03	6.781196e-01	4.999883e+00	4.983538e+02
2.098285830664823e-03	6.781196e-01	4.999883e+00	4.983538e+02
2.108525830664762e-03	6.781196e-01	4.999883e+00	4.983538e+02
2.118765830664701e-03	6.781196e-01	4.999883e+00	4.983538e+02
2.129005830664640e-03	6.781196e-01	4.999883e+00	4.983538e+02
2.139245830664579e-03	6.781196e-01	4.999883e+00	4.983538e+02
2.149485830664519e-03	6.781196e-01	4.999883e+00	4.983538e+02
2.159725830664458e-03	6.781196e-01	4.999883e+00	4.983538e+02
2.169965830664397e-03	6.781196e-01	4.999883e+00	4.983538e+02
2.180205830664336e-03	6.781196e-01	4.999883e+00	4.983538e+02
2.190445830664275e-03	6.781196e-01	4.999883e+00	4.983538e+02
2.200685830664214e-03	6.781196e-01	4.999883e+00	4.983538e+02
2.210925830664154e-03	6.781196e-01	4.999883e+00	4.983538e+02
2.221165830664093e-03	6.781196e-01	4.999883e+00	4.983538e+02
2.231405830664032e-03	6.781196e-01	4.999883e+00	4.983538e+02
2.241645830663971e-03	6.781196e-01	4.999883e+00	4.983538e+02
2.251885830663910e-03	6.781196e-01	4.999883e+00	4.983538e+02
2.262125830663850e-03	6.781196e-01	4.999883e+00	4.983538e+02
2.272365830663789e-03	6.781196e-01	4.999883e+00	4.983538e+02
2.282605830663728e-03	6.781196e-01	4.999883e+00	4.983538e+02
2.292845830663667e-03	6.781196e-01	4.999883e+00	4.983538e+02
2.303085830663606e-03	6.781196e-01	4.999883e+00	4.983538e+02
2.313325830663546e-03	6.781196e-01	4.999883e+00	4.983538e+02
2.323565830663485e-03	6.781196e-01	4.999883e+00	4.983538e+02
2.333805830663424e-03	6.781196e-01	4.999883e+00	4.983538e+02
2.344045830663363e-03	6.781196e-01	4.999883e+00	4.983538e+02
2.354285830663302e-03	6.781196e-01	4.999883e+00	4.983538e+02
2.364525830663241e-03	6.781196e-01	4.999883e+00	4.983538e+02
2.374765830663181e-03	6.781196e-01	4.999883e+00	4.983538e+02
2.385005830663120e-03	6.781196e-01	4.999883e+00	4.983538e+02
2.395245830663059e-03	6.781196e-01	4.999883e+00	4.983538e+02
2.405485830662998e-03	6.781196e-01	4.999883e+00	4.983538e+02
2.415725830662937e-03	6.781196e-01	4.999883e+00	4.983538e+02
2.425965830662877e-03	6.781196e-01	4.999883e+00	4.983538e+02
2.436205830662816e-03	6.781196e-01	4.999883e+00	4.983538e+02
2.446445830662755e-03	6.781196e-01	4.999883e+00	4.983538e+02
2.456685830662694e-03	6.781196e-01	4.999883e+00	4.983538e+02
2.466925830662633e-03	6.781196e-01	4.999883e+00	4.983538e+02
2.477165830662573e-03	6.781196e-01	4.999883e+00	4.983538e+02
2.487405830662512e-03	6.781196e-01	4.999883e+00	4.983538e+02
2.497645830662451e-03	6.781196e-01	4.999883e+00	4.983538e+02
2.507885830662390e-03	6.781196e-01	4.999883e+00	4.983538e+02
2.518125830662329e-03	6.781196e-01	4.999883e+00	4.983538e+02
2.528365830662268e-03	6.781196e-01	4.999883e+00	4.983538e+02
2.538605830662208e-03	6.781196e-01	4.999883e+00	4.983538e+02
2.548845830662147e-03	6.781196e-01	4.999883e+00	4.983538e+02
2.559085830662086e-03	6.781196e-01	4.999883e+00	4.983538e+02
2.569325830662025e-03	6.781196e-01	4.999883e+00	4.983538e+02
2.579565830661964e-03	6.781196e-01	4.999883e+00	4.983538e+02
2.589805830661904e-03	6.781196e-01	4.999883e+00	4.983538e+02
2.600045830661843e-03	6.781196e-01	4.999883e+00	4.983538e+02
2.610285830661782e-03	6.781196e-01	4.999883e+00	4.983538e+02
2.620525830661721e-03	6.781196e-01	4.999883e+00	4.983538e+02
2.630765830661660e-03	6.781196e-01	4.999883e+00	4.983538e+02
2.641005830661599e-03	6.781196e-01	4.999883e+00	4.983538e+02
2.651245830661539e-03	6.781196e-01	4.999883e+00	4.983538e+02
2.661485830661478e-03	6.781196e-01	4.999883e+00	4.983538e+02
2.671725830661417e-03	6.781196e-01	4.999883e+00	4.983538e+02
2.681965830661356e-03	6.781196e-01	4.999883e+00	4.983538e+02
2.692205830661295e-03	6.781196e-01	4.999883e+00	4.983538e+02
2.702445830661235e-03	6.781196e-01	4.999883e+00	4.983538e+02
2.712685830661174e-03	6.781196e-01	4.999883e+00	4.983538e+02
2.722925830661113e-03	6.781196e-01	4.999883e+00	4.983538e+02
2.733165830661052e-03	6.781196e-01	4.999883e+00	4.983538e+02
2.743405830660991e-03	6.781196e-01	4.999883e+00	4.983538e+02
2.753645830660931e-03	6.781196e-01	4.999883e+00	4.983538e+02
2.763885830660870e-03	6.781196e-01	4.999883e+00	4.983538e+02
2.774125830660809e-03	6.781196e-01	4.999883e+00	4.983538e+02
2.784365830660748e-03	6.781196e-01	4.999883e+00	4.983538e+02
2.794605830660687e-03	6.781196e-01	4.999883e+00	4.983538e+02
2.804845830660626e-03	6.781196e-01	4.999883e+00	4.983538e+02
2.815085830660566e-03	6.781196e-01	4.999883e+00	4.983538e+02
2.825325830660505e-03	6.781196e-01	4.999883e+00	4.983538e+02
2.835565830660444e-03	6.781196e-01	4.999883e+00	4.983538e+02
2.845805830660383e-03	6.781196e-01	4.999883e+00	4.983538e+02
2.856045830660322e-03	6.781196e-01	4.999883e+00	4.983538e+02
2.866285830660262e-03	6.781196e-01	4.999883e+00	4.983538e+02
2.876525830660201e-03	6.781196e-01	4.999883e+00	4.983538e+02
2.886765830660140e-03	6.781196e-01	4.999883e+00	4.983538e+02
2.897005830660079e-03	6.781196e-01	4.999883e+00	4.983538e+02
2.907245830660018e-03	6.781196e-01	4.999883e+00	4.983538e+02
2.917485830659958e-03	6.781196e-01	4.999883e+00	4.983538e+02
2.927725830659897e-03	6.781196e-01	4.999883e+00	4.983538e+02
2.937965830659836e-03	6.781196e-01	4.999883e+00	4.983538e+02
2.948205830659775e-03	6.781196e-01	4.999883e+00	4.983538e+02
2.958445830659714e-03	6.781196e-01	4.999883e+00	4.983538e+02
2.968685830659653e-03	6.781196e-01	4.999883e+00	4.983538e+02
2.978925830659593e-03	6.781196e-01	4.999883e+00	4.983538e+02
2.989165830659532e-03	6.781196e-01	4.999883e+00	4.983538e+02
2.999405830659471e-03	6.781196e-01	4.999883e+00	4.983538e+02
3.000000000000000e-03	6.781196e-01	4.999883e+00	4.983538e+02
Step Information: Rpot=125K  (Step: 4/6)
0.000000000000000e+00	6.781196e-01	4.999873e+00	4.983538e+02
1.006310719976990e-05	6.781196e-01	4.999873e+00	4.983538e+02
2.030310719977066e-05	6.781196e-01	4.999873e+00	4.983538e+02
3.054310719977230e-05	6.781196e-01	4.999873e+00	4.983538e+02
4.078310719977393e-05	6.781196e-01	4.999873e+00	4.983538e+02
5.102310719977557e-05	6.781196e-01	4.999873e+00	4.983538e+02
6.126310719977705e-05	6.781196e-01	4.999873e+00	4.983538e+02
7.150310719977175e-05	6.781196e-01	4.999873e+00	4.983538e+02
8.174310719976644e-05	6.781196e-01	4.999873e+00	4.983538e+02
9.198310719976114e-05	6.781196e-01	4.999873e+00	4.983538e+02
1.022231071997558e-04	6.781196e-01	4.999873e+00	4.983538e+02
1.124631071997505e-04	6.781196e-01	4.999873e+00	4.983538e+02
1.227031071997452e-04	6.781196e-01	4.999873e+00	4.983538e+02
1.329431071997399e-04	6.781196e-01	4.999873e+00	4.983538e+02
1.431831071997346e-04	6.781196e-01	4.999873e+00	4.983538e+02
1.534231071997293e-04	6.781196e-01	4.999873e+00	4.983538e+02
1.636631071997240e-04	6.781196e-01	4.999873e+00	4.983538e+02
1.739031071997187e-04	6.781196e-01	4.999873e+00	4.983538e+02
1.841431071997134e-04	6.781196e-01	4.999873e+00	4.983538e+02
1.943831071997081e-04	6.781196e-01	4.999873e+00	4.983538e+02
2.046231071997028e-04	6.781196e-01	4.999873e+00	4.983538e+02
2.148631071996975e-04	6.781196e-01	4.999873e+00	4.983538e+02
2.251031071996922e-04	6.781196e-01	4.999873e+00	4.983538e+02
2.353431071996869e-04	6.781196e-01	4.999873e+00	4.983538e+02
2.455831071996817e-04	6.781196e-01	4.999873e+00	4.983538e+02
2.558231071996763e-04	6.781196e-01	4.999873e+00	4.983538e+02
2.660631071996710e-04	6.781196e-01	4.999873e+00	4.983538e+02
2.763031071996657e-04	6.781196e-01	4.999873e+00	4.983538e+02
2.865431071996604e-04	6.781196e-01	4.999873e+00	4.983538e+02
2.967831071996551e-04	6.781196e-01	4.999873e+00	4.983538e+02
3.070231071996498e-04	6.781196e-01	4.999873e+00	4.983538e+02
3.172631071996445e-04	6.781196e-01	4.999873e+00	4.983538e+02
3.275031071996392e-04	6.781196e-01	4.999873e+00	4.983538e+02
3.377431071996339e-04	6.781196e-01	4.999873e+00	4.983538e+02
3.479831071996286e-04	6.781196e-01	4.999873e+00	4.983538e+02
3.582231071996233e-04	6.781196e-01	4.999873e+00	4.983538e+02
3.684631071996180e-04	6.781196e-01	4.999873e+00	4.983538e+02
3.787031071996127e-04	6.781196e-01	4.999873e+00	4.983538e+02
3.889431071996074e-04	6.781196e-01	4.999873e+00	4.983538e+02
3.991831071996021e-04	6.781196e-01	4.999873e+00	4.983538e+02
4.094231071995968e-04	6.781196e-01	4.999873e+00	4.983538e+02
4.196631071995915e-04	6.781196e-01	4.999873e+00	4.983538e+02
4.299031071995862e-04	6.781196e-01	4.999873e+00	4.983538e+02
4.401431071995809e-04	6.781196e-01	4.999873e+00	4.983538e+02
4.503831071995756e-04	6.781196e-01	4.999873e+00	4.983538e+02
4.606231071995703e-04	6.781196e-01	4.999873e+00	4.983538e+02
4.708631071995650e-04	6.781196e-01	4.999873e+00	4.983538e+02
4.811031071995597e-04	6.781196e-01	4.999873e+00	4.983538e+02
4.913431071995710e-04	6.781196e-01	4.999873e+00	4.983538e+02
5.000000000000004e-04	6.781196e-01	4.999873e+00	4.983538e+02
5.000010000000000e-04	6.382340e-01	4.999873e+00	3.752889e+02
5.000024805452893e-04	4.126318e-01	4.999873e+00	1.351277e+02
5.000028812522172e-04	3.207836e-01	4.999873e+00	1.075926e+02
5.000034780157607e-04	1.776667e-01	4.999873e+00	7.834965e+01
5.000040765146123e-04	3.105234e-02	4.999873e+00	5.906678e+01
5.000048303441335e-04	-1.477751e-01	4.999873e+00	4.373447e+01
5.000053126675652e-04	-2.317957e-01	4.999873e+00	3.746551e+01
5.000058124590371e-04	-2.591271e-01	4.999873e+00	3.279619e+01
5.000063285346663e-04	-2.569472e-01	4.999873e+00	2.934899e+01
5.000068609055439e-04	-2.572921e-01	4.999873e+00	2.681103e+01
5.000073845411073e-04	-2.568345e-01	4.999873e+00	2.501364e+01
5.000084318122342e-04	-2.560598e-01	4.999873e+00	2.265978e+01
5.000099698092424e-04	-2.548198e-01	4.999873e+00	2.080424e+01
5.000117381424657e-04	-2.532801e-01	4.999873e+00	1.961035e+01
5.000139918100582e-04	-2.513048e-01	4.999873e+00	1.849975e+01
5.000171644505381e-04	-2.484995e-01	4.999873e+00	1.714839e+01
5.000226865691539e-04	-2.436524e-01	4.999873e+00	1.504665e+01
5.000326865691539e-04	-2.349036e-01	4.999873e+00	1.186641e+01
5.000426865691540e-04	-2.262341e-01	4.999873e+00	9.362215e+00
5.000526865691540e-04	-2.176397e-01	4.999873e+00	7.389735e+00
5.000626865691541e-04	-2.090905e-01	4.999873e+00	5.836415e+00
5.000726865691541e-04	-2.006200e-01	4.999873e+00	4.612989e+00
5.000826865691542e-04	-1.921777e-01	4.999873e+00	3.649503e+00
5.000926865691542e-04	-1.838222e-01	4.999873e+00	2.890665e+00
5.001026865691543e-04	-1.754996e-01	4.999873e+00	2.293041e+00
5.001126865691543e-04	-1.672690e-01	4.999873e+00	1.822362e+00
5.001226865691544e-04	-1.590992e-01	4.999873e+00	1.451671e+00
5.001326865691544e-04	-1.510268e-01	4.999873e+00	1.159722e+00
5.001426865691545e-04	-1.430561e-01	4.999873e+00	9.297889e-01
5.001526865691545e-04	-1.351997e-01	4.999873e+00	7.486961e-01
5.001626865691546e-04	-1.274867e-01	4.999873e+00	6.060679e-01
5.001726865691546e-04	-1.199188e-01	4.999873e+00	4.937322e-01
5.001826865691547e-04	-1.125344e-01	4.999873e+00	4.052530e-01
5.001926865691547e-04	-1.053314e-01	4.999873e+00	3.355618e-01
5.002026865691548e-04	-9.834930e-02	4.999873e+00	2.806664e-01
5.002126865691548e-04	-9.158175e-02	4.999873e+00	2.374232e-01
5.002226865691549e-04	-8.506551e-02	4.999873e+00	2.033561e-01
5.002326865691549e-04	-7.878829e-02	4.999873e+00	1.765155e-01
5.002426865691550e-04	-7.278148e-02	4.999873e+00	1.553657e-01
5.002526865691550e-04	-6.702614e-02	4.999873e+00	1.386977e-01
5.002626865691551e-04	-6.154743e-02	4.999873e+00	1.255593e-01
5.002726865691551e-04	-5.632014e-02	4.999873e+00	1.152007e-01
5.002826865691552e-04	-5.136380e-02	4.999873e+00	1.070316e-01
5.002926865691552e-04	-4.664822e-02	4.999873e+00	1.005871e-01
5.003026865691553e-04	-4.218869e-02	4.999873e+00	9.550119e-02
5.003126865691553e-04	-3.795167e-02	4.999873e+00	9.148569e-02
5.003226865691554e-04	-3.394989e-02	4.999873e+00	8.831365e-02
5.003326865691554e-04	-3.014828e-02	4.999873e+00	8.580639e-02
5.003426865691555e-04	-2.655832e-02	4.999873e+00	8.382319e-02
5.003526865691555e-04	-2.314454e-02	4.999873e+00	8.225323e-02
5.003626865691556e-04	-1.991831e-02	4.999873e+00	8.100923e-02
5.003726865691556e-04	-1.684469e-02	4.999873e+00	8.002246e-02
5.003826865691556e-04	-1.393564e-02	4.999873e+00	7.923874e-02
5.003926865691557e-04	-1.115729e-02	4.999873e+00	7.861540e-02
5.004026865691557e-04	-8.522547e-03	4.999873e+00	7.811882e-02
5.004126865691558e-04	-5.998856e-03	4.999873e+00	7.772246e-02
5.004226865691558e-04	-3.600236e-03	4.999873e+00	7.740542e-02
5.004326865691559e-04	-1.295495e-03	4.999873e+00	7.715121e-02
5.004426865691559e-04	9.002418e-04	4.999873e+00	7.694681e-02
5.004526865691560e-04	3.016849e-03	4.999873e+00	7.678194e-02
5.004626865691560e-04	5.038179e-03	4.999873e+00	7.664850e-02
5.004726865691561e-04	6.992903e-03	4.999873e+00	7.654005e-02
5.004826865691561e-04	8.863974e-03	4.999873e+00	7.645154e-02
5.004926865691562e-04	1.067900e-02	4.999873e+00	7.637894e-02
5.005026865691562e-04	1.242017e-02	4.999873e+00	7.631908e-02
5.005126865691563e-04	1.411416e-02	4.999873e+00	7.626943e-02
5.005226865691563e-04	1.574254e-02	4.999873e+00	7.622799e-02
5.005326865691564e-04	1.733117e-02	4.999873e+00	7.619317e-02
5.005426865691564e-04	1.886112e-02	4.999873e+00	7.616371e-02
5.005526865691565e-04	2.035757e-02	4.999873e+00	7.613859e-02
5.005626865691565e-04	2.180117e-02	4.999873e+00	7.611702e-02
5.005726865691566e-04	2.321654e-02	4.999873e+00	7.609835e-02
5.005826865691566e-04	2.458399e-02	4.999873e+00	7.608206e-02
5.005926865691567e-04	2.592764e-02	4.999873e+00	7.606774e-02
5.006026865691567e-04	2.722755e-02	4.999873e+00	7.605506e-02
5.006126865691568e-04	2.850743e-02	4.999873e+00	7.604375e-02
5.006226865691568e-04	2.974715e-02	4.999873e+00	7.603358e-02
5.006326865691569e-04	3.097003e-02	4.999873e+00	7.602440e-02
5.006426865691569e-04	3.215580e-02	4.999873e+00	7.601604e-02
5.006526865691570e-04	3.332749e-02	4.999873e+00	7.600839e-02
5.006626865691570e-04	3.446471e-02	4.999873e+00	7.600135e-02
5.006726865691571e-04	3.559019e-02	4.999873e+00	7.599483e-02
5.006826865691571e-04	3.668348e-02	4.999873e+00	7.598880e-02
5.006926865691572e-04	3.776708e-02	4.999873e+00	7.598317e-02
5.007026865691572e-04	3.882048e-02	4.999873e+00	7.597790e-02
5.007126865691573e-04	3.986595e-02	4.999873e+00	7.597295e-02
5.007226865691573e-04	4.088296e-02	4.999873e+00	7.596830e-02
5.007326865691574e-04	4.189360e-02	4.999873e+00	7.596390e-02
5.007426865691574e-04	4.287731e-02	4.999873e+00	7.595974e-02
5.007526865691575e-04	4.385599e-02	4.999873e+00	7.595580e-02
5.007626865691575e-04	4.480912e-02	4.999873e+00	7.595205e-02
5.007726865691576e-04	4.575840e-02	4.999873e+00	7.594849e-02
5.007826865691576e-04	4.668333e-02	4.999873e+00	7.594509e-02
5.007926865691577e-04	4.760547e-02	4.999873e+00	7.594185e-02
5.008026865691577e-04	4.850435e-02	4.999873e+00	7.593875e-02
5.008126865691578e-04	4.940137e-02	4.999873e+00	7.593578e-02
5.008226865691578e-04	5.027608e-02	4.999873e+00	7.593293e-02
5.008326865691579e-04	5.114978e-02	4.999873e+00	7.593021e-02
5.008426865691579e-04	5.200204e-02	4.999873e+00	7.592759e-02
5.008526865691580e-04	5.285403e-02	4.999873e+00	7.592507e-02
5.008626865691580e-04	5.368538e-02	4.999873e+00	7.592265e-02
5.008726865691581e-04	5.451712e-02	4.999873e+00	7.592031e-02
5.008826865691581e-04	5.532894e-02	4.999873e+00	7.591807e-02
5.008926865691581e-04	5.614175e-02	4.999873e+00	7.591590e-02
5.009026865691582e-04	5.693528e-02	4.999873e+00	7.591381e-02
5.009126865691582e-04	5.773036e-02	4.999873e+00	7.591179e-02
5.009226865691583e-04	5.850675e-02	4.999873e+00	7.590985e-02
5.009326865691583e-04	5.928518e-02	4.999873e+00	7.590796e-02
5.009426865691584e-04	6.004547e-02	4.999873e+00	7.590614e-02
5.009526865691584e-04	6.080823e-02	4.999873e+00	7.590437e-02
5.009626865691585e-04	6.155337e-02	4.999873e+00	7.590266e-02
5.009726865691585e-04	6.230137e-02	4.999873e+00	7.590101e-02
5.009826865691586e-04	6.303222e-02	4.999873e+00	7.589940e-02
5.009926865691586e-04	6.376631e-02	4.999873e+00	7.589785e-02
5.010026865691587e-04	6.448366e-02	4.999873e+00	7.589634e-02
5.010126865691587e-04	6.520458e-02	4.999873e+00	7.589487e-02
5.010226865691588e-04	6.590918e-02	4.999873e+00	7.589345e-02
5.010326865691588e-04	6.661765e-02	4.999873e+00	7.589207e-02
5.010426865691589e-04	6.731016e-02	4.999873e+00	7.589073e-02
5.010526865691589e-04	6.800683e-02	4.999873e+00	7.588942e-02
5.010626865691590e-04	6.868789e-02	4.999873e+00	7.588815e-02
5.010726865691590e-04	6.937335e-02	4.999873e+00	7.588691e-02
5.010826865691591e-04	7.004352e-02	4.999873e+00	7.588571e-02
5.010926865691591e-04	7.071833e-02	4.999873e+00	7.588454e-02
5.011026865691592e-04	7.137816e-02	4.999873e+00	7.588340e-02
5.011126865691592e-04	7.204285e-02	4.999873e+00	7.588229e-02
5.011226865691593e-04	7.269283e-02	4.999873e+00	7.588121e-02
5.011326865691593e-04	7.334787e-02	4.999873e+00	7.588015e-02
5.011426865691594e-04	7.398846e-02	4.999873e+00	7.587913e-02
5.011526865691594e-04	7.463430e-02	4.999873e+00	7.587812e-02
5.011626865691595e-04	7.526594e-02	4.999873e+00	7.587714e-02
5.011726865691595e-04	7.590301e-02	4.999873e+00	7.587618e-02
5.011826865691596e-04	7.652611e-02	4.999873e+00	7.587525e-02
5.011926865691596e-04	7.715477e-02	4.999873e+00	7.587434e-02
5.012026865691597e-04	7.776970e-02	4.999873e+00	7.587345e-02
5.012126865691597e-04	7.839034e-02	4.999873e+00	7.587258e-02
5.012226865691598e-04	7.899746e-02	4.999873e+00	7.587173e-02
5.012326865691598e-04	7.961042e-02	4.999873e+00	7.587090e-02
5.012426865691599e-04	8.021006e-02	4.999873e+00	7.587009e-02
5.012526865691599e-04	8.081567e-02	4.999873e+00	7.586929e-02
5.012626865691600e-04	8.140813e-02	4.999873e+00	7.586852e-02
5.012726865691600e-04	8.200667e-02	4.999873e+00	7.586775e-02
5.012826865691601e-04	8.259226e-02	4.999873e+00	7.586701e-02
5.012926865691601e-04	8.318403e-02	4.999873e+00	7.586628e-02
5.013026865691602e-04	8.376302e-02	4.999873e+00	7.586557e-02
5.013126865691602e-04	8.434828e-02	4.999873e+00	7.586487e-02
5.013226865691603e-04	8.492094e-02	4.999873e+00	7.586418e-02
5.013326865691603e-04	8.549994e-02	4.999873e+00	7.586351e-02
5.013426865691604e-04	8.606650e-02	4.999873e+00	7.586285e-02
5.013526865691604e-04	8.663949e-02	4.999873e+00	7.586221e-02
5.013626865691605e-04	8.720018e-02	4.999873e+00	7.586158e-02
5.013726865691605e-04	8.776739e-02	4.999873e+00	7.586096e-02
5.013826865691606e-04	8.832243e-02	4.999873e+00	7.586036e-02
5.013926865691606e-04	8.888406e-02	4.999873e+00	7.585976e-02
5.014026865691606e-04	8.943367e-02	4.999873e+00	7.585917e-02
5.014126865691607e-04	8.998992e-02	4.999873e+00	7.585860e-02
5.014226865691607e-04	9.053428e-02	4.999873e+00	7.585804e-02
5.014326865691608e-04	9.108536e-02	4.999873e+00	7.585749e-02
5.014426865691608e-04	9.162467e-02	4.999873e+00	7.585695e-02
5.014526865691609e-04	9.217074e-02	4.999873e+00	7.585642e-02
5.014626865691609e-04	9.270517e-02	4.999873e+00	7.585590e-02
5.014726865691610e-04	9.324642e-02	4.999873e+00	7.585538e-02
5.014826865691610e-04	9.377612e-02	4.999873e+00	7.585488e-02
5.014926865691611e-04	9.431271e-02	4.999873e+00	7.585438e-02
5.015026865691611e-04	9.483787e-02	4.999873e+00	7.585390e-02
5.015126865691612e-04	9.536994e-02	4.999873e+00	7.585341e-02
5.015226865691612e-04	9.589069e-02	4.999873e+00	7.585295e-02
5.015326865691613e-04	9.641840e-02	4.999873e+00	7.585248e-02
5.015426865691613e-04	9.693490e-02	4.999873e+00	7.585204e-02
5.015526865691614e-04	9.745838e-02	4.999873e+00	7.585159e-02
5.015626865691614e-04	9.797077e-02	4.999873e+00	7.585115e-02
5.015726865691615e-04	9.849016e-02	4.999873e+00	7.585072e-02
5.015826865691615e-04	9.899855e-02	4.999873e+00	7.585029e-02
5.015926865691616e-04	9.951399e-02	4.999873e+00	7.584988e-02
5.016026865691616e-04	1.000185e-01	4.999873e+00	7.584947e-02
5.016126865691617e-04	1.005301e-01	4.999873e+00	7.584906e-02
5.016226865691617e-04	1.010309e-01	4.999873e+00	7.584866e-02
5.016326865691618e-04	1.015388e-01	4.999873e+00	7.584827e-02
5.016426865691618e-04	1.020359e-01	4.999873e+00	7.584789e-02
5.016526865691619e-04	1.025402e-01	4.999873e+00	7.584751e-02
5.016626865691619e-04	1.030338e-01	4.999873e+00	7.584713e-02
5.016726865691620e-04	1.035346e-01	4.999873e+00	7.584676e-02
5.016826865691620e-04	1.040248e-01	4.999873e+00	7.584640e-02
5.016926865691621e-04	1.045222e-01	4.999873e+00	7.584605e-02
5.017026865691621e-04	1.050091e-01	4.999873e+00	7.584570e-02
5.017126865691622e-04	1.055031e-01	4.999873e+00	7.584535e-02
5.017226865691622e-04	1.059868e-01	4.999873e+00	7.584501e-02
5.017326865691623e-04	1.064777e-01	4.999873e+00	7.584467e-02
5.017426865691623e-04	1.069582e-01	4.999873e+00	7.584434e-02
5.017526865691624e-04	1.074459e-01	4.999873e+00	7.584401e-02
5.017626865691624e-04	1.079234e-01	4.999873e+00	7.584369e-02
5.017726865691625e-04	1.084081e-01	4.999873e+00	7.584337e-02
5.017826865691625e-04	1.088827e-01	4.999873e+00	7.584306e-02
5.017926865691626e-04	1.093644e-01	4.999873e+00	7.584275e-02
5.018026865691626e-04	1.098361e-01	4.999873e+00	7.584245e-02
5.018126865691627e-04	1.103149e-01	4.999873e+00	7.584215e-02
5.018226865691627e-04	1.107838e-01	4.999873e+00	7.584185e-02
5.018326865691628e-04	1.112599e-01	4.999873e+00	7.584156e-02
5.018426865691628e-04	1.117260e-01	4.999873e+00	7.584127e-02
5.018526865691629e-04	1.121993e-01	4.999873e+00	7.584099e-02
5.018626865691629e-04	1.126628e-01	4.999873e+00	7.584071e-02
5.018726865691630e-04	1.131335e-01	4.999873e+00	7.584043e-02
5.018826865691630e-04	1.135944e-01	4.999873e+00	7.584016e-02
5.018926865691631e-04	1.140625e-01	4.999873e+00	7.583989e-02
5.019026865691631e-04	1.145208e-01	4.999873e+00	7.583962e-02
5.019126865691632e-04	1.149864e-01	4.999873e+00	7.583936e-02
5.019226865691632e-04	1.154423e-01	4.999873e+00	7.583910e-02
5.019326865691632e-04	1.159054e-01	4.999873e+00	7.583885e-02
5.019426865691633e-04	1.163589e-01	4.999873e+00	7.583860e-02
5.019526865691633e-04	1.168196e-01	4.999873e+00	7.583834e-02
5.019626865691634e-04	1.172708e-01	4.999873e+00	7.583810e-02
5.019726865691634e-04	1.177291e-01	4.999873e+00	7.583786e-02
5.019826865691635e-04	1.181780e-01	4.999873e+00	7.583762e-02
5.019926865691635e-04	1.186341e-01	4.999873e+00	7.583738e-02
5.020010000000001e-04	1.190048e-01	4.999873e+00	7.583719e-02
5.020013333333334e-04	1.190218e-01	4.999873e+00	7.583718e-02
5.020020000000001e-04	1.190553e-01	4.999873e+00	9.250566e-02
5.020027648417863e-04	1.191060e-01	4.999873e+00	1.302777e-01
5.020035352650501e-04	1.191741e-01	4.999873e+00	1.673879e-01
5.020043378364342e-04	1.192622e-01	4.999873e+00	2.050911e-01
5.020059429792026e-04	1.194878e-01	4.999873e+00	2.777681e-01
5.020091532647393e-04	1.201146e-01	4.999873e+00	4.133839e-01
5.020139194674985e-04	1.214056e-01	4.999873e+00	5.947226e-01
5.020196274180409e-04	1.233902e-01	4.999873e+00	7.875080e-01
5.020278671674542e-04	1.268364e-01	4.999873e+00	1.033381e+00
5.020378671674543e-04	1.316089e-01	4.999873e+00	1.298700e+00
5.020478671674543e-04	1.367571e-01	4.999873e+00	1.542775e+00
5.020578671674544e-04	1.421071e-01	4.999873e+00	1.775241e+00
5.020678671674544e-04	1.475647e-01	4.999873e+00	2.001340e+00
5.020778671674545e-04	1.530786e-01	4.999873e+00	2.223929e+00
5.020878671674545e-04	1.586215e-01	4.999873e+00	2.444562e+00
5.020978671674546e-04	1.641784e-01	4.999873e+00	2.664087e+00
5.021078671674546e-04	1.697414e-01	4.999873e+00	2.882963e+00
5.021178671674547e-04	1.753062e-01	4.999873e+00	3.101442e+00
5.021278671674547e-04	1.808708e-01	4.999873e+00	3.319662e+00
5.021378671674548e-04	1.864340e-01	4.999873e+00	3.537696e+00
5.021478671674548e-04	1.919954e-01	4.999873e+00	3.755585e+00
5.021578671674549e-04	1.975547e-01	4.999873e+00	3.973352e+00
5.021678671674549e-04	2.031119e-01	4.999873e+00	4.191008e+00
5.021778671674549e-04	2.086669e-01	4.999873e+00	4.408561e+00
5.021878671674550e-04	2.142199e-01	4.999873e+00	4.626014e+00
5.021978671674550e-04	2.197708e-01	4.999873e+00	4.843369e+00
5.022078671674551e-04	2.253197e-01	4.999873e+00	5.060627e+00
5.022178671674551e-04	2.308667e-01	4.999873e+00	5.277788e+00
5.022278671674552e-04	2.364118e-01	4.999873e+00	5.494854e+00
5.022378671674552e-04	2.419549e-01	4.999873e+00	5.711825e+00
5.022478671674553e-04	2.474962e-01	4.999873e+00	5.928700e+00
5.022578671674553e-04	2.530356e-01	4.999873e+00	6.145480e+00
5.022678671674554e-04	2.585733e-01	4.999873e+00	6.362165e+00
5.022778671674554e-04	2.641090e-01	4.999873e+00	6.578755e+00
5.022878671674555e-04	2.696429e-01	4.999873e+00	6.795250e+00
5.022978671674555e-04	2.751748e-01	4.999873e+00	7.011650e+00
5.023078671674556e-04	2.807050e-01	4.999873e+00	7.227954e+00
5.023178671674556e-04	2.862332e-01	4.999873e+00	7.444165e+00
5.023278671674557e-04	2.917595e-01	4.999873e+00	7.660280e+00
5.023378671674557e-04	2.972839e-01	4.999873e+00	7.876300e+00
5.023478671674558e-04	3.028064e-01	4.999873e+00	8.092225e+00
5.023578671674558e-04	3.083268e-01	4.999873e+00	8.308056e+00
5.023678671674559e-04	3.138453e-01	4.999873e+00	8.523792e+00
5.023778671674559e-04	3.193617e-01	4.999873e+00	8.739433e+00
5.023878671674560e-04	3.248762e-01	4.999873e+00	8.954980e+00
5.023978671674560e-04	3.303885e-01	4.999873e+00	9.170431e+00
5.024078671674561e-04	3.358988e-01	4.999873e+00	9.385789e+00
5.024178671674561e-04	3.414069e-01	4.999873e+00	9.601051e+00
5.024278671674562e-04	3.469129e-01	4.999873e+00	9.816219e+00
5.024378671674562e-04	3.524166e-01	4.999873e+00	1.003129e+01
5.024478671674563e-04	3.579182e-01	4.999873e+00	1.024627e+01
5.024578671674563e-04	3.634176e-01	4.999873e+00	1.046116e+01
5.024678671674564e-04	3.689147e-01	4.999873e+00	1.067595e+01
5.024778671674564e-04	3.744095e-01	4.999873e+00	1.089064e+01
5.024878671674565e-04	3.799020e-01	4.999873e+00	1.110524e+01
5.024978671674565e-04	3.853921e-01	4.999873e+00	1.131975e+01
5.025078671674566e-04	3.908800e-01	4.999873e+00	1.153416e+01
5.025178671674566e-04	3.963653e-01	4.999873e+00	1.174848e+01
5.025278671674567e-04	4.018483e-01	4.999873e+00	1.196270e+01
5.025378671674567e-04	4.073288e-01	4.999873e+00	1.217683e+01
5.025478671674568e-04	4.128069e-01	4.999873e+00	1.239087e+01
5.025578671674568e-04	4.182824e-01	4.999873e+00	1.260481e+01
5.025678671674569e-04	4.237554e-01	4.999873e+00	1.281866e+01
5.025778671674569e-04	4.292259e-01	4.999873e+00	1.303241e+01
5.025878671674570e-04	4.346938e-01	4.999873e+00	1.324607e+01
5.025978671674570e-04	4.401590e-01	4.999873e+00	1.345963e+01
5.026078671674571e-04	4.456216e-01	4.999873e+00	1.367310e+01
5.026178671674571e-04	4.510816e-01	4.999873e+00	1.388648e+01
5.026278671674572e-04	4.565389e-01	4.999873e+00	1.409976e+01
5.026378671674572e-04	4.619935e-01	4.999873e+00	1.431294e+01
5.026478671674573e-04	4.674453e-01	4.999873e+00	1.452604e+01
5.026578671674573e-04	4.728944e-01	4.999873e+00	1.473904e+01
5.026678671674574e-04	4.783407e-01	4.999873e+00	1.495194e+01
5.026778671674574e-04	4.837841e-01	4.999873e+00	1.516476e+01
5.026878671674574e-04	4.892248e-01	4.999873e+00	1.537747e+01
5.026978671674575e-04	4.946626e-01	4.999873e+00	1.559010e+01
5.027078671674575e-04	5.000975e-01	4.999873e+00	1.580263e+01
5.027178671674576e-04	5.055295e-01	4.999873e+00	1.601506e+01
5.027278671674576e-04	5.109586e-01	4.999873e+00	1.622741e+01
5.027378671674577e-04	5.163847e-01	4.999873e+00	1.643966e+01
5.027478671674577e-04	5.218078e-01	4.999873e+00	1.665181e+01
5.027578671674578e-04	5.272280e-01	4.999873e+00	1.686387e+01
5.027678671674578e-04	5.326451e-01	4.999873e+00	1.707584e+01
5.027778671674579e-04	5.380592e-01	4.999873e+00	1.728771e+01
5.027878671674579e-04	5.434702e-01	4.999873e+00	1.749949e+01
5.027978671674580e-04	5.488781e-01	4.999873e+00	1.771118e+01
5.028078671674580e-04	5.542830e-01	4.999873e+00	1.792277e+01
5.028178671674581e-04	5.596846e-01	4.999873e+00	1.813427e+01
5.028278671674581e-04	5.650832e-01	4.999873e+00	1.834568e+01
5.028378671674582e-04	5.704786e-01	4.999873e+00	1.855699e+01
5.028478671674582e-04	5.758708e-01	4.999873e+00	1.876821e+01
5.028578671674583e-04	5.812597e-01	4.999873e+00	1.897933e+01
5.028678671674583e-04	5.866454e-01	4.999873e+00	1.919037e+01
5.028778671674584e-04	5.920278e-01	4.999873e+00	1.940131e+01
5.028878671674584e-04	5.974070e-01	4.999873e+00	1.961215e+01
5.028978671674585e-04	6.027828e-01	4.999873e+00	1.982290e+01
5.029078671674585e-04	6.081554e-01	4.999873e+00	2.003356e+01
5.029178671674586e-04	6.135246e-01	4.999873e+00	2.024413e+01
5.029278671674586e-04	6.188905e-01	4.999873e+00	2.045460e+01
5.029378671674587e-04	6.242529e-01	4.999873e+00	2.066498e+01
5.029478671674587e-04	6.296120e-01	4.999873e+00	2.087527e+01
5.029578671674588e-04	6.349677e-01	4.999873e+00	2.108546e+01
5.029678671674588e-04	6.403199e-01	4.999873e+00	2.129556e+01
5.029778671674589e-04	6.456687e-01	4.999873e+00	2.150556e+01
5.029878671674589e-04	6.510140e-01	4.999873e+00	2.171548e+01
5.029978671674590e-04	6.563557e-01	4.999873e+00	2.192530e+01
5.030078671674590e-04	6.616940e-01	4.999873e+00	2.213503e+01
5.030178671674591e-04	6.670288e-01	4.999873e+00	2.234466e+01
5.030278671674591e-04	6.723600e-01	4.999873e+00	2.255420e+01
5.030378671674592e-04	6.776876e-01	4.999873e+00	2.276365e+01
5.030478671674592e-04	6.830117e-01	4.999873e+00	2.297300e+01
5.030578671674593e-04	6.883321e-01	4.999873e+00	2.318227e+01
5.030678671674593e-04	6.936490e-01	4.999873e+00	2.339144e+01
5.030778671674594e-04	6.989622e-01	4.999873e+00	2.360051e+01
5.030878671674594e-04	7.042717e-01	4.999873e+00	2.380950e+01
5.030978671674595e-04	7.095776e-01	4.999873e+00	2.401839e+01
5.031078671674595e-04	7.148798e-01	4.999873e+00	2.422719e+01
5.031178671674596e-04	7.201782e-01	4.999873e+00	2.443590e+01
5.031278671674596e-04	7.254729e-01	4.999873e+00	2.464451e+01
5.031378671674597e-04	7.307639e-01	4.999873e+00	2.485303e+01
5.031478671674597e-04	7.360512e-01	4.999873e+00	2.506146e+01
5.031578671674598e-04	7.413347e-01	4.999873e+00	2.526979e+01
5.031678671674598e-04	7.466144e-01	4.999873e+00	2.547804e+01
5.031778671674599e-04	7.518902e-01	4.999873e+00	2.568619e+01
5.031878671674599e-04	7.571623e-01	4.999873e+00	2.589425e+01
5.031978671674600e-04	7.624305e-01	4.999873e+00	2.610221e+01
5.032078671674600e-04	7.676950e-01	4.999873e+00	2.631009e+01
5.032178671674600e-04	7.729554e-01	4.999873e+00	2.651787e+01
5.032278671674601e-04	7.782121e-01	4.999873e+00	2.672556e+01
5.032378671674601e-04	7.834648e-01	4.999873e+00	2.693315e+01
5.032478671674602e-04	7.887136e-01	4.999873e+00	2.714066e+01
5.032578671674602e-04	7.939585e-01	4.999873e+00	2.734807e+01
5.032678671674603e-04	7.991995e-01	4.999873e+00	2.755539e+01
5.032778671674603e-04	8.044365e-01	4.999873e+00	2.776262e+01
5.032878671674604e-04	8.096696e-01	4.999873e+00	2.796975e+01
5.032978671674604e-04	8.148986e-01	4.999873e+00	2.817679e+01
5.033078671674605e-04	8.201236e-01	4.999873e+00	2.838375e+01
5.033178671674605e-04	8.253446e-01	4.999873e+00	2.859060e+01
5.033278671674606e-04	8.305616e-01	4.999873e+00	2.879737e+01
5.033378671674606e-04	8.357746e-01	4.999873e+00	2.900405e+01
5.033478671674607e-04	8.409835e-01	4.999873e+00	2.921063e+01
5.033578671674607e-04	8.461884e-01	4.999873e+00	2.941712e+01
5.033678671674608e-04	8.513891e-01	4.999873e+00	2.962352e+01
5.033778671674608e-04	8.565857e-01	4.999873e+00	2.982983e+01
5.033878671674609e-04	8.617783e-01	4.999873e+00	3.003605e+01
5.033978671674609e-04	8.669667e-01	4.999873e+00	3.024217e+01
5.034078671674610e-04	8.721510e-01	4.999873e+00	3.044820e+01
5.034178671674610e-04	8.773311e-01	4.999873e+00	3.065414e+01
5.034278671674611e-04	8.825071e-01	4.999873e+00	3.085999e+01
5.034378671674611e-04	8.876790e-01	4.999873e+00	3.106575e+01
5.034478671674612e-04	8.928466e-01	4.999873e+00	3.127141e+01
5.034578671674612e-04	8.980100e-01	4.999873e+00	3.147699e+01
5.034678671674613e-04	9.031692e-01	4.999873e+00	3.168247e+01
5.034778671674613e-04	9.083242e-01	4.999873e+00	3.188786e+01
5.034878671674614e-04	9.134750e-01	4.999873e+00	3.209316e+01
5.034978671674614e-04	9.186215e-01	4.999873e+00	3.229837e+01
5.035078671674615e-04	9.237638e-01	4.999873e+00	3.250348e+01
5.035178671674615e-04	9.289017e-01	4.999873e+00	3.270851e+01
5.035278671674616e-04	9.340354e-01	4.999873e+00	3.291344e+01
5.035378671674616e-04	9.391648e-01	4.999873e+00	3.311828e+01
5.035478671674617e-04	9.442899e-01	4.999873e+00	3.332304e+01
5.035578671674617e-04	9.494107e-01	4.999873e+00	3.352769e+01
5.035678671674618e-04	9.545271e-01	4.999873e+00	3.373226e+01
5.035778671674618e-04	9.596393e-01	4.999873e+00	3.393674e+01
5.035878671674619e-04	9.647470e-01	4.999873e+00	3.414112e+01
5.035978671674619e-04	9.698504e-01	4.999873e+00	3.434542e+01
5.036078671674620e-04	9.749495e-01	4.999873e+00	3.454963e+01
5.036178671674620e-04	9.800441e-01	4.999873e+00	3.475374e+01
5.036278671674621e-04	9.851344e-01	4.999873e+00	3.495776e+01
5.036378671674621e-04	9.902202e-01	4.999873e+00	3.516169e+01
5.036478671674622e-04	9.953017e-01	4.999873e+00	3.536553e+01
5.036578671674622e-04	1.000379e+00	4.999873e+00	3.556928e+01
5.036678671674623e-04	1.005451e+00	4.999873e+00	3.577293e+01
5.036778671674623e-04	1.010519e+00	4.999873e+00	3.597650e+01
5.036878671674624e-04	1.015583e+00	4.999873e+00	3.617998e+01
5.036978671674624e-04	1.020642e+00	4.999873e+00	3.638336e+01
5.037078671674625e-04	1.025697e+00	4.999873e+00	3.658666e+01
5.037178671674625e-04	1.030747e+00	4.999873e+00	3.678986e+01
5.037278671674625e-04	1.035793e+00	4.999873e+00	3.699297e+01
5.037378671674626e-04	1.040834e+00	4.999873e+00	3.719600e+01
5.037478671674626e-04	1.045871e+00	4.999873e+00	3.739893e+01
5.037578671674627e-04	1.050903e+00	4.999873e+00	3.760177e+01
5.037678671674627e-04	1.055931e+00	4.999873e+00	3.780452e+01
5.037778671674628e-04	1.060954e+00	4.999873e+00	3.800718e+01
5.037878671674628e-04	1.065973e+00	4.999873e+00	3.820975e+01
5.037978671674629e-04	1.070987e+00	4.999873e+00	3.841223e+01
5.038078671674629e-04	1.075996e+00	4.999873e+00	3.861462e+01
5.038178671674630e-04	1.081001e+00	4.999873e+00	3.881692e+01
5.038278671674630e-04	1.086001e+00	4.999873e+00	3.901912e+01
5.038378671674631e-04	1.090997e+00	4.999873e+00	3.922124e+01
5.038478671674631e-04	1.095988e+00	4.999873e+00	3.942327e+01
5.038578671674632e-04	1.100975e+00	4.999873e+00	3.962521e+01
5.038678671674632e-04	1.105957e+00	4.999873e+00	3.982705e+01
5.038778671674633e-04	1.110934e+00	4.999873e+00	4.002881e+01
5.038878671674633e-04	1.115907e+00	4.999873e+00	4.023048e+01
5.038978671674634e-04	1.120875e+00	4.999873e+00	4.043205e+01
5.039078671674634e-04	1.125838e+00	4.999873e+00	4.063354e+01
5.039178671674635e-04	1.130797e+00	4.999873e+00	4.083493e+01
5.039278671674635e-04	1.135751e+00	4.999873e+00	4.103624e+01
5.039378671674636e-04	1.140700e+00	4.999873e+00	4.123746e+01
5.039478671674636e-04	1.145645e+00	4.999873e+00	4.143858e+01
5.039578671674637e-04	1.150584e+00	4.999873e+00	4.163962e+01
5.039678671674637e-04	1.155520e+00	4.999873e+00	4.184056e+01
5.039778671674638e-04	1.160450e+00	4.999873e+00	4.204142e+01
5.039878671674638e-04	1.165376e+00	4.999873e+00	4.224219e+01
5.039978671674639e-04	1.170297e+00	4.999873e+00	4.244286e+01
5.040078671674639e-04	1.175214e+00	4.999873e+00	4.264345e+01
5.040178671674640e-04	1.180125e+00	4.999873e+00	4.284395e+01
5.040278671674640e-04	1.185032e+00	4.999873e+00	4.304436e+01
5.040378671674641e-04	1.189934e+00	4.999873e+00	4.324467e+01
5.040478671674641e-04	1.194832e+00	4.999873e+00	4.344490e+01
5.040578671674642e-04	1.199725e+00	4.999873e+00	4.364504e+01
5.040678671674642e-04	1.204612e+00	4.999873e+00	4.384509e+01
5.040778671674643e-04	1.209496e+00	4.999873e+00	4.404505e+01
5.040878671674643e-04	1.214374e+00	4.999873e+00	4.424492e+01
5.040978671674644e-04	1.219247e+00	4.999873e+00	4.444470e+01
5.041078671674644e-04	1.224116e+00	4.999873e+00	4.464439e+01
5.041178671674645e-04	1.228980e+00	4.999873e+00	4.484400e+01
5.041278671674645e-04	1.233839e+00	4.999873e+00	4.504351e+01
5.041378671674646e-04	1.238694e+00	4.999873e+00	4.524293e+01
5.041478671674646e-04	1.243543e+00	4.999873e+00	4.544227e+01
5.041578671674647e-04	1.248388e+00	4.999873e+00	4.564151e+01
5.041678671674647e-04	1.253228e+00	4.999873e+00	4.584067e+01
5.041778671674648e-04	1.258063e+00	4.999873e+00	4.603973e+01
5.041878671674648e-04	1.262893e+00	4.999873e+00	4.623871e+01
5.041978671674649e-04	1.267718e+00	4.999873e+00	4.643760e+01
5.042078671674649e-04	1.272539e+00	4.999873e+00	4.663640e+01
5.042178671674650e-04	1.277354e+00	4.999873e+00	4.683511e+01
5.042278671674650e-04	1.282165e+00	4.999873e+00	4.703373e+01
5.042378671674650e-04	1.286971e+00	4.999873e+00	4.723227e+01
5.042478671674651e-04	1.291772e+00	4.999873e+00	4.743071e+01
5.042578671674651e-04	1.296568e+00	4.999873e+00	4.762907e+01
5.042678671674652e-04	1.301359e+00	4.999873e+00	4.782733e+01
5.042778671674652e-04	1.306146e+00	4.999873e+00	4.802551e+01
5.042878671674653e-04	1.310927e+00	4.999873e+00	4.822359e+01
5.042978671674653e-04	1.315704e+00	4.999873e+00	4.842160e+01
5.043078671674654e-04	1.320475e+00	4.999873e+00	4.861951e+01
5.043178671674654e-04	1.325242e+00	4.999873e+00	4.881733e+01
5.043278671674655e-04	1.330004e+00	4.999873e+00	4.901506e+01
5.043378671674655e-04	1.334761e+00	4.999873e+00	4.921271e+01
5.043478671674656e-04	1.339512e+00	4.999873e+00	4.941027e+01
5.043578671674656e-04	1.344260e+00	4.999873e+00	4.960773e+01
5.043678671674657e-04	1.349002e+00	4.999873e+00	4.980511e+01
5.043778671674657e-04	1.353739e+00	4.999873e+00	5.000240e+01
5.043878671674658e-04	1.358471e+00	4.999873e+00	5.019961e+01
5.043978671674658e-04	1.363198e+00	4.999873e+00	5.039672e+01
5.044078671674659e-04	1.367920e+00	4.999873e+00	5.059375e+01
5.044178671674659e-04	1.372638e+00	4.999873e+00	5.079069e+01
5.044278671674660e-04	1.377350e+00	4.999873e+00	5.098753e+01
5.044378671674660e-04	1.382057e+00	4.999873e+00	5.118430e+01
5.044478671674661e-04	1.386760e+00	4.999873e+00	5.138097e+01
5.044578671674661e-04	1.391457e+00	4.999873e+00	5.157756e+01
5.044678671674662e-04	1.396150e+00	4.999873e+00	5.177405e+01
5.044778671674662e-04	1.400837e+00	4.999873e+00	5.197046e+01
5.044878671674663e-04	1.405520e+00	4.999873e+00	5.216678e+01
5.044978671674663e-04	1.410197e+00	4.999873e+00	5.236301e+01
5.045078671674664e-04	1.414870e+00	4.999873e+00	5.255916e+01
5.045178671674664e-04	1.419537e+00	4.999873e+00	5.275521e+01
5.045278671674665e-04	1.424200e+00	4.999873e+00	5.295118e+01
5.045378671674665e-04	1.428857e+00	4.999873e+00	5.314706e+01
5.045478671674666e-04	1.433510e+00	4.999873e+00	5.334286e+01
5.045578671674666e-04	1.438157e+00	4.999873e+00	5.353856e+01
5.045678671674667e-04	1.442799e+00	4.999873e+00	5.373418e+01
5.045778671674667e-04	1.447437e+00	4.999873e+00	5.392971e+01
5.045878671674668e-04	1.452069e+00	4.999873e+00	5.412515e+01
5.045978671674668e-04	1.456697e+00	4.999873e+00	5.432051e+01
5.046078671674669e-04	1.461319e+00	4.999873e+00	5.451578e+01
5.046178671674669e-04	1.465936e+00	4.999873e+00	5.471096e+01
5.046278671674670e-04	1.470549e+00	4.999873e+00	5.490605e+01
5.046378671674670e-04	1.475156e+00	4.999873e+00	5.510105e+01
5.046478671674671e-04	1.479758e+00	4.999873e+00	5.529597e+01
5.046578671674671e-04	1.484355e+00	4.999873e+00	5.549080e+01
5.046678671674672e-04	1.488947e+00	4.999873e+00	5.568554e+01
5.046778671674672e-04	1.493534e+00	4.999873e+00	5.588020e+01
5.046878671674673e-04	1.498116e+00	4.999873e+00	5.607476e+01
5.046978671674673e-04	1.502693e+00	4.999873e+00	5.626924e+01
5.047078671674674e-04	1.507265e+00	4.999873e+00	5.646363e+01
5.047178671674674e-04	1.511832e+00	4.999873e+00	5.665794e+01
5.047278671674675e-04	1.516393e+00	4.999873e+00	5.685216e+01
5.047378671674675e-04	1.520950e+00	4.999873e+00	5.704629e+01
5.047478671674676e-04	1.525501e+00	4.999873e+00	5.724033e+01
5.047578671674676e-04	1.530048e+00	4.999873e+00	5.743429e+01
5.047678671674676e-04	1.534589e+00	4.999873e+00	5.762816e+01
5.047778671674677e-04	1.539126e+00	4.999873e+00	5.782195e+01
5.047878671674677e-04	1.543657e+00	4.999873e+00	5.801564e+01
5.047978671674678e-04	1.548183e+00	4.999873e+00	5.820925e+01
5.048078671674678e-04	1.552704e+00	4.999873e+00	5.840277e+01
5.048178671674679e-04	1.557220e+00	4.999873e+00	5.859621e+01
5.048278671674679e-04	1.561731e+00	4.999873e+00	5.878956e+01
5.048378671674680e-04	1.566237e+00	4.999873e+00	5.898282e+01
5.048478671674680e-04	1.570738e+00	4.999873e+00	5.917599e+01
5.048578671674681e-04	1.575233e+00	4.999873e+00	5.936908e+01
5.048678671674681e-04	1.579724e+00	4.999873e+00	5.956208e+01
5.048778671674682e-04	1.584209e+00	4.999873e+00	5.975500e+01
5.048878671674682e-04	1.588690e+00	4.999873e+00	5.994783e+01
5.048978671674683e-04	1.593165e+00	4.999873e+00	6.014057e+01
5.049078671674683e-04	1.597635e+00	4.999873e+00	6.033323e+01
5.049178671674684e-04	1.602100e+00	4.999873e+00	6.052579e+01
5.049278671674684e-04	1.606560e+00	4.999873e+00	6.071828e+01
5.049378671674685e-04	1.611015e+00	4.999873e+00	6.091067e+01
5.049478671674685e-04	1.615464e+00	4.999873e+00	6.110298e+01
5.049578671674686e-04	1.619909e+00	4.999873e+00	6.129520e+01
5.049678671674686e-04	1.624348e+00	4.999873e+00	6.148734e+01
5.049778671674687e-04	1.628783e+00	4.999873e+00	6.167939e+01
5.049878671674687e-04	1.633212e+00	4.999873e+00	6.187136e+01
5.049978671674688e-04	1.637636e+00	4.999873e+00	6.206324e+01
5.050078671674688e-04	1.642055e+00	4.999873e+00	6.225503e+01
5.050178671674689e-04	1.646469e+00	4.999872e+00	6.244674e+01
5.050278671674689e-04	1.650877e+00	4.999872e+00	6.263836e+01
5.050378671674690e-04	1.655281e+00	4.999810e+00	6.282989e+01
5.050391171674690e-04	1.655831e+00	4.999783e+00	6.285382e+01
5.050422421674689e-04	1.657206e+00	4.999658e+00	6.291366e+01
5.050434921674689e-04	1.657755e+00	4.999281e+00	6.293759e+01
5.050443892172748e-04	1.658150e+00	4.996620e+00	6.295476e+01
5.050450189913520e-04	1.658427e+00	4.990126e+00	6.296682e+01
5.050455321372213e-04	1.658653e+00	4.977976e+00	6.297664e+01
5.050460279711784e-04	1.658871e+00	4.953383e+00	6.298613e+01
5.050464519933134e-04	1.659057e+00	4.908907e+00	6.299425e+01
5.050468233803105e-04	1.659220e+00	4.830123e+00	6.300136e+01
5.050472239535997e-04	1.659396e+00	4.701029e+00	6.300903e+01
5.050477204340406e-04	1.659615e+00	4.505304e+00	6.301853e+01
5.050484172557288e-04	1.659921e+00	4.178850e+00	6.303186e+01
5.050493051839227e-04	1.660311e+00	3.656377e+00	6.304886e+01
5.050505141566035e-04	1.660843e+00	2.593904e+00	6.307200e+01
5.050519465673955e-04	1.661472e+00	4.510069e-01	6.309941e+01
5.050524734220563e-04	1.661704e+00	-6.506586e-03	6.310949e+01
5.050525602141071e-04	1.661742e+00	4.130366e-04	6.311115e+01
5.050526024126764e-04	1.661760e+00	3.118180e-04	6.311196e+01
5.050526323805237e-04	1.661773e+00	2.806187e-04	6.311253e+01
5.050526718380353e-04	1.661791e+00	2.576337e-04	6.311329e+01
5.050529719828710e-04	1.661923e+00	1.930126e-04	6.311903e+01
5.050531874789965e-04	1.662017e+00	1.656274e-04	6.312316e+01
5.050536184712476e-04	1.662207e+00	1.296196e-04	6.313140e+01
5.050544804557497e-04	1.662585e+00	9.208814e-05	6.314790e+01
5.050562044247541e-04	1.663342e+00	8.985115e-05	6.318089e+01
5.050596523627626e-04	1.664856e+00	9.107062e-05	6.324685e+01
5.050665482387798e-04	1.667882e+00	8.923437e-05	6.337875e+01
5.050765482387798e-04	1.672266e+00	8.998407e-05	6.356995e+01
5.050865482387799e-04	1.676645e+00	8.857180e-05	6.376107e+01
5.050965482387799e-04	1.681018e+00	8.991401e-05	6.395210e+01
5.051065482387800e-04	1.685386e+00	8.860082e-05	6.414304e+01
5.051265482387801e-04	1.694108e+00	8.844924e-05	6.452467e+01
5.051965482387804e-04	1.724470e+00	8.954400e-05	6.585768e+01
5.058365482387835e-04	1.990384e+00	8.933949e-05	7.785268e+01
5.067565482387881e-04	2.336099e+00	8.923544e-05	9.450177e+01
5.077665482387930e-04	2.667921e+00	8.909252e-05	1.120036e+02
5.087565482387979e-04	2.947969e+00	8.917212e-05	1.284051e+02
5.097565482388028e-04	3.189328e+00	8.915971e-05	1.442490e+02
5.111265482388095e-04	3.459547e+00	8.913560e-05	1.648351e+02
5.113265482388105e-04	3.493658e+00	8.913643e-05	1.677363e+02
5.116965482388123e-04	3.553425e+00	8.914861e-05	1.730357e+02
5.123665482388156e-04	3.651325e+00	8.913956e-05	1.824122e+02
5.127465482388174e-04	3.701211e+00	8.914033e-05	1.876071e+02
5.130965482388191e-04	3.743622e+00	8.914549e-05	1.923148e+02
5.134365482388208e-04	3.781612e+00	8.914503e-05	1.968181e+02
5.138065482388226e-04	3.819407e+00	8.914178e-05	2.016419e+02
5.143265482388252e-04	3.866412e+00	8.914223e-05	2.082882e+02
5.147965482388275e-04	3.902984e+00	8.914386e-05	2.141645e+02
5.149465482388282e-04	3.913530e+00	8.914263e-05	2.160141e+02
5.150965482388289e-04	3.923562e+00	8.914371e-05	2.178515e+02
5.152465482388297e-04	3.933103e+00	8.914278e-05	2.196767e+02
5.153965482388304e-04	3.942172e+00	8.914357e-05	2.214898e+02
5.155465482388312e-04	3.950787e+00	8.914291e-05	2.232908e+02
5.157065482388319e-04	3.959494e+00	8.914297e-05	2.251988e+02
5.158665482388327e-04	3.967721e+00	8.914302e-05	2.270933e+02
5.160365482388336e-04	3.975955e+00	8.914335e-05	2.290915e+02
5.162265482388345e-04	3.984561e+00	8.914313e-05	2.313071e+02
5.164365482388355e-04	3.993367e+00	8.914325e-05	2.337344e+02
5.167765482388372e-04	4.006120e+00	8.914318e-05	2.376169e+02
5.170065482388383e-04	4.013720e+00	8.914329e-05	2.402103e+02
5.173165482388398e-04	4.022668e+00	8.914310e-05	2.436645e+02
5.181765482388440e-04	4.040009e+00	8.914300e-05	2.530030e+02
5.185665482388460e-04	4.044453e+00	8.914348e-05	2.571225e+02
5.189265482388477e-04	4.046795e+00	8.914350e-05	2.608627e+02
5.192865482388495e-04	4.047543e+00	8.914351e-05	2.645440e+02
5.196565482388513e-04	4.046742e+00	8.914293e-05	2.682673e+02
5.200465482388532e-04	4.044275e+00	8.914354e-05	2.721267e+02
5.205165482388555e-04	4.039226e+00	8.914291e-05	2.766907e+02
5.215065482388604e-04	4.021771e+00	8.914357e-05	2.860012e+02
5.215665482388607e-04	4.020433e+00	8.914357e-05	2.865525e+02
5.218965482388623e-04	4.012525e+00	8.914290e-05	2.895592e+02
5.221765482388637e-04	4.005094e+00	8.914290e-05	2.920763e+02
5.226465482388660e-04	3.991157e+00	8.914358e-05	2.962325e+02
5.229165482388673e-04	3.982354e+00	8.914290e-05	2.985817e+02
5.231765482388686e-04	3.973364e+00	8.914290e-05	3.008176e+02
5.234265482388698e-04	3.964273e+00	8.914358e-05	3.029437e+02
5.236765482388710e-04	3.954774e+00	8.914291e-05	3.050465e+02
5.239165482388722e-04	3.945296e+00	8.914291e-05	3.070437e+02
5.241665482388734e-04	3.935079e+00	8.914358e-05	3.091020e+02
5.244165482388746e-04	3.924541e+00	8.914291e-05	3.111378e+02
5.246765482388759e-04	3.913275e+00	8.914291e-05	3.132316e+02
5.249465482388772e-04	3.901283e+00	8.914358e-05	3.153809e+02
5.257865482388814e-04	3.862366e+00	8.914358e-05	3.219080e+02
5.264465482388846e-04	3.830210e+00	8.914358e-05	3.268712e+02
5.270865482388877e-04	3.797756e+00	8.914358e-05	3.315494e+02
5.277365482388909e-04	3.763527e+00	8.914294e-05	3.361689e+02
5.284265482388943e-04	3.725788e+00	8.914357e-05	3.409314e+02
5.291865482388980e-04	3.682550e+00	8.914357e-05	3.460137e+02
5.300665482389023e-04	3.630327e+00	8.914357e-05	3.516916e+02
5.316065482389099e-04	3.533750e+00	8.914356e-05	3.611181e+02
5.318065482389109e-04	3.520797e+00	8.914356e-05	3.622965e+02
5.347865482389255e-04	3.320901e+00	8.914356e-05	3.786920e+02
5.380565482389415e-04	3.093874e+00	8.914302e-05	3.943999e+02
5.413365482389576e-04	2.867358e+00	8.914304e-05	4.080695e+02
5.420465482389611e-04	2.819201e+00	8.914353e-05	4.107813e+02
5.453565482389773e-04	2.601197e+00	8.914307e-05	4.223813e+02
5.486765482389936e-04	2.395938e+00	8.914308e-05	4.324646e+02
5.520165482390100e-04	2.205193e+00	8.914310e-05	4.412524e+02
5.522865482390113e-04	2.190498e+00	8.914350e-05	4.419091e+02
5.556465482390278e-04	2.016806e+00	8.914349e-05	4.494743e+02
5.590265482390443e-04	1.859050e+00	8.914348e-05	4.560583e+02
5.624265482390610e-04	1.716852e+00	8.914353e-05	4.617841e+02
5.625265482390615e-04	1.712910e+00	8.914353e-05	4.619402e+02
5.659365482390782e-04	1.586307e+00	8.914430e-05	4.668812e+02
5.683565482390901e-04	1.505228e+00	9.341130e-05	4.699744e+02
5.683665482390901e-04	1.504907e+00	9.865501e-05	4.699865e+02
5.683765482390902e-04	1.504587e+00	1.051194e-04	4.699987e+02
5.684365482390905e-04	1.502666e+00	1.726211e-04	4.700713e+02
5.684665482390906e-04	1.501707e+00	2.541653e-04	4.701075e+02
5.684765482390907e-04	1.501387e+00	3.019629e-04	4.701196e+02
5.684865482390907e-04	1.501068e+00	3.713245e-04	4.701317e+02
5.684965482390908e-04	1.500749e+00	4.830916e-04	4.701437e+02
5.685065482390908e-04	1.500430e+00	6.901705e-04	4.701558e+02
5.685165482390909e-04	1.500111e+00	1.217946e-03	4.701678e+02
5.685219467873902e-04	1.499938e+00	2.055989e-03	4.701743e+02
5.685230349662220e-04	1.499904e+00	2.398826e-03	4.701757e+02
5.685252113238855e-04	1.499834e+00	3.517942e-03	4.701783e+02
5.685267124737451e-04	1.499787e+00	5.174184e-03	4.701801e+02
5.685282958967930e-04	1.499736e+00	1.043982e-02	4.701820e+02
5.685299831252338e-04	1.499682e+00	2.367091e-02	4.701840e+02
5.685315428063220e-04	1.499633e+00	4.571515e-02	4.701859e+02
5.685331769265627e-04	1.499581e+00	8.754789e-02	4.701879e+02
5.685348845799121e-04	1.499526e+00	1.725866e-01	4.701899e+02
5.685366890222812e-04	1.499469e+00	3.566730e-01	4.701921e+02
5.685384781080883e-04	1.499412e+00	7.420982e-01	4.701942e+02
5.685402562076388e-04	1.499355e+00	1.567435e+00	4.701964e+02
5.685419817330767e-04	1.499300e+00	3.293396e+00	4.701985e+02
5.685428866112077e-04	1.499271e+00	4.761496e+00	4.701996e+02
5.685432183008166e-04	1.499261e+00	5.015183e+00	4.702000e+02
5.685433059738019e-04	1.499258e+00	4.999720e+00	4.702000e+02
5.685433341389330e-04	1.499257e+00	4.999664e+00	4.702001e+02
5.685433568214158e-04	1.499256e+00	4.999642e+00	4.702001e+02
5.685433848981042e-04	1.499255e+00	4.999631e+00	4.702001e+02
5.685434410514812e-04	1.499253e+00	4.999633e+00	4.702002e+02
5.685435130481561e-04	1.499251e+00	4.999654e+00	4.702003e+02
5.685436239607218e-04	1.499248e+00	4.999688e+00	4.702004e+02
5.685437922402788e-04	1.499242e+00	4.999728e+00	4.702006e+02
5.685448019176212e-04	1.499210e+00	4.999844e+00	4.702018e+02
5.685461481540777e-04	1.499167e+00	4.999872e+00	4.702035e+02
5.685488406269906e-04	1.499081e+00	4.999871e+00	4.702067e+02
5.685542158929808e-04	1.498910e+00	4.999872e+00	4.702132e+02
5.685642158929808e-04	1.498592e+00	4.999872e+00	4.702252e+02
5.685742158929809e-04	1.498273e+00	4.999873e+00	4.702372e+02
5.685842158929809e-04	1.497955e+00	4.999873e+00	4.702492e+02
5.685942158929810e-04	1.497637e+00	4.999873e+00	4.702613e+02
5.686042158929810e-04	1.497319e+00	4.999873e+00	4.702733e+02
5.686242158929811e-04	1.496684e+00	4.999873e+00	4.702972e+02
5.688042158929820e-04	1.490984e+00	4.999873e+00	4.705123e+02
5.722542158929989e-04	1.388644e+00	4.999873e+00	4.743289e+02
5.725242158930002e-04	1.381168e+00	4.999873e+00	4.746044e+02
5.759942158930173e-04	1.291461e+00	4.999873e+00	4.778766e+02
5.794942158930344e-04	1.212071e+00	4.999873e+00	4.807197e+02
5.827642158930504e-04	1.146865e+00	4.999873e+00	4.830176e+02
5.863242158930679e-04	1.084603e+00	4.999873e+00	4.851798e+02
5.899242158930856e-04	1.029807e+00	4.999873e+00	4.870560e+02
5.930042158931007e-04	9.886739e-01	4.999873e+00	4.884474e+02
5.967042158931188e-04	9.454217e-01	4.999873e+00	4.898939e+02
6.004642158931372e-04	9.075022e-01	4.999873e+00	4.911474e+02
6.032442158931509e-04	8.828980e-01	4.999873e+00	4.919531e+02
6.071442158931700e-04	8.526828e-01	4.999873e+00	4.929337e+02
6.111442158931896e-04	8.262391e-01	4.999873e+00	4.937834e+02
6.134842158932011e-04	8.126363e-01	4.999873e+00	4.942173e+02
6.176742158932216e-04	7.912782e-01	4.999873e+00	4.948938e+02
6.220242158932429e-04	7.726358e-01	4.999873e+00	4.954793e+02
6.237242158932513e-04	7.662030e-01	4.999873e+00	4.956801e+02
6.283342158932739e-04	7.508517e-01	4.999873e+00	4.961569e+02
6.331942158932977e-04	7.375240e-01	4.999873e+00	4.965677e+02
6.339642158933015e-04	7.356465e-01	4.999873e+00	4.966254e+02
6.391742158933270e-04	7.243962e-01	4.999873e+00	4.969694e+02
6.442042158933517e-04	7.156091e-01	4.999873e+00	4.972363e+02
6.502342158933813e-04	7.072294e-01	4.999873e+00	4.974894e+02
6.544442158934019e-04	7.025084e-01	4.999873e+00	4.976313e+02
6.616042158934370e-04	6.961609e-01	4.999873e+00	4.978211e+02
6.646842158934521e-04	6.939638e-01	4.999873e+00	4.978866e+02
6.733542158934946e-04	6.891070e-01	4.999873e+00	4.980308e+02
6.749242158935023e-04	6.884016e-01	4.999873e+00	4.980517e+02
6.851642158935525e-04	6.847864e-01	4.999873e+00	4.981584e+02
6.954042158936027e-04	6.824396e-01	4.999873e+00	4.982274e+02
7.056442158936530e-04	6.809175e-01	4.999873e+00	4.982721e+02
7.158842158937032e-04	6.799310e-01	4.999873e+00	4.983009e+02
7.261242158937534e-04	6.792921e-01	4.999873e+00	4.983196e+02
7.363642158938036e-04	6.788783e-01	4.999873e+00	4.983317e+02
7.466042158938538e-04	6.786105e-01	4.999873e+00	4.983395e+02
7.568442158939040e-04	6.784372e-01	4.999873e+00	4.983445e+02
7.670842158939542e-04	6.783251e-01	4.999873e+00	4.983478e+02
7.773242158940044e-04	6.782525e-01	4.999873e+00	4.983499e+02
7.875642158940546e-04	6.782055e-01	4.999873e+00	4.983513e+02
7.978042158941048e-04	6.781752e-01	4.999873e+00	4.983522e+02
8.080442158941550e-04	6.781555e-01	4.999873e+00	4.983528e+02
8.182842158942053e-04	6.781428e-01	4.999873e+00	4.983531e+02
8.285242158942555e-04	6.781346e-01	4.999873e+00	4.983534e+02
8.387642158943057e-04	6.781293e-01	4.999873e+00	4.983535e+02
8.490042158943559e-04	6.781259e-01	4.999873e+00	4.983536e+02
8.592442158944061e-04	6.781237e-01	4.999873e+00	4.983537e+02
8.694842158944563e-04	6.781222e-01	4.999873e+00	4.983537e+02
8.797242158945065e-04	6.781213e-01	4.999873e+00	4.983537e+02
8.899642158945567e-04	6.781207e-01	4.999873e+00	4.983538e+02
9.002042158946069e-04	6.781203e-01	4.999873e+00	4.983538e+02
9.104442158946571e-04	6.781201e-01	4.999873e+00	4.983538e+02
9.206842158947073e-04	6.781199e-01	4.999873e+00	4.983538e+02
9.309242158947575e-04	6.781198e-01	4.999873e+00	4.983538e+02
9.411642158948078e-04	6.781197e-01	4.999873e+00	4.983538e+02
9.514042158948580e-04	6.781197e-01	4.999873e+00	4.983538e+02
9.616442158949082e-04	6.781197e-01	4.999873e+00	4.983538e+02
9.718842158949584e-04	6.781197e-01	4.999873e+00	4.983538e+02
9.821242158949482e-04	6.781196e-01	4.999873e+00	4.983538e+02
9.923642158948874e-04	6.781196e-01	4.999873e+00	4.983538e+02
1.002604215894827e-03	6.781196e-01	4.999873e+00	4.983538e+02
1.012844215894766e-03	6.781196e-01	4.999873e+00	4.983538e+02
1.023084215894705e-03	6.781196e-01	4.999873e+00	4.983538e+02
1.033324215894644e-03	6.781196e-01	4.999873e+00	4.983538e+02
1.043564215894583e-03	6.781196e-01	4.999873e+00	4.983538e+02
1.053804215894523e-03	6.781196e-01	4.999873e+00	4.983538e+02
1.064044215894462e-03	6.781196e-01	4.999873e+00	4.983538e+02
1.074284215894401e-03	6.781196e-01	4.999873e+00	4.983538e+02
1.084524215894340e-03	6.781196e-01	4.999873e+00	4.983538e+02
1.094764215894279e-03	6.781196e-01	4.999873e+00	4.983538e+02
1.105004215894218e-03	6.781196e-01	4.999873e+00	4.983538e+02
1.115244215894158e-03	6.781196e-01	4.999873e+00	4.983538e+02
1.125484215894097e-03	6.781196e-01	4.999873e+00	4.983538e+02
1.135724215894036e-03	6.781196e-01	4.999873e+00	4.983538e+02
1.145964215893975e-03	6.781196e-01	4.999873e+00	4.983538e+02
1.156204215893914e-03	6.781196e-01	4.999873e+00	4.983538e+02
1.166444215893854e-03	6.781196e-01	4.999873e+00	4.983538e+02
1.176684215893793e-03	6.781196e-01	4.999873e+00	4.983538e+02
1.186924215893732e-03	6.781196e-01	4.999873e+00	4.983538e+02
1.197164215893671e-03	6.781196e-01	4.999873e+00	4.983538e+02
1.207404215893610e-03	6.781196e-01	4.999873e+00	4.983538e+02
1.217644215893549e-03	6.781196e-01	4.999873e+00	4.983538e+02
1.227884215893489e-03	6.781196e-01	4.999873e+00	4.983538e+02
1.238124215893428e-03	6.781196e-01	4.999873e+00	4.983538e+02
1.248364215893367e-03	6.781196e-01	4.999873e+00	4.983538e+02
1.258604215893306e-03	6.781196e-01	4.999873e+00	4.983538e+02
1.268844215893245e-03	6.781196e-01	4.999873e+00	4.983538e+02
1.279084215893185e-03	6.781196e-01	4.999873e+00	4.983538e+02
1.289324215893124e-03	6.781196e-01	4.999873e+00	4.983538e+02
1.299564215893063e-03	6.781196e-01	4.999873e+00	4.983538e+02
1.309804215893002e-03	6.781196e-01	4.999873e+00	4.983538e+02
1.320044215892941e-03	6.781196e-01	4.999873e+00	4.983538e+02
1.330284215892881e-03	6.781196e-01	4.999873e+00	4.983538e+02
1.340524215892820e-03	6.781196e-01	4.999873e+00	4.983538e+02
1.350764215892759e-03	6.781196e-01	4.999873e+00	4.983538e+02
1.361004215892698e-03	6.781196e-01	4.999873e+00	4.983538e+02
1.371244215892637e-03	6.781196e-01	4.999873e+00	4.983538e+02
1.381484215892576e-03	6.781196e-01	4.999873e+00	4.983538e+02
1.391724215892516e-03	6.781196e-01	4.999873e+00	4.983538e+02
1.401964215892455e-03	6.781196e-01	4.999873e+00	4.983538e+02
1.412204215892394e-03	6.781196e-01	4.999873e+00	4.983538e+02
1.422444215892333e-03	6.781196e-01	4.999873e+00	4.983538e+02
1.432684215892272e-03	6.781196e-01	4.999873e+00	4.983538e+02
1.442924215892212e-03	6.781196e-01	4.999873e+00	4.983538e+02
1.453164215892151e-03	6.781196e-01	4.999873e+00	4.983538e+02
1.463404215892090e-03	6.781196e-01	4.999873e+00	4.983538e+02
1.473644215892029e-03	6.781196e-01	4.999873e+00	4.983538e+02
1.483884215891968e-03	6.781196e-01	4.999873e+00	4.983538e+02
1.494124215891908e-03	6.781196e-01	4.999873e+00	4.983538e+02
1.504364215891847e-03	6.781196e-01	4.999873e+00	4.983538e+02
1.514604215891786e-03	6.781196e-01	4.999873e+00	4.983538e+02
1.524844215891725e-03	6.781196e-01	4.999873e+00	4.983538e+02
1.535084215891664e-03	6.781196e-01	4.999873e+00	4.983538e+02
1.545324215891603e-03	6.781196e-01	4.999873e+00	4.983538e+02
1.555564215891543e-03	6.781196e-01	4.999873e+00	4.983538e+02
1.565804215891482e-03	6.781196e-01	4.999873e+00	4.983538e+02
1.576044215891421e-03	6.781196e-01	4.999873e+00	4.983538e+02
1.586284215891360e-03	6.781196e-01	4.999873e+00	4.983538e+02
1.596524215891299e-03	6.781196e-01	4.999873e+00	4.983538e+02
1.606764215891239e-03	6.781196e-01	4.999873e+00	4.983538e+02
1.617004215891178e-03	6.781196e-01	4.999873e+00	4.983538e+02
1.627244215891117e-03	6.781196e-01	4.999873e+00	4.983538e+02
1.637484215891056e-03	6.781196e-01	4.999873e+00	4.983538e+02
1.647724215890995e-03	6.781196e-01	4.999873e+00	4.983538e+02
1.657964215890935e-03	6.781196e-01	4.999873e+00	4.983538e+02
1.668204215890874e-03	6.781196e-01	4.999873e+00	4.983538e+02
1.678444215890813e-03	6.781196e-01	4.999873e+00	4.983538e+02
1.688684215890752e-03	6.781196e-01	4.999873e+00	4.983538e+02
1.698924215890691e-03	6.781196e-01	4.999873e+00	4.983538e+02
1.709164215890630e-03	6.781196e-01	4.999873e+00	4.983538e+02
1.719404215890570e-03	6.781196e-01	4.999873e+00	4.983538e+02
1.729644215890509e-03	6.781196e-01	4.999873e+00	4.983538e+02
1.739884215890448e-03	6.781196e-01	4.999873e+00	4.983538e+02
1.750124215890387e-03	6.781196e-01	4.999873e+00	4.983538e+02
1.760364215890326e-03	6.781196e-01	4.999873e+00	4.983538e+02
1.770604215890266e-03	6.781196e-01	4.999873e+00	4.983538e+02
1.780844215890205e-03	6.781196e-01	4.999873e+00	4.983538e+02
1.791084215890144e-03	6.781196e-01	4.999873e+00	4.983538e+02
1.801324215890083e-03	6.781196e-01	4.999873e+00	4.983538e+02
1.811564215890022e-03	6.781196e-01	4.999873e+00	4.983538e+02
1.821804215889962e-03	6.781196e-01	4.999873e+00	4.983538e+02
1.832044215889901e-03	6.781196e-01	4.999873e+00	4.983538e+02
1.842284215889840e-03	6.781196e-01	4.999873e+00	4.983538e+02
1.852524215889779e-03	6.781196e-01	4.999873e+00	4.983538e+02
1.862764215889718e-03	6.781196e-01	4.999873e+00	4.983538e+02
1.873004215889657e-03	6.781196e-01	4.999873e+00	4.983538e+02
1.883244215889597e-03	6.781196e-01	4.999873e+00	4.983538e+02
1.893484215889536e-03	6.781196e-01	4.999873e+00	4.983538e+02
1.903724215889475e-03	6.781196e-01	4.999873e+00	4.983538e+02
1.913964215889414e-03	6.781196e-01	4.999873e+00	4.983538e+02
1.924204215889353e-03	6.781196e-01	4.999873e+00	4.983538e+02
1.934444215889293e-03	6.781196e-01	4.999873e+00	4.983538e+02
1.944684215889232e-03	6.781196e-01	4.999873e+00	4.983538e+02
1.954924215889171e-03	6.781196e-01	4.999873e+00	4.983538e+02
1.965164215889110e-03	6.781196e-01	4.999873e+00	4.983538e+02
1.975404215889049e-03	6.781196e-01	4.999873e+00	4.983538e+02
1.985644215888988e-03	6.781196e-01	4.999873e+00	4.983538e+02
1.995884215888928e-03	6.781196e-01	4.999873e+00	4.983538e+02
2.006124215888867e-03	6.781196e-01	4.999873e+00	4.983538e+02
2.016364215888806e-03	6.781196e-01	4.999873e+00	4.983538e+02
2.026604215888745e-03	6.781196e-01	4.999873e+00	4.983538e+02
2.036844215888684e-03	6.781196e-01	4.999873e+00	4.983538e+02
2.047084215888624e-03	6.781196e-01	4.999873e+00	4.983538e+02
2.057324215888563e-03	6.781196e-01	4.999873e+00	4.983538e+02
2.067564215888502e-03	6.781196e-01	4.999873e+00	4.983538e+02
2.077804215888441e-03	6.781196e-01	4.999873e+00	4.983538e+02
2.088044215888380e-03	6.781196e-01	4.999873e+00	4.983538e+02
2.098284215888320e-03	6.781196e-01	4.999873e+00	4.983538e+02
2.108524215888259e-03	6.781196e-01	4.999873e+00	4.983538e+02
2.118764215888198e-03	6.781196e-01	4.999873e+00	4.983538e+02
2.129004215888137e-03	6.781196e-01	4.999873e+00	4.983538e+02
2.139244215888076e-03	6.781196e-01	4.999873e+00	4.983538e+02
2.149484215888015e-03	6.781196e-01	4.999873e+00	4.983538e+02
2.159724215887955e-03	6.781196e-01	4.999873e+00	4.983538e+02
2.169964215887894e-03	6.781196e-01	4.999873e+00	4.983538e+02
2.180204215887833e-03	6.781196e-01	4.999873e+00	4.983538e+02
2.190444215887772e-03	6.781196e-01	4.999873e+00	4.983538e+02
2.200684215887711e-03	6.781196e-01	4.999873e+00	4.983538e+02
2.210924215887651e-03	6.781196e-01	4.999873e+00	4.983538e+02
2.221164215887590e-03	6.781196e-01	4.999873e+00	4.983538e+02
2.231404215887529e-03	6.781196e-01	4.999873e+00	4.983538e+02
2.241644215887468e-03	6.781196e-01	4.999873e+00	4.983538e+02
2.251884215887407e-03	6.781196e-01	4.999873e+00	4.983538e+02
2.262124215887347e-03	6.781196e-01	4.999873e+00	4.983538e+02
2.272364215887286e-03	6.781196e-01	4.999873e+00	4.983538e+02
2.282604215887225e-03	6.781196e-01	4.999873e+00	4.983538e+02
2.292844215887164e-03	6.781196e-01	4.999873e+00	4.983538e+02
2.303084215887103e-03	6.781196e-01	4.999873e+00	4.983538e+02
2.313324215887042e-03	6.781196e-01	4.999873e+00	4.983538e+02
2.323564215886982e-03	6.781196e-01	4.999873e+00	4.983538e+02
2.333804215886921e-03	6.781196e-01	4.999873e+00	4.983538e+02
2.344044215886860e-03	6.781196e-01	4.999873e+00	4.983538e+02
2.354284215886799e-03	6.781196e-01	4.999873e+00	4.983538e+02
2.364524215886738e-03	6.781196e-01	4.999873e+00	4.983538e+02
2.374764215886678e-03	6.781196e-01	4.999873e+00	4.983538e+02
2.385004215886617e-03	6.781196e-01	4.999873e+00	4.983538e+02
2.395244215886556e-03	6.781196e-01	4.999873e+00	4.983538e+02
2.405484215886495e-03	6.781196e-01	4.999873e+00	4.983538e+02
2.415724215886434e-03	6.781196e-01	4.999873e+00	4.983538e+02
2.425964215886374e-03	6.781196e-01	4.999873e+00	4.983538e+02
2.436204215886313e-03	6.781196e-01	4.999873e+00	4.983538e+02
2.446444215886252e-03	6.781196e-01	4.999873e+00	4.983538e+02
2.456684215886191e-03	6.781196e-01	4.999873e+00	4.983538e+02
2.466924215886130e-03	6.781196e-01	4.999873e+00	4.983538e+02
2.477164215886069e-03	6.781196e-01	4.999873e+00	4.983538e+02
2.487404215886009e-03	6.781196e-01	4.999873e+00	4.983538e+02
2.497644215885948e-03	6.781196e-01	4.999873e+00	4.983538e+02
2.507884215885887e-03	6.781196e-01	4.999873e+00	4.983538e+02
2.518124215885826e-03	6.781196e-01	4.999873e+00	4.983538e+02
2.528364215885765e-03	6.781196e-01	4.999873e+00	4.983538e+02
2.538604215885705e-03	6.781196e-01	4.999873e+00	4.983538e+02
2.548844215885644e-03	6.781196e-01	4.999873e+00	4.983538e+02
2.559084215885583e-03	6.781196e-01	4.999873e+00	4.983538e+02
2.569324215885522e-03	6.781196e-01	4.999873e+00	4.983538e+02
2.579564215885461e-03	6.781196e-01	4.999873e+00	4.983538e+02
2.589804215885401e-03	6.781196e-01	4.999873e+00	4.983538e+02
2.600044215885340e-03	6.781196e-01	4.999873e+00	4.983538e+02
2.610284215885279e-03	6.781196e-01	4.999873e+00	4.983538e+02
2.620524215885218e-03	6.781196e-01	4.999873e+00	4.983538e+02
2.630764215885157e-03	6.781196e-01	4.999873e+00	4.983538e+02
2.641004215885096e-03	6.781196e-01	4.999873e+00	4.983538e+02
2.651244215885036e-03	6.781196e-01	4.999873e+00	4.983538e+02
2.661484215884975e-03	6.781196e-01	4.999873e+00	4.983538e+02
2.671724215884914e-03	6.781196e-01	4.999873e+00	4.983538e+02
2.681964215884853e-03	6.781196e-01	4.999873e+00	4.983538e+02
2.692204215884792e-03	6.781196e-01	4.999873e+00	4.983538e+02
2.702444215884732e-03	6.781196e-01	4.999873e+00	4.983538e+02
2.712684215884671e-03	6.781196e-01	4.999873e+00	4.983538e+02
2.722924215884610e-03	6.781196e-01	4.999873e+00	4.983538e+02
2.733164215884549e-03	6.781196e-01	4.999873e+00	4.983538e+02
2.743404215884488e-03	6.781196e-01	4.999873e+00	4.983538e+02
2.753644215884427e-03	6.781196e-01	4.999873e+00	4.983538e+02
2.763884215884367e-03	6.781196e-01	4.999873e+00	4.983538e+02
2.774124215884306e-03	6.781196e-01	4.999873e+00	4.983538e+02
2.784364215884245e-03	6.781196e-01	4.999873e+00	4.983538e+02
2.794604215884184e-03	6.781196e-01	4.999873e+00	4.983538e+02
2.804844215884123e-03	6.781196e-01	4.999873e+00	4.983538e+02
2.815084215884063e-03	6.781196e-01	4.999873e+00	4.983538e+02
2.825324215884002e-03	6.781196e-01	4.999873e+00	4.983538e+02
2.835564215883941e-03	6.781196e-01	4.999873e+00	4.983538e+02
2.845804215883880e-03	6.781196e-01	4.999873e+00	4.983538e+02
2.856044215883819e-03	6.781196e-01	4.999873e+00	4.983538e+02
2.866284215883759e-03	6.781196e-01	4.999873e+00	4.983538e+02
2.876524215883698e-03	6.781196e-01	4.999873e+00	4.983538e+02
2.886764215883637e-03	6.781196e-01	4.999873e+00	4.983538e+02
2.897004215883576e-03	6.781196e-01	4.999873e+00	4.983538e+02
2.907244215883515e-03	6.781196e-01	4.999873e+00	4.983538e+02
2.917484215883454e-03	6.781196e-01	4.999873e+00	4.983538e+02
2.927724215883394e-03	6.781196e-01	4.999873e+00	4.983538e+02
2.937964215883333e-03	6.781196e-01	4.999873e+00	4.983538e+02
2.948204215883272e-03	6.781196e-01	4.999873e+00	4.983538e+02
2.958444215883211e-03	6.781196e-01	4.999873e+00	4.983538e+02
2.968684215883150e-03	6.781196e-01	4.999873e+00	4.983538e+02
2.978924215883090e-03	6.781196e-01	4.999873e+00	4.983538e+02
2.989164215883029e-03	6.781196e-01	4.999873e+00	4.983538e+02
2.999404215882968e-03	6.781196e-01	4.999873e+00	4.983538e+02
3.000000000000000e-03	6.781196e-01	4.999873e+00	4.983538e+02
Step Information: Rpot=250K  (Step: 5/6)
0.000000000000000e+00	6.781196e-01	4.999866e+00	4.983538e+02
1.006310719976990e-05	6.781196e-01	4.999866e+00	4.983538e+02
2.030310719977066e-05	6.781196e-01	4.999866e+00	4.983538e+02
3.054310719977230e-05	6.781196e-01	4.999866e+00	4.983538e+02
4.078310719977393e-05	6.781196e-01	4.999866e+00	4.983538e+02
5.102310719977557e-05	6.781196e-01	4.999866e+00	4.983538e+02
6.126310719977705e-05	6.781196e-01	4.999866e+00	4.983538e+02
7.150310719977175e-05	6.781196e-01	4.999866e+00	4.983538e+02
8.174310719976644e-05	6.781196e-01	4.999866e+00	4.983538e+02
9.198310719976114e-05	6.781196e-01	4.999866e+00	4.983538e+02
1.022231071997558e-04	6.781196e-01	4.999866e+00	4.983538e+02
1.124631071997505e-04	6.781196e-01	4.999866e+00	4.983538e+02
1.227031071997452e-04	6.781196e-01	4.999866e+00	4.983538e+02
1.329431071997399e-04	6.781196e-01	4.999866e+00	4.983538e+02
1.431831071997346e-04	6.781196e-01	4.999866e+00	4.983538e+02
1.534231071997293e-04	6.781196e-01	4.999866e+00	4.983538e+02
1.636631071997240e-04	6.781196e-01	4.999866e+00	4.983538e+02
1.739031071997187e-04	6.781196e-01	4.999866e+00	4.983538e+02
1.841431071997134e-04	6.781196e-01	4.999866e+00	4.983538e+02
1.943831071997081e-04	6.781196e-01	4.999866e+00	4.983538e+02
2.046231071997028e-04	6.781196e-01	4.999866e+00	4.983538e+02
2.148631071996975e-04	6.781196e-01	4.999866e+00	4.983538e+02
2.251031071996922e-04	6.781196e-01	4.999866e+00	4.983538e+02
2.353431071996869e-04	6.781196e-01	4.999866e+00	4.983538e+02
2.455831071996817e-04	6.781196e-01	4.999866e+00	4.983538e+02
2.558231071996763e-04	6.781196e-01	4.999866e+00	4.983538e+02
2.660631071996710e-04	6.781196e-01	4.999866e+00	4.983538e+02
2.763031071996657e-04	6.781196e-01	4.999866e+00	4.983538e+02
2.865431071996604e-04	6.781196e-01	4.999866e+00	4.983538e+02
2.967831071996551e-04	6.781196e-01	4.999866e+00	4.983538e+02
3.070231071996498e-04	6.781196e-01	4.999866e+00	4.983538e+02
3.172631071996445e-04	6.781196e-01	4.999866e+00	4.983538e+02
3.275031071996392e-04	6.781196e-01	4.999866e+00	4.983538e+02
3.377431071996339e-04	6.781196e-01	4.999866e+00	4.983538e+02
3.479831071996286e-04	6.781196e-01	4.999866e+00	4.983538e+02
3.582231071996233e-04	6.781196e-01	4.999866e+00	4.983538e+02
3.684631071996180e-04	6.781196e-01	4.999866e+00	4.983538e+02
3.787031071996127e-04	6.781196e-01	4.999866e+00	4.983538e+02
3.889431071996074e-04	6.781196e-01	4.999866e+00	4.983538e+02
3.991831071996021e-04	6.781196e-01	4.999866e+00	4.983538e+02
4.094231071995968e-04	6.781196e-01	4.999866e+00	4.983538e+02
4.196631071995915e-04	6.781196e-01	4.999866e+00	4.983538e+02
4.299031071995862e-04	6.781196e-01	4.999866e+00	4.983538e+02
4.401431071995809e-04	6.781196e-01	4.999866e+00	4.983538e+02
4.503831071995756e-04	6.781196e-01	4.999866e+00	4.983538e+02
4.606231071995703e-04	6.781196e-01	4.999866e+00	4.983538e+02
4.708631071995650e-04	6.781196e-01	4.999866e+00	4.983538e+02
4.811031071995597e-04	6.781196e-01	4.999866e+00	4.983538e+02
4.913431071995710e-04	6.781196e-01	4.999866e+00	4.983538e+02
5.000000000000004e-04	6.781196e-01	4.999866e+00	4.983538e+02
5.000010000000000e-04	6.382340e-01	4.999866e+00	3.752889e+02
5.000024805452893e-04	4.126318e-01	4.999866e+00	1.351277e+02
5.000028812522172e-04	3.207836e-01	4.999866e+00	1.075926e+02
5.000034780157607e-04	1.776667e-01	4.999866e+00	7.834965e+01
5.000040765146123e-04	3.105234e-02	4.999866e+00	5.906678e+01
5.000048303441335e-04	-1.477751e-01	4.999866e+00	4.373447e+01
5.000053126675652e-04	-2.317957e-01	4.999866e+00	3.746551e+01
5.000058124590371e-04	-2.591271e-01	4.999866e+00	3.279619e+01
5.000063285346663e-04	-2.569472e-01	4.999866e+00	2.934899e+01
5.000068609055439e-04	-2.572921e-01	4.999866e+00	2.681103e+01
5.000073845411073e-04	-2.568345e-01	4.999866e+00	2.501364e+01
5.000084318122342e-04	-2.560598e-01	4.999866e+00	2.265978e+01
5.000099698092424e-04	-2.548198e-01	4.999866e+00	2.080424e+01
5.000117381424657e-04	-2.532801e-01	4.999866e+00	1.961035e+01
5.000139918100582e-04	-2.513048e-01	4.999866e+00	1.849975e+01
5.000171644505381e-04	-2.484995e-01	4.999866e+00	1.714839e+01
5.000226865691539e-04	-2.436524e-01	4.999866e+00	1.504665e+01
5.000326865691539e-04	-2.349036e-01	4.999866e+00	1.186641e+01
5.000426865691540e-04	-2.262341e-01	4.999866e+00	9.362215e+00
5.000526865691540e-04	-2.176397e-01	4.999866e+00	7.389735e+00
5.000626865691541e-04	-2.090905e-01	4.999866e+00	5.836415e+00
5.000726865691541e-04	-2.006200e-01	4.999866e+00	4.612989e+00
5.000826865691542e-04	-1.921777e-01	4.999866e+00	3.649503e+00
5.000926865691542e-04	-1.838222e-01	4.999866e+00	2.890665e+00
5.001026865691543e-04	-1.754996e-01	4.999866e+00	2.293041e+00
5.001126865691543e-04	-1.672690e-01	4.999866e+00	1.822362e+00
5.001226865691544e-04	-1.590992e-01	4.999866e+00	1.451671e+00
5.001326865691544e-04	-1.510268e-01	4.999866e+00	1.159722e+00
5.001426865691545e-04	-1.430561e-01	4.999866e+00	9.297889e-01
5.001526865691545e-04	-1.351997e-01	4.999866e+00	7.486961e-01
5.001626865691546e-04	-1.274867e-01	4.999866e+00	6.060679e-01
5.001726865691546e-04	-1.199188e-01	4.999866e+00	4.937322e-01
5.001826865691547e-04	-1.125344e-01	4.999866e+00	4.052530e-01
5.001926865691547e-04	-1.053314e-01	4.999866e+00	3.355618e-01
5.002026865691548e-04	-9.834930e-02	4.999866e+00	2.806664e-01
5.002126865691548e-04	-9.158175e-02	4.999866e+00	2.374232e-01
5.002226865691549e-04	-8.506551e-02	4.999866e+00	2.033561e-01
5.002326865691549e-04	-7.878829e-02	4.999866e+00	1.765155e-01
5.002426865691550e-04	-7.278148e-02	4.999866e+00	1.553657e-01
5.002526865691550e-04	-6.702614e-02	4.999866e+00	1.386977e-01
5.002626865691551e-04	-6.154743e-02	4.999866e+00	1.255593e-01
5.002726865691551e-04	-5.632014e-02	4.999866e+00	1.152007e-01
5.002826865691552e-04	-5.136380e-02	4.999866e+00	1.070316e-01
5.002926865691552e-04	-4.664822e-02	4.999866e+00	1.005871e-01
5.003026865691553e-04	-4.218869e-02	4.999866e+00	9.550119e-02
5.003126865691553e-04	-3.795167e-02	4.999866e+00	9.148569e-02
5.003226865691554e-04	-3.394989e-02	4.999866e+00	8.831365e-02
5.003326865691554e-04	-3.014828e-02	4.999866e+00	8.580639e-02
5.003426865691555e-04	-2.655832e-02	4.999866e+00	8.382319e-02
5.003526865691555e-04	-2.314454e-02	4.999866e+00	8.225323e-02
5.003626865691556e-04	-1.991831e-02	4.999866e+00	8.100923e-02
5.003726865691556e-04	-1.684469e-02	4.999866e+00	8.002246e-02
5.003826865691556e-04	-1.393564e-02	4.999866e+00	7.923874e-02
5.003926865691557e-04	-1.115729e-02	4.999866e+00	7.861540e-02
5.004026865691557e-04	-8.522547e-03	4.999866e+00	7.811882e-02
5.004126865691558e-04	-5.998856e-03	4.999866e+00	7.772246e-02
5.004226865691558e-04	-3.600236e-03	4.999866e+00	7.740542e-02
5.004326865691559e-04	-1.295495e-03	4.999866e+00	7.715121e-02
5.004426865691559e-04	9.002418e-04	4.999866e+00	7.694681e-02
5.004526865691560e-04	3.016849e-03	4.999866e+00	7.678194e-02
5.004626865691560e-04	5.038179e-03	4.999866e+00	7.664850e-02
5.004726865691561e-04	6.992903e-03	4.999866e+00	7.654005e-02
5.004826865691561e-04	8.863974e-03	4.999866e+00	7.645154e-02
5.004926865691562e-04	1.067900e-02	4.999866e+00	7.637894e-02
5.005026865691562e-04	1.242017e-02	4.999866e+00	7.631908e-02
5.005126865691563e-04	1.411416e-02	4.999866e+00	7.626943e-02
5.005226865691563e-04	1.574254e-02	4.999866e+00	7.622799e-02
5.005326865691564e-04	1.733117e-02	4.999866e+00	7.619317e-02
5.005426865691564e-04	1.886112e-02	4.999866e+00	7.616371e-02
5.005526865691565e-04	2.035757e-02	4.999866e+00	7.613859e-02
5.005626865691565e-04	2.180117e-02	4.999866e+00	7.611702e-02
5.005726865691566e-04	2.321654e-02	4.999866e+00	7.609835e-02
5.005826865691566e-04	2.458399e-02	4.999866e+00	7.608206e-02
5.005926865691567e-04	2.592764e-02	4.999866e+00	7.606774e-02
5.006026865691567e-04	2.722755e-02	4.999866e+00	7.605506e-02
5.006126865691568e-04	2.850743e-02	4.999866e+00	7.604375e-02
5.006226865691568e-04	2.974715e-02	4.999866e+00	7.603358e-02
5.006326865691569e-04	3.097003e-02	4.999866e+00	7.602440e-02
5.006426865691569e-04	3.215580e-02	4.999866e+00	7.601604e-02
5.006526865691570e-04	3.332749e-02	4.999866e+00	7.600839e-02
5.006626865691570e-04	3.446471e-02	4.999866e+00	7.600135e-02
5.006726865691571e-04	3.559019e-02	4.999866e+00	7.599483e-02
5.006826865691571e-04	3.668348e-02	4.999866e+00	7.598880e-02
5.006926865691572e-04	3.776708e-02	4.999866e+00	7.598317e-02
5.007026865691572e-04	3.882048e-02	4.999866e+00	7.597790e-02
5.007126865691573e-04	3.986595e-02	4.999866e+00	7.597295e-02
5.007226865691573e-04	4.088296e-02	4.999866e+00	7.596830e-02
5.007326865691574e-04	4.189360e-02	4.999866e+00	7.596390e-02
5.007426865691574e-04	4.287731e-02	4.999866e+00	7.595974e-02
5.007526865691575e-04	4.385599e-02	4.999866e+00	7.595580e-02
5.007626865691575e-04	4.480912e-02	4.999866e+00	7.595205e-02
5.007726865691576e-04	4.575840e-02	4.999866e+00	7.594849e-02
5.007826865691576e-04	4.668333e-02	4.999866e+00	7.594509e-02
5.007926865691577e-04	4.760547e-02	4.999866e+00	7.594185e-02
5.008026865691577e-04	4.850435e-02	4.999866e+00	7.593875e-02
5.008126865691578e-04	4.940137e-02	4.999866e+00	7.593578e-02
5.008226865691578e-04	5.027608e-02	4.999866e+00	7.593293e-02
5.008326865691579e-04	5.114978e-02	4.999866e+00	7.593021e-02
5.008426865691579e-04	5.200204e-02	4.999866e+00	7.592759e-02
5.008526865691580e-04	5.285403e-02	4.999866e+00	7.592507e-02
5.008626865691580e-04	5.368538e-02	4.999866e+00	7.592265e-02
5.008726865691581e-04	5.451712e-02	4.999866e+00	7.592031e-02
5.008826865691581e-04	5.532894e-02	4.999866e+00	7.591807e-02
5.008926865691581e-04	5.614175e-02	4.999866e+00	7.591590e-02
5.009026865691582e-04	5.693528e-02	4.999866e+00	7.591381e-02
5.009126865691582e-04	5.773036e-02	4.999866e+00	7.591179e-02
5.009226865691583e-04	5.850675e-02	4.999866e+00	7.590985e-02
5.009326865691583e-04	5.928518e-02	4.999866e+00	7.590796e-02
5.009426865691584e-04	6.004547e-02	4.999866e+00	7.590614e-02
5.009526865691584e-04	6.080823e-02	4.999866e+00	7.590437e-02
5.009626865691585e-04	6.155337e-02	4.999866e+00	7.590266e-02
5.009726865691585e-04	6.230137e-02	4.999866e+00	7.590101e-02
5.009826865691586e-04	6.303222e-02	4.999866e+00	7.589940e-02
5.009926865691586e-04	6.376631e-02	4.999866e+00	7.589785e-02
5.010026865691587e-04	6.448366e-02	4.999866e+00	7.589634e-02
5.010126865691587e-04	6.520458e-02	4.999866e+00	7.589487e-02
5.010226865691588e-04	6.590918e-02	4.999866e+00	7.589345e-02
5.010326865691588e-04	6.661765e-02	4.999866e+00	7.589207e-02
5.010426865691589e-04	6.731016e-02	4.999866e+00	7.589073e-02
5.010526865691589e-04	6.800683e-02	4.999866e+00	7.588942e-02
5.010626865691590e-04	6.868789e-02	4.999866e+00	7.588815e-02
5.010726865691590e-04	6.937335e-02	4.999866e+00	7.588691e-02
5.010826865691591e-04	7.004352e-02	4.999866e+00	7.588571e-02
5.010926865691591e-04	7.071833e-02	4.999866e+00	7.588454e-02
5.011026865691592e-04	7.137816e-02	4.999866e+00	7.588340e-02
5.011126865691592e-04	7.204285e-02	4.999866e+00	7.588229e-02
5.011226865691593e-04	7.269283e-02	4.999866e+00	7.588121e-02
5.011326865691593e-04	7.334787e-02	4.999866e+00	7.588015e-02
5.011426865691594e-04	7.398846e-02	4.999866e+00	7.587913e-02
5.011526865691594e-04	7.463430e-02	4.999866e+00	7.587812e-02
5.011626865691595e-04	7.526594e-02	4.999866e+00	7.587714e-02
5.011726865691595e-04	7.590301e-02	4.999866e+00	7.587618e-02
5.011826865691596e-04	7.652611e-02	4.999866e+00	7.587525e-02
5.011926865691596e-04	7.715477e-02	4.999866e+00	7.587434e-02
5.012026865691597e-04	7.776970e-02	4.999866e+00	7.587345e-02
5.012126865691597e-04	7.839034e-02	4.999866e+00	7.587258e-02
5.012226865691598e-04	7.899746e-02	4.999866e+00	7.587173e-02
5.012326865691598e-04	7.961042e-02	4.999866e+00	7.587090e-02
5.012426865691599e-04	8.021006e-02	4.999866e+00	7.587009e-02
5.012526865691599e-04	8.081567e-02	4.999866e+00	7.586929e-02
5.012626865691600e-04	8.140813e-02	4.999866e+00	7.586852e-02
5.012726865691600e-04	8.200667e-02	4.999866e+00	7.586775e-02
5.012826865691601e-04	8.259226e-02	4.999866e+00	7.586701e-02
5.012926865691601e-04	8.318403e-02	4.999866e+00	7.586628e-02
5.013026865691602e-04	8.376302e-02	4.999866e+00	7.586557e-02
5.013126865691602e-04	8.434828e-02	4.999866e+00	7.586487e-02
5.013226865691603e-04	8.492094e-02	4.999866e+00	7.586418e-02
5.013326865691603e-04	8.549994e-02	4.999866e+00	7.586351e-02
5.013426865691604e-04	8.606650e-02	4.999866e+00	7.586285e-02
5.013526865691604e-04	8.663949e-02	4.999866e+00	7.586221e-02
5.013626865691605e-04	8.720018e-02	4.999866e+00	7.586158e-02
5.013726865691605e-04	8.776739e-02	4.999866e+00	7.586096e-02
5.013826865691606e-04	8.832243e-02	4.999866e+00	7.586036e-02
5.013926865691606e-04	8.888406e-02	4.999866e+00	7.585976e-02
5.014026865691606e-04	8.943367e-02	4.999866e+00	7.585917e-02
5.014126865691607e-04	8.998992e-02	4.999866e+00	7.585860e-02
5.014226865691607e-04	9.053428e-02	4.999866e+00	7.585804e-02
5.014326865691608e-04	9.108536e-02	4.999866e+00	7.585749e-02
5.014426865691608e-04	9.162467e-02	4.999866e+00	7.585695e-02
5.014526865691609e-04	9.217074e-02	4.999866e+00	7.585642e-02
5.014626865691609e-04	9.270517e-02	4.999866e+00	7.585590e-02
5.014726865691610e-04	9.324642e-02	4.999866e+00	7.585538e-02
5.014826865691610e-04	9.377612e-02	4.999866e+00	7.585488e-02
5.014926865691611e-04	9.431271e-02	4.999866e+00	7.585438e-02
5.015026865691611e-04	9.483787e-02	4.999866e+00	7.585390e-02
5.015126865691612e-04	9.536994e-02	4.999866e+00	7.585341e-02
5.015226865691612e-04	9.589069e-02	4.999866e+00	7.585295e-02
5.015326865691613e-04	9.641840e-02	4.999866e+00	7.585248e-02
5.015426865691613e-04	9.693490e-02	4.999866e+00	7.585204e-02
5.015526865691614e-04	9.745838e-02	4.999866e+00	7.585159e-02
5.015626865691614e-04	9.797077e-02	4.999866e+00	7.585115e-02
5.015726865691615e-04	9.849016e-02	4.999866e+00	7.585072e-02
5.015826865691615e-04	9.899855e-02	4.999866e+00	7.585029e-02
5.015926865691616e-04	9.951399e-02	4.999866e+00	7.584988e-02
5.016026865691616e-04	1.000185e-01	4.999866e+00	7.584947e-02
5.016126865691617e-04	1.005301e-01	4.999866e+00	7.584906e-02
5.016226865691617e-04	1.010309e-01	4.999866e+00	7.584866e-02
5.016326865691618e-04	1.015388e-01	4.999866e+00	7.584827e-02
5.016426865691618e-04	1.020359e-01	4.999866e+00	7.584789e-02
5.016526865691619e-04	1.025402e-01	4.999866e+00	7.584751e-02
5.016626865691619e-04	1.030338e-01	4.999866e+00	7.584713e-02
5.016726865691620e-04	1.035346e-01	4.999866e+00	7.584676e-02
5.016826865691620e-04	1.040248e-01	4.999866e+00	7.584640e-02
5.016926865691621e-04	1.045222e-01	4.999866e+00	7.584605e-02
5.017026865691621e-04	1.050091e-01	4.999866e+00	7.584570e-02
5.017126865691622e-04	1.055031e-01	4.999866e+00	7.584535e-02
5.017226865691622e-04	1.059868e-01	4.999866e+00	7.584501e-02
5.017326865691623e-04	1.064777e-01	4.999866e+00	7.584467e-02
5.017426865691623e-04	1.069582e-01	4.999866e+00	7.584434e-02
5.017526865691624e-04	1.074459e-01	4.999866e+00	7.584401e-02
5.017626865691624e-04	1.079234e-01	4.999866e+00	7.584369e-02
5.017726865691625e-04	1.084081e-01	4.999866e+00	7.584337e-02
5.017826865691625e-04	1.088827e-01	4.999866e+00	7.584306e-02
5.017926865691626e-04	1.093644e-01	4.999866e+00	7.584275e-02
5.018026865691626e-04	1.098361e-01	4.999866e+00	7.584245e-02
5.018126865691627e-04	1.103149e-01	4.999866e+00	7.584215e-02
5.018226865691627e-04	1.107838e-01	4.999866e+00	7.584185e-02
5.018326865691628e-04	1.112599e-01	4.999866e+00	7.584156e-02
5.018426865691628e-04	1.117260e-01	4.999866e+00	7.584127e-02
5.018526865691629e-04	1.121993e-01	4.999866e+00	7.584099e-02
5.018626865691629e-04	1.126628e-01	4.999866e+00	7.584071e-02
5.018726865691630e-04	1.131335e-01	4.999866e+00	7.584043e-02
5.018826865691630e-04	1.135944e-01	4.999866e+00	7.584016e-02
5.018926865691631e-04	1.140625e-01	4.999866e+00	7.583989e-02
5.019026865691631e-04	1.145208e-01	4.999866e+00	7.583962e-02
5.019126865691632e-04	1.149864e-01	4.999866e+00	7.583936e-02
5.019226865691632e-04	1.154423e-01	4.999866e+00	7.583910e-02
5.019326865691632e-04	1.159054e-01	4.999866e+00	7.583885e-02
5.019426865691633e-04	1.163589e-01	4.999866e+00	7.583860e-02
5.019526865691633e-04	1.168196e-01	4.999866e+00	7.583834e-02
5.019626865691634e-04	1.172708e-01	4.999866e+00	7.583810e-02
5.019726865691634e-04	1.177291e-01	4.999866e+00	7.583786e-02
5.019826865691635e-04	1.181780e-01	4.999866e+00	7.583762e-02
5.019926865691635e-04	1.186341e-01	4.999866e+00	7.583738e-02
5.020010000000001e-04	1.190048e-01	4.999866e+00	7.583719e-02
5.020013333333334e-04	1.190218e-01	4.999866e+00	7.583718e-02
5.020020000000001e-04	1.190553e-01	4.999866e+00	9.250566e-02
5.020027648417863e-04	1.191060e-01	4.999866e+00	1.302777e-01
5.020035352650501e-04	1.191741e-01	4.999866e+00	1.673879e-01
5.020043378364342e-04	1.192622e-01	4.999866e+00	2.050911e-01
5.020059429792026e-04	1.194878e-01	4.999866e+00	2.777681e-01
5.020091532647393e-04	1.201146e-01	4.999866e+00	4.133839e-01
5.020139194674985e-04	1.214056e-01	4.999866e+00	5.947226e-01
5.020196274180409e-04	1.233902e-01	4.999866e+00	7.875080e-01
5.020278671674542e-04	1.268364e-01	4.999866e+00	1.033381e+00
5.020378671674543e-04	1.316089e-01	4.999866e+00	1.298700e+00
5.020478671674543e-04	1.367571e-01	4.999866e+00	1.542775e+00
5.020578671674544e-04	1.421071e-01	4.999866e+00	1.775241e+00
5.020678671674544e-04	1.475647e-01	4.999866e+00	2.001340e+00
5.020778671674545e-04	1.530786e-01	4.999866e+00	2.223929e+00
5.020878671674545e-04	1.586215e-01	4.999866e+00	2.444562e+00
5.020978671674546e-04	1.641784e-01	4.999866e+00	2.664087e+00
5.021078671674546e-04	1.697414e-01	4.999866e+00	2.882963e+00
5.021178671674547e-04	1.753062e-01	4.999866e+00	3.101442e+00
5.021278671674547e-04	1.808708e-01	4.999866e+00	3.319662e+00
5.021378671674548e-04	1.864340e-01	4.999866e+00	3.537696e+00
5.021478671674548e-04	1.919954e-01	4.999866e+00	3.755585e+00
5.021578671674549e-04	1.975547e-01	4.999866e+00	3.973352e+00
5.021678671674549e-04	2.031119e-01	4.999866e+00	4.191008e+00
5.021778671674549e-04	2.086669e-01	4.999866e+00	4.408561e+00
5.021878671674550e-04	2.142199e-01	4.999866e+00	4.626014e+00
5.021978671674550e-04	2.197708e-01	4.999866e+00	4.843369e+00
5.022078671674551e-04	2.253197e-01	4.999866e+00	5.060627e+00
5.022178671674551e-04	2.308667e-01	4.999866e+00	5.277788e+00
5.022278671674552e-04	2.364118e-01	4.999866e+00	5.494854e+00
5.022378671674552e-04	2.419549e-01	4.999866e+00	5.711825e+00
5.022478671674553e-04	2.474962e-01	4.999866e+00	5.928700e+00
5.022578671674553e-04	2.530356e-01	4.999866e+00	6.145480e+00
5.022678671674554e-04	2.585733e-01	4.999866e+00	6.362165e+00
5.022778671674554e-04	2.641090e-01	4.999866e+00	6.578755e+00
5.022878671674555e-04	2.696429e-01	4.999866e+00	6.795250e+00
5.022978671674555e-04	2.751748e-01	4.999866e+00	7.011650e+00
5.023078671674556e-04	2.807050e-01	4.999866e+00	7.227954e+00
5.023178671674556e-04	2.862332e-01	4.999866e+00	7.444165e+00
5.023278671674557e-04	2.917595e-01	4.999866e+00	7.660280e+00
5.023378671674557e-04	2.972839e-01	4.999866e+00	7.876300e+00
5.023478671674558e-04	3.028064e-01	4.999866e+00	8.092225e+00
5.023578671674558e-04	3.083268e-01	4.999866e+00	8.308056e+00
5.023678671674559e-04	3.138453e-01	4.999866e+00	8.523792e+00
5.023778671674559e-04	3.193617e-01	4.999866e+00	8.739433e+00
5.023878671674560e-04	3.248762e-01	4.999866e+00	8.954980e+00
5.023978671674560e-04	3.303885e-01	4.999866e+00	9.170431e+00
5.024078671674561e-04	3.358988e-01	4.999866e+00	9.385789e+00
5.024178671674561e-04	3.414069e-01	4.999866e+00	9.601051e+00
5.024278671674562e-04	3.469129e-01	4.999866e+00	9.816219e+00
5.024378671674562e-04	3.524166e-01	4.999866e+00	1.003129e+01
5.024478671674563e-04	3.579182e-01	4.999866e+00	1.024627e+01
5.024578671674563e-04	3.634176e-01	4.999866e+00	1.046116e+01
5.024678671674564e-04	3.689147e-01	4.999866e+00	1.067595e+01
5.024778671674564e-04	3.744095e-01	4.999866e+00	1.089064e+01
5.024878671674565e-04	3.799020e-01	4.999866e+00	1.110524e+01
5.024978671674565e-04	3.853921e-01	4.999866e+00	1.131975e+01
5.025078671674566e-04	3.908800e-01	4.999866e+00	1.153416e+01
5.025178671674566e-04	3.963653e-01	4.999866e+00	1.174848e+01
5.025278671674567e-04	4.018483e-01	4.999866e+00	1.196270e+01
5.025378671674567e-04	4.073288e-01	4.999866e+00	1.217683e+01
5.025478671674568e-04	4.128069e-01	4.999866e+00	1.239087e+01
5.025578671674568e-04	4.182824e-01	4.999866e+00	1.260481e+01
5.025678671674569e-04	4.237554e-01	4.999866e+00	1.281866e+01
5.025778671674569e-04	4.292259e-01	4.999866e+00	1.303241e+01
5.025878671674570e-04	4.346938e-01	4.999866e+00	1.324607e+01
5.025978671674570e-04	4.401590e-01	4.999866e+00	1.345963e+01
5.026078671674571e-04	4.456216e-01	4.999866e+00	1.367310e+01
5.026178671674571e-04	4.510816e-01	4.999866e+00	1.388648e+01
5.026278671674572e-04	4.565389e-01	4.999866e+00	1.409976e+01
5.026378671674572e-04	4.619935e-01	4.999866e+00	1.431294e+01
5.026478671674573e-04	4.674453e-01	4.999866e+00	1.452604e+01
5.026578671674573e-04	4.728944e-01	4.999866e+00	1.473904e+01
5.026678671674574e-04	4.783407e-01	4.999866e+00	1.495194e+01
5.026778671674574e-04	4.837841e-01	4.999866e+00	1.516476e+01
5.026878671674574e-04	4.892248e-01	4.999866e+00	1.537747e+01
5.026978671674575e-04	4.946626e-01	4.999866e+00	1.559010e+01
5.027078671674575e-04	5.000975e-01	4.999866e+00	1.580263e+01
5.027178671674576e-04	5.055295e-01	4.999866e+00	1.601506e+01
5.027278671674576e-04	5.109586e-01	4.999866e+00	1.622741e+01
5.027378671674577e-04	5.163847e-01	4.999866e+00	1.643966e+01
5.027478671674577e-04	5.218078e-01	4.999866e+00	1.665181e+01
5.027578671674578e-04	5.272280e-01	4.999866e+00	1.686387e+01
5.027678671674578e-04	5.326451e-01	4.999866e+00	1.707584e+01
5.027778671674579e-04	5.380592e-01	4.999866e+00	1.728771e+01
5.027878671674579e-04	5.434702e-01	4.999866e+00	1.749949e+01
5.027978671674580e-04	5.488781e-01	4.999866e+00	1.771118e+01
5.028078671674580e-04	5.542830e-01	4.999866e+00	1.792277e+01
5.028178671674581e-04	5.596846e-01	4.999866e+00	1.813427e+01
5.028278671674581e-04	5.650832e-01	4.999866e+00	1.834568e+01
5.028378671674582e-04	5.704786e-01	4.999866e+00	1.855699e+01
5.028478671674582e-04	5.758708e-01	4.999866e+00	1.876821e+01
5.028578671674583e-04	5.812597e-01	4.999866e+00	1.897933e+01
5.028678671674583e-04	5.866454e-01	4.999866e+00	1.919037e+01
5.028778671674584e-04	5.920278e-01	4.999866e+00	1.940131e+01
5.028878671674584e-04	5.974070e-01	4.999866e+00	1.961215e+01
5.028978671674585e-04	6.027828e-01	4.999866e+00	1.982290e+01
5.029078671674585e-04	6.081554e-01	4.999866e+00	2.003356e+01
5.029178671674586e-04	6.135246e-01	4.999866e+00	2.024413e+01
5.029278671674586e-04	6.188905e-01	4.999866e+00	2.045460e+01
5.029378671674587e-04	6.242529e-01	4.999866e+00	2.066498e+01
5.029478671674587e-04	6.296120e-01	4.999866e+00	2.087527e+01
5.029578671674588e-04	6.349677e-01	4.999866e+00	2.108546e+01
5.029678671674588e-04	6.403199e-01	4.999866e+00	2.129556e+01
5.029778671674589e-04	6.456687e-01	4.999866e+00	2.150556e+01
5.029878671674589e-04	6.510140e-01	4.999866e+00	2.171548e+01
5.029978671674590e-04	6.563557e-01	4.999866e+00	2.192530e+01
5.030078671674590e-04	6.616940e-01	4.999866e+00	2.213503e+01
5.030178671674591e-04	6.670288e-01	4.999866e+00	2.234466e+01
5.030278671674591e-04	6.723600e-01	4.999866e+00	2.255420e+01
5.030378671674592e-04	6.776876e-01	4.999866e+00	2.276365e+01
5.030478671674592e-04	6.830117e-01	4.999866e+00	2.297300e+01
5.030578671674593e-04	6.883321e-01	4.999866e+00	2.318227e+01
5.030678671674593e-04	6.936490e-01	4.999866e+00	2.339144e+01
5.030778671674594e-04	6.989622e-01	4.999866e+00	2.360051e+01
5.030878671674594e-04	7.042717e-01	4.999866e+00	2.380950e+01
5.030978671674595e-04	7.095776e-01	4.999866e+00	2.401839e+01
5.031078671674595e-04	7.148798e-01	4.999866e+00	2.422719e+01
5.031178671674596e-04	7.201782e-01	4.999866e+00	2.443590e+01
5.031278671674596e-04	7.254729e-01	4.999866e+00	2.464451e+01
5.031378671674597e-04	7.307639e-01	4.999866e+00	2.485303e+01
5.031478671674597e-04	7.360512e-01	4.999866e+00	2.506146e+01
5.031578671674598e-04	7.413347e-01	4.999866e+00	2.526979e+01
5.031678671674598e-04	7.466144e-01	4.999866e+00	2.547804e+01
5.031778671674599e-04	7.518902e-01	4.999866e+00	2.568619e+01
5.031878671674599e-04	7.571623e-01	4.999866e+00	2.589425e+01
5.031978671674600e-04	7.624305e-01	4.999866e+00	2.610221e+01
5.032078671674600e-04	7.676950e-01	4.999866e+00	2.631009e+01
5.032178671674600e-04	7.729554e-01	4.999866e+00	2.651787e+01
5.032278671674601e-04	7.782121e-01	4.999866e+00	2.672556e+01
5.032378671674601e-04	7.834648e-01	4.999866e+00	2.693315e+01
5.032478671674602e-04	7.887136e-01	4.999866e+00	2.714066e+01
5.032578671674602e-04	7.939585e-01	4.999866e+00	2.734807e+01
5.032678671674603e-04	7.991995e-01	4.999866e+00	2.755539e+01
5.032778671674603e-04	8.044365e-01	4.999866e+00	2.776262e+01
5.032878671674604e-04	8.096696e-01	4.999866e+00	2.796975e+01
5.032978671674604e-04	8.148986e-01	4.999866e+00	2.817679e+01
5.033078671674605e-04	8.201236e-01	4.999866e+00	2.838375e+01
5.033178671674605e-04	8.253446e-01	4.999866e+00	2.859060e+01
5.033278671674606e-04	8.305616e-01	4.999866e+00	2.879737e+01
5.033378671674606e-04	8.357746e-01	4.999866e+00	2.900405e+01
5.033478671674607e-04	8.409835e-01	4.999866e+00	2.921063e+01
5.033578671674607e-04	8.461884e-01	4.999866e+00	2.941712e+01
5.033678671674608e-04	8.513891e-01	4.999866e+00	2.962352e+01
5.033778671674608e-04	8.565857e-01	4.999866e+00	2.982983e+01
5.033878671674609e-04	8.617783e-01	4.999866e+00	3.003605e+01
5.033978671674609e-04	8.669667e-01	4.999866e+00	3.024217e+01
5.034078671674610e-04	8.721510e-01	4.999866e+00	3.044820e+01
5.034178671674610e-04	8.773311e-01	4.999866e+00	3.065414e+01
5.034278671674611e-04	8.825071e-01	4.999866e+00	3.085999e+01
5.034378671674611e-04	8.876790e-01	4.999866e+00	3.106575e+01
5.034478671674612e-04	8.928466e-01	4.999866e+00	3.127141e+01
5.034578671674612e-04	8.980100e-01	4.999866e+00	3.147699e+01
5.034678671674613e-04	9.031692e-01	4.999866e+00	3.168247e+01
5.034778671674613e-04	9.083242e-01	4.999866e+00	3.188786e+01
5.034878671674614e-04	9.134750e-01	4.999866e+00	3.209316e+01
5.034978671674614e-04	9.186215e-01	4.999866e+00	3.229837e+01
5.035078671674615e-04	9.237638e-01	4.999866e+00	3.250348e+01
5.035178671674615e-04	9.289017e-01	4.999866e+00	3.270851e+01
5.035278671674616e-04	9.340354e-01	4.999866e+00	3.291344e+01
5.035378671674616e-04	9.391648e-01	4.999866e+00	3.311828e+01
5.035478671674617e-04	9.442899e-01	4.999866e+00	3.332304e+01
5.035578671674617e-04	9.494107e-01	4.999866e+00	3.352769e+01
5.035678671674618e-04	9.545271e-01	4.999866e+00	3.373226e+01
5.035778671674618e-04	9.596393e-01	4.999866e+00	3.393674e+01
5.035878671674619e-04	9.647470e-01	4.999866e+00	3.414112e+01
5.035978671674619e-04	9.698504e-01	4.999866e+00	3.434542e+01
5.036078671674620e-04	9.749495e-01	4.999866e+00	3.454963e+01
5.036178671674620e-04	9.800441e-01	4.999866e+00	3.475374e+01
5.036278671674621e-04	9.851344e-01	4.999866e+00	3.495776e+01
5.036378671674621e-04	9.902202e-01	4.999866e+00	3.516169e+01
5.036478671674622e-04	9.953017e-01	4.999866e+00	3.536553e+01
5.036578671674622e-04	1.000379e+00	4.999866e+00	3.556928e+01
5.036678671674623e-04	1.005451e+00	4.999866e+00	3.577293e+01
5.036778671674623e-04	1.010519e+00	4.999866e+00	3.597650e+01
5.036878671674624e-04	1.015583e+00	4.999866e+00	3.617998e+01
5.036978671674624e-04	1.020642e+00	4.999866e+00	3.638336e+01
5.037078671674625e-04	1.025697e+00	4.999866e+00	3.658666e+01
5.037178671674625e-04	1.030747e+00	4.999866e+00	3.678986e+01
5.037278671674625e-04	1.035793e+00	4.999866e+00	3.699297e+01
5.037378671674626e-04	1.040834e+00	4.999866e+00	3.719600e+01
5.037478671674626e-04	1.045871e+00	4.999866e+00	3.739893e+01
5.037578671674627e-04	1.050903e+00	4.999866e+00	3.760177e+01
5.037678671674627e-04	1.055931e+00	4.999866e+00	3.780452e+01
5.037778671674628e-04	1.060954e+00	4.999866e+00	3.800718e+01
5.037878671674628e-04	1.065973e+00	4.999866e+00	3.820975e+01
5.037978671674629e-04	1.070987e+00	4.999866e+00	3.841223e+01
5.038078671674629e-04	1.075996e+00	4.999866e+00	3.861462e+01
5.038178671674630e-04	1.081001e+00	4.999866e+00	3.881692e+01
5.038278671674630e-04	1.086001e+00	4.999866e+00	3.901912e+01
5.038378671674631e-04	1.090997e+00	4.999866e+00	3.922124e+01
5.038478671674631e-04	1.095988e+00	4.999866e+00	3.942327e+01
5.038578671674632e-04	1.100975e+00	4.999866e+00	3.962521e+01
5.038678671674632e-04	1.105957e+00	4.999866e+00	3.982705e+01
5.038778671674633e-04	1.110934e+00	4.999866e+00	4.002881e+01
5.038878671674633e-04	1.115907e+00	4.999866e+00	4.023048e+01
5.038978671674634e-04	1.120875e+00	4.999866e+00	4.043205e+01
5.039078671674634e-04	1.125838e+00	4.999866e+00	4.063354e+01
5.039178671674635e-04	1.130797e+00	4.999866e+00	4.083493e+01
5.039278671674635e-04	1.135751e+00	4.999866e+00	4.103624e+01
5.039378671674636e-04	1.140700e+00	4.999866e+00	4.123746e+01
5.039478671674636e-04	1.145645e+00	4.999866e+00	4.143858e+01
5.039578671674637e-04	1.150584e+00	4.999866e+00	4.163962e+01
5.039678671674637e-04	1.155520e+00	4.999866e+00	4.184056e+01
5.039778671674638e-04	1.160450e+00	4.999866e+00	4.204142e+01
5.039878671674638e-04	1.165376e+00	4.999866e+00	4.224219e+01
5.039978671674639e-04	1.170297e+00	4.999865e+00	4.244286e+01
5.040078671674639e-04	1.175214e+00	4.999833e+00	4.264345e+01
5.040091171674639e-04	1.175828e+00	4.999819e+00	4.266852e+01
5.040116171674639e-04	1.177056e+00	4.999778e+00	4.271865e+01
5.040141442158609e-04	1.178297e+00	4.999692e+00	4.276931e+01
5.040157791678045e-04	1.179100e+00	4.999386e+00	4.280209e+01
5.040171031993068e-04	1.179750e+00	4.994706e+00	4.282863e+01
5.040177858001803e-04	1.180085e+00	4.984112e+00	4.284232e+01
5.040183166265291e-04	1.180346e+00	4.963914e+00	4.285296e+01
5.040187819887017e-04	1.180574e+00	4.925734e+00	4.286229e+01
5.040191699743922e-04	1.180765e+00	4.855208e+00	4.287006e+01
5.040195829141126e-04	1.180968e+00	4.725410e+00	4.287834e+01
5.040199712526217e-04	1.181158e+00	4.567230e+00	4.288612e+01
5.040206319561313e-04	1.181482e+00	4.249210e+00	4.289936e+01
5.040212945860621e-04	1.181808e+00	3.866118e+00	4.291265e+01
5.040226198459238e-04	1.182458e+00	2.767075e+00	4.293921e+01
5.040240387490933e-04	1.183154e+00	7.451869e-01	4.296764e+01
5.040246198152409e-04	1.183439e+00	3.333814e-02	4.297929e+01
5.040247875625968e-04	1.183522e+00	-5.957589e-03	4.298265e+01
5.040248513399180e-04	1.183553e+00	-3.706039e-04	4.298392e+01
5.040248772966454e-04	1.183566e+00	-6.426456e-05	4.298445e+01
5.040249146427235e-04	1.183584e+00	1.305330e-04	4.298520e+01
5.040249616021879e-04	1.183607e+00	2.006203e-04	4.298613e+01
5.040250555211167e-04	1.183653e+00	2.068089e-04	4.298802e+01
5.040251846752105e-04	1.183716e+00	1.817926e-04	4.299060e+01
5.040258736299224e-04	1.184054e+00	1.187063e-04	4.300441e+01
5.040267913266924e-04	1.184505e+00	8.530283e-05	4.302280e+01
5.040286267202324e-04	1.185405e+00	8.328268e-05	4.305957e+01
5.040322975073124e-04	1.187205e+00	8.450232e-05	4.313311e+01
5.040396390814723e-04	1.190803e+00	8.248440e-05	4.328016e+01
5.040496390814723e-04	1.195699e+00	8.337108e-05	4.348037e+01
5.040596390814724e-04	1.200591e+00	8.174436e-05	4.368050e+01
5.040696390814724e-04	1.205478e+00	8.298366e-05	4.388053e+01
5.040796390814725e-04	1.210360e+00	8.158953e-05	4.408047e+01
5.040896390814725e-04	1.215238e+00	8.287279e-05	4.428033e+01
5.041196390814727e-04	1.229841e+00	8.155267e-05	4.487935e+01
5.043096390814736e-04	1.321320e+00	8.272208e-05	4.865456e+01
5.045696390814749e-04	1.443621e+00	8.262465e-05	5.376883e+01
5.049296390814766e-04	1.607350e+00	8.253120e-05	6.075237e+01
5.054296390814791e-04	1.823756e+00	8.245373e-05	7.026632e+01
5.062296390814830e-04	2.143313e+00	8.238441e-05	8.505076e+01
5.071996390814878e-04	2.487645e+00	8.220562e-05	1.022778e+02
5.081996390814927e-04	2.795717e+00	8.223358e-05	1.192685e+02
5.091896390814975e-04	3.057385e+00	8.229333e-05	1.353542e+02
5.102396390815027e-04	3.292175e+00	8.225928e-05	1.516525e+02
5.113396390815081e-04	3.495845e+00	8.226492e-05	1.679253e+02
5.117096390815099e-04	3.555463e+00	8.227678e-05	1.732216e+02
5.123696390815131e-04	3.651747e+00	8.227510e-05	1.824548e+02
5.127396390815149e-04	3.700340e+00	8.226857e-05	1.875135e+02
5.130896390815166e-04	3.742818e+00	8.227384e-05	1.922225e+02
5.134296390815183e-04	3.780872e+00	8.227340e-05	1.967273e+02
5.137996390815201e-04	3.818735e+00	8.226996e-05	2.015525e+02
5.143096390815226e-04	3.864994e+00	8.227258e-05	2.080745e+02
5.147996390815250e-04	3.903207e+00	8.227070e-05	2.142027e+02
5.149496390815258e-04	3.913741e+00	8.227218e-05	2.160521e+02
5.150996390815265e-04	3.923764e+00	8.227086e-05	2.178893e+02
5.152496390815272e-04	3.933295e+00	8.227205e-05	2.197142e+02
5.153996390815280e-04	3.942354e+00	8.227099e-05	2.215270e+02
5.155496390815287e-04	3.950960e+00	8.227193e-05	2.233278e+02
5.157096390815295e-04	3.959657e+00	8.227187e-05	2.252355e+02
5.158696390815303e-04	3.967875e+00	8.227182e-05	2.271297e+02
5.160396390815311e-04	3.976100e+00	8.227120e-05	2.291277e+02
5.162296390815320e-04	3.984696e+00	8.227172e-05	2.313430e+02
5.164396390815331e-04	3.993491e+00	8.227130e-05	2.337700e+02
5.167696390815347e-04	4.005879e+00	8.227160e-05	2.375385e+02
5.169996390815358e-04	4.013503e+00	8.227141e-05	2.401328e+02
5.172996390815373e-04	4.022218e+00	8.227146e-05	2.434773e+02
5.181796390815416e-04	4.040052e+00	8.227155e-05	2.530359e+02
5.185696390815435e-04	4.044480e+00	8.227140e-05	2.571548e+02
5.189296390815453e-04	4.046809e+00	8.227138e-05	2.608945e+02
5.192896390815470e-04	4.047543e+00	8.227136e-05	2.645754e+02
5.196596390815489e-04	4.046729e+00	8.227164e-05	2.682981e+02
5.200496390815508e-04	4.044249e+00	8.227133e-05	2.721570e+02
5.205196390815531e-04	4.039186e+00	8.227166e-05	2.767204e+02
5.215096390815579e-04	4.021703e+00	8.227131e-05	2.860296e+02
5.215796390815583e-04	4.020138e+00	8.227168e-05	2.866726e+02
5.219096390815599e-04	4.012192e+00	8.227131e-05	2.896776e+02
5.221796390815612e-04	4.005009e+00	8.227168e-05	2.921039e+02
5.226496390815635e-04	3.991059e+00	8.227130e-05	2.962596e+02
5.229196390815648e-04	3.982250e+00	8.227169e-05	2.986084e+02
5.231796390815661e-04	3.973254e+00	8.227169e-05	3.008440e+02
5.234296390815673e-04	3.964159e+00	8.227130e-05	3.029698e+02
5.236796390815686e-04	3.954654e+00	8.227169e-05	3.050724e+02
5.239196390815698e-04	3.945172e+00	8.227169e-05	3.070693e+02
5.241696390815710e-04	3.934950e+00	8.227130e-05	3.091273e+02
5.244196390815722e-04	3.924409e+00	8.227169e-05	3.111628e+02
5.246796390815735e-04	3.913139e+00	8.227169e-05	3.132563e+02
5.249496390815748e-04	3.901144e+00	8.227131e-05	3.154054e+02
5.257896390815789e-04	3.862218e+00	8.227131e-05	3.219315e+02
5.264496390815822e-04	3.830056e+00	8.227131e-05	3.268941e+02
5.270896390815853e-04	3.797597e+00	8.227132e-05	3.315717e+02
5.277396390815885e-04	3.763361e+00	8.227169e-05	3.361906e+02
5.284296390815919e-04	3.725616e+00	8.227133e-05	3.409524e+02
5.291896390815956e-04	3.682371e+00	8.227133e-05	3.460340e+02
5.300696390815999e-04	3.630140e+00	8.227133e-05	3.517112e+02
5.315996390816074e-04	3.534196e+00	8.227168e-05	3.610772e+02
5.318196390816085e-04	3.519947e+00	8.227168e-05	3.623733e+02
5.347796390816230e-04	3.321375e+00	8.227167e-05	3.786564e+02
5.380496390816390e-04	3.094356e+00	8.227136e-05	3.943690e+02
5.413296390816551e-04	2.867829e+00	8.227138e-05	4.080427e+02
5.420596390816587e-04	2.818317e+00	8.227165e-05	4.108306e+02
5.453696390816749e-04	2.600359e+00	8.227138e-05	4.224239e+02
5.486896390816912e-04	2.395159e+00	8.227140e-05	4.325016e+02
5.520296390817076e-04	2.204478e+00	8.227141e-05	4.412845e+02
5.522996390817089e-04	2.189788e+00	8.227163e-05	4.419408e+02
5.556596390817254e-04	2.016162e+00	8.227163e-05	4.495017e+02
5.590396390817420e-04	1.858471e+00	8.227162e-05	4.560820e+02
5.624396390817586e-04	1.716335e+00	8.227162e-05	4.618046e+02
5.625396390817591e-04	1.712395e+00	8.227162e-05	4.619606e+02
5.659596390817759e-04	1.585500e+00	8.227161e-05	4.669122e+02
5.693896390817927e-04	1.472700e+00	8.227144e-05	4.712003e+02
5.727796390818093e-04	1.374163e+00	8.227160e-05	4.748622e+02
5.762596390818264e-04	1.285066e+00	8.227161e-05	4.781074e+02
5.797596390818435e-04	1.206470e+00	8.227165e-05	4.809184e+02
5.830196390818595e-04	1.142107e+00	8.227186e-05	4.831840e+02
5.865896390818770e-04	1.080296e+00	8.227264e-05	4.853282e+02
5.901996390818947e-04	1.025923e+00	8.227591e-05	4.871880e+02
5.917796390819025e-04	1.004435e+00	8.398155e-05	4.879160e+02
5.917996390819026e-04	1.004171e+00	8.807985e-05	4.879249e+02
5.919796390819035e-04	1.001809e+00	1.563069e-04	4.880047e+02
5.920596390819039e-04	1.000764e+00	2.381115e-04	4.880399e+02
5.920996390819041e-04	1.000243e+00	3.225159e-04	4.880576e+02
5.921296390819042e-04	9.998526e-01	4.397512e-04	4.880707e+02
5.921496390819043e-04	9.995927e-01	5.808226e-04	4.880795e+02
5.921596390819043e-04	9.994628e-01	6.919531e-04	4.880839e+02
5.921696390819044e-04	9.993329e-01	8.578880e-04	4.880883e+02
5.921796390819044e-04	9.992031e-01	1.129715e-03	4.880926e+02
5.921896390819045e-04	9.990734e-01	1.673009e-03	4.880970e+02
5.921979116637299e-04	9.989661e-01	2.828953e-03	4.881006e+02
5.921988574729751e-04	9.989538e-01	3.076006e-03	4.881010e+02
5.922007490914654e-04	9.989293e-01	3.720384e-03	4.881019e+02
5.922028758011029e-04	9.989017e-01	4.930291e-03	4.881028e+02
5.922050331778727e-04	9.988737e-01	7.430935e-03	4.881038e+02
5.922070188888846e-04	9.988480e-01	1.348531e-02	4.881046e+02
5.922092006920887e-04	9.988197e-01	2.537961e-02	4.881056e+02
5.922114560677071e-04	9.987905e-01	4.475753e-02	4.881066e+02
5.922133294122715e-04	9.987662e-01	7.640623e-02	4.881074e+02
5.922150652222081e-04	9.987437e-01	1.377541e-01	4.881081e+02
5.922169632242305e-04	9.987191e-01	2.813671e-01	4.881090e+02
5.922187725819421e-04	9.986957e-01	5.741050e-01	4.881097e+02
5.922206208077267e-04	9.986717e-01	1.230368e+00	4.881106e+02
5.922223520564549e-04	9.986493e-01	2.571204e+00	4.881113e+02
5.922240800686363e-04	9.986269e-01	4.877168e+00	4.881121e+02
5.922245605154231e-04	9.986207e-01	5.029066e+00	4.881123e+02
5.922250262933408e-04	9.986146e-01	4.978514e+00	4.881125e+02
5.922251871488640e-04	9.986125e-01	5.008857e+00	4.881125e+02
5.922252446954046e-04	9.986118e-01	4.998887e+00	4.881126e+02
5.922252714632662e-04	9.986115e-01	4.999527e+00	4.881126e+02
5.922252948625636e-04	9.986112e-01	4.999699e+00	4.881126e+02
5.922253211278286e-04	9.986108e-01	4.999764e+00	4.881126e+02
5.922253727553568e-04	9.986101e-01	4.999795e+00	4.881126e+02
5.922254622332782e-04	9.986090e-01	4.999803e+00	4.881127e+02
5.922256411891210e-04	9.986067e-01	4.999819e+00	4.881128e+02
5.922259991008067e-04	9.986020e-01	4.999844e+00	4.881129e+02
5.922281465709207e-04	9.985742e-01	4.999864e+00	4.881139e+02
5.922310098644061e-04	9.985371e-01	4.999864e+00	4.881151e+02
5.922367364513769e-04	9.984630e-01	4.999865e+00	4.881176e+02
5.922467364513769e-04	9.983335e-01	4.999865e+00	4.881220e+02
5.922567364513770e-04	9.982041e-01	4.999865e+00	4.881263e+02
5.922667364513770e-04	9.980748e-01	4.999866e+00	4.881307e+02
5.922767364513771e-04	9.979454e-01	4.999866e+00	4.881351e+02
5.922867364513771e-04	9.978162e-01	4.999866e+00	4.881394e+02
5.923067364513772e-04	9.975578e-01	4.999866e+00	4.881481e+02
5.923767364513776e-04	9.966552e-01	4.999866e+00	4.881786e+02
5.930067364513807e-04	9.886422e-01	4.999866e+00	4.884484e+02
5.967067364513988e-04	9.453943e-01	4.999866e+00	4.898948e+02
6.004667364514172e-04	9.074786e-01	4.999866e+00	4.911482e+02
6.032467364514309e-04	8.828770e-01	4.999866e+00	4.919538e+02
6.071467364514500e-04	8.526647e-01	4.999866e+00	4.929343e+02
6.111467364514696e-04	8.262237e-01	4.999866e+00	4.937839e+02
6.134867364514811e-04	8.126223e-01	4.999866e+00	4.942178e+02
6.176767364515016e-04	7.912664e-01	4.999866e+00	4.948942e+02
6.220267364515229e-04	7.726260e-01	4.999866e+00	4.954796e+02
6.237267364515313e-04	7.661938e-01	4.999866e+00	4.956804e+02
6.283367364515539e-04	7.508441e-01	4.999866e+00	4.961572e+02
6.331967364515777e-04	7.375178e-01	4.999866e+00	4.965680e+02
6.339667364515815e-04	7.356405e-01	4.999866e+00	4.966256e+02
6.391767364516070e-04	7.243913e-01	4.999866e+00	4.969695e+02
6.442067364516317e-04	7.156052e-01	4.999866e+00	4.972365e+02
6.502367364516613e-04	7.072263e-01	4.999866e+00	4.974895e+02
6.544467364516819e-04	7.025059e-01	4.999866e+00	4.976313e+02
6.616067364517170e-04	6.961590e-01	4.999866e+00	4.978212e+02
6.646867364517321e-04	6.939621e-01	4.999866e+00	4.978866e+02
6.733567364517746e-04	6.891058e-01	4.999866e+00	4.980308e+02
6.749267364517823e-04	6.884004e-01	4.999866e+00	4.980517e+02
6.851667364518325e-04	6.847857e-01	4.999866e+00	4.981584e+02
6.954067364518827e-04	6.824391e-01	4.999866e+00	4.982274e+02
7.056467364519330e-04	6.809172e-01	4.999866e+00	4.982721e+02
7.158867364519832e-04	6.799309e-01	4.999866e+00	4.983009e+02
7.261267364520334e-04	6.792920e-01	4.999866e+00	4.983196e+02
7.363667364520836e-04	6.788782e-01	4.999866e+00	4.983317e+02
7.466067364521338e-04	6.786104e-01	4.999866e+00	4.983395e+02
7.568467364521840e-04	6.784372e-01	4.999866e+00	4.983445e+02
7.670867364522342e-04	6.783251e-01	4.999866e+00	4.983478e+02
7.773267364522844e-04	6.782525e-01	4.999866e+00	4.983499e+02
7.875667364523346e-04	6.782055e-01	4.999866e+00	4.983513e+02
7.978067364523848e-04	6.781752e-01	4.999866e+00	4.983522e+02
8.080467364524350e-04	6.781555e-01	4.999866e+00	4.983528e+02
8.182867364524852e-04	6.781428e-01	4.999866e+00	4.983531e+02
8.285267364525355e-04	6.781346e-01	4.999866e+00	4.983534e+02
8.387667364525857e-04	6.781293e-01	4.999866e+00	4.983535e+02
8.490067364526359e-04	6.781259e-01	4.999866e+00	4.983536e+02
8.592467364526861e-04	6.781237e-01	4.999866e+00	4.983537e+02
8.694867364527363e-04	6.781222e-01	4.999866e+00	4.983537e+02
8.797267364527865e-04	6.781213e-01	4.999866e+00	4.983537e+02
8.899667364528367e-04	6.781207e-01	4.999866e+00	4.983538e+02
9.002067364528869e-04	6.781203e-01	4.999866e+00	4.983538e+02
9.104467364529371e-04	6.781201e-01	4.999866e+00	4.983538e+02
9.206867364529873e-04	6.781199e-01	4.999866e+00	4.983538e+02
9.309267364530375e-04	6.781198e-01	4.999866e+00	4.983538e+02
9.411667364530878e-04	6.781197e-01	4.999866e+00	4.983538e+02
9.514067364531380e-04	6.781197e-01	4.999866e+00	4.983538e+02
9.616467364531882e-04	6.781197e-01	4.999866e+00	4.983538e+02
9.718867364532384e-04	6.781197e-01	4.999866e+00	4.983538e+02
9.821267364532283e-04	6.781196e-01	4.999866e+00	4.983538e+02
9.923667364531675e-04	6.781196e-01	4.999866e+00	4.983538e+02
1.002606736453107e-03	6.781196e-01	4.999866e+00	4.983538e+02
1.012846736453046e-03	6.781196e-01	4.999866e+00	4.983538e+02
1.023086736452985e-03	6.781196e-01	4.999866e+00	4.983538e+02
1.033326736452924e-03	6.781196e-01	4.999866e+00	4.983538e+02
1.043566736452863e-03	6.781196e-01	4.999866e+00	4.983538e+02
1.053806736452803e-03	6.781196e-01	4.999866e+00	4.983538e+02
1.064046736452742e-03	6.781196e-01	4.999866e+00	4.983538e+02
1.074286736452681e-03	6.781196e-01	4.999866e+00	4.983538e+02
1.084526736452620e-03	6.781196e-01	4.999866e+00	4.983538e+02
1.094766736452559e-03	6.781196e-01	4.999866e+00	4.983538e+02
1.105006736452499e-03	6.781196e-01	4.999866e+00	4.983538e+02
1.115246736452438e-03	6.781196e-01	4.999866e+00	4.983538e+02
1.125486736452377e-03	6.781196e-01	4.999866e+00	4.983538e+02
1.135726736452316e-03	6.781196e-01	4.999866e+00	4.983538e+02
1.145966736452255e-03	6.781196e-01	4.999866e+00	4.983538e+02
1.156206736452194e-03	6.781196e-01	4.999866e+00	4.983538e+02
1.166446736452134e-03	6.781196e-01	4.999866e+00	4.983538e+02
1.176686736452073e-03	6.781196e-01	4.999866e+00	4.983538e+02
1.186926736452012e-03	6.781196e-01	4.999866e+00	4.983538e+02
1.197166736451951e-03	6.781196e-01	4.999866e+00	4.983538e+02
1.207406736451890e-03	6.781196e-01	4.999866e+00	4.983538e+02
1.217646736451830e-03	6.781196e-01	4.999866e+00	4.983538e+02
1.227886736451769e-03	6.781196e-01	4.999866e+00	4.983538e+02
1.238126736451708e-03	6.781196e-01	4.999866e+00	4.983538e+02
1.248366736451647e-03	6.781196e-01	4.999866e+00	4.983538e+02
1.258606736451586e-03	6.781196e-01	4.999866e+00	4.983538e+02
1.268846736451526e-03	6.781196e-01	4.999866e+00	4.983538e+02
1.279086736451465e-03	6.781196e-01	4.999866e+00	4.983538e+02
1.289326736451404e-03	6.781196e-01	4.999866e+00	4.983538e+02
1.299566736451343e-03	6.781196e-01	4.999866e+00	4.983538e+02
1.309806736451282e-03	6.781196e-01	4.999866e+00	4.983538e+02
1.320046736451221e-03	6.781196e-01	4.999866e+00	4.983538e+02
1.330286736451161e-03	6.781196e-01	4.999866e+00	4.983538e+02
1.340526736451100e-03	6.781196e-01	4.999866e+00	4.983538e+02
1.350766736451039e-03	6.781196e-01	4.999866e+00	4.983538e+02
1.361006736450978e-03	6.781196e-01	4.999866e+00	4.983538e+02
1.371246736450917e-03	6.781196e-01	4.999866e+00	4.983538e+02
1.381486736450857e-03	6.781196e-01	4.999866e+00	4.983538e+02
1.391726736450796e-03	6.781196e-01	4.999866e+00	4.983538e+02
1.401966736450735e-03	6.781196e-01	4.999866e+00	4.983538e+02
1.412206736450674e-03	6.781196e-01	4.999866e+00	4.983538e+02
1.422446736450613e-03	6.781196e-01	4.999866e+00	4.983538e+02
1.432686736450553e-03	6.781196e-01	4.999866e+00	4.983538e+02
1.442926736450492e-03	6.781196e-01	4.999866e+00	4.983538e+02
1.453166736450431e-03	6.781196e-01	4.999866e+00	4.983538e+02
1.463406736450370e-03	6.781196e-01	4.999866e+00	4.983538e+02
1.473646736450309e-03	6.781196e-01	4.999866e+00	4.983538e+02
1.483886736450248e-03	6.781196e-01	4.999866e+00	4.983538e+02
1.494126736450188e-03	6.781196e-01	4.999866e+00	4.983538e+02
1.504366736450127e-03	6.781196e-01	4.999866e+00	4.983538e+02
1.514606736450066e-03	6.781196e-01	4.999866e+00	4.983538e+02
1.524846736450005e-03	6.781196e-01	4.999866e+00	4.983538e+02
1.535086736449944e-03	6.781196e-01	4.999866e+00	4.983538e+02
1.545326736449884e-03	6.781196e-01	4.999866e+00	4.983538e+02
1.555566736449823e-03	6.781196e-01	4.999866e+00	4.983538e+02
1.565806736449762e-03	6.781196e-01	4.999866e+00	4.983538e+02
1.576046736449701e-03	6.781196e-01	4.999866e+00	4.983538e+02
1.586286736449640e-03	6.781196e-01	4.999866e+00	4.983538e+02
1.596526736449580e-03	6.781196e-01	4.999866e+00	4.983538e+02
1.606766736449519e-03	6.781196e-01	4.999866e+00	4.983538e+02
1.617006736449458e-03	6.781196e-01	4.999866e+00	4.983538e+02
1.627246736449397e-03	6.781196e-01	4.999866e+00	4.983538e+02
1.637486736449336e-03	6.781196e-01	4.999866e+00	4.983538e+02
1.647726736449275e-03	6.781196e-01	4.999866e+00	4.983538e+02
1.657966736449215e-03	6.781196e-01	4.999866e+00	4.983538e+02
1.668206736449154e-03	6.781196e-01	4.999866e+00	4.983538e+02
1.678446736449093e-03	6.781196e-01	4.999866e+00	4.983538e+02
1.688686736449032e-03	6.781196e-01	4.999866e+00	4.983538e+02
1.698926736448971e-03	6.781196e-01	4.999866e+00	4.983538e+02
1.709166736448911e-03	6.781196e-01	4.999866e+00	4.983538e+02
1.719406736448850e-03	6.781196e-01	4.999866e+00	4.983538e+02
1.729646736448789e-03	6.781196e-01	4.999866e+00	4.983538e+02
1.739886736448728e-03	6.781196e-01	4.999866e+00	4.983538e+02
1.750126736448667e-03	6.781196e-01	4.999866e+00	4.983538e+02
1.760366736448606e-03	6.781196e-01	4.999866e+00	4.983538e+02
1.770606736448546e-03	6.781196e-01	4.999866e+00	4.983538e+02
1.780846736448485e-03	6.781196e-01	4.999866e+00	4.983538e+02
1.791086736448424e-03	6.781196e-01	4.999866e+00	4.983538e+02
1.801326736448363e-03	6.781196e-01	4.999866e+00	4.983538e+02
1.811566736448302e-03	6.781196e-01	4.999866e+00	4.983538e+02
1.821806736448242e-03	6.781196e-01	4.999866e+00	4.983538e+02
1.832046736448181e-03	6.781196e-01	4.999866e+00	4.983538e+02
1.842286736448120e-03	6.781196e-01	4.999866e+00	4.983538e+02
1.852526736448059e-03	6.781196e-01	4.999866e+00	4.983538e+02
1.862766736447998e-03	6.781196e-01	4.999866e+00	4.983538e+02
1.873006736447938e-03	6.781196e-01	4.999866e+00	4.983538e+02
1.883246736447877e-03	6.781196e-01	4.999866e+00	4.983538e+02
1.893486736447816e-03	6.781196e-01	4.999866e+00	4.983538e+02
1.903726736447755e-03	6.781196e-01	4.999866e+00	4.983538e+02
1.913966736447694e-03	6.781196e-01	4.999866e+00	4.983538e+02
1.924206736447633e-03	6.781196e-01	4.999866e+00	4.983538e+02
1.934446736447573e-03	6.781196e-01	4.999866e+00	4.983538e+02
1.944686736447512e-03	6.781196e-01	4.999866e+00	4.983538e+02
1.954926736447451e-03	6.781196e-01	4.999866e+00	4.983538e+02
1.965166736447390e-03	6.781196e-01	4.999866e+00	4.983538e+02
1.975406736447330e-03	6.781196e-01	4.999866e+00	4.983538e+02
1.985646736447269e-03	6.781196e-01	4.999866e+00	4.983538e+02
1.995886736447208e-03	6.781196e-01	4.999866e+00	4.983538e+02
2.006126736447147e-03	6.781196e-01	4.999866e+00	4.983538e+02
2.016366736447086e-03	6.781196e-01	4.999866e+00	4.983538e+02
2.026606736447026e-03	6.781196e-01	4.999866e+00	4.983538e+02
2.036846736446965e-03	6.781196e-01	4.999866e+00	4.983538e+02
2.047086736446904e-03	6.781196e-01	4.999866e+00	4.983538e+02
2.057326736446843e-03	6.781196e-01	4.999866e+00	4.983538e+02
2.067566736446782e-03	6.781196e-01	4.999866e+00	4.983538e+02
2.077806736446721e-03	6.781196e-01	4.999866e+00	4.983538e+02
2.088046736446661e-03	6.781196e-01	4.999866e+00	4.983538e+02
2.098286736446600e-03	6.781196e-01	4.999866e+00	4.983538e+02
2.108526736446539e-03	6.781196e-01	4.999866e+00	4.983538e+02
2.118766736446478e-03	6.781196e-01	4.999866e+00	4.983538e+02
2.129006736446417e-03	6.781196e-01	4.999866e+00	4.983538e+02
2.139246736446357e-03	6.781196e-01	4.999866e+00	4.983538e+02
2.149486736446296e-03	6.781196e-01	4.999866e+00	4.983538e+02
2.159726736446235e-03	6.781196e-01	4.999866e+00	4.983538e+02
2.169966736446174e-03	6.781196e-01	4.999866e+00	4.983538e+02
2.180206736446113e-03	6.781196e-01	4.999866e+00	4.983538e+02
2.190446736446053e-03	6.781196e-01	4.999866e+00	4.983538e+02
2.200686736445992e-03	6.781196e-01	4.999866e+00	4.983538e+02
2.210926736445931e-03	6.781196e-01	4.999866e+00	4.983538e+02
2.221166736445870e-03	6.781196e-01	4.999866e+00	4.983538e+02
2.231406736445809e-03	6.781196e-01	4.999866e+00	4.983538e+02
2.241646736445748e-03	6.781196e-01	4.999866e+00	4.983538e+02
2.251886736445688e-03	6.781196e-01	4.999866e+00	4.983538e+02
2.262126736445627e-03	6.781196e-01	4.999866e+00	4.983538e+02
2.272366736445566e-03	6.781196e-01	4.999866e+00	4.983538e+02
2.282606736445505e-03	6.781196e-01	4.999866e+00	4.983538e+02
2.292846736445444e-03	6.781196e-01	4.999866e+00	4.983538e+02
2.303086736445384e-03	6.781196e-01	4.999866e+00	4.983538e+02
2.313326736445323e-03	6.781196e-01	4.999866e+00	4.983538e+02
2.323566736445262e-03	6.781196e-01	4.999866e+00	4.983538e+02
2.333806736445201e-03	6.781196e-01	4.999866e+00	4.983538e+02
2.344046736445140e-03	6.781196e-01	4.999866e+00	4.983538e+02
2.354286736445080e-03	6.781196e-01	4.999866e+00	4.983538e+02
2.364526736445019e-03	6.781196e-01	4.999866e+00	4.983538e+02
2.374766736444958e-03	6.781196e-01	4.999866e+00	4.983538e+02
2.385006736444897e-03	6.781196e-01	4.999866e+00	4.983538e+02
2.395246736444836e-03	6.781196e-01	4.999866e+00	4.983538e+02
2.405486736444775e-03	6.781196e-01	4.999866e+00	4.983538e+02
2.415726736444715e-03	6.781196e-01	4.999866e+00	4.983538e+02
2.425966736444654e-03	6.781196e-01	4.999866e+00	4.983538e+02
2.436206736444593e-03	6.781196e-01	4.999866e+00	4.983538e+02
2.446446736444532e-03	6.781196e-01	4.999866e+00	4.983538e+02
2.456686736444471e-03	6.781196e-01	4.999866e+00	4.983538e+02
2.466926736444411e-03	6.781196e-01	4.999866e+00	4.983538e+02
2.477166736444350e-03	6.781196e-01	4.999866e+00	4.983538e+02
2.487406736444289e-03	6.781196e-01	4.999866e+00	4.983538e+02
2.497646736444228e-03	6.781196e-01	4.999866e+00	4.983538e+02
2.507886736444167e-03	6.781196e-01	4.999866e+00	4.983538e+02
2.518126736444107e-03	6.781196e-01	4.999866e+00	4.983538e+02
2.528366736444046e-03	6.781196e-01	4.999866e+00	4.983538e+02
2.538606736443985e-03	6.781196e-01	4.999866e+00	4.983538e+02
2.548846736443924e-03	6.781196e-01	4.999866e+00	4.983538e+02
2.559086736443863e-03	6.781196e-01	4.999866e+00	4.983538e+02
2.569326736443802e-03	6.781196e-01	4.999866e+00	4.983538e+02
2.579566736443742e-03	6.781196e-01	4.999866e+00	4.983538e+02
2.589806736443681e-03	6.781196e-01	4.999866e+00	4.983538e+02
2.600046736443620e-03	6.781196e-01	4.999866e+00	4.983538e+02
2.610286736443559e-03	6.781196e-01	4.999866e+00	4.983538e+02
2.620526736443498e-03	6.781196e-01	4.999866e+00	4.983538e+02
2.630766736443438e-03	6.781196e-01	4.999866e+00	4.983538e+02
2.641006736443377e-03	6.781196e-01	4.999866e+00	4.983538e+02
2.651246736443316e-03	6.781196e-01	4.999866e+00	4.983538e+02
2.661486736443255e-03	6.781196e-01	4.999866e+00	4.983538e+02
2.671726736443194e-03	6.781196e-01	4.999866e+00	4.983538e+02
2.681966736443134e-03	6.781196e-01	4.999866e+00	4.983538e+02
2.692206736443073e-03	6.781196e-01	4.999866e+00	4.983538e+02
2.702446736443012e-03	6.781196e-01	4.999866e+00	4.983538e+02
2.712686736442951e-03	6.781196e-01	4.999866e+00	4.983538e+02
2.722926736442890e-03	6.781196e-01	4.999866e+00	4.983538e+02
2.733166736442829e-03	6.781196e-01	4.999866e+00	4.983538e+02
2.743406736442769e-03	6.781196e-01	4.999866e+00	4.983538e+02
2.753646736442708e-03	6.781196e-01	4.999866e+00	4.983538e+02
2.763886736442647e-03	6.781196e-01	4.999866e+00	4.983538e+02
2.774126736442586e-03	6.781196e-01	4.999866e+00	4.983538e+02
2.784366736442525e-03	6.781196e-01	4.999866e+00	4.983538e+02
2.794606736442465e-03	6.781196e-01	4.999866e+00	4.983538e+02
2.804846736442404e-03	6.781196e-01	4.999866e+00	4.983538e+02
2.815086736442343e-03	6.781196e-01	4.999866e+00	4.983538e+02
2.825326736442282e-03	6.781196e-01	4.999866e+00	4.983538e+02
2.835566736442221e-03	6.781196e-01	4.999866e+00	4.983538e+02
2.845806736442160e-03	6.781196e-01	4.999866e+00	4.983538e+02
2.856046736442100e-03	6.781196e-01	4.999866e+00	4.983538e+02
2.866286736442039e-03	6.781196e-01	4.999866e+00	4.983538e+02
2.876526736441978e-03	6.781196e-01	4.999866e+00	4.983538e+02
2.886766736441917e-03	6.781196e-01	4.999866e+00	4.983538e+02
2.897006736441856e-03	6.781196e-01	4.999866e+00	4.983538e+02
2.907246736441796e-03	6.781196e-01	4.999866e+00	4.983538e+02
2.917486736441735e-03	6.781196e-01	4.999866e+00	4.983538e+02
2.927726736441674e-03	6.781196e-01	4.999866e+00	4.983538e+02
2.937966736441613e-03	6.781196e-01	4.999866e+00	4.983538e+02
2.948206736441552e-03	6.781196e-01	4.999866e+00	4.983538e+02
2.958446736441492e-03	6.781196e-01	4.999866e+00	4.983538e+02
2.968686736441431e-03	6.781196e-01	4.999866e+00	4.983538e+02
2.978926736441370e-03	6.781196e-01	4.999866e+00	4.983538e+02
2.989166736441309e-03	6.781196e-01	4.999866e+00	4.983538e+02
2.999406736441248e-03	6.781196e-01	4.999866e+00	4.983538e+02
3.000000000000000e-03	6.781196e-01	4.999866e+00	4.983538e+02
Step Information: Rpot=500K  (Step: 6/6)
0.000000000000000e+00	6.781196e-01	4.999861e+00	4.983538e+02
1.006310719976990e-05	6.781196e-01	4.999861e+00	4.983538e+02
2.030310719977066e-05	6.781196e-01	4.999861e+00	4.983538e+02
3.054310719977230e-05	6.781196e-01	4.999861e+00	4.983538e+02
4.078310719977393e-05	6.781196e-01	4.999861e+00	4.983538e+02
5.102310719977557e-05	6.781196e-01	4.999861e+00	4.983538e+02
6.126310719977705e-05	6.781196e-01	4.999861e+00	4.983538e+02
7.150310719977175e-05	6.781196e-01	4.999861e+00	4.983538e+02
8.174310719976644e-05	6.781196e-01	4.999861e+00	4.983538e+02
9.198310719976114e-05	6.781196e-01	4.999861e+00	4.983538e+02
1.022231071997558e-04	6.781196e-01	4.999861e+00	4.983538e+02
1.124631071997505e-04	6.781196e-01	4.999861e+00	4.983538e+02
1.227031071997452e-04	6.781196e-01	4.999861e+00	4.983538e+02
1.329431071997399e-04	6.781196e-01	4.999861e+00	4.983538e+02
1.431831071997346e-04	6.781196e-01	4.999861e+00	4.983538e+02
1.534231071997293e-04	6.781196e-01	4.999861e+00	4.983538e+02
1.636631071997240e-04	6.781196e-01	4.999861e+00	4.983538e+02
1.739031071997187e-04	6.781196e-01	4.999861e+00	4.983538e+02
1.841431071997134e-04	6.781196e-01	4.999861e+00	4.983538e+02
1.943831071997081e-04	6.781196e-01	4.999861e+00	4.983538e+02
2.046231071997028e-04	6.781196e-01	4.999861e+00	4.983538e+02
2.148631071996975e-04	6.781196e-01	4.999861e+00	4.983538e+02
2.251031071996922e-04	6.781196e-01	4.999861e+00	4.983538e+02
2.353431071996869e-04	6.781196e-01	4.999861e+00	4.983538e+02
2.455831071996817e-04	6.781196e-01	4.999861e+00	4.983538e+02
2.558231071996763e-04	6.781196e-01	4.999861e+00	4.983538e+02
2.660631071996710e-04	6.781196e-01	4.999861e+00	4.983538e+02
2.763031071996657e-04	6.781196e-01	4.999861e+00	4.983538e+02
2.865431071996604e-04	6.781196e-01	4.999861e+00	4.983538e+02
2.967831071996551e-04	6.781196e-01	4.999861e+00	4.983538e+02
3.070231071996498e-04	6.781196e-01	4.999861e+00	4.983538e+02
3.172631071996445e-04	6.781196e-01	4.999861e+00	4.983538e+02
3.275031071996392e-04	6.781196e-01	4.999861e+00	4.983538e+02
3.377431071996339e-04	6.781196e-01	4.999861e+00	4.983538e+02
3.479831071996286e-04	6.781196e-01	4.999861e+00	4.983538e+02
3.582231071996233e-04	6.781196e-01	4.999861e+00	4.983538e+02
3.684631071996180e-04	6.781196e-01	4.999861e+00	4.983538e+02
3.787031071996127e-04	6.781196e-01	4.999861e+00	4.983538e+02
3.889431071996074e-04	6.781196e-01	4.999861e+00	4.983538e+02
3.991831071996021e-04	6.781196e-01	4.999861e+00	4.983538e+02
4.094231071995968e-04	6.781196e-01	4.999861e+00	4.983538e+02
4.196631071995915e-04	6.781196e-01	4.999861e+00	4.983538e+02
4.299031071995862e-04	6.781196e-01	4.999861e+00	4.983538e+02
4.401431071995809e-04	6.781196e-01	4.999861e+00	4.983538e+02
4.503831071995756e-04	6.781196e-01	4.999861e+00	4.983538e+02
4.606231071995703e-04	6.781196e-01	4.999861e+00	4.983538e+02
4.708631071995650e-04	6.781196e-01	4.999861e+00	4.983538e+02
4.811031071995597e-04	6.781196e-01	4.999861e+00	4.983538e+02
4.913431071995710e-04	6.781196e-01	4.999861e+00	4.983538e+02
5.000000000000004e-04	6.781196e-01	4.999861e+00	4.983538e+02
5.000010000000000e-04	6.382340e-01	4.999861e+00	3.752889e+02
5.000024805452891e-04	4.126318e-01	4.999861e+00	1.351277e+02
5.000028812522171e-04	3.207836e-01	4.999861e+00	1.075926e+02
5.000034780157606e-04	1.776667e-01	4.999861e+00	7.834965e+01
5.000040765146122e-04	3.105234e-02	4.999861e+00	5.906678e+01
5.000048303441334e-04	-1.477751e-01	4.999861e+00	4.373447e+01
5.000053126675651e-04	-2.317957e-01	4.999861e+00	3.746551e+01
5.000058124590372e-04	-2.591271e-01	4.999861e+00	3.279619e+01
5.000063285346665e-04	-2.569472e-01	4.999861e+00	2.934899e+01
5.000068609055438e-04	-2.572921e-01	4.999861e+00	2.681103e+01
5.000073845411076e-04	-2.568345e-01	4.999861e+00	2.501364e+01
5.000084318122352e-04	-2.560598e-01	4.999861e+00	2.265978e+01
5.000099698092432e-04	-2.548198e-01	4.999861e+00	2.080424e+01
5.000117381424668e-04	-2.532801e-01	4.999861e+00	1.961035e+01
5.000139918100592e-04	-2.513048e-01	4.999861e+00	1.849975e+01
5.000171644505403e-04	-2.484995e-01	4.999861e+00	1.714839e+01
5.000226865691564e-04	-2.436524e-01	4.999861e+00	1.504665e+01
5.000326865691564e-04	-2.349036e-01	4.999861e+00	1.186641e+01
5.000426865691565e-04	-2.262341e-01	4.999861e+00	9.362215e+00
5.000526865691565e-04	-2.176397e-01	4.999861e+00	7.389735e+00
5.000626865691566e-04	-2.090905e-01	4.999861e+00	5.836415e+00
5.000726865691566e-04	-2.006200e-01	4.999861e+00	4.612989e+00
5.000826865691567e-04	-1.921777e-01	4.999861e+00	3.649503e+00
5.000926865691567e-04	-1.838222e-01	4.999861e+00	2.890665e+00
5.001026865691568e-04	-1.754996e-01	4.999861e+00	2.293041e+00
5.001126865691568e-04	-1.672690e-01	4.999861e+00	1.822362e+00
5.001226865691569e-04	-1.590992e-01	4.999861e+00	1.451671e+00
5.001326865691569e-04	-1.510268e-01	4.999861e+00	1.159722e+00
5.001426865691570e-04	-1.430561e-01	4.999861e+00	9.297889e-01
5.001526865691570e-04	-1.351997e-01	4.999861e+00	7.486961e-01
5.001626865691571e-04	-1.274867e-01	4.999861e+00	6.060679e-01
5.001726865691571e-04	-1.199188e-01	4.999861e+00	4.937322e-01
5.001826865691572e-04	-1.125344e-01	4.999861e+00	4.052530e-01
5.001926865691572e-04	-1.053314e-01	4.999861e+00	3.355618e-01
5.002026865691573e-04	-9.834930e-02	4.999861e+00	2.806664e-01
5.002126865691573e-04	-9.158175e-02	4.999861e+00	2.374232e-01
5.002226865691574e-04	-8.506551e-02	4.999861e+00	2.033561e-01
5.002326865691574e-04	-7.878829e-02	4.999861e+00	1.765155e-01
5.002426865691575e-04	-7.278148e-02	4.999861e+00	1.553657e-01
5.002526865691575e-04	-6.702614e-02	4.999861e+00	1.386977e-01
5.002626865691576e-04	-6.154743e-02	4.999861e+00	1.255593e-01
5.002726865691576e-04	-5.632014e-02	4.999861e+00	1.152007e-01
5.002826865691577e-04	-5.136380e-02	4.999861e+00	1.070316e-01
5.002926865691577e-04	-4.664822e-02	4.999861e+00	1.005871e-01
5.003026865691577e-04	-4.218869e-02	4.999861e+00	9.550119e-02
5.003126865691578e-04	-3.795167e-02	4.999861e+00	9.148569e-02
5.003226865691578e-04	-3.394989e-02	4.999861e+00	8.831365e-02
5.003326865691579e-04	-3.014828e-02	4.999861e+00	8.580639e-02
5.003426865691579e-04	-2.655832e-02	4.999861e+00	8.382319e-02
5.003526865691580e-04	-2.314454e-02	4.999861e+00	8.225323e-02
5.003626865691580e-04	-1.991831e-02	4.999861e+00	8.100923e-02
5.003726865691581e-04	-1.684469e-02	4.999861e+00	8.002246e-02
5.003826865691581e-04	-1.393564e-02	4.999861e+00	7.923874e-02
5.003926865691582e-04	-1.115729e-02	4.999861e+00	7.861540e-02
5.004026865691582e-04	-8.522547e-03	4.999861e+00	7.811882e-02
5.004126865691583e-04	-5.998856e-03	4.999861e+00	7.772246e-02
5.004226865691583e-04	-3.600236e-03	4.999861e+00	7.740542e-02
5.004326865691584e-04	-1.295495e-03	4.999861e+00	7.715121e-02
5.004426865691584e-04	9.002418e-04	4.999861e+00	7.694681e-02
5.004526865691585e-04	3.016849e-03	4.999861e+00	7.678194e-02
5.004626865691585e-04	5.038179e-03	4.999861e+00	7.664850e-02
5.004726865691586e-04	6.992903e-03	4.999861e+00	7.654005e-02
5.004826865691586e-04	8.863974e-03	4.999861e+00	7.645154e-02
5.004926865691587e-04	1.067900e-02	4.999861e+00	7.637894e-02
5.005026865691587e-04	1.242017e-02	4.999861e+00	7.631908e-02
5.005126865691588e-04	1.411416e-02	4.999861e+00	7.626943e-02
5.005226865691588e-04	1.574254e-02	4.999861e+00	7.622799e-02
5.005326865691589e-04	1.733117e-02	4.999861e+00	7.619317e-02
5.005426865691589e-04	1.886112e-02	4.999861e+00	7.616371e-02
5.005526865691590e-04	2.035757e-02	4.999861e+00	7.613859e-02
5.005626865691590e-04	2.180117e-02	4.999861e+00	7.611702e-02
5.005726865691591e-04	2.321654e-02	4.999861e+00	7.609835e-02
5.005826865691591e-04	2.458399e-02	4.999861e+00	7.608206e-02
5.005926865691592e-04	2.592764e-02	4.999861e+00	7.606774e-02
5.006026865691592e-04	2.722755e-02	4.999861e+00	7.605506e-02
5.006126865691593e-04	2.850743e-02	4.999861e+00	7.604375e-02
5.006226865691593e-04	2.974715e-02	4.999861e+00	7.603358e-02
5.006326865691594e-04	3.097003e-02	4.999861e+00	7.602440e-02
5.006426865691594e-04	3.215580e-02	4.999861e+00	7.601604e-02
5.006526865691595e-04	3.332749e-02	4.999861e+00	7.600839e-02
5.006626865691595e-04	3.446471e-02	4.999861e+00	7.600135e-02
5.006726865691596e-04	3.559019e-02	4.999861e+00	7.599483e-02
5.006826865691596e-04	3.668348e-02	4.999861e+00	7.598880e-02
5.006926865691597e-04	3.776708e-02	4.999861e+00	7.598317e-02
5.007026865691597e-04	3.882048e-02	4.999861e+00	7.597790e-02
5.007126865691598e-04	3.986595e-02	4.999861e+00	7.597295e-02
5.007226865691598e-04	4.088296e-02	4.999861e+00	7.596830e-02
5.007326865691599e-04	4.189360e-02	4.999861e+00	7.596390e-02
5.007426865691599e-04	4.287731e-02	4.999861e+00	7.595974e-02
5.007526865691600e-04	4.385599e-02	4.999861e+00	7.595580e-02
5.007626865691600e-04	4.480912e-02	4.999861e+00	7.595205e-02
5.007726865691601e-04	4.575840e-02	4.999861e+00	7.594849e-02
5.007826865691601e-04	4.668333e-02	4.999861e+00	7.594509e-02
5.007926865691602e-04	4.760547e-02	4.999861e+00	7.594185e-02
5.008026865691602e-04	4.850435e-02	4.999861e+00	7.593875e-02
5.008126865691603e-04	4.940137e-02	4.999861e+00	7.593578e-02
5.008226865691603e-04	5.027608e-02	4.999861e+00	7.593293e-02
5.008326865691603e-04	5.114978e-02	4.999861e+00	7.593021e-02
5.008426865691604e-04	5.200204e-02	4.999861e+00	7.592759e-02
5.008526865691604e-04	5.285403e-02	4.999861e+00	7.592507e-02
5.008626865691605e-04	5.368538e-02	4.999861e+00	7.592265e-02
5.008726865691605e-04	5.451712e-02	4.999861e+00	7.592031e-02
5.008826865691606e-04	5.532894e-02	4.999861e+00	7.591807e-02
5.008926865691606e-04	5.614175e-02	4.999861e+00	7.591590e-02
5.009026865691607e-04	5.693528e-02	4.999861e+00	7.591381e-02
5.009126865691607e-04	5.773036e-02	4.999861e+00	7.591179e-02
5.009226865691608e-04	5.850675e-02	4.999861e+00	7.590985e-02
5.009326865691608e-04	5.928518e-02	4.999861e+00	7.590796e-02
5.009426865691609e-04	6.004547e-02	4.999861e+00	7.590614e-02
5.009526865691609e-04	6.080823e-02	4.999861e+00	7.590437e-02
5.009626865691610e-04	6.155337e-02	4.999861e+00	7.590266e-02
5.009726865691610e-04	6.230137e-02	4.999861e+00	7.590101e-02
5.009826865691611e-04	6.303222e-02	4.999861e+00	7.589940e-02
5.009926865691611e-04	6.376631e-02	4.999861e+00	7.589785e-02
5.010026865691612e-04	6.448366e-02	4.999861e+00	7.589634e-02
5.010126865691612e-04	6.520458e-02	4.999861e+00	7.589487e-02
5.010226865691613e-04	6.590918e-02	4.999861e+00	7.589345e-02
5.010326865691613e-04	6.661765e-02	4.999861e+00	7.589207e-02
5.010426865691614e-04	6.731016e-02	4.999861e+00	7.589073e-02
5.010526865691614e-04	6.800683e-02	4.999861e+00	7.588942e-02
5.010626865691615e-04	6.868789e-02	4.999861e+00	7.588815e-02
5.010726865691615e-04	6.937335e-02	4.999861e+00	7.588691e-02
5.010826865691616e-04	7.004352e-02	4.999861e+00	7.588571e-02
5.010926865691616e-04	7.071833e-02	4.999861e+00	7.588454e-02
5.011026865691617e-04	7.137816e-02	4.999861e+00	7.588340e-02
5.011126865691617e-04	7.204285e-02	4.999861e+00	7.588229e-02
5.011226865691618e-04	7.269283e-02	4.999861e+00	7.588121e-02
5.011326865691618e-04	7.334787e-02	4.999861e+00	7.588015e-02
5.011426865691619e-04	7.398846e-02	4.999861e+00	7.587913e-02
5.011526865691619e-04	7.463430e-02	4.999861e+00	7.587812e-02
5.011626865691620e-04	7.526594e-02	4.999861e+00	7.587714e-02
5.011726865691620e-04	7.590301e-02	4.999861e+00	7.587618e-02
5.011826865691621e-04	7.652611e-02	4.999861e+00	7.587525e-02
5.011926865691621e-04	7.715477e-02	4.999861e+00	7.587434e-02
5.012026865691622e-04	7.776970e-02	4.999861e+00	7.587345e-02
5.012126865691622e-04	7.839034e-02	4.999861e+00	7.587258e-02
5.012226865691623e-04	7.899746e-02	4.999861e+00	7.587173e-02
5.012326865691623e-04	7.961042e-02	4.999861e+00	7.587090e-02
5.012426865691624e-04	8.021006e-02	4.999861e+00	7.587009e-02
5.012526865691624e-04	8.081567e-02	4.999861e+00	7.586929e-02
5.012626865691625e-04	8.140813e-02	4.999861e+00	7.586852e-02
5.012726865691625e-04	8.200667e-02	4.999861e+00	7.586775e-02
5.012826865691626e-04	8.259226e-02	4.999861e+00	7.586701e-02
5.012926865691626e-04	8.318403e-02	4.999861e+00	7.586628e-02
5.013026865691627e-04	8.376302e-02	4.999861e+00	7.586557e-02
5.013126865691627e-04	8.434828e-02	4.999861e+00	7.586487e-02
5.013226865691628e-04	8.492094e-02	4.999861e+00	7.586418e-02
5.013326865691628e-04	8.549994e-02	4.999861e+00	7.586351e-02
5.013426865691628e-04	8.606650e-02	4.999861e+00	7.586285e-02
5.013526865691629e-04	8.663949e-02	4.999861e+00	7.586221e-02
5.013626865691629e-04	8.720018e-02	4.999861e+00	7.586158e-02
5.013726865691630e-04	8.776739e-02	4.999861e+00	7.586096e-02
5.013826865691630e-04	8.832243e-02	4.999861e+00	7.586036e-02
5.013926865691631e-04	8.888406e-02	4.999861e+00	7.585976e-02
5.014026865691631e-04	8.943367e-02	4.999861e+00	7.585917e-02
5.014126865691632e-04	8.998992e-02	4.999861e+00	7.585860e-02
5.014226865691632e-04	9.053428e-02	4.999861e+00	7.585804e-02
5.014326865691633e-04	9.108536e-02	4.999861e+00	7.585749e-02
5.014426865691633e-04	9.162467e-02	4.999861e+00	7.585695e-02
5.014526865691634e-04	9.217074e-02	4.999861e+00	7.585642e-02
5.014626865691634e-04	9.270517e-02	4.999861e+00	7.585590e-02
5.014726865691635e-04	9.324642e-02	4.999861e+00	7.585538e-02
5.014826865691635e-04	9.377612e-02	4.999861e+00	7.585488e-02
5.014926865691636e-04	9.431271e-02	4.999861e+00	7.585438e-02
5.015026865691636e-04	9.483787e-02	4.999861e+00	7.585390e-02
5.015126865691637e-04	9.536994e-02	4.999861e+00	7.585341e-02
5.015226865691637e-04	9.589069e-02	4.999861e+00	7.585295e-02
5.015326865691638e-04	9.641840e-02	4.999861e+00	7.585248e-02
5.015426865691638e-04	9.693490e-02	4.999861e+00	7.585204e-02
5.015526865691639e-04	9.745838e-02	4.999861e+00	7.585159e-02
5.015626865691639e-04	9.797077e-02	4.999861e+00	7.585115e-02
5.015726865691640e-04	9.849016e-02	4.999861e+00	7.585072e-02
5.015826865691640e-04	9.899855e-02	4.999861e+00	7.585029e-02
5.015926865691641e-04	9.951399e-02	4.999861e+00	7.584988e-02
5.016026865691641e-04	1.000185e-01	4.999861e+00	7.584947e-02
5.016126865691642e-04	1.005301e-01	4.999861e+00	7.584906e-02
5.016226865691642e-04	1.010309e-01	4.999861e+00	7.584866e-02
5.016326865691643e-04	1.015388e-01	4.999861e+00	7.584827e-02
5.016426865691643e-04	1.020359e-01	4.999861e+00	7.584789e-02
5.016526865691644e-04	1.025402e-01	4.999861e+00	7.584751e-02
5.016626865691644e-04	1.030338e-01	4.999861e+00	7.584713e-02
5.016726865691645e-04	1.035346e-01	4.999861e+00	7.584676e-02
5.016826865691645e-04	1.040248e-01	4.999861e+00	7.584640e-02
5.016926865691646e-04	1.045222e-01	4.999861e+00	7.584605e-02
5.017026865691646e-04	1.050091e-01	4.999861e+00	7.584570e-02
5.017126865691647e-04	1.055031e-01	4.999861e+00	7.584535e-02
5.017226865691647e-04	1.059868e-01	4.999861e+00	7.584501e-02
5.017326865691648e-04	1.064777e-01	4.999861e+00	7.584467e-02
5.017426865691648e-04	1.069582e-01	4.999861e+00	7.584434e-02
5.017526865691649e-04	1.074459e-01	4.999861e+00	7.584401e-02
5.017626865691649e-04	1.079234e-01	4.999861e+00	7.584369e-02
5.017726865691650e-04	1.084081e-01	4.999861e+00	7.584337e-02
5.017826865691650e-04	1.088827e-01	4.999861e+00	7.584306e-02
5.017926865691651e-04	1.093644e-01	4.999861e+00	7.584275e-02
5.018026865691651e-04	1.098361e-01	4.999861e+00	7.584245e-02
5.018126865691652e-04	1.103149e-01	4.999861e+00	7.584215e-02
5.018226865691652e-04	1.107838e-01	4.999861e+00	7.584185e-02
5.018326865691653e-04	1.112599e-01	4.999861e+00	7.584156e-02
5.018426865691653e-04	1.117260e-01	4.999861e+00	7.584127e-02
5.018526865691653e-04	1.121993e-01	4.999861e+00	7.584099e-02
5.018626865691654e-04	1.126628e-01	4.999861e+00	7.584071e-02
5.018726865691654e-04	1.131335e-01	4.999861e+00	7.584043e-02
5.018826865691655e-04	1.135944e-01	4.999861e+00	7.584016e-02
5.018926865691655e-04	1.140625e-01	4.999861e+00	7.583989e-02
5.019026865691656e-04	1.145208e-01	4.999861e+00	7.583962e-02
5.019126865691656e-04	1.149864e-01	4.999861e+00	7.583936e-02
5.019226865691657e-04	1.154423e-01	4.999861e+00	7.583910e-02
5.019326865691657e-04	1.159054e-01	4.999861e+00	7.583885e-02
5.019426865691658e-04	1.163589e-01	4.999861e+00	7.583860e-02
5.019526865691658e-04	1.168196e-01	4.999861e+00	7.583834e-02
5.019626865691659e-04	1.172708e-01	4.999861e+00	7.583810e-02
5.019726865691659e-04	1.177291e-01	4.999861e+00	7.583786e-02
5.019826865691660e-04	1.181780e-01	4.999861e+00	7.583762e-02
5.019926865691660e-04	1.186341e-01	4.999861e+00	7.583738e-02
5.020010000000001e-04	1.190048e-01	4.999861e+00	7.583719e-02
5.020013333333334e-04	1.190218e-01	4.999861e+00	7.583718e-02
5.020020000000001e-04	1.190553e-01	4.999861e+00	9.250566e-02
5.020027648417865e-04	1.191060e-01	4.999861e+00	1.302777e-01
5.020035352650502e-04	1.191741e-01	4.999861e+00	1.673879e-01
5.020043378364344e-04	1.192622e-01	4.999861e+00	2.050911e-01
5.020059429792028e-04	1.194878e-01	4.999861e+00	2.777681e-01
5.020091532647395e-04	1.201146e-01	4.999861e+00	4.133839e-01
5.020139194674986e-04	1.214056e-01	4.999861e+00	5.947226e-01
5.020196274180412e-04	1.233902e-01	4.999861e+00	7.875080e-01
5.020278671674544e-04	1.268364e-01	4.999861e+00	1.033381e+00
5.020378671674545e-04	1.316089e-01	4.999861e+00	1.298700e+00
5.020478671674545e-04	1.367571e-01	4.999861e+00	1.542775e+00
5.020578671674546e-04	1.421071e-01	4.999861e+00	1.775241e+00
5.020678671674546e-04	1.475647e-01	4.999861e+00	2.001340e+00
5.020778671674547e-04	1.530786e-01	4.999861e+00	2.223929e+00
5.020878671674547e-04	1.586215e-01	4.999861e+00	2.444562e+00
5.020978671674548e-04	1.641784e-01	4.999861e+00	2.664087e+00
5.021078671674548e-04	1.697414e-01	4.999861e+00	2.882963e+00
5.021178671674549e-04	1.753062e-01	4.999861e+00	3.101442e+00
5.021278671674549e-04	1.808708e-01	4.999861e+00	3.319662e+00
5.021378671674550e-04	1.864340e-01	4.999861e+00	3.537696e+00
5.021478671674550e-04	1.919954e-01	4.999861e+00	3.755585e+00
5.021578671674551e-04	1.975547e-01	4.999861e+00	3.973352e+00
5.021678671674551e-04	2.031119e-01	4.999861e+00	4.191008e+00
5.021778671674552e-04	2.086669e-01	4.999861e+00	4.408561e+00
5.021878671674552e-04	2.142199e-01	4.999861e+00	4.626014e+00
5.021978671674553e-04	2.197708e-01	4.999861e+00	4.843369e+00
5.022078671674553e-04	2.253197e-01	4.999861e+00	5.060627e+00
5.022178671674554e-04	2.308667e-01	4.999861e+00	5.277788e+00
5.022278671674554e-04	2.364118e-01	4.999861e+00	5.494854e+00
5.022378671674555e-04	2.419549e-01	4.999861e+00	5.711825e+00
5.022478671674555e-04	2.474962e-01	4.999861e+00	5.928700e+00
5.022578671674556e-04	2.530356e-01	4.999861e+00	6.145480e+00
5.022678671674556e-04	2.585733e-01	4.999861e+00	6.362165e+00
5.022778671674557e-04	2.641090e-01	4.999861e+00	6.578755e+00
5.022878671674557e-04	2.696429e-01	4.999861e+00	6.795250e+00
5.022978671674558e-04	2.751748e-01	4.999861e+00	7.011650e+00
5.023078671674558e-04	2.807050e-01	4.999861e+00	7.227954e+00
5.023178671674559e-04	2.862332e-01	4.999861e+00	7.444165e+00
5.023278671674559e-04	2.917595e-01	4.999861e+00	7.660280e+00
5.023378671674560e-04	2.972839e-01	4.999861e+00	7.876300e+00
5.023478671674560e-04	3.028064e-01	4.999861e+00	8.092225e+00
5.023578671674560e-04	3.083268e-01	4.999861e+00	8.308056e+00
5.023678671674561e-04	3.138453e-01	4.999861e+00	8.523792e+00
5.023778671674561e-04	3.193617e-01	4.999861e+00	8.739433e+00
5.023878671674562e-04	3.248762e-01	4.999861e+00	8.954980e+00
5.023978671674562e-04	3.303885e-01	4.999861e+00	9.170431e+00
5.024078671674563e-04	3.358988e-01	4.999861e+00	9.385789e+00
5.024178671674563e-04	3.414069e-01	4.999861e+00	9.601051e+00
5.024278671674564e-04	3.469129e-01	4.999861e+00	9.816219e+00
5.024378671674564e-04	3.524166e-01	4.999861e+00	1.003129e+01
5.024478671674565e-04	3.579182e-01	4.999861e+00	1.024627e+01
5.024578671674565e-04	3.634176e-01	4.999861e+00	1.046116e+01
5.024678671674566e-04	3.689147e-01	4.999861e+00	1.067595e+01
5.024778671674566e-04	3.744095e-01	4.999861e+00	1.089064e+01
5.024878671674567e-04	3.799020e-01	4.999861e+00	1.110524e+01
5.024978671674567e-04	3.853921e-01	4.999861e+00	1.131975e+01
5.025078671674568e-04	3.908800e-01	4.999861e+00	1.153416e+01
5.025178671674568e-04	3.963653e-01	4.999861e+00	1.174848e+01
5.025278671674569e-04	4.018483e-01	4.999861e+00	1.196270e+01
5.025378671674569e-04	4.073288e-01	4.999861e+00	1.217683e+01
5.025478671674570e-04	4.128069e-01	4.999861e+00	1.239087e+01
5.025578671674570e-04	4.182824e-01	4.999861e+00	1.260481e+01
5.025678671674571e-04	4.237554e-01	4.999861e+00	1.281866e+01
5.025778671674571e-04	4.292259e-01	4.999861e+00	1.303241e+01
5.025878671674572e-04	4.346938e-01	4.999861e+00	1.324607e+01
5.025978671674572e-04	4.401590e-01	4.999861e+00	1.345963e+01
5.026078671674573e-04	4.456216e-01	4.999861e+00	1.367310e+01
5.026178671674573e-04	4.510816e-01	4.999861e+00	1.388648e+01
5.026278671674574e-04	4.565389e-01	4.999861e+00	1.409976e+01
5.026378671674574e-04	4.619935e-01	4.999861e+00	1.431294e+01
5.026478671674575e-04	4.674453e-01	4.999861e+00	1.452604e+01
5.026578671674575e-04	4.728944e-01	4.999861e+00	1.473904e+01
5.026678671674576e-04	4.783407e-01	4.999861e+00	1.495194e+01
5.026778671674576e-04	4.837841e-01	4.999861e+00	1.516476e+01
5.026878671674577e-04	4.892248e-01	4.999861e+00	1.537747e+01
5.026978671674577e-04	4.946626e-01	4.999861e+00	1.559010e+01
5.027078671674578e-04	5.000975e-01	4.999861e+00	1.580263e+01
5.027178671674578e-04	5.055295e-01	4.999861e+00	1.601506e+01
5.027278671674579e-04	5.109586e-01	4.999861e+00	1.622741e+01
5.027378671674579e-04	5.163847e-01	4.999861e+00	1.643966e+01
5.027478671674580e-04	5.218078e-01	4.999861e+00	1.665181e+01
5.027578671674580e-04	5.272280e-01	4.999861e+00	1.686387e+01
5.027678671674581e-04	5.326451e-01	4.999861e+00	1.707584e+01
5.027778671674581e-04	5.380592e-01	4.999861e+00	1.728771e+01
5.027878671674582e-04	5.434702e-01	4.999861e+00	1.749949e+01
5.027978671674582e-04	5.488781e-01	4.999861e+00	1.771118e+01
5.028078671674583e-04	5.542830e-01	4.999861e+00	1.792277e+01
5.028178671674583e-04	5.596846e-01	4.999861e+00	1.813427e+01
5.028278671674584e-04	5.650832e-01	4.999861e+00	1.834568e+01
5.028378671674584e-04	5.704786e-01	4.999861e+00	1.855699e+01
5.028478671674585e-04	5.758708e-01	4.999861e+00	1.876821e+01
5.028578671674585e-04	5.812597e-01	4.999861e+00	1.897933e+01
5.028678671674585e-04	5.866454e-01	4.999861e+00	1.919037e+01
5.028778671674586e-04	5.920278e-01	4.999861e+00	1.940131e+01
5.028878671674586e-04	5.974070e-01	4.999861e+00	1.961215e+01
5.028978671674587e-04	6.027828e-01	4.999861e+00	1.982290e+01
5.029078671674587e-04	6.081554e-01	4.999861e+00	2.003356e+01
5.029178671674588e-04	6.135246e-01	4.999861e+00	2.024413e+01
5.029278671674588e-04	6.188905e-01	4.999861e+00	2.045460e+01
5.029378671674589e-04	6.242529e-01	4.999861e+00	2.066498e+01
5.029478671674589e-04	6.296120e-01	4.999861e+00	2.087527e+01
5.029578671674590e-04	6.349677e-01	4.999861e+00	2.108546e+01
5.029678671674590e-04	6.403199e-01	4.999861e+00	2.129556e+01
5.029778671674591e-04	6.456687e-01	4.999861e+00	2.150556e+01
5.029878671674591e-04	6.510140e-01	4.999861e+00	2.171548e+01
5.029978671674592e-04	6.563557e-01	4.999861e+00	2.192530e+01
5.030078671674592e-04	6.616940e-01	4.999861e+00	2.213503e+01
5.030178671674593e-04	6.670288e-01	4.999861e+00	2.234466e+01
5.030278671674593e-04	6.723600e-01	4.999861e+00	2.255420e+01
5.030378671674594e-04	6.776876e-01	4.999861e+00	2.276365e+01
5.030478671674594e-04	6.830117e-01	4.999861e+00	2.297300e+01
5.030578671674595e-04	6.883321e-01	4.999861e+00	2.318227e+01
5.030678671674595e-04	6.936490e-01	4.999861e+00	2.339144e+01
5.030778671674596e-04	6.989622e-01	4.999861e+00	2.360051e+01
5.030878671674596e-04	7.042717e-01	4.999861e+00	2.380950e+01
5.030978671674597e-04	7.095776e-01	4.999861e+00	2.401839e+01
5.031078671674597e-04	7.148798e-01	4.999861e+00	2.422719e+01
5.031178671674598e-04	7.201782e-01	4.999861e+00	2.443590e+01
5.031278671674598e-04	7.254729e-01	4.999861e+00	2.464451e+01
5.031378671674599e-04	7.307639e-01	4.999861e+00	2.485303e+01
5.031478671674599e-04	7.360512e-01	4.999861e+00	2.506146e+01
5.031578671674600e-04	7.413347e-01	4.999861e+00	2.526979e+01
5.031678671674600e-04	7.466144e-01	4.999861e+00	2.547804e+01
5.031778671674601e-04	7.518902e-01	4.999861e+00	2.568619e+01
5.031878671674601e-04	7.571623e-01	4.999861e+00	2.589425e+01
5.031978671674602e-04	7.624305e-01	4.999861e+00	2.610221e+01
5.032078671674602e-04	7.676950e-01	4.999861e+00	2.631009e+01
5.032178671674603e-04	7.729554e-01	4.999861e+00	2.651787e+01
5.032278671674603e-04	7.782121e-01	4.999861e+00	2.672556e+01
5.032378671674604e-04	7.834648e-01	4.999861e+00	2.693315e+01
5.032478671674604e-04	7.887136e-01	4.999861e+00	2.714066e+01
5.032578671674605e-04	7.939585e-01	4.999861e+00	2.734807e+01
5.032678671674605e-04	7.991995e-01	4.999861e+00	2.755539e+01
5.032778671674606e-04	8.044365e-01	4.999861e+00	2.776262e+01
5.032878671674606e-04	8.096696e-01	4.999861e+00	2.796975e+01
5.032978671674607e-04	8.148986e-01	4.999861e+00	2.817679e+01
5.033078671674607e-04	8.201236e-01	4.999861e+00	2.838375e+01
5.033178671674608e-04	8.253446e-01	4.999861e+00	2.859060e+01
5.033278671674608e-04	8.305616e-01	4.999861e+00	2.879737e+01
5.033378671674609e-04	8.357746e-01	4.999861e+00	2.900405e+01
5.033478671674609e-04	8.409835e-01	4.999861e+00	2.921063e+01
5.033578671674610e-04	8.461884e-01	4.999861e+00	2.941712e+01
5.033678671674610e-04	8.513891e-01	4.999861e+00	2.962352e+01
5.033778671674610e-04	8.565857e-01	4.999861e+00	2.982983e+01
5.033878671674611e-04	8.617783e-01	4.999861e+00	3.003605e+01
5.033978671674611e-04	8.669667e-01	4.999861e+00	3.024217e+01
5.034078671674612e-04	8.721510e-01	4.999861e+00	3.044820e+01
5.034178671674612e-04	8.773311e-01	4.999860e+00	3.065414e+01
5.034278671674613e-04	8.825071e-01	4.999785e+00	3.085999e+01
5.034291171674613e-04	8.831538e-01	4.999749e+00	3.088571e+01
5.034316171674613e-04	8.844470e-01	4.999367e+00	3.093716e+01
5.034327498435060e-04	8.850328e-01	4.996556e+00	3.096047e+01
5.034334874013364e-04	8.854143e-01	4.988526e+00	3.097564e+01
5.034340453432444e-04	8.857028e-01	4.973131e+00	3.098712e+01
5.034345510524426e-04	8.859643e-01	4.942849e+00	3.099753e+01
5.034349661455569e-04	8.861790e-01	4.889621e+00	3.100607e+01
5.034353268534324e-04	8.863655e-01	4.795812e+00	3.101349e+01
5.034357143993393e-04	8.865659e-01	4.644023e+00	3.102146e+01
5.034362227972792e-04	8.868288e-01	4.402270e+00	3.103192e+01
5.034368792643227e-04	8.871682e-01	4.032965e+00	3.104542e+01
5.034377981969051e-04	8.876433e-01	3.380686e+00	3.106433e+01
5.034390149553029e-04	8.882723e-01	2.080597e+00	3.108936e+01
5.034404542022872e-04	8.890162e-01	8.134574e-02	3.111896e+01
5.034408443679635e-04	8.892179e-01	-2.450641e-02	3.112699e+01
5.034412248295448e-04	8.894145e-01	1.767548e-02	3.113481e+01
5.034413360179391e-04	8.894719e-01	-5.809472e-03	3.113710e+01
5.034413733500269e-04	8.894913e-01	-4.463539e-04	3.113787e+01
5.034413958502872e-04	8.895029e-01	-6.400067e-05	3.113833e+01
5.034414243037046e-04	8.895176e-01	8.717016e-05	3.113892e+01
5.034414523917872e-04	8.895321e-01	1.201837e-04	3.113949e+01
5.034415085679526e-04	8.895611e-01	1.276522e-04	3.114065e+01
5.034416118166527e-04	8.896145e-01	1.190993e-04	3.114277e+01
5.034418098361753e-04	8.897169e-01	1.087459e-04	3.114684e+01
5.034429979533115e-04	8.903309e-01	8.013767e-05	3.117128e+01
5.034477504218561e-04	8.927863e-01	7.983388e-05	3.126901e+01
5.034540870465824e-04	8.960586e-01	7.905089e-05	3.139929e+01
5.034640870465824e-04	9.012194e-01	7.888229e-05	3.160480e+01
5.034740870465825e-04	9.063760e-01	7.829008e-05	3.181023e+01
5.034840870465825e-04	9.115284e-01	7.843038e-05	3.201556e+01
5.034940870465826e-04	9.166765e-01	7.802858e-05	3.222081e+01
5.035040870465826e-04	9.218203e-01	7.827230e-05	3.242596e+01
5.035240870465827e-04	9.320953e-01	7.821599e-05	3.283598e+01
5.035840870465830e-04	9.628167e-01	7.818152e-05	3.406387e+01
5.036840870465835e-04	1.013669e+00	7.816954e-05	3.610307e+01
5.037840870465840e-04	1.064076e+00	7.816006e-05	3.813319e+01
5.039040870465846e-04	1.123962e+00	7.815013e-05	4.055738e+01
5.040640870465854e-04	1.202765e+00	7.813881e-05	4.376948e+01
5.042640870465863e-04	1.299549e+00	7.812698e-05	4.775239e+01
5.045240870465876e-04	1.422438e+00	7.811439e-05	5.287712e+01
5.048640870465893e-04	1.578027e+00	7.810124e-05	5.948914e+01
5.053340870465916e-04	1.783394e+00	7.799471e-05	6.846465e+01
5.060640870465952e-04	2.079864e+00	7.807194e-05	8.203476e+01
5.070140870465998e-04	2.425339e+00	7.802252e-05	9.904031e+01
5.080140870466047e-04	2.741994e+00	7.803022e-05	1.161732e+02
5.090040870466096e-04	3.011445e+00	7.804727e-05	1.323935e+02
5.100340870466146e-04	3.249461e+00	7.803729e-05	1.485219e+02
5.113340870466210e-04	3.494918e+00	7.803908e-05	1.678452e+02
5.117040870466228e-04	3.554599e+00	7.804253e-05	1.731428e+02
5.123640870466261e-04	3.650989e+00	7.804210e-05	1.823783e+02
5.127440870466279e-04	3.700901e+00	7.804191e-05	1.875738e+02
5.130940870466296e-04	3.743336e+00	7.804014e-05	1.922819e+02
5.134340870466313e-04	3.781349e+00	7.804025e-05	1.967858e+02
5.138040870466331e-04	3.819168e+00	7.804156e-05	2.016101e+02
5.143140870466356e-04	3.865367e+00	7.804046e-05	2.081308e+02
5.147940870466380e-04	3.902807e+00	7.804054e-05	2.141340e+02
5.149440870466387e-04	3.913361e+00	7.804135e-05	2.159839e+02
5.150940870466394e-04	3.923402e+00	7.804058e-05	2.178215e+02
5.152440870466402e-04	3.932951e+00	7.804132e-05	2.196469e+02
5.153940870466409e-04	3.942027e+00	7.804061e-05	2.214601e+02
5.155440870466416e-04	3.950649e+00	7.804129e-05	2.232614e+02
5.157040870466424e-04	3.959364e+00	7.804127e-05	2.251695e+02
5.158640870466432e-04	3.967598e+00	7.804126e-05	2.270642e+02
5.160340870466440e-04	3.975839e+00	7.804067e-05	2.290627e+02
5.162140870466449e-04	3.984015e+00	7.804068e-05	2.311624e+02
5.164240870466460e-04	3.992865e+00	7.804122e-05	2.335910e+02
5.167740870466477e-04	4.006034e+00	7.804071e-05	2.375890e+02
5.170040870466488e-04	4.013642e+00	7.804119e-05	2.401827e+02
5.173140870466503e-04	4.022603e+00	7.804074e-05	2.436372e+02
5.181740870466545e-04	4.039974e+00	7.804076e-05	2.529768e+02
5.185640870466565e-04	4.044431e+00	7.804114e-05	2.570967e+02
5.189240870466582e-04	4.046785e+00	7.804114e-05	2.608373e+02
5.192840870466600e-04	4.047543e+00	7.804113e-05	2.645190e+02
5.196440870466617e-04	4.046793e+00	7.804113e-05	2.681429e+02
5.200340870466637e-04	4.044379e+00	7.804080e-05	2.720044e+02
5.204940870466659e-04	4.039517e+00	7.804080e-05	2.764747e+02
5.215140870466709e-04	4.021605e+00	7.804081e-05	2.860705e+02
5.215740870466712e-04	4.020263e+00	7.804081e-05	2.866217e+02
5.219040870466728e-04	4.012333e+00	7.804111e-05	2.896273e+02
5.221740870466742e-04	4.005162e+00	7.804082e-05	2.920543e+02
5.226440870466765e-04	3.991235e+00	7.804111e-05	2.962110e+02
5.229140870466778e-04	3.982437e+00	7.804082e-05	2.985604e+02
5.231740870466791e-04	3.973451e+00	7.804082e-05	3.007966e+02
5.234240870466803e-04	3.964365e+00	7.804110e-05	3.029228e+02
5.236740870466815e-04	3.954869e+00	7.804082e-05	3.050259e+02
5.239140870466827e-04	3.945395e+00	7.804082e-05	3.070233e+02
5.241640870466839e-04	3.935181e+00	7.804110e-05	3.090818e+02
5.244140870466851e-04	3.924646e+00	7.804082e-05	3.111179e+02
5.246740870466864e-04	3.913383e+00	7.804083e-05	3.132119e+02
5.249440870466877e-04	3.901393e+00	7.804110e-05	3.153615e+02
5.257840870466919e-04	3.862483e+00	7.804109e-05	3.218892e+02
5.264440870466951e-04	3.830332e+00	7.804109e-05	3.268529e+02
5.270840870466982e-04	3.797884e+00	7.804109e-05	3.315316e+02
5.277340870467014e-04	3.763659e+00	7.804084e-05	3.361516e+02
5.284240870467048e-04	3.725925e+00	7.804109e-05	3.409146e+02
5.291840870467085e-04	3.682693e+00	7.804108e-05	3.459975e+02
5.300640870467128e-04	3.630476e+00	7.804108e-05	3.516760e+02
5.316040870467204e-04	3.533908e+00	7.804108e-05	3.611035e+02
5.318140870467214e-04	3.520307e+00	7.804085e-05	3.623407e+02
5.347840870467360e-04	3.321070e+00	7.804108e-05	3.786794e+02
5.380540870467520e-04	3.094046e+00	7.804087e-05	3.943889e+02
5.413340870467681e-04	2.867526e+00	7.804087e-05	4.080599e+02
5.420540870467716e-04	2.818692e+00	7.804087e-05	4.108097e+02
5.453640870467879e-04	2.600715e+00	7.804106e-05	4.224058e+02
5.486840870468041e-04	2.395489e+00	7.804106e-05	4.324859e+02
5.520240870468205e-04	2.204781e+00	7.804105e-05	4.412709e+02
5.522940870468218e-04	2.190089e+00	7.804090e-05	4.419274e+02
5.556540870468383e-04	2.016435e+00	7.804090e-05	4.494901e+02
5.590340870468549e-04	1.858716e+00	7.804090e-05	4.560719e+02
5.624340870468716e-04	1.716555e+00	7.804091e-05	4.617959e+02
5.625340870468720e-04	1.712614e+00	7.804091e-05	4.619519e+02
5.659540870468888e-04	1.585694e+00	7.804091e-05	4.669048e+02
5.693840870469056e-04	1.472872e+00	7.804103e-05	4.711938e+02
5.727740870469223e-04	1.374314e+00	7.804092e-05	4.748566e+02
5.762540870469393e-04	1.285199e+00	7.804092e-05	4.781026e+02
5.797540870469565e-04	1.206586e+00	7.804092e-05	4.809143e+02
5.830140870469725e-04	1.142210e+00	7.804093e-05	4.831804e+02
5.865840870469900e-04	1.080385e+00	7.804101e-05	4.853251e+02
5.901940870470077e-04	1.026001e+00	7.804094e-05	4.871854e+02
5.932540870470227e-04	9.855500e-01	7.804095e-05	4.885524e+02
5.969540870470408e-04	9.427225e-01	7.804096e-05	4.899836e+02
6.007240870470593e-04	9.050849e-01	7.804106e-05	4.912269e+02
6.034940870470729e-04	8.808175e-01	7.804103e-05	4.920209e+02
6.074040870470921e-04	8.508325e-01	7.804117e-05	4.929934e+02
6.114140870471117e-04	8.246039e-01	7.804127e-05	4.938357e+02
6.137340870471231e-04	8.112583e-01	7.804140e-05	4.942611e+02
6.179340870471437e-04	7.900693e-01	7.804168e-05	4.949319e+02
6.222940870471651e-04	7.715846e-01	7.804207e-05	4.955121e+02
6.239740870471733e-04	7.652946e-01	7.804226e-05	4.957084e+02
6.286040870471960e-04	7.500398e-01	7.804284e-05	4.961820e+02
6.334740870472199e-04	7.368347e-01	7.804347e-05	4.965889e+02
6.342140870472235e-04	7.350499e-01	7.804358e-05	4.966437e+02
6.394440870472492e-04	7.238768e-01	7.804444e-05	4.969852e+02
6.444540870472737e-04	7.152186e-01	7.804536e-05	4.972482e+02
6.505140870473034e-04	7.068892e-01	7.806528e-05	4.974996e+02
6.546940870473239e-04	7.022535e-01	7.829806e-05	4.976389e+02
6.618840870473592e-04	6.959493e-01	8.121268e-05	4.978274e+02
6.649340870473741e-04	6.937976e-01	1.323359e-04	4.978915e+02
6.670940870473847e-04	6.924320e-01	2.209023e-04	4.979321e+02
6.682440870473904e-04	6.917539e-01	3.315999e-04	4.979523e+02
6.689240870473937e-04	6.913680e-01	4.652173e-04	4.979637e+02
6.693540870473958e-04	6.911297e-01	6.218638e-04	4.979708e+02
6.696340870473972e-04	6.909767e-01	7.971749e-04	4.979753e+02
6.698240870473981e-04	6.908740e-01	9.894004e-04	4.979784e+02
6.699640870473988e-04	6.907988e-01	1.210799e-03	4.979806e+02
6.700640870473993e-04	6.907454e-01	1.453570e-03	4.979822e+02
6.701340870473996e-04	6.907081e-01	1.708043e-03	4.979833e+02
6.701840870473999e-04	6.906816e-01	1.973910e-03	4.979841e+02
6.702140870474000e-04	6.906657e-01	2.196520e-03	4.979846e+02
6.702440870474002e-04	6.906498e-01	2.507622e-03	4.979850e+02
6.702640870474003e-04	6.906392e-01	2.806659e-03	4.979854e+02
6.702740870474003e-04	6.906339e-01	3.005627e-03	4.979855e+02
6.702840870474004e-04	6.906286e-01	3.259118e-03	4.979857e+02
6.702940870474004e-04	6.906233e-01	3.602984e-03	4.979858e+02
6.703031153906133e-04	6.906186e-01	4.050277e-03	4.979860e+02
6.703120833183594e-04	6.906139e-01	4.785788e-03	4.979861e+02
6.703220833183595e-04	6.906086e-01	6.846584e-03	4.979863e+02
6.703233333183595e-04	6.906079e-01	7.347859e-03	4.979863e+02
6.703258333183595e-04	6.906066e-01	8.753823e-03	4.979863e+02
6.703279461680128e-04	6.906055e-01	1.091141e-02	4.979864e+02
6.703302905725166e-04	6.906043e-01	1.598978e-02	4.979864e+02
6.703332986239472e-04	6.906027e-01	2.848704e-02	4.979865e+02
6.703371462183772e-04	6.906006e-01	5.578679e-02	4.979865e+02
6.703393679044677e-04	6.905994e-01	9.169192e-02	4.979865e+02
6.703411193679626e-04	6.905985e-01	1.563570e-01	4.979866e+02
6.703428913969716e-04	6.905976e-01	2.933031e-01	4.979866e+02
6.703448053645102e-04	6.905966e-01	6.140861e-01	4.979866e+02
6.703465966874268e-04	6.905956e-01	1.271721e+00	4.979867e+02
6.703483800328345e-04	6.905947e-01	2.717080e+00	4.979867e+02
6.703500711303127e-04	6.905938e-01	4.904096e+00	4.979867e+02
6.703505157823148e-04	6.905936e-01	5.026774e+00	4.979867e+02
6.703509492962787e-04	6.905934e-01	4.980377e+00	4.979867e+02
6.703510954486063e-04	6.905933e-01	5.007632e+00	4.979867e+02
6.703511447457733e-04	6.905932e-01	4.999638e+00	4.979867e+02
6.703511706586376e-04	6.905932e-01	4.999734e+00	4.979867e+02
6.703511965384514e-04	6.905932e-01	4.999766e+00	4.979867e+02
6.703512243577933e-04	6.905932e-01	4.999778e+00	4.979867e+02
6.703512799964772e-04	6.905932e-01	4.999788e+00	4.979867e+02
6.703513912738448e-04	6.905931e-01	4.999799e+00	4.979867e+02
6.703516138285802e-04	6.905930e-01	4.999819e+00	4.979867e+02
6.703520589380509e-04	6.905928e-01	4.999847e+00	4.979867e+02
6.703547295948751e-04	6.905914e-01	4.999858e+00	4.979868e+02
6.703582904706408e-04	6.905895e-01	4.999860e+00	4.979868e+02
6.703654122221721e-04	6.905857e-01	4.999859e+00	4.979869e+02
6.703754122221722e-04	6.905805e-01	4.999861e+00	4.979871e+02
6.703854122221722e-04	6.905752e-01	4.999860e+00	4.979872e+02
6.703954122221723e-04	6.905699e-01	4.999861e+00	4.979874e+02
6.704054122221723e-04	6.905647e-01	4.999860e+00	4.979876e+02
6.704154122221724e-04	6.905594e-01	4.999862e+00	4.979877e+02
6.704354122221725e-04	6.905490e-01	4.999862e+00	4.979880e+02
6.705054122221728e-04	6.905122e-01	4.999861e+00	4.979891e+02
6.749354122221945e-04	6.883967e-01	4.999861e+00	4.980518e+02
6.851754122222447e-04	6.847832e-01	4.999861e+00	4.981585e+02
6.954154122222949e-04	6.824375e-01	4.999861e+00	4.982275e+02
7.056554122223451e-04	6.809162e-01	4.999861e+00	4.982721e+02
7.158954122223954e-04	6.799302e-01	4.999861e+00	4.983010e+02
7.261354122224456e-04	6.792915e-01	4.999861e+00	4.983196e+02
7.363754122224958e-04	6.788779e-01	4.999861e+00	4.983317e+02
7.466154122225460e-04	6.786103e-01	4.999861e+00	4.983395e+02
7.568554122225962e-04	6.784371e-01	4.999861e+00	4.983445e+02
7.670954122226464e-04	6.783249e-01	4.999861e+00	4.983478e+02
7.773354122226966e-04	6.782525e-01	4.999861e+00	4.983499e+02
7.875754122227468e-04	6.782055e-01	4.999861e+00	4.983513e+02
7.978154122227970e-04	6.781752e-01	4.999861e+00	4.983522e+02
8.080554122228472e-04	6.781555e-01	4.999861e+00	4.983528e+02
8.182954122228974e-04	6.781428e-01	4.999861e+00	4.983531e+02
8.285354122229477e-04	6.781346e-01	4.999861e+00	4.983534e+02
8.387754122229979e-04	6.781293e-01	4.999861e+00	4.983535e+02
8.490154122230481e-04	6.781259e-01	4.999861e+00	4.983536e+02
8.592554122230983e-04	6.781237e-01	4.999861e+00	4.983537e+02
8.694954122231485e-04	6.781222e-01	4.999861e+00	4.983537e+02
8.797354122231987e-04	6.781213e-01	4.999861e+00	4.983537e+02
8.899754122232489e-04	6.781207e-01	4.999861e+00	4.983538e+02
9.002154122232991e-04	6.781203e-01	4.999861e+00	4.983538e+02
9.104554122233493e-04	6.781201e-01	4.999861e+00	4.983538e+02
9.206954122233995e-04	6.781199e-01	4.999861e+00	4.983538e+02
9.309354122234497e-04	6.781198e-01	4.999861e+00	4.983538e+02
9.411754122235000e-04	6.781197e-01	4.999861e+00	4.983538e+02
9.514154122235502e-04	6.781197e-01	4.999861e+00	4.983538e+02
9.616554122236004e-04	6.781197e-01	4.999861e+00	4.983538e+02
9.718954122236506e-04	6.781197e-01	4.999861e+00	4.983538e+02
9.821354122236403e-04	6.781196e-01	4.999861e+00	4.983538e+02
9.923754122235795e-04	6.781196e-01	4.999861e+00	4.983538e+02
1.002615412223519e-03	6.781196e-01	4.999861e+00	4.983538e+02
1.012855412223458e-03	6.781196e-01	4.999861e+00	4.983538e+02
1.023095412223397e-03	6.781196e-01	4.999861e+00	4.983538e+02
1.033335412223336e-03	6.781196e-01	4.999861e+00	4.983538e+02
1.043575412223275e-03	6.781196e-01	4.999861e+00	4.983538e+02
1.053815412223215e-03	6.781196e-01	4.999861e+00	4.983538e+02
1.064055412223154e-03	6.781196e-01	4.999861e+00	4.983538e+02
1.074295412223093e-03	6.781196e-01	4.999861e+00	4.983538e+02
1.084535412223032e-03	6.781196e-01	4.999861e+00	4.983538e+02
1.094775412222971e-03	6.781196e-01	4.999861e+00	4.983538e+02
1.105015412222911e-03	6.781196e-01	4.999861e+00	4.983538e+02
1.115255412222850e-03	6.781196e-01	4.999861e+00	4.983538e+02
1.125495412222789e-03	6.781196e-01	4.999861e+00	4.983538e+02
1.135735412222728e-03	6.781196e-01	4.999861e+00	4.983538e+02
1.145975412222667e-03	6.781196e-01	4.999861e+00	4.983538e+02
1.156215412222606e-03	6.781196e-01	4.999861e+00	4.983538e+02
1.166455412222546e-03	6.781196e-01	4.999861e+00	4.983538e+02
1.176695412222485e-03	6.781196e-01	4.999861e+00	4.983538e+02
1.186935412222424e-03	6.781196e-01	4.999861e+00	4.983538e+02
1.197175412222363e-03	6.781196e-01	4.999861e+00	4.983538e+02
1.207415412222302e-03	6.781196e-01	4.999861e+00	4.983538e+02
1.217655412222242e-03	6.781196e-01	4.999861e+00	4.983538e+02
1.227895412222181e-03	6.781196e-01	4.999861e+00	4.983538e+02
1.238135412222120e-03	6.781196e-01	4.999861e+00	4.983538e+02
1.248375412222059e-03	6.781196e-01	4.999861e+00	4.983538e+02
1.258615412221998e-03	6.781196e-01	4.999861e+00	4.983538e+02
1.268855412221938e-03	6.781196e-01	4.999861e+00	4.983538e+02
1.279095412221877e-03	6.781196e-01	4.999861e+00	4.983538e+02
1.289335412221816e-03	6.781196e-01	4.999861e+00	4.983538e+02
1.299575412221755e-03	6.781196e-01	4.999861e+00	4.983538e+02
1.309815412221694e-03	6.781196e-01	4.999861e+00	4.983538e+02
1.320055412221633e-03	6.781196e-01	4.999861e+00	4.983538e+02
1.330295412221573e-03	6.781196e-01	4.999861e+00	4.983538e+02
1.340535412221512e-03	6.781196e-01	4.999861e+00	4.983538e+02
1.350775412221451e-03	6.781196e-01	4.999861e+00	4.983538e+02
1.361015412221390e-03	6.781196e-01	4.999861e+00	4.983538e+02
1.371255412221329e-03	6.781196e-01	4.999861e+00	4.983538e+02
1.381495412221269e-03	6.781196e-01	4.999861e+00	4.983538e+02
1.391735412221208e-03	6.781196e-01	4.999861e+00	4.983538e+02
1.401975412221147e-03	6.781196e-01	4.999861e+00	4.983538e+02
1.412215412221086e-03	6.781196e-01	4.999861e+00	4.983538e+02
1.422455412221025e-03	6.781196e-01	4.999861e+00	4.983538e+02
1.432695412220964e-03	6.781196e-01	4.999861e+00	4.983538e+02
1.442935412220904e-03	6.781196e-01	4.999861e+00	4.983538e+02
1.453175412220843e-03	6.781196e-01	4.999861e+00	4.983538e+02
1.463415412220782e-03	6.781196e-01	4.999861e+00	4.983538e+02
1.473655412220721e-03	6.781196e-01	4.999861e+00	4.983538e+02
1.483895412220660e-03	6.781196e-01	4.999861e+00	4.983538e+02
1.494135412220600e-03	6.781196e-01	4.999861e+00	4.983538e+02
1.504375412220539e-03	6.781196e-01	4.999861e+00	4.983538e+02
1.514615412220478e-03	6.781196e-01	4.999861e+00	4.983538e+02
1.524855412220417e-03	6.781196e-01	4.999861e+00	4.983538e+02
1.535095412220356e-03	6.781196e-01	4.999861e+00	4.983538e+02
1.545335412220296e-03	6.781196e-01	4.999861e+00	4.983538e+02
1.555575412220235e-03	6.781196e-01	4.999861e+00	4.983538e+02
1.565815412220174e-03	6.781196e-01	4.999861e+00	4.983538e+02
1.576055412220113e-03	6.781196e-01	4.999861e+00	4.983538e+02
1.586295412220052e-03	6.781196e-01	4.999861e+00	4.983538e+02
1.596535412219991e-03	6.781196e-01	4.999861e+00	4.983538e+02
1.606775412219931e-03	6.781196e-01	4.999861e+00	4.983538e+02
1.617015412219870e-03	6.781196e-01	4.999861e+00	4.983538e+02
1.627255412219809e-03	6.781196e-01	4.999861e+00	4.983538e+02
1.637495412219748e-03	6.781196e-01	4.999861e+00	4.983538e+02
1.647735412219687e-03	6.781196e-01	4.999861e+00	4.983538e+02
1.657975412219627e-03	6.781196e-01	4.999861e+00	4.983538e+02
1.668215412219566e-03	6.781196e-01	4.999861e+00	4.983538e+02
1.678455412219505e-03	6.781196e-01	4.999861e+00	4.983538e+02
1.688695412219444e-03	6.781196e-01	4.999861e+00	4.983538e+02
1.698935412219383e-03	6.781196e-01	4.999861e+00	4.983538e+02
1.709175412219323e-03	6.781196e-01	4.999861e+00	4.983538e+02
1.719415412219262e-03	6.781196e-01	4.999861e+00	4.983538e+02
1.729655412219201e-03	6.781196e-01	4.999861e+00	4.983538e+02
1.739895412219140e-03	6.781196e-01	4.999861e+00	4.983538e+02
1.750135412219079e-03	6.781196e-01	4.999861e+00	4.983538e+02
1.760375412219018e-03	6.781196e-01	4.999861e+00	4.983538e+02
1.770615412218958e-03	6.781196e-01	4.999861e+00	4.983538e+02
1.780855412218897e-03	6.781196e-01	4.999861e+00	4.983538e+02
1.791095412218836e-03	6.781196e-01	4.999861e+00	4.983538e+02
1.801335412218775e-03	6.781196e-01	4.999861e+00	4.983538e+02
1.811575412218714e-03	6.781196e-01	4.999861e+00	4.983538e+02
1.821815412218654e-03	6.781196e-01	4.999861e+00	4.983538e+02
1.832055412218593e-03	6.781196e-01	4.999861e+00	4.983538e+02
1.842295412218532e-03	6.781196e-01	4.999861e+00	4.983538e+02
1.852535412218471e-03	6.781196e-01	4.999861e+00	4.983538e+02
1.862775412218410e-03	6.781196e-01	4.999861e+00	4.983538e+02
1.873015412218350e-03	6.781196e-01	4.999861e+00	4.983538e+02
1.883255412218289e-03	6.781196e-01	4.999861e+00	4.983538e+02
1.893495412218228e-03	6.781196e-01	4.999861e+00	4.983538e+02
1.903735412218167e-03	6.781196e-01	4.999861e+00	4.983538e+02
1.913975412218106e-03	6.781196e-01	4.999861e+00	4.983538e+02
1.924215412218045e-03	6.781196e-01	4.999861e+00	4.983538e+02
1.934455412217985e-03	6.781196e-01	4.999861e+00	4.983538e+02
1.944695412217924e-03	6.781196e-01	4.999861e+00	4.983538e+02
1.954935412217863e-03	6.781196e-01	4.999861e+00	4.983538e+02
1.965175412217802e-03	6.781196e-01	4.999861e+00	4.983538e+02
1.975415412217742e-03	6.781196e-01	4.999861e+00	4.983538e+02
1.985655412217681e-03	6.781196e-01	4.999861e+00	4.983538e+02
1.995895412217620e-03	6.781196e-01	4.999861e+00	4.983538e+02
2.006135412217559e-03	6.781196e-01	4.999861e+00	4.983538e+02
2.016375412217498e-03	6.781196e-01	4.999861e+00	4.983538e+02
2.026615412217438e-03	6.781196e-01	4.999861e+00	4.983538e+02
2.036855412217377e-03	6.781196e-01	4.999861e+00	4.983538e+02
2.047095412217316e-03	6.781196e-01	4.999861e+00	4.983538e+02
2.057335412217255e-03	6.781196e-01	4.999861e+00	4.983538e+02
2.067575412217194e-03	6.781196e-01	4.999861e+00	4.983538e+02
2.077815412217133e-03	6.781196e-01	4.999861e+00	4.983538e+02
2.088055412217073e-03	6.781196e-01	4.999861e+00	4.983538e+02
2.098295412217012e-03	6.781196e-01	4.999861e+00	4.983538e+02
2.108535412216951e-03	6.781196e-01	4.999861e+00	4.983538e+02
2.118775412216890e-03	6.781196e-01	4.999861e+00	4.983538e+02
2.129015412216829e-03	6.781196e-01	4.999861e+00	4.983538e+02
2.139255412216769e-03	6.781196e-01	4.999861e+00	4.983538e+02
2.149495412216708e-03	6.781196e-01	4.999861e+00	4.983538e+02
2.159735412216647e-03	6.781196e-01	4.999861e+00	4.983538e+02
2.169975412216586e-03	6.781196e-01	4.999861e+00	4.983538e+02
2.180215412216525e-03	6.781196e-01	4.999861e+00	4.983538e+02
2.190455412216465e-03	6.781196e-01	4.999861e+00	4.983538e+02
2.200695412216404e-03	6.781196e-01	4.999861e+00	4.983538e+02
2.210935412216343e-03	6.781196e-01	4.999861e+00	4.983538e+02
2.221175412216282e-03	6.781196e-01	4.999861e+00	4.983538e+02
2.231415412216221e-03	6.781196e-01	4.999861e+00	4.983538e+02
2.241655412216160e-03	6.781196e-01	4.999861e+00	4.983538e+02
2.251895412216100e-03	6.781196e-01	4.999861e+00	4.983538e+02
2.262135412216039e-03	6.781196e-01	4.999861e+00	4.983538e+02
2.272375412215978e-03	6.781196e-01	4.999861e+00	4.983538e+02
2.282615412215917e-03	6.781196e-01	4.999861e+00	4.983538e+02
2.292855412215856e-03	6.781196e-01	4.999861e+00	4.983538e+02
2.303095412215796e-03	6.781196e-01	4.999861e+00	4.983538e+02
2.313335412215735e-03	6.781196e-01	4.999861e+00	4.983538e+02
2.323575412215674e-03	6.781196e-01	4.999861e+00	4.983538e+02
2.333815412215613e-03	6.781196e-01	4.999861e+00	4.983538e+02
2.344055412215552e-03	6.781196e-01	4.999861e+00	4.983538e+02
2.354295412215492e-03	6.781196e-01	4.999861e+00	4.983538e+02
2.364535412215431e-03	6.781196e-01	4.999861e+00	4.983538e+02
2.374775412215370e-03	6.781196e-01	4.999861e+00	4.983538e+02
2.385015412215309e-03	6.781196e-01	4.999861e+00	4.983538e+02
2.395255412215248e-03	6.781196e-01	4.999861e+00	4.983538e+02
2.405495412215187e-03	6.781196e-01	4.999861e+00	4.983538e+02
2.415735412215127e-03	6.781196e-01	4.999861e+00	4.983538e+02
2.425975412215066e-03	6.781196e-01	4.999861e+00	4.983538e+02
2.436215412215005e-03	6.781196e-01	4.999861e+00	4.983538e+02
2.446455412214944e-03	6.781196e-01	4.999861e+00	4.983538e+02
2.456695412214883e-03	6.781196e-01	4.999861e+00	4.983538e+02
2.466935412214823e-03	6.781196e-01	4.999861e+00	4.983538e+02
2.477175412214762e-03	6.781196e-01	4.999861e+00	4.983538e+02
2.487415412214701e-03	6.781196e-01	4.999861e+00	4.983538e+02
2.497655412214640e-03	6.781196e-01	4.999861e+00	4.983538e+02
2.507895412214579e-03	6.781196e-01	4.999861e+00	4.983538e+02
2.518135412214519e-03	6.781196e-01	4.999861e+00	4.983538e+02
2.528375412214458e-03	6.781196e-01	4.999861e+00	4.983538e+02
2.538615412214397e-03	6.781196e-01	4.999861e+00	4.983538e+02
2.548855412214336e-03	6.781196e-01	4.999861e+00	4.983538e+02
2.559095412214275e-03	6.781196e-01	4.999861e+00	4.983538e+02
2.569335412214214e-03	6.781196e-01	4.999861e+00	4.983538e+02
2.579575412214154e-03	6.781196e-01	4.999861e+00	4.983538e+02
2.589815412214093e-03	6.781196e-01	4.999861e+00	4.983538e+02
2.600055412214032e-03	6.781196e-01	4.999861e+00	4.983538e+02
2.610295412213971e-03	6.781196e-01	4.999861e+00	4.983538e+02
2.620535412213910e-03	6.781196e-01	4.999861e+00	4.983538e+02
2.630775412213850e-03	6.781196e-01	4.999861e+00	4.983538e+02
2.641015412213789e-03	6.781196e-01	4.999861e+00	4.983538e+02
2.651255412213728e-03	6.781196e-01	4.999861e+00	4.983538e+02
2.661495412213667e-03	6.781196e-01	4.999861e+00	4.983538e+02
2.671735412213606e-03	6.781196e-01	4.999861e+00	4.983538e+02
2.681975412213545e-03	6.781196e-01	4.999861e+00	4.983538e+02
2.692215412213485e-03	6.781196e-01	4.999861e+00	4.983538e+02
2.702455412213424e-03	6.781196e-01	4.999861e+00	4.983538e+02
2.712695412213363e-03	6.781196e-01	4.999861e+00	4.983538e+02
2.722935412213302e-03	6.781196e-01	4.999861e+00	4.983538e+02
2.733175412213241e-03	6.781196e-01	4.999861e+00	4.983538e+02
2.743415412213181e-03	6.781196e-01	4.999861e+00	4.983538e+02
2.753655412213120e-03	6.781196e-01	4.999861e+00	4.983538e+02
2.763895412213059e-03	6.781196e-01	4.999861e+00	4.983538e+02
2.774135412212998e-03	6.781196e-01	4.999861e+00	4.983538e+02
2.784375412212937e-03	6.781196e-01	4.999861e+00	4.983538e+02
2.794615412212877e-03	6.781196e-01	4.999861e+00	4.983538e+02
2.804855412212816e-03	6.781196e-01	4.999861e+00	4.983538e+02
2.815095412212755e-03	6.781196e-01	4.999861e+00	4.983538e+02
2.825335412212694e-03	6.781196e-01	4.999861e+00	4.983538e+02
2.835575412212633e-03	6.781196e-01	4.999861e+00	4.983538e+02
2.845815412212572e-03	6.781196e-01	4.999861e+00	4.983538e+02
2.856055412212512e-03	6.781196e-01	4.999861e+00	4.983538e+02
2.866295412212451e-03	6.781196e-01	4.999861e+00	4.983538e+02
2.876535412212390e-03	6.781196e-01	4.999861e+00	4.983538e+02
2.886775412212329e-03	6.781196e-01	4.999861e+00	4.983538e+02
2.897015412212268e-03	6.781196e-01	4.999861e+00	4.983538e+02
2.907255412212208e-03	6.781196e-01	4.999861e+00	4.983538e+02
2.917495412212147e-03	6.781196e-01	4.999861e+00	4.983538e+02
2.927735412212086e-03	6.781196e-01	4.999861e+00	4.983538e+02
2.937975412212025e-03	6.781196e-01	4.999861e+00	4.983538e+02
2.948215412211964e-03	6.781196e-01	4.999861e+00	4.983538e+02
2.958455412211904e-03	6.781196e-01	4.999861e+00	4.983538e+02
2.968695412211843e-03	6.781196e-01	4.999861e+00	4.983538e+02
2.978935412211782e-03	6.781196e-01	4.999861e+00	4.983538e+02
2.989175412211721e-03	6.781196e-01	4.999861e+00	4.983538e+02
2.999415412211660e-03	6.781196e-01	4.999861e+00	4.983538e+02
3.000000000000000e-03	6.781196e-01	4.999861e+00	4.983538e+02
