ISO-10303-21;
HEADER;
FILE_DESCRIPTION(('STEP AP214'),'1');
FILE_NAME('5-535541-8_TYC','2025-11-07T10:54:53',(''),(''),'','','');
FILE_SCHEMA(('AUTOMOTIVE_DESIGN'));
ENDSEC;
DATA;
#1=SHAPE_DEFINITION_REPRESENTATION(#2,#3);
#2=PRODUCT_DEFINITION_SHAPE('',$,#4);
#3=SHAPE_REPRESENTATION('',(#188,#7049,#7797,#8545,#9293,#10041,#10789,#11537,#12285,#13033,#13781,#19),#11);
#4=PRODUCT_DEFINITION('design','example product_definition',#6,#5);
#5=PRODUCT_DEFINITION_CONTEXT('3D Mechanical Parts',#10,'design');
#6=PRODUCT_DEFINITION_FORMATION('1.0','first version',#8);
#7=APPLICATION_PROTOCOL_DEFINITION('international standard','automotive_design',2003,#10);
#8=PRODUCT('product','part','',(#9));
#9=PRODUCT_CONTEXT('3D Mechanical Parts',#10,'mechanical');
#10=APPLICATION_CONTEXT('Core Data for Automotive Mechanical Design Process');
#11=(GEOMETRIC_REPRESENTATION_CONTEXT(3) GLOBAL_UNCERTAINTY_ASSIGNED_CONTEXT((#12)) GLOBAL_UNIT_ASSIGNED_CONTEXT((#13,#14,#18)) REPRESENTATION_CONTEXT('ID1','3D'));
#12=UNCERTAINTY_MEASURE_WITH_UNIT(LENGTH_MEASURE(1.E-005),#13,'DISTANCE_ACCURACY_VALUE','Maximum model space distance between geometric entities at asserted connectivities');
#13=(LENGTH_UNIT() NAMED_UNIT(*) SI_UNIT(.MILLI.,.METRE.));
#14=(CONVERSION_BASED_UNIT('degree',#16) NAMED_UNIT(#15) PLANE_ANGLE_UNIT());
#15=DIMENSIONAL_EXPONENTS(0.,0.,0.,0.,0.,0.,0.);
#16=MEASURE_WITH_UNIT(PLANE_ANGLE_MEASURE(0.01745329252),#17);
#17=(NAMED_UNIT(*) PLANE_ANGLE_UNIT() SI_UNIT($,.RADIAN.));
#18=(NAMED_UNIT(*) SI_UNIT($,.STERADIAN.) SOLID_ANGLE_UNIT());
#19=AXIS2_PLACEMENT_3D('',#20,#21,#22);
#20=CARTESIAN_POINT('',(0.0,0.0,0.0));
#21=DIRECTION('',(0.0,0.0,1.0));
#22=DIRECTION('',(1.0,0.0,0.0));
#25=MECHANICAL_DESIGN_GEOMETRIC_PRESENTATION_REPRESENTATION($,(#190,#239,#288,#337,#386,#435,#484,#533,#582,#631,#680,#773,#866,#915,#964,#1013,#1062,#1111,#1160,#1209,#1258,#1307,#1356,#1449,#1542,#1591,#1640,#1689,#1738,#1787,#1836,#1885,#1934,#1983,#2032,#2125,#2218,#2267,#2316,#2365,#2414,#2463,#2512,#2561,#2610,#2659,#2708,#2801,#2894,#2943,#2992,#3041,#3090,#3139,#3188,#3237,#3286,#3335,#3384,#3477,#3570,#3619,#3668,#3717,#3766,#3815,#3864,#3913,#3962,#4011,#4060,#4153,#4246,#4295,#4344,#4393,#4442,#4491,#4540,#4589,#4638,#4687,#4736,#4829,#4922,#4971,#5020,#5069,#5118,#5167,#5216,#5265,#5314,#5363,#5412,#5505,#5598,#5647,#5696,#5745,#5794,#5843,#5892,#5941,#5990,#6039,#6088,#6181,#6274,#6323,#6372,#6421,#6470,#6519,#6568,#6617,#6666,#6715,#6764,#6857,#6950,#6999,#7051,#7100,#7149,#7198,#7247,#7296,#7345,#7394,#7443,#7474,#7527,#7580,#7655,#7748,#7799,#7848,#7897,#7946,#7995,#8044,#8093,#8142,#8191,#8222,#8275,#8328,#8403,#8496,#8547,#8596,#8645,#8694,#8743,#8792,#8841,#8890,#8939,#8970,#9023,#9076,#9151,#9244,#9295,#9344,#9393,#9442,#9491,#9540,#9589,#9638,#9687,#9718,#9771,#9824,#9899,#9992,#10043,#10092,#10141,#10190,#10239,#10288,#10337,#10386,#10435,#10466,#10519,#10572,#10647,#10740,#10791,#10840,#10889,#10938,#10987,#11036,#11085,#11134,#11183,#11214,#11267,#11320,#11395,#11488,#11539,#11588,#11637,#11686,#11735,#11784,#11833,#11882,#11931,#11962,#12015,#12068,#12143,#12236,#12287,#12336,#12385,#12434,#12483,#12532,#12581,#12630,#12679,#12710,#12763,#12816,#12891,#12984,#13035,#13084,#13133,#13182,#13231,#13280,#13329,#13378,#13427,#13458,#13511,#13564,#13639,#13732,#13783,#13832,#13881,#13930,#13979,#14028,#14077,#14126,#14175,#14206,#14259,#14312,#14387,#14480),#11);
#26=PRODUCT_CATEGORY_RELATIONSHIP('','',#27,#28);
#27=PRODUCT_CATEGORY('part','');
#28=PRODUCT_RELATED_PRODUCT_CATEGORY('','',(#8));
#34=PRESENTATION_STYLE_ASSIGNMENT((#35,#40));
#35=SURFACE_STYLE_USAGE(.BOTH.,#36);
#36=SURFACE_SIDE_STYLE('',(#37));
#37=SURFACE_STYLE_FILL_AREA(#38);
#38=FILL_AREA_STYLE('',(#39));
#39=FILL_AREA_STYLE_COLOUR('',#41);
#40=CURVE_STYLE('',#42,POSITIVE_LENGTH_MEASURE(0.1),#41);
#41=COLOUR_RGB('Gold',0.843,0.686,0.0);
#42=DRAUGHTING_PRE_DEFINED_CURVE_FONT('continuous');
#43=PRESENTATION_STYLE_ASSIGNMENT((#44,#49));
#44=SURFACE_STYLE_USAGE(.BOTH.,#45);
#45=SURFACE_SIDE_STYLE('',(#46));
#46=SURFACE_STYLE_FILL_AREA(#47);
#47=FILL_AREA_STYLE('',(#48));
#48=FILL_AREA_STYLE_COLOUR('',#50);
#49=CURVE_STYLE('',#51,POSITIVE_LENGTH_MEASURE(0.1),#50);
#50=COLOUR_RGB('Black',0.196,0.196,0.196);
#51=DRAUGHTING_PRE_DEFINED_CURVE_FONT('continuous');
#52=PRESENTATION_STYLE_ASSIGNMENT((#53,#58));
#53=SURFACE_STYLE_USAGE(.BOTH.,#54);
#54=SURFACE_SIDE_STYLE('',(#55));
#55=SURFACE_STYLE_FILL_AREA(#56);
#56=FILL_AREA_STYLE('',(#57));
#57=FILL_AREA_STYLE_COLOUR('',#59);
#58=CURVE_STYLE('',#60,POSITIVE_LENGTH_MEASURE(0.1),#59);
#59=COLOUR_RGB('Pin1',0.588,0.588,0.588);
#60=DRAUGHTING_PRE_DEFINED_CURVE_FONT('continuous');
#61=PRESENTATION_STYLE_ASSIGNMENT((#62,#67));
#62=SURFACE_STYLE_USAGE(.BOTH.,#63);
#63=SURFACE_SIDE_STYLE('',(#64));
#64=SURFACE_STYLE_FILL_AREA(#65);
#65=FILL_AREA_STYLE('',(#66));
#66=FILL_AREA_STYLE_COLOUR('',#68);
#67=CURVE_STYLE('',#69,POSITIVE_LENGTH_MEASURE(0.1),#68);
#68=COLOUR_RGB('HeatTab',0.588,0.588,0.588);
#69=DRAUGHTING_PRE_DEFINED_CURVE_FONT('continuous');
#70=PRESENTATION_STYLE_ASSIGNMENT((#71,#76));
#71=SURFACE_STYLE_USAGE(.BOTH.,#72);
#72=SURFACE_SIDE_STYLE('',(#73));
#73=SURFACE_STYLE_FILL_AREA(#74);
#74=FILL_AREA_STYLE('',(#75));
#75=FILL_AREA_STYLE_COLOUR('',#77);
#76=CURVE_STYLE('',#78,POSITIVE_LENGTH_MEASURE(0.1),#77);
#77=COLOUR_RGB('Aluminum',0.725,0.725,0.725);
#78=DRAUGHTING_PRE_DEFINED_CURVE_FONT('continuous');
#79=PRESENTATION_STYLE_ASSIGNMENT((#80,#85));
#80=SURFACE_STYLE_USAGE(.BOTH.,#81);
#81=SURFACE_SIDE_STYLE('',(#82));
#82=SURFACE_STYLE_FILL_AREA(#83);
#83=FILL_AREA_STYLE('',(#84));
#84=FILL_AREA_STYLE_COLOUR('',#86);
#85=CURVE_STYLE('',#87,POSITIVE_LENGTH_MEASURE(0.1),#86);
#86=COLOUR_RGB('Brown',0.459,0.345,0.176);
#87=DRAUGHTING_PRE_DEFINED_CURVE_FONT('continuous');
#88=PRESENTATION_STYLE_ASSIGNMENT((#89,#94));
#89=SURFACE_STYLE_USAGE(.BOTH.,#90);
#90=SURFACE_SIDE_STYLE('',(#91));
#91=SURFACE_STYLE_FILL_AREA(#92);
#92=FILL_AREA_STYLE('',(#93));
#93=FILL_AREA_STYLE_COLOUR('',#95);
#94=CURVE_STYLE('',#96,POSITIVE_LENGTH_MEASURE(0.1),#95);
#95=COLOUR_RGB('Tan',0.784,0.686,0.51);
#96=DRAUGHTING_PRE_DEFINED_CURVE_FONT('continuous');
#97=PRESENTATION_STYLE_ASSIGNMENT((#98,#103));
#98=SURFACE_STYLE_USAGE(.BOTH.,#99);
#99=SURFACE_SIDE_STYLE('',(#100));
#100=SURFACE_STYLE_FILL_AREA(#101);
#101=FILL_AREA_STYLE('',(#102));
#102=FILL_AREA_STYLE_COLOUR('',#104);
#103=CURVE_STYLE('',#105,POSITIVE_LENGTH_MEASURE(0.1),#104);
#104=COLOUR_RGB('Gray',0.431,0.431,0.431);
#105=DRAUGHTING_PRE_DEFINED_CURVE_FONT('continuous');
#106=PRESENTATION_STYLE_ASSIGNMENT((#107,#112));
#107=SURFACE_STYLE_USAGE(.BOTH.,#108);
#108=SURFACE_SIDE_STYLE('',(#109));
#109=SURFACE_STYLE_FILL_AREA(#110);
#110=FILL_AREA_STYLE('',(#111));
#111=FILL_AREA_STYLE_COLOUR('',#113);
#112=CURVE_STYLE('',#114,POSITIVE_LENGTH_MEASURE(0.1),#113);
#113=COLOUR_RGB('Red',0.6,0.0,0.0);
#114=DRAUGHTING_PRE_DEFINED_CURVE_FONT('continuous');
#115=PRESENTATION_STYLE_ASSIGNMENT((#116,#121));
#116=SURFACE_STYLE_USAGE(.BOTH.,#117);
#117=SURFACE_SIDE_STYLE('',(#118));
#118=SURFACE_STYLE_FILL_AREA(#119);
#119=FILL_AREA_STYLE('',(#120));
#120=FILL_AREA_STYLE_COLOUR('',#122);
#121=CURVE_STYLE('',#123,POSITIVE_LENGTH_MEASURE(0.1),#122);
#122=COLOUR_RGB('Blue',0.157,0.157,0.588);
#123=DRAUGHTING_PRE_DEFINED_CURVE_FONT('continuous');
#124=PRESENTATION_STYLE_ASSIGNMENT((#125,#130));
#125=SURFACE_STYLE_USAGE(.BOTH.,#126);
#126=SURFACE_SIDE_STYLE('',(#127));
#127=SURFACE_STYLE_FILL_AREA(#128);
#128=FILL_AREA_STYLE('',(#129));
#129=FILL_AREA_STYLE_COLOUR('',#131);
#130=CURVE_STYLE('',#132,POSITIVE_LENGTH_MEASURE(0.1),#131);
#131=COLOUR_RGB('Maroon',0.294,0.0,0.0);
#132=DRAUGHTING_PRE_DEFINED_CURVE_FONT('continuous');
#133=PRESENTATION_STYLE_ASSIGNMENT((#134,#139));
#134=SURFACE_STYLE_USAGE(.BOTH.,#135);
#135=SURFACE_SIDE_STYLE('',(#136));
#136=SURFACE_STYLE_FILL_AREA(#137);
#137=FILL_AREA_STYLE('',(#138));
#138=FILL_AREA_STYLE_COLOUR('',#140);
#139=CURVE_STYLE('',#141,POSITIVE_LENGTH_MEASURE(0.1),#140);
#140=COLOUR_RGB('Green',0.0,0.294,0.0);
#141=DRAUGHTING_PRE_DEFINED_CURVE_FONT('continuous');
#142=PRESENTATION_STYLE_ASSIGNMENT((#143,#148));
#143=SURFACE_STYLE_USAGE(.BOTH.,#144);
#144=SURFACE_SIDE_STYLE('',(#145));
#145=SURFACE_STYLE_FILL_AREA(#146);
#146=FILL_AREA_STYLE('',(#147));
#147=FILL_AREA_STYLE_COLOUR('',#149);
#148=CURVE_STYLE('',#150,POSITIVE_LENGTH_MEASURE(0.1),#149);
#149=COLOUR_RGB('Pin1Wrap',0.98,0.706,0.176);
#150=DRAUGHTING_PRE_DEFINED_CURVE_FONT('continuous');
#151=PRESENTATION_STYLE_ASSIGNMENT((#152,#157));
#152=SURFACE_STYLE_USAGE(.BOTH.,#153);
#153=SURFACE_SIDE_STYLE('',(#154));
#154=SURFACE_STYLE_FILL_AREA(#155);
#155=FILL_AREA_STYLE('',(#156));
#156=FILL_AREA_STYLE_COLOUR('',#158);
#157=CURVE_STYLE('',#159,POSITIVE_LENGTH_MEASURE(0.1),#158);
#158=COLOUR_RGB('Pin1Rad',0.588,0.588,0.588);
#159=DRAUGHTING_PRE_DEFINED_CURVE_FONT('continuous');
#160=PRESENTATION_STYLE_ASSIGNMENT((#161,#166));
#161=SURFACE_STYLE_USAGE(.BOTH.,#162);
#162=SURFACE_SIDE_STYLE('',(#163));
#163=SURFACE_STYLE_FILL_AREA(#164);
#164=FILL_AREA_STYLE('',(#165));
#165=FILL_AREA_STYLE_COLOUR('',#167);
#166=CURVE_STYLE('',#168,POSITIVE_LENGTH_MEASURE(0.1),#167);
#167=COLOUR_RGB('Pin1Axial',0.98,0.706,0.176);
#168=DRAUGHTING_PRE_DEFINED_CURVE_FONT('continuous');
#169=PRESENTATION_STYLE_ASSIGNMENT((#170,#175));
#170=SURFACE_STYLE_USAGE(.BOTH.,#171);
#171=SURFACE_SIDE_STYLE('',(#172));
#172=SURFACE_STYLE_FILL_AREA(#173);
#173=FILL_AREA_STYLE('',(#174));
#174=FILL_AREA_STYLE_COLOUR('',#176);
#175=CURVE_STYLE('',#177,POSITIVE_LENGTH_MEASURE(0.1),#176);
#176=COLOUR_RGB('Pin1Tant',0.459,0.345,0.176);
#177=DRAUGHTING_PRE_DEFINED_CURVE_FONT('continuous');
#178=PRESENTATION_STYLE_ASSIGNMENT((#179,#184));
#179=SURFACE_STYLE_USAGE(.BOTH.,#180);
#180=SURFACE_SIDE_STYLE('',(#181));
#181=SURFACE_STYLE_FILL_AREA(#182);
#182=FILL_AREA_STYLE('',(#183));
#183=FILL_AREA_STYLE_COLOUR('',#185);
#184=CURVE_STYLE('',#186,POSITIVE_LENGTH_MEASURE(0.1),#185);
#185=COLOUR_RGB('Shroud',0.235,0.235,0.235);
#186=DRAUGHTING_PRE_DEFINED_CURVE_FONT('continuous');
#188=MANIFOLD_SOLID_BREP($,#189);
#189=CLOSED_SHELL('',(#191,#240,#289,#338,#387,#436,#485,#534,#583,#632,#681,#774,#867,#916,#965,#1014,#1063,#1112,#1161,#1210,#1259,#1308,#1357,#1450,#1543,#1592,#1641,#1690,#1739,#1788,#1837,#1886,#1935,#1984,#2033,#2126,#2219,#2268,#2317,#2366,#2415,#2464,#2513,#2562,#2611,#2660,#2709,#2802,#2895,#2944,#2993,#3042,#3091,#3140,#3189,#3238,#3287,#3336,#3385,#3478,#3571,#3620,#3669,#3718,#3767,#3816,#3865,#3914,#3963,#4012,#4061,#4154,#4247,#4296,#4345,#4394,#4443,#4492,#4541,#4590,#4639,#4688,#4737,#4830,#4923,#4972,#5021,#5070,#5119,#5168,#5217,#5266,#5315,#5364,#5413,#5506,#5599,#5648,#5697,#5746,#5795,#5844,#5893,#5942,#5991,#6040,#6089,#6182,#6275,#6324,#6373,#6422,#6471,#6520,#6569,#6618,#6667,#6716,#6765,#6858,#6951,#7000));
#190=STYLED_ITEM('',(#43),#191);
#191=ADVANCED_FACE('',(#197),#192,.T.);
#192=PLANE('',#193);
#193=AXIS2_PLACEMENT_3D('',#194,#195,#196);
#194=CARTESIAN_POINT('',(23.368,-0.508,6.223));
#195=DIRECTION('',(0.0,0.707,0.707));
#196=DIRECTION('',(0.,0.,1.));
#197=FACE_OUTER_BOUND('',#198,.T.);
#198=EDGE_LOOP('',(#199,#209,#219,#229));
#202=CARTESIAN_POINT('',(23.178,-0.318,6.032));
#201=VERTEX_POINT('',#202);
#204=CARTESIAN_POINT('',(23.368,-0.508,6.223));
#203=VERTEX_POINT('',#204);
#200=EDGE_CURVE('',#201,#203,#205,.T.);
#205=LINE('',#202,#207);
#207=VECTOR('',#208,0.32996887532497);
#208=DIRECTION('',(0.577,-0.577,0.577));
#199=ORIENTED_EDGE('',*,*,#200,.F.);
#212=CARTESIAN_POINT('',(22.542,-0.318,6.032));
#211=VERTEX_POINT('',#212);
#210=EDGE_CURVE('',#211,#201,#215,.T.);
#215=LINE('',#212,#217);
#217=VECTOR('',#218,0.635025399991646);
#218=DIRECTION('',(1.0,0.0,0.0));
#209=ORIENTED_EDGE('',*,*,#210,.F.);
#222=CARTESIAN_POINT('',(22.352,-0.508,6.223));
#221=VERTEX_POINT('',#222);
#220=EDGE_CURVE('',#221,#211,#225,.T.);
#225=LINE('',#222,#227);
#227=VECTOR('',#228,0.329968875054205);
#228=DIRECTION('',(0.577,0.577,-0.577));
#219=ORIENTED_EDGE('',*,*,#220,.F.);
#230=EDGE_CURVE('',#203,#221,#235,.T.);
#235=LINE('',#204,#237);
#237=VECTOR('',#238,1.01604063996579);
#238=DIRECTION('',(-1.0,0.0,0.0));
#229=ORIENTED_EDGE('',*,*,#230,.F.);
#239=STYLED_ITEM('',(#43),#240);
#240=ADVANCED_FACE('',(#246),#241,.T.);
#241=PLANE('',#242);
#242=AXIS2_PLACEMENT_3D('',#243,#244,#245);
#243=CARTESIAN_POINT('',(23.368,-0.508,6.223));
#244=DIRECTION('',(-0.707,0.0,0.707));
#245=DIRECTION('',(0.,0.,1.));
#246=FACE_OUTER_BOUND('',#247,.T.);
#247=EDGE_LOOP('',(#248,#258,#268,#278));
#251=CARTESIAN_POINT('',(23.368,0.508,6.223));
#250=VERTEX_POINT('',#251);
#249=EDGE_CURVE('',#250,#203,#254,.T.);
#254=LINE('',#251,#256);
#256=VECTOR('',#257,1.01604190220684);
#257=DIRECTION('',(0.0,-1.0,0.0));
#248=ORIENTED_EDGE('',*,*,#249,.F.);
#261=CARTESIAN_POINT('',(23.178,0.318,6.032));
#260=VERTEX_POINT('',#261);
#259=EDGE_CURVE('',#260,#250,#264,.T.);
#264=LINE('',#261,#266);
#266=VECTOR('',#267,0.32996887532497);
#267=DIRECTION('',(0.577,0.577,0.577));
#258=ORIENTED_EDGE('',*,*,#259,.F.);
#269=EDGE_CURVE('',#201,#260,#274,.T.);
#274=LINE('',#202,#276);
#276=VECTOR('',#277,0.635026648273887);
#277=DIRECTION('',(0.0,1.0,0.0));
#268=ORIENTED_EDGE('',*,*,#269,.F.);
#278=ORIENTED_EDGE('',*,*,#200,.T.);
#288=STYLED_ITEM('',(#43),#289);
#289=ADVANCED_FACE('',(#295),#290,.T.);
#290=PLANE('',#291);
#291=AXIS2_PLACEMENT_3D('',#292,#293,#294);
#292=CARTESIAN_POINT('',(23.368,0.508,6.223));
#293=DIRECTION('',(0.0,-0.707,0.707));
#294=DIRECTION('',(0.,0.,1.));
#295=FACE_OUTER_BOUND('',#296,.T.);
#296=EDGE_LOOP('',(#297,#307,#317,#327));
#300=CARTESIAN_POINT('',(22.352,0.508,6.223));
#299=VERTEX_POINT('',#300);
#298=EDGE_CURVE('',#299,#250,#303,.T.);
#303=LINE('',#300,#305);
#305=VECTOR('',#306,1.01604063996579);
#306=DIRECTION('',(1.0,0.0,0.0));
#297=ORIENTED_EDGE('',*,*,#298,.F.);
#310=CARTESIAN_POINT('',(22.542,0.318,6.032));
#309=VERTEX_POINT('',#310);
#308=EDGE_CURVE('',#309,#299,#313,.T.);
#313=LINE('',#310,#315);
#315=VECTOR('',#316,0.329968875054202);
#316=DIRECTION('',(-0.577,0.577,0.577));
#307=ORIENTED_EDGE('',*,*,#308,.F.);
#318=EDGE_CURVE('',#260,#309,#323,.T.);
#323=LINE('',#261,#325);
#325=VECTOR('',#326,0.635025399991645);
#326=DIRECTION('',(-1.0,0.0,0.0));
#317=ORIENTED_EDGE('',*,*,#318,.F.);
#327=ORIENTED_EDGE('',*,*,#259,.T.);
#337=STYLED_ITEM('',(#43),#338);
#338=ADVANCED_FACE('',(#344),#339,.T.);
#339=PLANE('',#340);
#340=AXIS2_PLACEMENT_3D('',#341,#342,#343);
#341=CARTESIAN_POINT('',(22.352,0.508,6.223));
#342=DIRECTION('',(0.707,0.0,0.707));
#343=DIRECTION('',(0.,0.,1.));
#344=FACE_OUTER_BOUND('',#345,.T.);
#345=EDGE_LOOP('',(#346,#356,#366,#376));
#347=EDGE_CURVE('',#221,#299,#352,.T.);
#352=LINE('',#222,#354);
#354=VECTOR('',#355,1.01604179331006);
#355=DIRECTION('',(0.0,1.0,0.0));
#346=ORIENTED_EDGE('',*,*,#347,.F.);
#356=ORIENTED_EDGE('',*,*,#220,.T.);
#367=EDGE_CURVE('',#309,#211,#372,.T.);
#372=LINE('',#310,#374);
#374=VECTOR('',#375,0.635026580212434);
#375=DIRECTION('',(0.0,-1.0,0.0));
#366=ORIENTED_EDGE('',*,*,#367,.F.);
#376=ORIENTED_EDGE('',*,*,#308,.T.);
#386=STYLED_ITEM('',(#43),#387);
#387=ADVANCED_FACE('',(#393),#388,.T.);
#388=PLANE('',#389);
#389=AXIS2_PLACEMENT_3D('',#390,#391,#392);
#390=CARTESIAN_POINT('',(23.178,-0.318,0.762));
#391=DIRECTION('',(0.0,1.0,0.0));
#392=DIRECTION('',(0.,0.,1.));
#393=FACE_OUTER_BOUND('',#394,.T.);
#394=EDGE_LOOP('',(#395,#405,#415,#425));
#398=CARTESIAN_POINT('',(22.542,-0.318,0.762));
#397=VERTEX_POINT('',#398);
#400=CARTESIAN_POINT('',(23.178,-0.318,0.762));
#399=VERTEX_POINT('',#400);
#396=EDGE_CURVE('',#397,#399,#401,.T.);
#401=LINE('',#398,#403);
#403=VECTOR('',#404,0.635025399991646);
#404=DIRECTION('',(1.0,0.0,0.0));
#395=ORIENTED_EDGE('',*,*,#396,.F.);
#406=EDGE_CURVE('',#211,#397,#411,.T.);
#411=LINE('',#212,#413);
#413=VECTOR('',#414,5.27049238);
#414=DIRECTION('',(0.0,0.0,-1.0));
#405=ORIENTED_EDGE('',*,*,#406,.F.);
#415=ORIENTED_EDGE('',*,*,#210,.T.);
#426=EDGE_CURVE('',#399,#201,#431,.T.);
#431=LINE('',#400,#433);
#433=VECTOR('',#434,5.27049238);
#434=DIRECTION('',(0.0,0.0,1.0));
#425=ORIENTED_EDGE('',*,*,#426,.F.);
#435=STYLED_ITEM('',(#43),#436);
#436=ADVANCED_FACE('',(#442),#437,.T.);
#437=PLANE('',#438);
#438=AXIS2_PLACEMENT_3D('',#439,#440,#441);
#439=CARTESIAN_POINT('',(23.178,0.318,0.762));
#440=DIRECTION('',(-1.0,0.0,0.0));
#441=DIRECTION('',(0.,0.,1.));
#442=FACE_OUTER_BOUND('',#443,.T.);
#443=EDGE_LOOP('',(#444,#454,#464,#474));
#449=CARTESIAN_POINT('',(23.178,0.318,0.762));
#448=VERTEX_POINT('',#449);
#445=EDGE_CURVE('',#399,#448,#450,.T.);
#450=LINE('',#400,#452);
#452=VECTOR('',#453,0.635026648273887);
#453=DIRECTION('',(0.0,1.0,0.0));
#444=ORIENTED_EDGE('',*,*,#445,.F.);
#454=ORIENTED_EDGE('',*,*,#426,.T.);
#464=ORIENTED_EDGE('',*,*,#269,.T.);
#475=EDGE_CURVE('',#448,#260,#480,.T.);
#480=LINE('',#449,#482);
#482=VECTOR('',#483,5.27049238);
#483=DIRECTION('',(0.0,0.0,1.0));
#474=ORIENTED_EDGE('',*,*,#475,.F.);
#484=STYLED_ITEM('',(#43),#485);
#485=ADVANCED_FACE('',(#491),#486,.T.);
#486=PLANE('',#487);
#487=AXIS2_PLACEMENT_3D('',#488,#489,#490);
#488=CARTESIAN_POINT('',(22.542,0.318,0.762));
#489=DIRECTION('',(0.0,-1.0,0.0));
#490=DIRECTION('',(0.,0.,1.));
#491=FACE_OUTER_BOUND('',#492,.T.);
#492=EDGE_LOOP('',(#493,#503,#513,#523));
#498=CARTESIAN_POINT('',(22.542,0.318,0.762));
#497=VERTEX_POINT('',#498);
#494=EDGE_CURVE('',#448,#497,#499,.T.);
#499=LINE('',#449,#501);
#501=VECTOR('',#502,0.635025399991645);
#502=DIRECTION('',(-1.0,0.0,0.0));
#493=ORIENTED_EDGE('',*,*,#494,.F.);
#503=ORIENTED_EDGE('',*,*,#475,.T.);
#513=ORIENTED_EDGE('',*,*,#318,.T.);
#524=EDGE_CURVE('',#497,#309,#529,.T.);
#529=LINE('',#498,#531);
#531=VECTOR('',#532,5.27049238);
#532=DIRECTION('',(0.0,0.0,1.0));
#523=ORIENTED_EDGE('',*,*,#524,.F.);
#533=STYLED_ITEM('',(#43),#534);
#534=ADVANCED_FACE('',(#540),#535,.T.);
#535=PLANE('',#536);
#536=AXIS2_PLACEMENT_3D('',#537,#538,#539);
#537=CARTESIAN_POINT('',(22.542,-0.318,0.762));
#538=DIRECTION('',(1.0,0.0,0.0));
#539=DIRECTION('',(0.,0.,1.));
#540=FACE_OUTER_BOUND('',#541,.T.);
#541=EDGE_LOOP('',(#542,#552,#562,#572));
#543=EDGE_CURVE('',#497,#397,#548,.T.);
#548=LINE('',#498,#550);
#550=VECTOR('',#551,0.635026580212434);
#551=DIRECTION('',(0.0,-1.0,0.0));
#542=ORIENTED_EDGE('',*,*,#543,.F.);
#552=ORIENTED_EDGE('',*,*,#524,.T.);
#562=ORIENTED_EDGE('',*,*,#367,.T.);
#572=ORIENTED_EDGE('',*,*,#406,.T.);
#582=STYLED_ITEM('',(#43),#583);
#583=ADVANCED_FACE('',(#589),#584,.T.);
#584=PLANE('',#585);
#585=AXIS2_PLACEMENT_3D('',#586,#587,#588);
#586=CARTESIAN_POINT('',(21.59,-1.27,0.762));
#587=DIRECTION('',(0.0,-1.0,0.0));
#588=DIRECTION('',(0.,0.,1.));
#589=FACE_OUTER_BOUND('',#590,.T.);
#590=EDGE_LOOP('',(#591,#601,#611,#621));
#594=CARTESIAN_POINT('',(24.13,-1.27,0.762));
#593=VERTEX_POINT('',#594);
#596=CARTESIAN_POINT('',(21.59,-1.27,0.762));
#595=VERTEX_POINT('',#596);
#592=EDGE_CURVE('',#593,#595,#597,.T.);
#597=LINE('',#594,#599);
#599=VECTOR('',#600,2.5399999994657);
#600=DIRECTION('',(-1.0,0.0,0.0));
#591=ORIENTED_EDGE('',*,*,#592,.F.);
#604=CARTESIAN_POINT('',(24.13,-1.27,6.223));
#603=VERTEX_POINT('',#604);
#602=EDGE_CURVE('',#603,#593,#607,.T.);
#607=LINE('',#604,#609);
#609=VECTOR('',#610,5.461);
#610=DIRECTION('',(0.0,0.0,-1.0));
#601=ORIENTED_EDGE('',*,*,#602,.F.);
#614=CARTESIAN_POINT('',(21.59,-1.27,6.223));
#613=VERTEX_POINT('',#614);
#612=EDGE_CURVE('',#613,#603,#617,.T.);
#617=LINE('',#614,#619);
#619=VECTOR('',#620,2.5399999994657);
#620=DIRECTION('',(1.0,0.0,0.0));
#611=ORIENTED_EDGE('',*,*,#612,.F.);
#622=EDGE_CURVE('',#595,#613,#627,.T.);
#627=LINE('',#596,#629);
#629=VECTOR('',#630,5.461);
#630=DIRECTION('',(0.0,0.0,1.0));
#621=ORIENTED_EDGE('',*,*,#622,.F.);
#631=STYLED_ITEM('',(#43),#632);
#632=ADVANCED_FACE('',(#638),#633,.T.);
#633=PLANE('',#634);
#634=AXIS2_PLACEMENT_3D('',#635,#636,#637);
#635=CARTESIAN_POINT('',(24.13,1.27,0.762));
#636=DIRECTION('',(0.0,1.0,0.0));
#637=DIRECTION('',(0.,0.,1.));
#638=FACE_OUTER_BOUND('',#639,.T.);
#639=EDGE_LOOP('',(#640,#650,#660,#670));
#643=CARTESIAN_POINT('',(21.59,1.27,0.762));
#642=VERTEX_POINT('',#643);
#645=CARTESIAN_POINT('',(24.13,1.27,0.762));
#644=VERTEX_POINT('',#645);
#641=EDGE_CURVE('',#642,#644,#646,.T.);
#646=LINE('',#643,#648);
#648=VECTOR('',#649,2.5399999994657);
#649=DIRECTION('',(1.0,0.0,0.0));
#640=ORIENTED_EDGE('',*,*,#641,.F.);
#653=CARTESIAN_POINT('',(21.59,1.27,6.223));
#652=VERTEX_POINT('',#653);
#651=EDGE_CURVE('',#652,#642,#656,.T.);
#656=LINE('',#653,#658);
#658=VECTOR('',#659,5.461);
#659=DIRECTION('',(0.0,0.0,-1.0));
#650=ORIENTED_EDGE('',*,*,#651,.F.);
#663=CARTESIAN_POINT('',(24.13,1.27,6.223));
#662=VERTEX_POINT('',#663);
#661=EDGE_CURVE('',#662,#652,#666,.T.);
#666=LINE('',#663,#668);
#668=VECTOR('',#669,2.5399999994657);
#669=DIRECTION('',(-1.0,0.0,0.0));
#660=ORIENTED_EDGE('',*,*,#661,.F.);
#671=EDGE_CURVE('',#644,#662,#676,.T.);
#676=LINE('',#645,#678);
#678=VECTOR('',#679,5.461);
#679=DIRECTION('',(0.0,0.0,1.0));
#670=ORIENTED_EDGE('',*,*,#671,.F.);
#680=STYLED_ITEM('color',(#43),#681);
#681=ADVANCED_FACE($,(#687, #731), #682,.T.);
#682=PLANE($,#683);
#683=AXIS2_PLACEMENT_3D($,#684,#685,#686);
#684=CARTESIAN_POINT('',(24.13,-1.27,6.223));
#685=DIRECTION('',(0.,0.,1.));
#686=DIRECTION('',(1.,0.,0.));
#687=FACE_OUTER_BOUND($,#688,.T.);
#688=EDGE_LOOP($,(#691, #701, #711, #721));
#691=ORIENTED_EDGE('',*,*,#612,.T.);
#702=EDGE_CURVE('',#662,#603,#707,.T.);
#707=LINE('',#663,#709);
#709=VECTOR('',#710,2.5400013180367);
#710=DIRECTION('',(0.0,-1.0,0.0));
#701=ORIENTED_EDGE('',*,*,#702,.F.);
#711=ORIENTED_EDGE('',*,*,#661,.T.);
#722=EDGE_CURVE('',#613,#652,#727,.T.);
#727=LINE('',#614,#729);
#729=VECTOR('',#730,2.5400010458805);
#730=DIRECTION('',(0.0,1.0,0.0));
#721=ORIENTED_EDGE('',*,*,#722,.F.);
#731=FACE_BOUND($,#732,.T.);
#732=EDGE_LOOP($,(#733, #743, #753, #763));
#733=ORIENTED_EDGE('',*,*,#230,.T.);
#743=ORIENTED_EDGE('',*,*,#347,.T.);
#753=ORIENTED_EDGE('',*,*,#298,.T.);
#763=ORIENTED_EDGE('',*,*,#249,.T.);
#773=STYLED_ITEM('color',(#43),#774);
#774=ADVANCED_FACE($,(#780, #824), #775,.T.);
#775=PLANE($,#776);
#776=AXIS2_PLACEMENT_3D($,#777,#778,#779);
#777=CARTESIAN_POINT('',(24.13,-1.27,0.762));
#778=DIRECTION('',(0.,0.,-1.));
#779=DIRECTION('',(1.,0.,0.));
#780=FACE_OUTER_BOUND($,#781,.T.);
#781=EDGE_LOOP($,(#784, #794, #804, #814));
#784=ORIENTED_EDGE('',*,*,#592,.T.);
#795=EDGE_CURVE('',#642,#595,#800,.T.);
#800=LINE('',#643,#802);
#802=VECTOR('',#803,2.5400010458805);
#803=DIRECTION('',(0.0,-1.0,0.0));
#794=ORIENTED_EDGE('',*,*,#795,.F.);
#804=ORIENTED_EDGE('',*,*,#641,.T.);
#815=EDGE_CURVE('',#593,#644,#820,.T.);
#820=LINE('',#594,#822);
#822=VECTOR('',#823,2.5400013180367);
#823=DIRECTION('',(0.0,1.0,0.0));
#814=ORIENTED_EDGE('',*,*,#815,.F.);
#824=FACE_BOUND($,#825,.T.);
#825=EDGE_LOOP($,(#826, #836, #846, #856));
#826=ORIENTED_EDGE('',*,*,#396,.T.);
#836=ORIENTED_EDGE('',*,*,#445,.T.);
#846=ORIENTED_EDGE('',*,*,#494,.T.);
#856=ORIENTED_EDGE('',*,*,#543,.T.);
#866=STYLED_ITEM('',(#43),#867);
#867=ADVANCED_FACE('',(#873),#868,.T.);
#868=PLANE('',#869);
#869=AXIS2_PLACEMENT_3D('',#870,#871,#872);
#870=CARTESIAN_POINT('',(20.828,-0.508,6.223));
#871=DIRECTION('',(0.0,0.707,0.707));
#872=DIRECTION('',(0.,0.,1.));
#873=FACE_OUTER_BOUND('',#874,.T.);
#874=EDGE_LOOP('',(#875,#885,#895,#905));
#878=CARTESIAN_POINT('',(20.638,-0.318,6.032));
#877=VERTEX_POINT('',#878);
#880=CARTESIAN_POINT('',(20.828,-0.508,6.223));
#879=VERTEX_POINT('',#880);
#876=EDGE_CURVE('',#877,#879,#881,.T.);
#881=LINE('',#878,#883);
#883=VECTOR('',#884,0.329968875360421);
#884=DIRECTION('',(0.577,-0.577,0.577));
#875=ORIENTED_EDGE('',*,*,#876,.F.);
#888=CARTESIAN_POINT('',(20.002,-0.318,6.032));
#887=VERTEX_POINT('',#888);
#886=EDGE_CURVE('',#887,#877,#891,.T.);
#891=LINE('',#888,#893);
#893=VECTOR('',#894,0.635025399986194);
#894=DIRECTION('',(1.0,0.0,0.0));
#885=ORIENTED_EDGE('',*,*,#886,.F.);
#898=CARTESIAN_POINT('',(19.812,-0.508,6.223));
#897=VERTEX_POINT('',#898);
#896=EDGE_CURVE('',#897,#887,#901,.T.);
#901=LINE('',#898,#903);
#903=VECTOR('',#904,0.329968875012303);
#904=DIRECTION('',(0.577,0.577,-0.577));
#895=ORIENTED_EDGE('',*,*,#896,.F.);
#906=EDGE_CURVE('',#879,#897,#911,.T.);
#911=LINE('',#880,#913);
#913=VECTOR('',#914,1.01604063994346);
#914=DIRECTION('',(-1.0,0.0,0.0));
#905=ORIENTED_EDGE('',*,*,#906,.F.);
#915=STYLED_ITEM('',(#43),#916);
#916=ADVANCED_FACE('',(#922),#917,.T.);
#917=PLANE('',#918);
#918=AXIS2_PLACEMENT_3D('',#919,#920,#921);
#919=CARTESIAN_POINT('',(20.828,-0.508,6.223));
#920=DIRECTION('',(-0.707,0.0,0.707));
#921=DIRECTION('',(0.,0.,1.));
#922=FACE_OUTER_BOUND('',#923,.T.);
#923=EDGE_LOOP('',(#924,#934,#944,#954));
#927=CARTESIAN_POINT('',(20.828,0.508,6.223));
#926=VERTEX_POINT('',#927);
#925=EDGE_CURVE('',#926,#879,#930,.T.);
#930=LINE('',#927,#932);
#932=VECTOR('',#933,1.01604162997709);
#933=DIRECTION('',(0.0,-1.0,0.0));
#924=ORIENTED_EDGE('',*,*,#925,.F.);
#937=CARTESIAN_POINT('',(20.638,0.318,6.032));
#936=VERTEX_POINT('',#937);
#935=EDGE_CURVE('',#936,#926,#940,.T.);
#940=LINE('',#937,#942);
#942=VECTOR('',#943,0.329968875360421);
#943=DIRECTION('',(0.577,0.577,0.577));
#934=ORIENTED_EDGE('',*,*,#935,.F.);
#945=EDGE_CURVE('',#877,#936,#950,.T.);
#950=LINE('',#878,#952);
#952=VECTOR('',#953,0.635026376039391);
#953=DIRECTION('',(0.0,1.0,0.0));
#944=ORIENTED_EDGE('',*,*,#945,.F.);
#954=ORIENTED_EDGE('',*,*,#876,.T.);
#964=STYLED_ITEM('',(#43),#965);
#965=ADVANCED_FACE('',(#971),#966,.T.);
#966=PLANE('',#967);
#967=AXIS2_PLACEMENT_3D('',#968,#969,#970);
#968=CARTESIAN_POINT('',(20.828,0.508,6.223));
#969=DIRECTION('',(0.0,-0.707,0.707));
#970=DIRECTION('',(0.,0.,1.));
#971=FACE_OUTER_BOUND('',#972,.T.);
#972=EDGE_LOOP('',(#973,#983,#993,#1003));
#976=CARTESIAN_POINT('',(19.812,0.508,6.223));
#975=VERTEX_POINT('',#976);
#974=EDGE_CURVE('',#975,#926,#979,.T.);
#979=LINE('',#976,#981);
#981=VECTOR('',#982,1.01604063994345);
#982=DIRECTION('',(1.0,0.0,0.0));
#973=ORIENTED_EDGE('',*,*,#974,.F.);
#986=CARTESIAN_POINT('',(20.002,0.318,6.032));
#985=VERTEX_POINT('',#986);
#984=EDGE_CURVE('',#985,#975,#989,.T.);
#989=LINE('',#986,#991);
#991=VECTOR('',#992,0.329968875012298);
#992=DIRECTION('',(-0.577,0.577,0.577));
#983=ORIENTED_EDGE('',*,*,#984,.F.);
#994=EDGE_CURVE('',#936,#985,#999,.T.);
#999=LINE('',#937,#1001);
#1001=VECTOR('',#1002,0.635025399986194);
#1002=DIRECTION('',(-1.0,0.0,0.0));
#993=ORIENTED_EDGE('',*,*,#994,.F.);
#1003=ORIENTED_EDGE('',*,*,#935,.T.);
#1013=STYLED_ITEM('',(#43),#1014);
#1014=ADVANCED_FACE('',(#1020),#1015,.T.);
#1015=PLANE('',#1016);
#1016=AXIS2_PLACEMENT_3D('',#1017,#1018,#1019);
#1017=CARTESIAN_POINT('',(19.812,0.508,6.223));
#1018=DIRECTION('',(0.707,0.0,0.707));
#1019=DIRECTION('',(0.,0.,1.));
#1020=FACE_OUTER_BOUND('',#1021,.T.);
#1021=EDGE_LOOP('',(#1022,#1032,#1042,#1052));
#1023=EDGE_CURVE('',#897,#975,#1028,.T.);
#1028=LINE('',#898,#1030);
#1030=VECTOR('',#1031,1.01604152108259);
#1031=DIRECTION('',(0.0,1.0,0.0));
#1022=ORIENTED_EDGE('',*,*,#1023,.F.);
#1032=ORIENTED_EDGE('',*,*,#896,.T.);
#1043=EDGE_CURVE('',#985,#887,#1048,.T.);
#1048=LINE('',#986,#1050);
#1050=VECTOR('',#1051,0.635026307978285);
#1051=DIRECTION('',(0.0,-1.0,0.0));
#1042=ORIENTED_EDGE('',*,*,#1043,.F.);
#1052=ORIENTED_EDGE('',*,*,#984,.T.);
#1062=STYLED_ITEM('',(#43),#1063);
#1063=ADVANCED_FACE('',(#1069),#1064,.T.);
#1064=PLANE('',#1065);
#1065=AXIS2_PLACEMENT_3D('',#1066,#1067,#1068);
#1066=CARTESIAN_POINT('',(20.638,-0.318,0.762));
#1067=DIRECTION('',(0.0,1.0,0.0));
#1068=DIRECTION('',(0.,0.,1.));
#1069=FACE_OUTER_BOUND('',#1070,.T.);
#1070=EDGE_LOOP('',(#1071,#1081,#1091,#1101));
#1074=CARTESIAN_POINT('',(20.002,-0.318,0.762));
#1073=VERTEX_POINT('',#1074);
#1076=CARTESIAN_POINT('',(20.638,-0.318,0.762));
#1075=VERTEX_POINT('',#1076);
#1072=EDGE_CURVE('',#1073,#1075,#1077,.T.);
#1077=LINE('',#1074,#1079);
#1079=VECTOR('',#1080,0.635025399986194);
#1080=DIRECTION('',(1.0,0.0,0.0));
#1071=ORIENTED_EDGE('',*,*,#1072,.F.);
#1082=EDGE_CURVE('',#887,#1073,#1087,.T.);
#1087=LINE('',#888,#1089);
#1089=VECTOR('',#1090,5.27049238);
#1090=DIRECTION('',(0.0,0.0,-1.0));
#1081=ORIENTED_EDGE('',*,*,#1082,.F.);
#1091=ORIENTED_EDGE('',*,*,#886,.T.);
#1102=EDGE_CURVE('',#1075,#877,#1107,.T.);
#1107=LINE('',#1076,#1109);
#1109=VECTOR('',#1110,5.27049238);
#1110=DIRECTION('',(0.0,0.0,1.0));
#1101=ORIENTED_EDGE('',*,*,#1102,.F.);
#1111=STYLED_ITEM('',(#43),#1112);
#1112=ADVANCED_FACE('',(#1118),#1113,.T.);
#1113=PLANE('',#1114);
#1114=AXIS2_PLACEMENT_3D('',#1115,#1116,#1117);
#1115=CARTESIAN_POINT('',(20.638,0.318,0.762));
#1116=DIRECTION('',(-1.0,0.0,0.0));
#1117=DIRECTION('',(0.,0.,1.));
#1118=FACE_OUTER_BOUND('',#1119,.T.);
#1119=EDGE_LOOP('',(#1120,#1130,#1140,#1150));
#1125=CARTESIAN_POINT('',(20.638,0.318,0.762));
#1124=VERTEX_POINT('',#1125);
#1121=EDGE_CURVE('',#1075,#1124,#1126,.T.);
#1126=LINE('',#1076,#1128);
#1128=VECTOR('',#1129,0.635026376039391);
#1129=DIRECTION('',(0.0,1.0,0.0));
#1120=ORIENTED_EDGE('',*,*,#1121,.F.);
#1130=ORIENTED_EDGE('',*,*,#1102,.T.);
#1140=ORIENTED_EDGE('',*,*,#945,.T.);
#1151=EDGE_CURVE('',#1124,#936,#1156,.T.);
#1156=LINE('',#1125,#1158);
#1158=VECTOR('',#1159,5.27049238);
#1159=DIRECTION('',(0.0,0.0,1.0));
#1150=ORIENTED_EDGE('',*,*,#1151,.F.);
#1160=STYLED_ITEM('',(#43),#1161);
#1161=ADVANCED_FACE('',(#1167),#1162,.T.);
#1162=PLANE('',#1163);
#1163=AXIS2_PLACEMENT_3D('',#1164,#1165,#1166);
#1164=CARTESIAN_POINT('',(20.002,0.318,0.762));
#1165=DIRECTION('',(0.0,-1.0,0.0));
#1166=DIRECTION('',(0.,0.,1.));
#1167=FACE_OUTER_BOUND('',#1168,.T.);
#1168=EDGE_LOOP('',(#1169,#1179,#1189,#1199));
#1174=CARTESIAN_POINT('',(20.002,0.318,0.762));
#1173=VERTEX_POINT('',#1174);
#1170=EDGE_CURVE('',#1124,#1173,#1175,.T.);
#1175=LINE('',#1125,#1177);
#1177=VECTOR('',#1178,0.635025399986194);
#1178=DIRECTION('',(-1.0,0.0,0.0));
#1169=ORIENTED_EDGE('',*,*,#1170,.F.);
#1179=ORIENTED_EDGE('',*,*,#1151,.T.);
#1189=ORIENTED_EDGE('',*,*,#994,.T.);
#1200=EDGE_CURVE('',#1173,#985,#1205,.T.);
#1205=LINE('',#1174,#1207);
#1207=VECTOR('',#1208,5.27049238);
#1208=DIRECTION('',(0.0,0.0,1.0));
#1199=ORIENTED_EDGE('',*,*,#1200,.F.);
#1209=STYLED_ITEM('',(#43),#1210);
#1210=ADVANCED_FACE('',(#1216),#1211,.T.);
#1211=PLANE('',#1212);
#1212=AXIS2_PLACEMENT_3D('',#1213,#1214,#1215);
#1213=CARTESIAN_POINT('',(20.002,-0.318,0.762));
#1214=DIRECTION('',(1.0,0.0,0.0));
#1215=DIRECTION('',(0.,0.,1.));
#1216=FACE_OUTER_BOUND('',#1217,.T.);
#1217=EDGE_LOOP('',(#1218,#1228,#1238,#1248));
#1219=EDGE_CURVE('',#1173,#1073,#1224,.T.);
#1224=LINE('',#1174,#1226);
#1226=VECTOR('',#1227,0.635026307978285);
#1227=DIRECTION('',(0.0,-1.0,0.0));
#1218=ORIENTED_EDGE('',*,*,#1219,.F.);
#1228=ORIENTED_EDGE('',*,*,#1200,.T.);
#1238=ORIENTED_EDGE('',*,*,#1043,.T.);
#1248=ORIENTED_EDGE('',*,*,#1082,.T.);
#1258=STYLED_ITEM('',(#43),#1259);
#1259=ADVANCED_FACE('',(#1265),#1260,.T.);
#1260=PLANE('',#1261);
#1261=AXIS2_PLACEMENT_3D('',#1262,#1263,#1264);
#1262=CARTESIAN_POINT('',(19.05,-1.27,0.762));
#1263=DIRECTION('',(0.0,-1.0,0.0));
#1264=DIRECTION('',(0.,0.,1.));
#1265=FACE_OUTER_BOUND('',#1266,.T.);
#1266=EDGE_LOOP('',(#1267,#1277,#1287,#1297));
#1272=CARTESIAN_POINT('',(19.05,-1.27,0.762));
#1271=VERTEX_POINT('',#1272);
#1268=EDGE_CURVE('',#595,#1271,#1273,.T.);
#1273=LINE('',#596,#1275);
#1275=VECTOR('',#1276,2.53999999911707);
#1276=DIRECTION('',(-1.0,0.0,0.0));
#1267=ORIENTED_EDGE('',*,*,#1268,.F.);
#1277=ORIENTED_EDGE('',*,*,#622,.T.);
#1290=CARTESIAN_POINT('',(19.05,-1.27,6.223));
#1289=VERTEX_POINT('',#1290);
#1288=EDGE_CURVE('',#1289,#613,#1293,.T.);
#1293=LINE('',#1290,#1295);
#1295=VECTOR('',#1296,2.53999999911707);
#1296=DIRECTION('',(1.0,0.0,0.0));
#1287=ORIENTED_EDGE('',*,*,#1288,.F.);
#1298=EDGE_CURVE('',#1271,#1289,#1303,.T.);
#1303=LINE('',#1272,#1305);
#1305=VECTOR('',#1306,5.461);
#1306=DIRECTION('',(0.0,0.0,1.0));
#1297=ORIENTED_EDGE('',*,*,#1298,.F.);
#1307=STYLED_ITEM('',(#43),#1308);
#1308=ADVANCED_FACE('',(#1314),#1309,.T.);
#1309=PLANE('',#1310);
#1310=AXIS2_PLACEMENT_3D('',#1311,#1312,#1313);
#1311=CARTESIAN_POINT('',(21.59,1.27,0.762));
#1312=DIRECTION('',(0.0,1.0,0.0));
#1313=DIRECTION('',(0.,0.,1.));
#1314=FACE_OUTER_BOUND('',#1315,.T.);
#1315=EDGE_LOOP('',(#1316,#1326,#1336,#1346));
#1319=CARTESIAN_POINT('',(19.05,1.27,0.762));
#1318=VERTEX_POINT('',#1319);
#1317=EDGE_CURVE('',#1318,#642,#1322,.T.);
#1322=LINE('',#1319,#1324);
#1324=VECTOR('',#1325,2.53999999911707);
#1325=DIRECTION('',(1.0,0.0,0.0));
#1316=ORIENTED_EDGE('',*,*,#1317,.F.);
#1329=CARTESIAN_POINT('',(19.05,1.27,6.223));
#1328=VERTEX_POINT('',#1329);
#1327=EDGE_CURVE('',#1328,#1318,#1332,.T.);
#1332=LINE('',#1329,#1334);
#1334=VECTOR('',#1335,5.461);
#1335=DIRECTION('',(0.0,0.0,-1.0));
#1326=ORIENTED_EDGE('',*,*,#1327,.F.);
#1337=EDGE_CURVE('',#652,#1328,#1342,.T.);
#1342=LINE('',#653,#1344);
#1344=VECTOR('',#1345,2.53999999911707);
#1345=DIRECTION('',(-1.0,0.0,0.0));
#1336=ORIENTED_EDGE('',*,*,#1337,.F.);
#1346=ORIENTED_EDGE('',*,*,#651,.T.);
#1356=STYLED_ITEM('color',(#43),#1357);
#1357=ADVANCED_FACE($,(#1363, #1407), #1358,.T.);
#1358=PLANE($,#1359);
#1359=AXIS2_PLACEMENT_3D($,#1360,#1361,#1362);
#1360=CARTESIAN_POINT('',(21.59,-1.27,6.223));
#1361=DIRECTION('',(0.,0.,1.));
#1362=DIRECTION('',(1.,0.,0.));
#1363=FACE_OUTER_BOUND($,#1364,.T.);
#1364=EDGE_LOOP($,(#1367, #1377, #1387, #1397));
#1367=ORIENTED_EDGE('',*,*,#1288,.T.);
#1377=ORIENTED_EDGE('',*,*,#722,.T.);
#1387=ORIENTED_EDGE('',*,*,#1337,.T.);
#1398=EDGE_CURVE('',#1289,#1328,#1403,.T.);
#1403=LINE('',#1290,#1405);
#1405=VECTOR('',#1406,2.54000077381524);
#1406=DIRECTION('',(0.0,1.0,0.0));
#1397=ORIENTED_EDGE('',*,*,#1398,.F.);
#1407=FACE_BOUND($,#1408,.T.);
#1408=EDGE_LOOP($,(#1409, #1419, #1429, #1439));
#1409=ORIENTED_EDGE('',*,*,#906,.T.);
#1419=ORIENTED_EDGE('',*,*,#1023,.T.);
#1429=ORIENTED_EDGE('',*,*,#974,.T.);
#1439=ORIENTED_EDGE('',*,*,#925,.T.);
#1449=STYLED_ITEM('color',(#43),#1450);
#1450=ADVANCED_FACE($,(#1456, #1500), #1451,.T.);
#1451=PLANE($,#1452);
#1452=AXIS2_PLACEMENT_3D($,#1453,#1454,#1455);
#1453=CARTESIAN_POINT('',(21.59,-1.27,0.762));
#1454=DIRECTION('',(0.,0.,-1.));
#1455=DIRECTION('',(1.,0.,0.));
#1456=FACE_OUTER_BOUND($,#1457,.T.);
#1457=EDGE_LOOP($,(#1460, #1470, #1480, #1490));
#1460=ORIENTED_EDGE('',*,*,#1268,.T.);
#1471=EDGE_CURVE('',#1318,#1271,#1476,.T.);
#1476=LINE('',#1319,#1478);
#1478=VECTOR('',#1479,2.54000077381524);
#1479=DIRECTION('',(0.0,-1.0,0.0));
#1470=ORIENTED_EDGE('',*,*,#1471,.F.);
#1480=ORIENTED_EDGE('',*,*,#1317,.T.);
#1490=ORIENTED_EDGE('',*,*,#795,.T.);
#1500=FACE_BOUND($,#1501,.T.);
#1501=EDGE_LOOP($,(#1502, #1512, #1522, #1532));
#1502=ORIENTED_EDGE('',*,*,#1072,.T.);
#1512=ORIENTED_EDGE('',*,*,#1121,.T.);
#1522=ORIENTED_EDGE('',*,*,#1170,.T.);
#1532=ORIENTED_EDGE('',*,*,#1219,.T.);
#1542=STYLED_ITEM('',(#43),#1543);
#1543=ADVANCED_FACE('',(#1549),#1544,.T.);
#1544=PLANE('',#1545);
#1545=AXIS2_PLACEMENT_3D('',#1546,#1547,#1548);
#1546=CARTESIAN_POINT('',(18.288,-0.508,6.223));
#1547=DIRECTION('',(0.0,0.707,0.707));
#1548=DIRECTION('',(0.,0.,1.));
#1549=FACE_OUTER_BOUND('',#1550,.T.);
#1550=EDGE_LOOP('',(#1551,#1561,#1571,#1581));
#1554=CARTESIAN_POINT('',(18.098,-0.318,6.032));
#1553=VERTEX_POINT('',#1554);
#1556=CARTESIAN_POINT('',(18.288,-0.508,6.223));
#1555=VERTEX_POINT('',#1556);
#1552=EDGE_CURVE('',#1553,#1555,#1557,.T.);
#1557=LINE('',#1554,#1559);
#1559=VECTOR('',#1560,0.329968875422243);
#1560=DIRECTION('',(0.577,-0.577,0.577));
#1551=ORIENTED_EDGE('',*,*,#1552,.F.);
#1564=CARTESIAN_POINT('',(17.462,-0.318,6.032));
#1563=VERTEX_POINT('',#1564);
#1562=EDGE_CURVE('',#1563,#1553,#1567,.T.);
#1567=LINE('',#1564,#1569);
#1569=VECTOR('',#1570,0.635025399972943);
#1570=DIRECTION('',(1.0,0.0,0.0));
#1561=ORIENTED_EDGE('',*,*,#1562,.F.);
#1574=CARTESIAN_POINT('',(17.272,-0.508,6.223));
#1573=VERTEX_POINT('',#1574);
#1572=EDGE_CURVE('',#1573,#1563,#1577,.T.);
#1577=LINE('',#1574,#1579);
#1579=VECTOR('',#1580,0.3299688749349);
#1580=DIRECTION('',(0.577,0.577,-0.577));
#1571=ORIENTED_EDGE('',*,*,#1572,.F.);
#1582=EDGE_CURVE('',#1555,#1573,#1587,.T.);
#1587=LINE('',#1556,#1589);
#1589=VECTOR('',#1590,1.01604063988917);
#1590=DIRECTION('',(-1.0,0.0,0.0));
#1581=ORIENTED_EDGE('',*,*,#1582,.F.);
#1591=STYLED_ITEM('',(#43),#1592);
#1592=ADVANCED_FACE('',(#1598),#1593,.T.);
#1593=PLANE('',#1594);
#1594=AXIS2_PLACEMENT_3D('',#1595,#1596,#1597);
#1595=CARTESIAN_POINT('',(18.288,-0.508,6.223));
#1596=DIRECTION('',(-0.707,0.0,0.707));
#1597=DIRECTION('',(0.,0.,1.));
#1598=FACE_OUTER_BOUND('',#1599,.T.);
#1599=EDGE_LOOP('',(#1600,#1610,#1620,#1630));
#1603=CARTESIAN_POINT('',(18.288,0.508,6.223));
#1602=VERTEX_POINT('',#1603);
#1601=EDGE_CURVE('',#1602,#1555,#1606,.T.);
#1606=LINE('',#1603,#1608);
#1608=VECTOR('',#1609,1.01604135775567);
#1609=DIRECTION('',(0.0,-1.0,0.0));
#1600=ORIENTED_EDGE('',*,*,#1601,.F.);
#1613=CARTESIAN_POINT('',(18.098,0.318,6.032));
#1612=VERTEX_POINT('',#1613);
#1611=EDGE_CURVE('',#1612,#1602,#1616,.T.);
#1616=LINE('',#1613,#1618);
#1618=VECTOR('',#1619,0.329968875422246);
#1619=DIRECTION('',(0.577,0.577,0.577));
#1610=ORIENTED_EDGE('',*,*,#1611,.F.);
#1621=EDGE_CURVE('',#1553,#1612,#1626,.T.);
#1626=LINE('',#1554,#1628);
#1628=VECTOR('',#1629,0.635026103807123);
#1629=DIRECTION('',(0.0,1.0,0.0));
#1620=ORIENTED_EDGE('',*,*,#1621,.F.);
#1630=ORIENTED_EDGE('',*,*,#1552,.T.);
#1640=STYLED_ITEM('',(#43),#1641);
#1641=ADVANCED_FACE('',(#1647),#1642,.T.);
#1642=PLANE('',#1643);
#1643=AXIS2_PLACEMENT_3D('',#1644,#1645,#1646);
#1644=CARTESIAN_POINT('',(18.288,0.508,6.223));
#1645=DIRECTION('',(0.0,-0.707,0.707));
#1646=DIRECTION('',(0.,0.,1.));
#1647=FACE_OUTER_BOUND('',#1648,.T.);
#1648=EDGE_LOOP('',(#1649,#1659,#1669,#1679));
#1652=CARTESIAN_POINT('',(17.272,0.508,6.223));
#1651=VERTEX_POINT('',#1652);
#1650=EDGE_CURVE('',#1651,#1602,#1655,.T.);
#1655=LINE('',#1652,#1657);
#1657=VECTOR('',#1658,1.01604063988918);
#1658=DIRECTION('',(1.0,0.0,0.0));
#1649=ORIENTED_EDGE('',*,*,#1650,.F.);
#1662=CARTESIAN_POINT('',(17.462,0.318,6.032));
#1661=VERTEX_POINT('',#1662);
#1660=EDGE_CURVE('',#1661,#1651,#1665,.T.);
#1665=LINE('',#1662,#1667);
#1667=VECTOR('',#1668,0.329968874934904);
#1668=DIRECTION('',(-0.577,0.577,0.577));
#1659=ORIENTED_EDGE('',*,*,#1660,.F.);
#1670=EDGE_CURVE('',#1612,#1661,#1675,.T.);
#1675=LINE('',#1613,#1677);
#1677=VECTOR('',#1678,0.635025399972942);
#1678=DIRECTION('',(-1.0,0.0,0.0));
#1669=ORIENTED_EDGE('',*,*,#1670,.F.);
#1679=ORIENTED_EDGE('',*,*,#1611,.T.);
#1689=STYLED_ITEM('',(#43),#1690);
#1690=ADVANCED_FACE('',(#1696),#1691,.T.);
#1691=PLANE('',#1692);
#1692=AXIS2_PLACEMENT_3D('',#1693,#1694,#1695);
#1693=CARTESIAN_POINT('',(17.272,0.508,6.223));
#1694=DIRECTION('',(0.707,0.0,0.707));
#1695=DIRECTION('',(0.,0.,1.));
#1696=FACE_OUTER_BOUND('',#1697,.T.);
#1697=EDGE_LOOP('',(#1698,#1708,#1718,#1728));
#1699=EDGE_CURVE('',#1573,#1651,#1704,.T.);
#1704=LINE('',#1574,#1706);
#1706=VECTOR('',#1707,1.01604124886873);
#1707=DIRECTION('',(0.0,1.0,0.0));
#1698=ORIENTED_EDGE('',*,*,#1699,.F.);
#1708=ORIENTED_EDGE('',*,*,#1572,.T.);
#1719=EDGE_CURVE('',#1661,#1563,#1724,.T.);
#1724=LINE('',#1662,#1726);
#1726=VECTOR('',#1727,0.635026035747175);
#1727=DIRECTION('',(0.0,-1.0,0.0));
#1718=ORIENTED_EDGE('',*,*,#1719,.F.);
#1728=ORIENTED_EDGE('',*,*,#1660,.T.);
#1738=STYLED_ITEM('',(#43),#1739);
#1739=ADVANCED_FACE('',(#1745),#1740,.T.);
#1740=PLANE('',#1741);
#1741=AXIS2_PLACEMENT_3D('',#1742,#1743,#1744);
#1742=CARTESIAN_POINT('',(18.098,-0.318,0.762));
#1743=DIRECTION('',(0.0,1.0,0.0));
#1744=DIRECTION('',(0.,0.,1.));
#1745=FACE_OUTER_BOUND('',#1746,.T.);
#1746=EDGE_LOOP('',(#1747,#1757,#1767,#1777));
#1750=CARTESIAN_POINT('',(17.462,-0.318,0.762));
#1749=VERTEX_POINT('',#1750);
#1752=CARTESIAN_POINT('',(18.098,-0.318,0.762));
#1751=VERTEX_POINT('',#1752);
#1748=EDGE_CURVE('',#1749,#1751,#1753,.T.);
#1753=LINE('',#1750,#1755);
#1755=VECTOR('',#1756,0.635025399972943);
#1756=DIRECTION('',(1.0,0.0,0.0));
#1747=ORIENTED_EDGE('',*,*,#1748,.F.);
#1758=EDGE_CURVE('',#1563,#1749,#1763,.T.);
#1763=LINE('',#1564,#1765);
#1765=VECTOR('',#1766,5.27049238);
#1766=DIRECTION('',(0.0,0.0,-1.0));
#1757=ORIENTED_EDGE('',*,*,#1758,.F.);
#1767=ORIENTED_EDGE('',*,*,#1562,.T.);
#1778=EDGE_CURVE('',#1751,#1553,#1783,.T.);
#1783=LINE('',#1752,#1785);
#1785=VECTOR('',#1786,5.27049238);
#1786=DIRECTION('',(0.0,0.0,1.0));
#1777=ORIENTED_EDGE('',*,*,#1778,.F.);
#1787=STYLED_ITEM('',(#43),#1788);
#1788=ADVANCED_FACE('',(#1794),#1789,.T.);
#1789=PLANE('',#1790);
#1790=AXIS2_PLACEMENT_3D('',#1791,#1792,#1793);
#1791=CARTESIAN_POINT('',(18.098,0.318,0.762));
#1792=DIRECTION('',(-1.0,0.0,0.0));
#1793=DIRECTION('',(0.,0.,1.));
#1794=FACE_OUTER_BOUND('',#1795,.T.);
#1795=EDGE_LOOP('',(#1796,#1806,#1816,#1826));
#1801=CARTESIAN_POINT('',(18.098,0.318,0.762));
#1800=VERTEX_POINT('',#1801);
#1797=EDGE_CURVE('',#1751,#1800,#1802,.T.);
#1802=LINE('',#1752,#1804);
#1804=VECTOR('',#1805,0.635026103807123);
#1805=DIRECTION('',(0.0,1.0,0.0));
#1796=ORIENTED_EDGE('',*,*,#1797,.F.);
#1806=ORIENTED_EDGE('',*,*,#1778,.T.);
#1816=ORIENTED_EDGE('',*,*,#1621,.T.);
#1827=EDGE_CURVE('',#1800,#1612,#1832,.T.);
#1832=LINE('',#1801,#1834);
#1834=VECTOR('',#1835,5.27049238);
#1835=DIRECTION('',(0.0,0.0,1.0));
#1826=ORIENTED_EDGE('',*,*,#1827,.F.);
#1836=STYLED_ITEM('',(#43),#1837);
#1837=ADVANCED_FACE('',(#1843),#1838,.T.);
#1838=PLANE('',#1839);
#1839=AXIS2_PLACEMENT_3D('',#1840,#1841,#1842);
#1840=CARTESIAN_POINT('',(17.462,0.318,0.762));
#1841=DIRECTION('',(0.0,-1.0,0.0));
#1842=DIRECTION('',(0.,0.,1.));
#1843=FACE_OUTER_BOUND('',#1844,.T.);
#1844=EDGE_LOOP('',(#1845,#1855,#1865,#1875));
#1850=CARTESIAN_POINT('',(17.462,0.318,0.762));
#1849=VERTEX_POINT('',#1850);
#1846=EDGE_CURVE('',#1800,#1849,#1851,.T.);
#1851=LINE('',#1801,#1853);
#1853=VECTOR('',#1854,0.635025399972942);
#1854=DIRECTION('',(-1.0,0.0,0.0));
#1845=ORIENTED_EDGE('',*,*,#1846,.F.);
#1855=ORIENTED_EDGE('',*,*,#1827,.T.);
#1865=ORIENTED_EDGE('',*,*,#1670,.T.);
#1876=EDGE_CURVE('',#1849,#1661,#1881,.T.);
#1881=LINE('',#1850,#1883);
#1883=VECTOR('',#1884,5.27049238);
#1884=DIRECTION('',(0.0,0.0,1.0));
#1875=ORIENTED_EDGE('',*,*,#1876,.F.);
#1885=STYLED_ITEM('',(#43),#1886);
#1886=ADVANCED_FACE('',(#1892),#1887,.T.);
#1887=PLANE('',#1888);
#1888=AXIS2_PLACEMENT_3D('',#1889,#1890,#1891);
#1889=CARTESIAN_POINT('',(17.462,-0.318,0.762));
#1890=DIRECTION('',(1.0,0.0,0.0));
#1891=DIRECTION('',(0.,0.,1.));
#1892=FACE_OUTER_BOUND('',#1893,.T.);
#1893=EDGE_LOOP('',(#1894,#1904,#1914,#1924));
#1895=EDGE_CURVE('',#1849,#1749,#1900,.T.);
#1900=LINE('',#1850,#1902);
#1902=VECTOR('',#1903,0.635026035747175);
#1903=DIRECTION('',(0.0,-1.0,0.0));
#1894=ORIENTED_EDGE('',*,*,#1895,.F.);
#1904=ORIENTED_EDGE('',*,*,#1876,.T.);
#1914=ORIENTED_EDGE('',*,*,#1719,.T.);
#1924=ORIENTED_EDGE('',*,*,#1758,.T.);
#1934=STYLED_ITEM('',(#43),#1935);
#1935=ADVANCED_FACE('',(#1941),#1936,.T.);
#1936=PLANE('',#1937);
#1937=AXIS2_PLACEMENT_3D('',#1938,#1939,#1940);
#1938=CARTESIAN_POINT('',(16.51,-1.27,0.762));
#1939=DIRECTION('',(0.0,-1.0,0.0));
#1940=DIRECTION('',(0.,0.,1.));
#1941=FACE_OUTER_BOUND('',#1942,.T.);
#1942=EDGE_LOOP('',(#1943,#1953,#1963,#1973));
#1948=CARTESIAN_POINT('',(16.51,-1.27,0.762));
#1947=VERTEX_POINT('',#1948);
#1944=EDGE_CURVE('',#1271,#1947,#1949,.T.);
#1949=LINE('',#1272,#1951);
#1951=VECTOR('',#1952,2.53999999827218);
#1952=DIRECTION('',(-1.0,0.0,0.0));
#1943=ORIENTED_EDGE('',*,*,#1944,.F.);
#1953=ORIENTED_EDGE('',*,*,#1298,.T.);
#1966=CARTESIAN_POINT('',(16.51,-1.27,6.223));
#1965=VERTEX_POINT('',#1966);
#1964=EDGE_CURVE('',#1965,#1289,#1969,.T.);
#1969=LINE('',#1966,#1971);
#1971=VECTOR('',#1972,2.53999999827218);
#1972=DIRECTION('',(1.0,0.0,0.0));
#1963=ORIENTED_EDGE('',*,*,#1964,.F.);
#1974=EDGE_CURVE('',#1947,#1965,#1979,.T.);
#1979=LINE('',#1948,#1981);
#1981=VECTOR('',#1982,5.461);
#1982=DIRECTION('',(0.0,0.0,1.0));
#1973=ORIENTED_EDGE('',*,*,#1974,.F.);
#1983=STYLED_ITEM('',(#43),#1984);
#1984=ADVANCED_FACE('',(#1990),#1985,.T.);
#1985=PLANE('',#1986);
#1986=AXIS2_PLACEMENT_3D('',#1987,#1988,#1989);
#1987=CARTESIAN_POINT('',(19.05,1.27,0.762));
#1988=DIRECTION('',(0.0,1.0,0.0));
#1989=DIRECTION('',(0.,0.,1.));
#1990=FACE_OUTER_BOUND('',#1991,.T.);
#1991=EDGE_LOOP('',(#1992,#2002,#2012,#2022));
#1995=CARTESIAN_POINT('',(16.51,1.27,0.762));
#1994=VERTEX_POINT('',#1995);
#1993=EDGE_CURVE('',#1994,#1318,#1998,.T.);
#1998=LINE('',#1995,#2000);
#2000=VECTOR('',#2001,2.53999999827218);
#2001=DIRECTION('',(1.0,0.0,0.0));
#1992=ORIENTED_EDGE('',*,*,#1993,.F.);
#2005=CARTESIAN_POINT('',(16.51,1.27,6.223));
#2004=VERTEX_POINT('',#2005);
#2003=EDGE_CURVE('',#2004,#1994,#2008,.T.);
#2008=LINE('',#2005,#2010);
#2010=VECTOR('',#2011,5.461);
#2011=DIRECTION('',(0.0,0.0,-1.0));
#2002=ORIENTED_EDGE('',*,*,#2003,.F.);
#2013=EDGE_CURVE('',#1328,#2004,#2018,.T.);
#2018=LINE('',#1329,#2020);
#2020=VECTOR('',#2021,2.53999999827218);
#2021=DIRECTION('',(-1.0,0.0,0.0));
#2012=ORIENTED_EDGE('',*,*,#2013,.F.);
#2022=ORIENTED_EDGE('',*,*,#1327,.T.);
#2032=STYLED_ITEM('color',(#43),#2033);
#2033=ADVANCED_FACE($,(#2039, #2083), #2034,.T.);
#2034=PLANE($,#2035);
#2035=AXIS2_PLACEMENT_3D($,#2036,#2037,#2038);
#2036=CARTESIAN_POINT('',(19.05,-1.27,6.223));
#2037=DIRECTION('',(0.,0.,1.));
#2038=DIRECTION('',(1.,0.,0.));
#2039=FACE_OUTER_BOUND($,#2040,.T.);
#2040=EDGE_LOOP($,(#2043, #2053, #2063, #2073));
#2043=ORIENTED_EDGE('',*,*,#1964,.T.);
#2053=ORIENTED_EDGE('',*,*,#1398,.T.);
#2063=ORIENTED_EDGE('',*,*,#2013,.T.);
#2074=EDGE_CURVE('',#1965,#2004,#2079,.T.);
#2079=LINE('',#1966,#2081);
#2081=VECTOR('',#2082,2.54000050205427);
#2082=DIRECTION('',(0.0,1.0,0.0));
#2073=ORIENTED_EDGE('',*,*,#2074,.F.);
#2083=FACE_BOUND($,#2084,.T.);
#2084=EDGE_LOOP($,(#2085, #2095, #2105, #2115));
#2085=ORIENTED_EDGE('',*,*,#1582,.T.);
#2095=ORIENTED_EDGE('',*,*,#1699,.T.);
#2105=ORIENTED_EDGE('',*,*,#1650,.T.);
#2115=ORIENTED_EDGE('',*,*,#1601,.T.);
#2125=STYLED_ITEM('color',(#43),#2126);
#2126=ADVANCED_FACE($,(#2132, #2176), #2127,.T.);
#2127=PLANE($,#2128);
#2128=AXIS2_PLACEMENT_3D($,#2129,#2130,#2131);
#2129=CARTESIAN_POINT('',(19.05,-1.27,0.762));
#2130=DIRECTION('',(0.,0.,-1.));
#2131=DIRECTION('',(1.,0.,0.));
#2132=FACE_OUTER_BOUND($,#2133,.T.);
#2133=EDGE_LOOP($,(#2136, #2146, #2156, #2166));
#2136=ORIENTED_EDGE('',*,*,#1944,.T.);
#2147=EDGE_CURVE('',#1994,#1947,#2152,.T.);
#2152=LINE('',#1995,#2154);
#2154=VECTOR('',#2155,2.54000050205427);
#2155=DIRECTION('',(0.0,-1.0,0.0));
#2146=ORIENTED_EDGE('',*,*,#2147,.F.);
#2156=ORIENTED_EDGE('',*,*,#1993,.T.);
#2166=ORIENTED_EDGE('',*,*,#1471,.T.);
#2176=FACE_BOUND($,#2177,.T.);
#2177=EDGE_LOOP($,(#2178, #2188, #2198, #2208));
#2178=ORIENTED_EDGE('',*,*,#1748,.T.);
#2188=ORIENTED_EDGE('',*,*,#1797,.T.);
#2198=ORIENTED_EDGE('',*,*,#1846,.T.);
#2208=ORIENTED_EDGE('',*,*,#1895,.T.);
#2218=STYLED_ITEM('',(#43),#2219);
#2219=ADVANCED_FACE('',(#2225),#2220,.T.);
#2220=PLANE('',#2221);
#2221=AXIS2_PLACEMENT_3D('',#2222,#2223,#2224);
#2222=CARTESIAN_POINT('',(15.748,-0.508,6.223));
#2223=DIRECTION('',(0.0,0.707,0.707));
#2224=DIRECTION('',(0.,0.,1.));
#2225=FACE_OUTER_BOUND('',#2226,.T.);
#2226=EDGE_LOOP('',(#2227,#2237,#2247,#2257));
#2230=CARTESIAN_POINT('',(15.558,-0.318,6.032));
#2229=VERTEX_POINT('',#2230);
#2232=CARTESIAN_POINT('',(15.748,-0.508,6.223));
#2231=VERTEX_POINT('',#2232);
#2228=EDGE_CURVE('',#2229,#2231,#2233,.T.);
#2233=LINE('',#2230,#2235);
#2235=VECTOR('',#2236,0.329968875556828);
#2236=DIRECTION('',(0.577,-0.577,0.577));
#2227=ORIENTED_EDGE('',*,*,#2228,.F.);
#2240=CARTESIAN_POINT('',(14.922,-0.318,6.032));
#2239=VERTEX_POINT('',#2240);
#2238=EDGE_CURVE('',#2239,#2229,#2243,.T.);
#2243=LINE('',#2240,#2245);
#2245=VECTOR('',#2246,0.635025399924843);
#2246=DIRECTION('',(1.0,0.0,0.0));
#2237=ORIENTED_EDGE('',*,*,#2238,.F.);
#2250=CARTESIAN_POINT('',(14.732,-0.508,6.223));
#2249=VERTEX_POINT('',#2250);
#2248=EDGE_CURVE('',#2249,#2239,#2253,.T.);
#2253=LINE('',#2250,#2255);
#2255=VECTOR('',#2256,0.329968874745048);
#2256=DIRECTION('',(0.577,0.577,-0.577));
#2247=ORIENTED_EDGE('',*,*,#2248,.F.);
#2258=EDGE_CURVE('',#2231,#2249,#2263,.T.);
#2263=LINE('',#2232,#2265);
#2265=VECTOR('',#2266,1.01604063969227);
#2266=DIRECTION('',(-1.0,0.0,0.0));
#2257=ORIENTED_EDGE('',*,*,#2258,.F.);
#2267=STYLED_ITEM('',(#43),#2268);
#2268=ADVANCED_FACE('',(#2274),#2269,.T.);
#2269=PLANE('',#2270);
#2270=AXIS2_PLACEMENT_3D('',#2271,#2272,#2273);
#2271=CARTESIAN_POINT('',(15.748,-0.508,6.223));
#2272=DIRECTION('',(-0.707,0.0,0.707));
#2273=DIRECTION('',(0.,0.,1.));
#2274=FACE_OUTER_BOUND('',#2275,.T.);
#2275=EDGE_LOOP('',(#2276,#2286,#2296,#2306));
#2279=CARTESIAN_POINT('',(15.748,0.508,6.223));
#2278=VERTEX_POINT('',#2279);
#2277=EDGE_CURVE('',#2278,#2231,#2282,.T.);
#2282=LINE('',#2279,#2284);
#2284=VECTOR('',#2285,1.01604108556719);
#2285=DIRECTION('',(0.0,-1.0,0.0));
#2276=ORIENTED_EDGE('',*,*,#2277,.F.);
#2289=CARTESIAN_POINT('',(15.558,0.318,6.032));
#2288=VERTEX_POINT('',#2289);
#2287=EDGE_CURVE('',#2288,#2278,#2292,.T.);
#2292=LINE('',#2289,#2294);
#2294=VECTOR('',#2295,0.329968875556828);
#2295=DIRECTION('',(0.577,0.577,0.577));
#2286=ORIENTED_EDGE('',*,*,#2287,.F.);
#2297=EDGE_CURVE('',#2229,#2288,#2302,.T.);
#2302=LINE('',#2230,#2304);
#2304=VECTOR('',#2305,0.635025831584076);
#2305=DIRECTION('',(0.0,1.0,0.0));
#2296=ORIENTED_EDGE('',*,*,#2297,.F.);
#2306=ORIENTED_EDGE('',*,*,#2228,.T.);
#2316=STYLED_ITEM('',(#43),#2317);
#2317=ADVANCED_FACE('',(#2323),#2318,.T.);
#2318=PLANE('',#2319);
#2319=AXIS2_PLACEMENT_3D('',#2320,#2321,#2322);
#2320=CARTESIAN_POINT('',(15.748,0.508,6.223));
#2321=DIRECTION('',(0.0,-0.707,0.707));
#2322=DIRECTION('',(0.,0.,1.));
#2323=FACE_OUTER_BOUND('',#2324,.T.);
#2324=EDGE_LOOP('',(#2325,#2335,#2345,#2355));
#2328=CARTESIAN_POINT('',(14.732,0.508,6.223));
#2327=VERTEX_POINT('',#2328);
#2326=EDGE_CURVE('',#2327,#2278,#2331,.T.);
#2331=LINE('',#2328,#2333);
#2333=VECTOR('',#2334,1.01604063969227);
#2334=DIRECTION('',(1.0,0.0,0.0));
#2325=ORIENTED_EDGE('',*,*,#2326,.F.);
#2338=CARTESIAN_POINT('',(14.922,0.318,6.032));
#2337=VERTEX_POINT('',#2338);
#2336=EDGE_CURVE('',#2337,#2327,#2341,.T.);
#2341=LINE('',#2338,#2343);
#2343=VECTOR('',#2344,0.329968874745049);
#2344=DIRECTION('',(-0.577,0.577,0.577));
#2335=ORIENTED_EDGE('',*,*,#2336,.F.);
#2346=EDGE_CURVE('',#2288,#2337,#2351,.T.);
#2351=LINE('',#2289,#2353);
#2353=VECTOR('',#2354,0.635025399924843);
#2354=DIRECTION('',(-1.0,0.0,0.0));
#2345=ORIENTED_EDGE('',*,*,#2346,.F.);
#2355=ORIENTED_EDGE('',*,*,#2287,.T.);
#2365=STYLED_ITEM('',(#43),#2366);
#2366=ADVANCED_FACE('',(#2372),#2367,.T.);
#2367=PLANE('',#2368);
#2368=AXIS2_PLACEMENT_3D('',#2369,#2370,#2371);
#2369=CARTESIAN_POINT('',(14.732,0.508,6.223));
#2370=DIRECTION('',(0.707,0.0,0.707));
#2371=DIRECTION('',(0.,0.,1.));
#2372=FACE_OUTER_BOUND('',#2373,.T.);
#2373=EDGE_LOOP('',(#2374,#2384,#2394,#2404));
#2375=EDGE_CURVE('',#2249,#2327,#2380,.T.);
#2380=LINE('',#2250,#2382);
#2382=VECTOR('',#2383,1.01604097672385);
#2383=DIRECTION('',(0.0,1.0,0.0));
#2374=ORIENTED_EDGE('',*,*,#2375,.F.);
#2384=ORIENTED_EDGE('',*,*,#2248,.T.);
#2395=EDGE_CURVE('',#2337,#2239,#2400,.T.);
#2400=LINE('',#2338,#2402);
#2402=VECTOR('',#2403,0.635025763530714);
#2403=DIRECTION('',(0.0,-1.0,0.0));
#2394=ORIENTED_EDGE('',*,*,#2395,.F.);
#2404=ORIENTED_EDGE('',*,*,#2336,.T.);
#2414=STYLED_ITEM('',(#43),#2415);
#2415=ADVANCED_FACE('',(#2421),#2416,.T.);
#2416=PLANE('',#2417);
#2417=AXIS2_PLACEMENT_3D('',#2418,#2419,#2420);
#2418=CARTESIAN_POINT('',(15.558,-0.318,0.762));
#2419=DIRECTION('',(0.0,1.0,0.0));
#2420=DIRECTION('',(0.,0.,1.));
#2421=FACE_OUTER_BOUND('',#2422,.T.);
#2422=EDGE_LOOP('',(#2423,#2433,#2443,#2453));
#2426=CARTESIAN_POINT('',(14.922,-0.318,0.762));
#2425=VERTEX_POINT('',#2426);
#2428=CARTESIAN_POINT('',(15.558,-0.318,0.762));
#2427=VERTEX_POINT('',#2428);
#2424=EDGE_CURVE('',#2425,#2427,#2429,.T.);
#2429=LINE('',#2426,#2431);
#2431=VECTOR('',#2432,0.635025399924843);
#2432=DIRECTION('',(1.0,0.0,0.0));
#2423=ORIENTED_EDGE('',*,*,#2424,.F.);
#2434=EDGE_CURVE('',#2239,#2425,#2439,.T.);
#2439=LINE('',#2240,#2441);
#2441=VECTOR('',#2442,5.27049238);
#2442=DIRECTION('',(0.0,0.0,-1.0));
#2433=ORIENTED_EDGE('',*,*,#2434,.F.);
#2443=ORIENTED_EDGE('',*,*,#2238,.T.);
#2454=EDGE_CURVE('',#2427,#2229,#2459,.T.);
#2459=LINE('',#2428,#2461);
#2461=VECTOR('',#2462,5.27049238);
#2462=DIRECTION('',(0.0,0.0,1.0));
#2453=ORIENTED_EDGE('',*,*,#2454,.F.);
#2463=STYLED_ITEM('',(#43),#2464);
#2464=ADVANCED_FACE('',(#2470),#2465,.T.);
#2465=PLANE('',#2466);
#2466=AXIS2_PLACEMENT_3D('',#2467,#2468,#2469);
#2467=CARTESIAN_POINT('',(15.558,0.318,0.762));
#2468=DIRECTION('',(-1.0,0.0,0.0));
#2469=DIRECTION('',(0.,0.,1.));
#2470=FACE_OUTER_BOUND('',#2471,.T.);
#2471=EDGE_LOOP('',(#2472,#2482,#2492,#2502));
#2477=CARTESIAN_POINT('',(15.558,0.318,0.762));
#2476=VERTEX_POINT('',#2477);
#2473=EDGE_CURVE('',#2427,#2476,#2478,.T.);
#2478=LINE('',#2428,#2480);
#2480=VECTOR('',#2481,0.635025831584076);
#2481=DIRECTION('',(0.0,1.0,0.0));
#2472=ORIENTED_EDGE('',*,*,#2473,.F.);
#2482=ORIENTED_EDGE('',*,*,#2454,.T.);
#2492=ORIENTED_EDGE('',*,*,#2297,.T.);
#2503=EDGE_CURVE('',#2476,#2288,#2508,.T.);
#2508=LINE('',#2477,#2510);
#2510=VECTOR('',#2511,5.27049238);
#2511=DIRECTION('',(0.0,0.0,1.0));
#2502=ORIENTED_EDGE('',*,*,#2503,.F.);
#2512=STYLED_ITEM('',(#43),#2513);
#2513=ADVANCED_FACE('',(#2519),#2514,.T.);
#2514=PLANE('',#2515);
#2515=AXIS2_PLACEMENT_3D('',#2516,#2517,#2518);
#2516=CARTESIAN_POINT('',(14.922,0.318,0.762));
#2517=DIRECTION('',(0.0,-1.0,0.0));
#2518=DIRECTION('',(0.,0.,1.));
#2519=FACE_OUTER_BOUND('',#2520,.T.);
#2520=EDGE_LOOP('',(#2521,#2531,#2541,#2551));
#2526=CARTESIAN_POINT('',(14.922,0.318,0.762));
#2525=VERTEX_POINT('',#2526);
#2522=EDGE_CURVE('',#2476,#2525,#2527,.T.);
#2527=LINE('',#2477,#2529);
#2529=VECTOR('',#2530,0.635025399924843);
#2530=DIRECTION('',(-1.0,0.0,0.0));
#2521=ORIENTED_EDGE('',*,*,#2522,.F.);
#2531=ORIENTED_EDGE('',*,*,#2503,.T.);
#2541=ORIENTED_EDGE('',*,*,#2346,.T.);
#2552=EDGE_CURVE('',#2525,#2337,#2557,.T.);
#2557=LINE('',#2526,#2559);
#2559=VECTOR('',#2560,5.27049238);
#2560=DIRECTION('',(0.0,0.0,1.0));
#2551=ORIENTED_EDGE('',*,*,#2552,.F.);
#2561=STYLED_ITEM('',(#43),#2562);
#2562=ADVANCED_FACE('',(#2568),#2563,.T.);
#2563=PLANE('',#2564);
#2564=AXIS2_PLACEMENT_3D('',#2565,#2566,#2567);
#2565=CARTESIAN_POINT('',(14.922,-0.318,0.762));
#2566=DIRECTION('',(1.0,0.0,0.0));
#2567=DIRECTION('',(0.,0.,1.));
#2568=FACE_OUTER_BOUND('',#2569,.T.);
#2569=EDGE_LOOP('',(#2570,#2580,#2590,#2600));
#2571=EDGE_CURVE('',#2525,#2425,#2576,.T.);
#2576=LINE('',#2526,#2578);
#2578=VECTOR('',#2579,0.635025763530714);
#2579=DIRECTION('',(0.0,-1.0,0.0));
#2570=ORIENTED_EDGE('',*,*,#2571,.F.);
#2580=ORIENTED_EDGE('',*,*,#2552,.T.);
#2590=ORIENTED_EDGE('',*,*,#2395,.T.);
#2600=ORIENTED_EDGE('',*,*,#2434,.T.);
#2610=STYLED_ITEM('',(#43),#2611);
#2611=ADVANCED_FACE('',(#2617),#2612,.T.);
#2612=PLANE('',#2613);
#2613=AXIS2_PLACEMENT_3D('',#2614,#2615,#2616);
#2614=CARTESIAN_POINT('',(13.97,-1.27,0.762));
#2615=DIRECTION('',(0.0,-1.0,0.0));
#2616=DIRECTION('',(0.,0.,1.));
#2617=FACE_OUTER_BOUND('',#2618,.T.);
#2618=EDGE_LOOP('',(#2619,#2629,#2639,#2649));
#2624=CARTESIAN_POINT('',(13.97,-1.27,0.762));
#2623=VERTEX_POINT('',#2624);
#2620=EDGE_CURVE('',#1947,#2623,#2625,.T.);
#2625=LINE('',#1948,#2627);
#2627=VECTOR('',#2628,2.53999999526719);
#2628=DIRECTION('',(-1.0,0.0,0.0));
#2619=ORIENTED_EDGE('',*,*,#2620,.F.);
#2629=ORIENTED_EDGE('',*,*,#1974,.T.);
#2642=CARTESIAN_POINT('',(13.97,-1.27,6.223));
#2641=VERTEX_POINT('',#2642);
#2640=EDGE_CURVE('',#2641,#1965,#2645,.T.);
#2645=LINE('',#2642,#2647);
#2647=VECTOR('',#2648,2.53999999526719);
#2648=DIRECTION('',(1.0,0.0,0.0));
#2639=ORIENTED_EDGE('',*,*,#2640,.F.);
#2650=EDGE_CURVE('',#2623,#2641,#2655,.T.);
#2655=LINE('',#2624,#2657);
#2657=VECTOR('',#2658,5.461);
#2658=DIRECTION('',(0.0,0.0,1.0));
#2649=ORIENTED_EDGE('',*,*,#2650,.F.);
#2659=STYLED_ITEM('',(#43),#2660);
#2660=ADVANCED_FACE('',(#2666),#2661,.T.);
#2661=PLANE('',#2662);
#2662=AXIS2_PLACEMENT_3D('',#2663,#2664,#2665);
#2663=CARTESIAN_POINT('',(16.51,1.27,0.762));
#2664=DIRECTION('',(0.0,1.0,0.0));
#2665=DIRECTION('',(0.,0.,1.));
#2666=FACE_OUTER_BOUND('',#2667,.T.);
#2667=EDGE_LOOP('',(#2668,#2678,#2688,#2698));
#2671=CARTESIAN_POINT('',(13.97,1.27,0.762));
#2670=VERTEX_POINT('',#2671);
#2669=EDGE_CURVE('',#2670,#1994,#2674,.T.);
#2674=LINE('',#2671,#2676);
#2676=VECTOR('',#2677,2.53999999526719);
#2677=DIRECTION('',(1.0,0.0,0.0));
#2668=ORIENTED_EDGE('',*,*,#2669,.F.);
#2681=CARTESIAN_POINT('',(13.97,1.27,6.223));
#2680=VERTEX_POINT('',#2681);
#2679=EDGE_CURVE('',#2680,#2670,#2684,.T.);
#2684=LINE('',#2681,#2686);
#2686=VECTOR('',#2687,5.461);
#2687=DIRECTION('',(0.0,0.0,-1.0));
#2678=ORIENTED_EDGE('',*,*,#2679,.F.);
#2689=EDGE_CURVE('',#2004,#2680,#2694,.T.);
#2694=LINE('',#2005,#2696);
#2696=VECTOR('',#2697,2.53999999526719);
#2697=DIRECTION('',(-1.0,0.0,0.0));
#2688=ORIENTED_EDGE('',*,*,#2689,.F.);
#2698=ORIENTED_EDGE('',*,*,#2003,.T.);
#2708=STYLED_ITEM('color',(#43),#2709);
#2709=ADVANCED_FACE($,(#2715, #2759), #2710,.T.);
#2710=PLANE($,#2711);
#2711=AXIS2_PLACEMENT_3D($,#2712,#2713,#2714);
#2712=CARTESIAN_POINT('',(16.51,-1.27,6.223));
#2713=DIRECTION('',(0.,0.,1.));
#2714=DIRECTION('',(1.,0.,0.));
#2715=FACE_OUTER_BOUND($,#2716,.T.);
#2716=EDGE_LOOP($,(#2719, #2729, #2739, #2749));
#2719=ORIENTED_EDGE('',*,*,#2640,.T.);
#2729=ORIENTED_EDGE('',*,*,#2074,.T.);
#2739=ORIENTED_EDGE('',*,*,#2689,.T.);
#2750=EDGE_CURVE('',#2641,#2680,#2755,.T.);
#2755=LINE('',#2642,#2757);
#2757=VECTOR('',#2758,2.54000023209588);
#2758=DIRECTION('',(0.0,1.0,0.0));
#2749=ORIENTED_EDGE('',*,*,#2750,.F.);
#2759=FACE_BOUND($,#2760,.T.);
#2760=EDGE_LOOP($,(#2761, #2771, #2781, #2791));
#2761=ORIENTED_EDGE('',*,*,#2258,.T.);
#2771=ORIENTED_EDGE('',*,*,#2375,.T.);
#2781=ORIENTED_EDGE('',*,*,#2326,.T.);
#2791=ORIENTED_EDGE('',*,*,#2277,.T.);
#2801=STYLED_ITEM('color',(#43),#2802);
#2802=ADVANCED_FACE($,(#2808, #2852), #2803,.T.);
#2803=PLANE($,#2804);
#2804=AXIS2_PLACEMENT_3D($,#2805,#2806,#2807);
#2805=CARTESIAN_POINT('',(16.51,-1.27,0.762));
#2806=DIRECTION('',(0.,0.,-1.));
#2807=DIRECTION('',(1.,0.,0.));
#2808=FACE_OUTER_BOUND($,#2809,.T.);
#2809=EDGE_LOOP($,(#2812, #2822, #2832, #2842));
#2812=ORIENTED_EDGE('',*,*,#2620,.T.);
#2823=EDGE_CURVE('',#2670,#2623,#2828,.T.);
#2828=LINE('',#2671,#2830);
#2830=VECTOR('',#2831,2.54000023209588);
#2831=DIRECTION('',(0.0,-1.0,0.0));
#2822=ORIENTED_EDGE('',*,*,#2823,.F.);
#2832=ORIENTED_EDGE('',*,*,#2669,.T.);
#2842=ORIENTED_EDGE('',*,*,#2147,.T.);
#2852=FACE_BOUND($,#2853,.T.);
#2853=EDGE_LOOP($,(#2854, #2864, #2874, #2884));
#2854=ORIENTED_EDGE('',*,*,#2424,.T.);
#2864=ORIENTED_EDGE('',*,*,#2473,.T.);
#2874=ORIENTED_EDGE('',*,*,#2522,.T.);
#2884=ORIENTED_EDGE('',*,*,#2571,.T.);
#2894=STYLED_ITEM('',(#43),#2895);
#2895=ADVANCED_FACE('',(#2901),#2896,.T.);
#2896=PLANE('',#2897);
#2897=AXIS2_PLACEMENT_3D('',#2898,#2899,#2900);
#2898=CARTESIAN_POINT('',(13.208,-0.508,6.223));
#2899=DIRECTION('',(0.0,0.707,0.707));
#2900=DIRECTION('',(0.,0.,1.));
#2901=FACE_OUTER_BOUND('',#2902,.T.);
#2902=EDGE_LOOP('',(#2903,#2913,#2923,#2933));
#2906=CARTESIAN_POINT('',(13.018,-0.318,6.032));
#2905=VERTEX_POINT('',#2906);
#2908=CARTESIAN_POINT('',(13.208,-0.508,6.223));
#2907=VERTEX_POINT('',#2908);
#2904=EDGE_CURVE('',#2905,#2907,#2909,.T.);
#2909=LINE('',#2906,#2911);
#2911=VECTOR('',#2912,0.329968876058028);
#2912=DIRECTION('',(0.577,-0.577,0.577));
#2903=ORIENTED_EDGE('',*,*,#2904,.F.);
#2916=CARTESIAN_POINT('',(12.382,-0.318,6.032));
#2915=VERTEX_POINT('',#2916);
#2914=EDGE_CURVE('',#2915,#2905,#2919,.T.);
#2919=LINE('',#2916,#2921);
#2921=VECTOR('',#2922,0.635025399327043);
#2922=DIRECTION('',(1.0,0.0,0.0));
#2913=ORIENTED_EDGE('',*,*,#2914,.F.);
#2926=CARTESIAN_POINT('',(12.192,-0.508,6.223));
#2925=VERTEX_POINT('',#2926);
#2924=EDGE_CURVE('',#2925,#2915,#2929,.T.);
#2929=LINE('',#2926,#2931);
#2931=VECTOR('',#2932,0.32996887374175);
#2932=DIRECTION('',(0.577,0.577,-0.577));
#2923=ORIENTED_EDGE('',*,*,#2924,.F.);
#2934=EDGE_CURVE('',#2907,#2925,#2939,.T.);
#2939=LINE('',#2908,#2941);
#2941=VECTOR('',#2942,1.01604063731844);
#2942=DIRECTION('',(-1.0,0.0,0.0));
#2933=ORIENTED_EDGE('',*,*,#2934,.F.);
#2943=STYLED_ITEM('',(#43),#2944);
#2944=ADVANCED_FACE('',(#2950),#2945,.T.);
#2945=PLANE('',#2946);
#2946=AXIS2_PLACEMENT_3D('',#2947,#2948,#2949);
#2947=CARTESIAN_POINT('',(13.208,-0.508,6.223));
#2948=DIRECTION('',(-0.707,0.0,0.707));
#2949=DIRECTION('',(0.,0.,1.));
#2950=FACE_OUTER_BOUND('',#2951,.T.);
#2951=EDGE_LOOP('',(#2952,#2962,#2972,#2982));
#2955=CARTESIAN_POINT('',(13.208,0.508,6.223));
#2954=VERTEX_POINT('',#2955);
#2953=EDGE_CURVE('',#2954,#2907,#2958,.T.);
#2958=LINE('',#2955,#2960);
#2960=VECTOR('',#2961,1.01604081370119);
#2961=DIRECTION('',(0.0,-1.0,0.0));
#2952=ORIENTED_EDGE('',*,*,#2953,.F.);
#2965=CARTESIAN_POINT('',(13.018,0.318,6.032));
#2964=VERTEX_POINT('',#2965);
#2963=EDGE_CURVE('',#2964,#2954,#2968,.T.);
#2968=LINE('',#2965,#2970);
#2970=VECTOR('',#2971,0.329968876058028);
#2971=DIRECTION('',(0.577,0.577,0.577));
#2962=ORIENTED_EDGE('',*,*,#2963,.F.);
#2973=EDGE_CURVE('',#2905,#2964,#2978,.T.);
#2978=LINE('',#2906,#2980);
#2980=VECTOR('',#2981,0.635025559467592);
#2981=DIRECTION('',(0.0,1.0,0.0));
#2972=ORIENTED_EDGE('',*,*,#2973,.F.);
#2982=ORIENTED_EDGE('',*,*,#2904,.T.);
#2992=STYLED_ITEM('',(#43),#2993);
#2993=ADVANCED_FACE('',(#2999),#2994,.T.);
#2994=PLANE('',#2995);
#2995=AXIS2_PLACEMENT_3D('',#2996,#2997,#2998);
#2996=CARTESIAN_POINT('',(13.208,0.508,6.223));
#2997=DIRECTION('',(0.0,-0.707,0.707));
#2998=DIRECTION('',(0.,0.,1.));
#2999=FACE_OUTER_BOUND('',#3000,.T.);
#3000=EDGE_LOOP('',(#3001,#3011,#3021,#3031));
#3004=CARTESIAN_POINT('',(12.192,0.508,6.223));
#3003=VERTEX_POINT('',#3004);
#3002=EDGE_CURVE('',#3003,#2954,#3007,.T.);
#3007=LINE('',#3004,#3009);
#3009=VECTOR('',#3010,1.01604063731844);
#3010=DIRECTION('',(1.0,0.0,0.0));
#3001=ORIENTED_EDGE('',*,*,#3002,.F.);
#3014=CARTESIAN_POINT('',(12.382,0.318,6.032));
#3013=VERTEX_POINT('',#3014);
#3012=EDGE_CURVE('',#3013,#3003,#3017,.T.);
#3017=LINE('',#3014,#3019);
#3019=VECTOR('',#3020,0.32996887374175);
#3020=DIRECTION('',(-0.577,0.577,0.577));
#3011=ORIENTED_EDGE('',*,*,#3012,.F.);
#3022=EDGE_CURVE('',#2964,#3013,#3027,.T.);
#3027=LINE('',#2965,#3029);
#3029=VECTOR('',#3030,0.635025399327045);
#3030=DIRECTION('',(-1.0,0.0,0.0));
#3021=ORIENTED_EDGE('',*,*,#3022,.F.);
#3031=ORIENTED_EDGE('',*,*,#2963,.T.);
#3041=STYLED_ITEM('',(#43),#3042);
#3042=ADVANCED_FACE('',(#3048),#3043,.T.);
#3043=PLANE('',#3044);
#3044=AXIS2_PLACEMENT_3D('',#3045,#3046,#3047);
#3045=CARTESIAN_POINT('',(12.192,0.508,6.223));
#3046=DIRECTION('',(0.707,0.0,0.707));
#3047=DIRECTION('',(0.,0.,1.));
#3048=FACE_OUTER_BOUND('',#3049,.T.);
#3049=EDGE_LOOP('',(#3050,#3060,#3070,#3080));
#3051=EDGE_CURVE('',#2925,#3003,#3056,.T.);
#3056=LINE('',#2926,#3058);
#3058=VECTOR('',#3059,1.01604070639639);
#3059=DIRECTION('',(0.0,1.0,0.0));
#3050=ORIENTED_EDGE('',*,*,#3051,.F.);
#3060=ORIENTED_EDGE('',*,*,#2924,.T.);
#3071=EDGE_CURVE('',#3013,#2915,#3076,.T.);
#3076=LINE('',#3014,#3078);
#3078=VECTOR('',#3079,0.635025491640989);
#3079=DIRECTION('',(0.0,-1.0,0.0));
#3070=ORIENTED_EDGE('',*,*,#3071,.F.);
#3080=ORIENTED_EDGE('',*,*,#3012,.T.);
#3090=STYLED_ITEM('',(#43),#3091);
#3091=ADVANCED_FACE('',(#3097),#3092,.T.);
#3092=PLANE('',#3093);
#3093=AXIS2_PLACEMENT_3D('',#3094,#3095,#3096);
#3094=CARTESIAN_POINT('',(13.018,-0.318,0.762));
#3095=DIRECTION('',(0.0,1.0,0.0));
#3096=DIRECTION('',(0.,0.,1.));
#3097=FACE_OUTER_BOUND('',#3098,.T.);
#3098=EDGE_LOOP('',(#3099,#3109,#3119,#3129));
#3102=CARTESIAN_POINT('',(12.382,-0.318,0.762));
#3101=VERTEX_POINT('',#3102);
#3104=CARTESIAN_POINT('',(13.018,-0.318,0.762));
#3103=VERTEX_POINT('',#3104);
#3100=EDGE_CURVE('',#3101,#3103,#3105,.T.);
#3105=LINE('',#3102,#3107);
#3107=VECTOR('',#3108,0.635025399327043);
#3108=DIRECTION('',(1.0,0.0,0.0));
#3099=ORIENTED_EDGE('',*,*,#3100,.F.);
#3110=EDGE_CURVE('',#2915,#3101,#3115,.T.);
#3115=LINE('',#2916,#3117);
#3117=VECTOR('',#3118,5.27049238);
#3118=DIRECTION('',(0.0,0.0,-1.0));
#3109=ORIENTED_EDGE('',*,*,#3110,.F.);
#3119=ORIENTED_EDGE('',*,*,#2914,.T.);
#3130=EDGE_CURVE('',#3103,#2905,#3135,.T.);
#3135=LINE('',#3104,#3137);
#3137=VECTOR('',#3138,5.27049238);
#3138=DIRECTION('',(0.0,0.0,1.0));
#3129=ORIENTED_EDGE('',*,*,#3130,.F.);
#3139=STYLED_ITEM('',(#43),#3140);
#3140=ADVANCED_FACE('',(#3146),#3141,.T.);
#3141=PLANE('',#3142);
#3142=AXIS2_PLACEMENT_3D('',#3143,#3144,#3145);
#3143=CARTESIAN_POINT('',(13.018,0.318,0.762));
#3144=DIRECTION('',(-1.0,0.0,0.0));
#3145=DIRECTION('',(0.,0.,1.));
#3146=FACE_OUTER_BOUND('',#3147,.T.);
#3147=EDGE_LOOP('',(#3148,#3158,#3168,#3178));
#3153=CARTESIAN_POINT('',(13.018,0.318,0.762));
#3152=VERTEX_POINT('',#3153);
#3149=EDGE_CURVE('',#3103,#3152,#3154,.T.);
#3154=LINE('',#3104,#3156);
#3156=VECTOR('',#3157,0.635025559467592);
#3157=DIRECTION('',(0.0,1.0,0.0));
#3148=ORIENTED_EDGE('',*,*,#3149,.F.);
#3158=ORIENTED_EDGE('',*,*,#3130,.T.);
#3168=ORIENTED_EDGE('',*,*,#2973,.T.);
#3179=EDGE_CURVE('',#3152,#2964,#3184,.T.);
#3184=LINE('',#3153,#3186);
#3186=VECTOR('',#3187,5.27049238);
#3187=DIRECTION('',(0.0,0.0,1.0));
#3178=ORIENTED_EDGE('',*,*,#3179,.F.);
#3188=STYLED_ITEM('',(#43),#3189);
#3189=ADVANCED_FACE('',(#3195),#3190,.T.);
#3190=PLANE('',#3191);
#3191=AXIS2_PLACEMENT_3D('',#3192,#3193,#3194);
#3192=CARTESIAN_POINT('',(12.382,0.318,0.762));
#3193=DIRECTION('',(0.0,-1.0,0.0));
#3194=DIRECTION('',(0.,0.,1.));
#3195=FACE_OUTER_BOUND('',#3196,.T.);
#3196=EDGE_LOOP('',(#3197,#3207,#3217,#3227));
#3202=CARTESIAN_POINT('',(12.382,0.318,0.762));
#3201=VERTEX_POINT('',#3202);
#3198=EDGE_CURVE('',#3152,#3201,#3203,.T.);
#3203=LINE('',#3153,#3205);
#3205=VECTOR('',#3206,0.635025399327045);
#3206=DIRECTION('',(-1.0,0.0,0.0));
#3197=ORIENTED_EDGE('',*,*,#3198,.F.);
#3207=ORIENTED_EDGE('',*,*,#3179,.T.);
#3217=ORIENTED_EDGE('',*,*,#3022,.T.);
#3228=EDGE_CURVE('',#3201,#3013,#3233,.T.);
#3233=LINE('',#3202,#3235);
#3235=VECTOR('',#3236,5.27049238);
#3236=DIRECTION('',(0.0,0.0,1.0));
#3227=ORIENTED_EDGE('',*,*,#3228,.F.);
#3237=STYLED_ITEM('',(#43),#3238);
#3238=ADVANCED_FACE('',(#3244),#3239,.T.);
#3239=PLANE('',#3240);
#3240=AXIS2_PLACEMENT_3D('',#3241,#3242,#3243);
#3241=CARTESIAN_POINT('',(12.382,-0.318,0.762));
#3242=DIRECTION('',(1.0,0.0,0.0));
#3243=DIRECTION('',(0.,0.,1.));
#3244=FACE_OUTER_BOUND('',#3245,.T.);
#3245=EDGE_LOOP('',(#3246,#3256,#3266,#3276));
#3247=EDGE_CURVE('',#3201,#3101,#3252,.T.);
#3252=LINE('',#3202,#3254);
#3254=VECTOR('',#3255,0.635025491640989);
#3255=DIRECTION('',(0.0,-1.0,0.0));
#3246=ORIENTED_EDGE('',*,*,#3247,.F.);
#3256=ORIENTED_EDGE('',*,*,#3228,.T.);
#3266=ORIENTED_EDGE('',*,*,#3071,.T.);
#3276=ORIENTED_EDGE('',*,*,#3110,.T.);
#3286=STYLED_ITEM('',(#43),#3287);
#3287=ADVANCED_FACE('',(#3293),#3288,.T.);
#3288=PLANE('',#3289);
#3289=AXIS2_PLACEMENT_3D('',#3290,#3291,#3292);
#3290=CARTESIAN_POINT('',(11.43,-1.27,0.762));
#3291=DIRECTION('',(0.0,-1.0,0.0));
#3292=DIRECTION('',(0.,0.,1.));
#3293=FACE_OUTER_BOUND('',#3294,.T.);
#3294=EDGE_LOOP('',(#3295,#3305,#3315,#3325));
#3300=CARTESIAN_POINT('',(11.43,-1.27,0.762));
#3299=VERTEX_POINT('',#3300);
#3296=EDGE_CURVE('',#2623,#3299,#3301,.T.);
#3301=LINE('',#2624,#3303);
#3303=VECTOR('',#3304,2.53999997600555);
#3304=DIRECTION('',(-1.0,0.0,0.0));
#3295=ORIENTED_EDGE('',*,*,#3296,.F.);
#3305=ORIENTED_EDGE('',*,*,#2650,.T.);
#3318=CARTESIAN_POINT('',(11.43,-1.27,6.223));
#3317=VERTEX_POINT('',#3318);
#3316=EDGE_CURVE('',#3317,#2641,#3321,.T.);
#3321=LINE('',#3318,#3323);
#3323=VECTOR('',#3324,2.53999997600555);
#3324=DIRECTION('',(1.0,0.0,0.0));
#3315=ORIENTED_EDGE('',*,*,#3316,.F.);
#3326=EDGE_CURVE('',#3299,#3317,#3331,.T.);
#3331=LINE('',#3300,#3333);
#3333=VECTOR('',#3334,5.461);
#3334=DIRECTION('',(0.0,0.0,1.0));
#3325=ORIENTED_EDGE('',*,*,#3326,.F.);
#3335=STYLED_ITEM('',(#43),#3336);
#3336=ADVANCED_FACE('',(#3342),#3337,.T.);
#3337=PLANE('',#3338);
#3338=AXIS2_PLACEMENT_3D('',#3339,#3340,#3341);
#3339=CARTESIAN_POINT('',(13.97,1.27,0.762));
#3340=DIRECTION('',(0.0,1.0,0.0));
#3341=DIRECTION('',(0.,0.,1.));
#3342=FACE_OUTER_BOUND('',#3343,.T.);
#3343=EDGE_LOOP('',(#3344,#3354,#3364,#3374));
#3347=CARTESIAN_POINT('',(11.43,1.27,0.762));
#3346=VERTEX_POINT('',#3347);
#3345=EDGE_CURVE('',#3346,#2670,#3350,.T.);
#3350=LINE('',#3347,#3352);
#3352=VECTOR('',#3353,2.53999997600555);
#3353=DIRECTION('',(1.0,0.0,0.0));
#3344=ORIENTED_EDGE('',*,*,#3345,.F.);
#3357=CARTESIAN_POINT('',(11.43,1.27,6.223));
#3356=VERTEX_POINT('',#3357);
#3355=EDGE_CURVE('',#3356,#3346,#3360,.T.);
#3360=LINE('',#3357,#3362);
#3362=VECTOR('',#3363,5.461);
#3363=DIRECTION('',(0.0,0.0,-1.0));
#3354=ORIENTED_EDGE('',*,*,#3355,.F.);
#3365=EDGE_CURVE('',#2680,#3356,#3370,.T.);
#3370=LINE('',#2681,#3372);
#3372=VECTOR('',#3373,2.53999997600555);
#3373=DIRECTION('',(-1.0,0.0,0.0));
#3364=ORIENTED_EDGE('',*,*,#3365,.F.);
#3374=ORIENTED_EDGE('',*,*,#2679,.T.);
#3384=STYLED_ITEM('color',(#43),#3385);
#3385=ADVANCED_FACE($,(#3391, #3435), #3386,.T.);
#3386=PLANE($,#3387);
#3387=AXIS2_PLACEMENT_3D($,#3388,#3389,#3390);
#3388=CARTESIAN_POINT('',(13.97,-1.27,6.223));
#3389=DIRECTION('',(0.,0.,1.));
#3390=DIRECTION('',(1.,0.,0.));
#3391=FACE_OUTER_BOUND($,#3392,.T.);
#3392=EDGE_LOOP($,(#3395, #3405, #3415, #3425));
#3395=ORIENTED_EDGE('',*,*,#3316,.T.);
#3405=ORIENTED_EDGE('',*,*,#2750,.T.);
#3415=ORIENTED_EDGE('',*,*,#3365,.T.);
#3426=EDGE_CURVE('',#3317,#3356,#3431,.T.);
#3431=LINE('',#3318,#3433);
#3433=VECTOR('',#3434,2.54);
#3434=DIRECTION('',(0.0,1.0,0.0));
#3425=ORIENTED_EDGE('',*,*,#3426,.F.);
#3435=FACE_BOUND($,#3436,.T.);
#3436=EDGE_LOOP($,(#3437, #3447, #3457, #3467));
#3437=ORIENTED_EDGE('',*,*,#2934,.T.);
#3447=ORIENTED_EDGE('',*,*,#3051,.T.);
#3457=ORIENTED_EDGE('',*,*,#3002,.T.);
#3467=ORIENTED_EDGE('',*,*,#2953,.T.);
#3477=STYLED_ITEM('color',(#43),#3478);
#3478=ADVANCED_FACE($,(#3484, #3528), #3479,.T.);
#3479=PLANE($,#3480);
#3480=AXIS2_PLACEMENT_3D($,#3481,#3482,#3483);
#3481=CARTESIAN_POINT('',(13.97,-1.27,0.762));
#3482=DIRECTION('',(0.,0.,-1.));
#3483=DIRECTION('',(1.,0.,0.));
#3484=FACE_OUTER_BOUND($,#3485,.T.);
#3485=EDGE_LOOP($,(#3488, #3498, #3508, #3518));
#3488=ORIENTED_EDGE('',*,*,#3296,.T.);
#3499=EDGE_CURVE('',#3346,#3299,#3504,.T.);
#3504=LINE('',#3347,#3506);
#3506=VECTOR('',#3507,2.54);
#3507=DIRECTION('',(0.0,-1.0,0.0));
#3498=ORIENTED_EDGE('',*,*,#3499,.F.);
#3508=ORIENTED_EDGE('',*,*,#3345,.T.);
#3518=ORIENTED_EDGE('',*,*,#2823,.T.);
#3528=FACE_BOUND($,#3529,.T.);
#3529=EDGE_LOOP($,(#3530, #3540, #3550, #3560));
#3530=ORIENTED_EDGE('',*,*,#3100,.T.);
#3540=ORIENTED_EDGE('',*,*,#3149,.T.);
#3550=ORIENTED_EDGE('',*,*,#3198,.T.);
#3560=ORIENTED_EDGE('',*,*,#3247,.T.);
#3570=STYLED_ITEM('',(#43),#3571);
#3571=ADVANCED_FACE('',(#3577),#3572,.T.);
#3572=PLANE('',#3573);
#3573=AXIS2_PLACEMENT_3D('',#3574,#3575,#3576);
#3574=CARTESIAN_POINT('',(10.668,-0.508,6.223));
#3575=DIRECTION('',(0.0,0.707,0.707));
#3576=DIRECTION('',(0.,0.,1.));
#3577=FACE_OUTER_BOUND('',#3578,.T.);
#3578=EDGE_LOOP('',(#3579,#3589,#3599,#3609));
#3582=CARTESIAN_POINT('',(10.478,-0.318,6.032));
#3581=VERTEX_POINT('',#3582);
#3584=CARTESIAN_POINT('',(10.668,-0.508,6.223));
#3583=VERTEX_POINT('',#3584);
#3580=EDGE_CURVE('',#3581,#3583,#3585,.T.);
#3585=LINE('',#3582,#3587);
#3587=VECTOR('',#3588,0.329968873741751);
#3588=DIRECTION('',(0.577,-0.577,0.577));
#3579=ORIENTED_EDGE('',*,*,#3580,.F.);
#3592=CARTESIAN_POINT('',(9.842,-0.318,6.032));
#3591=VERTEX_POINT('',#3592);
#3590=EDGE_CURVE('',#3591,#3581,#3595,.T.);
#3595=LINE('',#3592,#3597);
#3597=VECTOR('',#3598,0.635025399327043);
#3598=DIRECTION('',(1.0,0.0,0.0));
#3589=ORIENTED_EDGE('',*,*,#3590,.F.);
#3602=CARTESIAN_POINT('',(9.652,-0.508,6.223));
#3601=VERTEX_POINT('',#3602);
#3600=EDGE_CURVE('',#3601,#3591,#3605,.T.);
#3605=LINE('',#3602,#3607);
#3607=VECTOR('',#3608,0.329968876058029);
#3608=DIRECTION('',(0.577,0.577,-0.577));
#3599=ORIENTED_EDGE('',*,*,#3600,.F.);
#3610=EDGE_CURVE('',#3583,#3601,#3615,.T.);
#3615=LINE('',#3584,#3617);
#3617=VECTOR('',#3618,1.01604063731844);
#3618=DIRECTION('',(-1.0,0.0,0.0));
#3609=ORIENTED_EDGE('',*,*,#3610,.F.);
#3619=STYLED_ITEM('',(#43),#3620);
#3620=ADVANCED_FACE('',(#3626),#3621,.T.);
#3621=PLANE('',#3622);
#3622=AXIS2_PLACEMENT_3D('',#3623,#3624,#3625);
#3623=CARTESIAN_POINT('',(10.668,-0.508,6.223));
#3624=DIRECTION('',(-0.707,0.0,0.707));
#3625=DIRECTION('',(0.,0.,1.));
#3626=FACE_OUTER_BOUND('',#3627,.T.);
#3627=EDGE_LOOP('',(#3628,#3638,#3648,#3658));
#3631=CARTESIAN_POINT('',(10.668,0.508,6.223));
#3630=VERTEX_POINT('',#3631);
#3629=EDGE_CURVE('',#3630,#3583,#3634,.T.);
#3634=LINE('',#3631,#3636);
#3636=VECTOR('',#3637,1.01604062472772);
#3637=DIRECTION('',(0.0,-1.0,0.0));
#3628=ORIENTED_EDGE('',*,*,#3629,.F.);
#3641=CARTESIAN_POINT('',(10.478,0.318,6.032));
#3640=VERTEX_POINT('',#3641);
#3639=EDGE_CURVE('',#3640,#3630,#3644,.T.);
#3644=LINE('',#3641,#3646);
#3646=VECTOR('',#3647,0.32996887374175);
#3647=DIRECTION('',(0.577,0.577,0.577));
#3638=ORIENTED_EDGE('',*,*,#3639,.F.);
#3649=EDGE_CURVE('',#3581,#3640,#3654,.T.);
#3654=LINE('',#3582,#3656);
#3656=VECTOR('',#3657,0.635025389553794);
#3657=DIRECTION('',(0.0,1.0,0.0));
#3648=ORIENTED_EDGE('',*,*,#3649,.F.);
#3658=ORIENTED_EDGE('',*,*,#3580,.T.);
#3668=STYLED_ITEM('',(#43),#3669);
#3669=ADVANCED_FACE('',(#3675),#3670,.T.);
#3670=PLANE('',#3671);
#3671=AXIS2_PLACEMENT_3D('',#3672,#3673,#3674);
#3672=CARTESIAN_POINT('',(10.668,0.508,6.223));
#3673=DIRECTION('',(0.0,-0.707,0.707));
#3674=DIRECTION('',(0.,0.,1.));
#3675=FACE_OUTER_BOUND('',#3676,.T.);
#3676=EDGE_LOOP('',(#3677,#3687,#3697,#3707));
#3680=CARTESIAN_POINT('',(9.652,0.508,6.223));
#3679=VERTEX_POINT('',#3680);
#3678=EDGE_CURVE('',#3679,#3630,#3683,.T.);
#3683=LINE('',#3680,#3685);
#3685=VECTOR('',#3686,1.01604063731844);
#3686=DIRECTION('',(1.0,0.0,0.0));
#3677=ORIENTED_EDGE('',*,*,#3678,.F.);
#3690=CARTESIAN_POINT('',(9.842,0.318,6.032));
#3689=VERTEX_POINT('',#3690);
#3688=EDGE_CURVE('',#3689,#3679,#3693,.T.);
#3693=LINE('',#3690,#3695);
#3695=VECTOR('',#3696,0.329968876058029);
#3696=DIRECTION('',(-0.577,0.577,0.577));
#3687=ORIENTED_EDGE('',*,*,#3688,.F.);
#3698=EDGE_CURVE('',#3640,#3689,#3703,.T.);
#3703=LINE('',#3641,#3705);
#3705=VECTOR('',#3706,0.635025399327043);
#3706=DIRECTION('',(-1.0,0.0,0.0));
#3697=ORIENTED_EDGE('',*,*,#3698,.F.);
#3707=ORIENTED_EDGE('',*,*,#3639,.T.);
#3717=STYLED_ITEM('',(#43),#3718);
#3718=ADVANCED_FACE('',(#3724),#3719,.T.);
#3719=PLANE('',#3720);
#3720=AXIS2_PLACEMENT_3D('',#3721,#3722,#3723);
#3721=CARTESIAN_POINT('',(9.652,0.508,6.223));
#3722=DIRECTION('',(0.707,0.0,0.707));
#3723=DIRECTION('',(0.,0.,1.));
#3724=FACE_OUTER_BOUND('',#3725,.T.);
#3725=EDGE_LOOP('',(#3726,#3736,#3746,#3756));
#3727=EDGE_CURVE('',#3601,#3679,#3732,.T.);
#3732=LINE('',#3602,#3734);
#3734=VECTOR('',#3735,1.01604062313371);
#3735=DIRECTION('',(0.0,1.0,0.0));
#3726=ORIENTED_EDGE('',*,*,#3727,.F.);
#3736=ORIENTED_EDGE('',*,*,#3600,.T.);
#3747=EDGE_CURVE('',#3689,#3591,#3752,.T.);
#3752=LINE('',#3690,#3754);
#3754=VECTOR('',#3755,0.635025389318638);
#3755=DIRECTION('',(0.0,-1.0,0.0));
#3746=ORIENTED_EDGE('',*,*,#3747,.F.);
#3756=ORIENTED_EDGE('',*,*,#3688,.T.);
#3766=STYLED_ITEM('',(#43),#3767);
#3767=ADVANCED_FACE('',(#3773),#3768,.T.);
#3768=PLANE('',#3769);
#3769=AXIS2_PLACEMENT_3D('',#3770,#3771,#3772);
#3770=CARTESIAN_POINT('',(10.478,-0.318,0.762));
#3771=DIRECTION('',(0.0,1.0,0.0));
#3772=DIRECTION('',(0.,0.,1.));
#3773=FACE_OUTER_BOUND('',#3774,.T.);
#3774=EDGE_LOOP('',(#3775,#3785,#3795,#3805));
#3778=CARTESIAN_POINT('',(9.842,-0.318,0.762));
#3777=VERTEX_POINT('',#3778);
#3780=CARTESIAN_POINT('',(10.478,-0.318,0.762));
#3779=VERTEX_POINT('',#3780);
#3776=EDGE_CURVE('',#3777,#3779,#3781,.T.);
#3781=LINE('',#3778,#3783);
#3783=VECTOR('',#3784,0.635025399327043);
#3784=DIRECTION('',(1.0,0.0,0.0));
#3775=ORIENTED_EDGE('',*,*,#3776,.F.);
#3786=EDGE_CURVE('',#3591,#3777,#3791,.T.);
#3791=LINE('',#3592,#3793);
#3793=VECTOR('',#3794,5.27049238);
#3794=DIRECTION('',(0.0,0.0,-1.0));
#3785=ORIENTED_EDGE('',*,*,#3786,.F.);
#3795=ORIENTED_EDGE('',*,*,#3590,.T.);
#3806=EDGE_CURVE('',#3779,#3581,#3811,.T.);
#3811=LINE('',#3780,#3813);
#3813=VECTOR('',#3814,5.27049238);
#3814=DIRECTION('',(0.0,0.0,1.0));
#3805=ORIENTED_EDGE('',*,*,#3806,.F.);
#3815=STYLED_ITEM('',(#43),#3816);
#3816=ADVANCED_FACE('',(#3822),#3817,.T.);
#3817=PLANE('',#3818);
#3818=AXIS2_PLACEMENT_3D('',#3819,#3820,#3821);
#3819=CARTESIAN_POINT('',(10.478,0.318,0.762));
#3820=DIRECTION('',(-1.0,0.0,0.0));
#3821=DIRECTION('',(0.,0.,1.));
#3822=FACE_OUTER_BOUND('',#3823,.T.);
#3823=EDGE_LOOP('',(#3824,#3834,#3844,#3854));
#3829=CARTESIAN_POINT('',(10.478,0.318,0.762));
#3828=VERTEX_POINT('',#3829);
#3825=EDGE_CURVE('',#3779,#3828,#3830,.T.);
#3830=LINE('',#3780,#3832);
#3832=VECTOR('',#3833,0.635025389553794);
#3833=DIRECTION('',(0.0,1.0,0.0));
#3824=ORIENTED_EDGE('',*,*,#3825,.F.);
#3834=ORIENTED_EDGE('',*,*,#3806,.T.);
#3844=ORIENTED_EDGE('',*,*,#3649,.T.);
#3855=EDGE_CURVE('',#3828,#3640,#3860,.T.);
#3860=LINE('',#3829,#3862);
#3862=VECTOR('',#3863,5.27049238);
#3863=DIRECTION('',(0.0,0.0,1.0));
#3854=ORIENTED_EDGE('',*,*,#3855,.F.);
#3864=STYLED_ITEM('',(#43),#3865);
#3865=ADVANCED_FACE('',(#3871),#3866,.T.);
#3866=PLANE('',#3867);
#3867=AXIS2_PLACEMENT_3D('',#3868,#3869,#3870);
#3868=CARTESIAN_POINT('',(9.842,0.318,0.762));
#3869=DIRECTION('',(0.0,-1.0,0.0));
#3870=DIRECTION('',(0.,0.,1.));
#3871=FACE_OUTER_BOUND('',#3872,.T.);
#3872=EDGE_LOOP('',(#3873,#3883,#3893,#3903));
#3878=CARTESIAN_POINT('',(9.842,0.318,0.762));
#3877=VERTEX_POINT('',#3878);
#3874=EDGE_CURVE('',#3828,#3877,#3879,.T.);
#3879=LINE('',#3829,#3881);
#3881=VECTOR('',#3882,0.635025399327043);
#3882=DIRECTION('',(-1.0,0.0,0.0));
#3873=ORIENTED_EDGE('',*,*,#3874,.F.);
#3883=ORIENTED_EDGE('',*,*,#3855,.T.);
#3893=ORIENTED_EDGE('',*,*,#3698,.T.);
#3904=EDGE_CURVE('',#3877,#3689,#3909,.T.);
#3909=LINE('',#3878,#3911);
#3911=VECTOR('',#3912,5.27049238);
#3912=DIRECTION('',(0.0,0.0,1.0));
#3903=ORIENTED_EDGE('',*,*,#3904,.F.);
#3913=STYLED_ITEM('',(#43),#3914);
#3914=ADVANCED_FACE('',(#3920),#3915,.T.);
#3915=PLANE('',#3916);
#3916=AXIS2_PLACEMENT_3D('',#3917,#3918,#3919);
#3917=CARTESIAN_POINT('',(9.842,-0.318,0.762));
#3918=DIRECTION('',(1.0,0.0,0.0));
#3919=DIRECTION('',(0.,0.,1.));
#3920=FACE_OUTER_BOUND('',#3921,.T.);
#3921=EDGE_LOOP('',(#3922,#3932,#3942,#3952));
#3923=EDGE_CURVE('',#3877,#3777,#3928,.T.);
#3928=LINE('',#3878,#3930);
#3930=VECTOR('',#3931,0.635025389318638);
#3931=DIRECTION('',(0.0,-1.0,0.0));
#3922=ORIENTED_EDGE('',*,*,#3923,.F.);
#3932=ORIENTED_EDGE('',*,*,#3904,.T.);
#3942=ORIENTED_EDGE('',*,*,#3747,.T.);
#3952=ORIENTED_EDGE('',*,*,#3786,.T.);
#3962=STYLED_ITEM('',(#43),#3963);
#3963=ADVANCED_FACE('',(#3969),#3964,.T.);
#3964=PLANE('',#3965);
#3965=AXIS2_PLACEMENT_3D('',#3966,#3967,#3968);
#3966=CARTESIAN_POINT('',(8.89,-1.27,0.762));
#3967=DIRECTION('',(0.0,-1.0,0.0));
#3968=DIRECTION('',(0.,0.,1.));
#3969=FACE_OUTER_BOUND('',#3970,.T.);
#3970=EDGE_LOOP('',(#3971,#3981,#3991,#4001));
#3976=CARTESIAN_POINT('',(8.89,-1.27,0.762));
#3975=VERTEX_POINT('',#3976);
#3972=EDGE_CURVE('',#3299,#3975,#3977,.T.);
#3977=LINE('',#3300,#3979);
#3979=VECTOR('',#3980,2.53999997600555);
#3980=DIRECTION('',(-1.0,0.0,0.0));
#3971=ORIENTED_EDGE('',*,*,#3972,.F.);
#3981=ORIENTED_EDGE('',*,*,#3326,.T.);
#3994=CARTESIAN_POINT('',(8.89,-1.27,6.223));
#3993=VERTEX_POINT('',#3994);
#3992=EDGE_CURVE('',#3993,#3317,#3997,.T.);
#3997=LINE('',#3994,#3999);
#3999=VECTOR('',#4000,2.53999997600555);
#4000=DIRECTION('',(1.0,0.0,0.0));
#3991=ORIENTED_EDGE('',*,*,#3992,.F.);
#4002=EDGE_CURVE('',#3975,#3993,#4007,.T.);
#4007=LINE('',#3976,#4009);
#4009=VECTOR('',#4010,5.461);
#4010=DIRECTION('',(0.0,0.0,1.0));
#4001=ORIENTED_EDGE('',*,*,#4002,.F.);
#4011=STYLED_ITEM('',(#43),#4012);
#4012=ADVANCED_FACE('',(#4018),#4013,.T.);
#4013=PLANE('',#4014);
#4014=AXIS2_PLACEMENT_3D('',#4015,#4016,#4017);
#4015=CARTESIAN_POINT('',(11.43,1.27,0.762));
#4016=DIRECTION('',(0.0,1.0,0.0));
#4017=DIRECTION('',(0.,0.,1.));
#4018=FACE_OUTER_BOUND('',#4019,.T.);
#4019=EDGE_LOOP('',(#4020,#4030,#4040,#4050));
#4023=CARTESIAN_POINT('',(8.89,1.27,0.762));
#4022=VERTEX_POINT('',#4023);
#4021=EDGE_CURVE('',#4022,#3346,#4026,.T.);
#4026=LINE('',#4023,#4028);
#4028=VECTOR('',#4029,2.53999997600555);
#4029=DIRECTION('',(1.0,0.0,0.0));
#4020=ORIENTED_EDGE('',*,*,#4021,.F.);
#4033=CARTESIAN_POINT('',(8.89,1.27,6.223));
#4032=VERTEX_POINT('',#4033);
#4031=EDGE_CURVE('',#4032,#4022,#4036,.T.);
#4036=LINE('',#4033,#4038);
#4038=VECTOR('',#4039,5.461);
#4039=DIRECTION('',(0.0,0.0,-1.0));
#4030=ORIENTED_EDGE('',*,*,#4031,.F.);
#4041=EDGE_CURVE('',#3356,#4032,#4046,.T.);
#4046=LINE('',#3357,#4048);
#4048=VECTOR('',#4049,2.53999997600555);
#4049=DIRECTION('',(-1.0,0.0,0.0));
#4040=ORIENTED_EDGE('',*,*,#4041,.F.);
#4050=ORIENTED_EDGE('',*,*,#3355,.T.);
#4060=STYLED_ITEM('color',(#43),#4061);
#4061=ADVANCED_FACE($,(#4067, #4111), #4062,.T.);
#4062=PLANE($,#4063);
#4063=AXIS2_PLACEMENT_3D($,#4064,#4065,#4066);
#4064=CARTESIAN_POINT('',(11.43,-1.27,6.223));
#4065=DIRECTION('',(0.,0.,1.));
#4066=DIRECTION('',(1.,0.,0.));
#4067=FACE_OUTER_BOUND($,#4068,.T.);
#4068=EDGE_LOOP($,(#4071, #4081, #4091, #4101));
#4071=ORIENTED_EDGE('',*,*,#3992,.T.);
#4081=ORIENTED_EDGE('',*,*,#3426,.T.);
#4091=ORIENTED_EDGE('',*,*,#4041,.T.);
#4102=EDGE_CURVE('',#3993,#4032,#4107,.T.);
#4107=LINE('',#3994,#4109);
#4109=VECTOR('',#4110,2.53999995985974);
#4110=DIRECTION('',(0.0,1.0,0.0));
#4101=ORIENTED_EDGE('',*,*,#4102,.F.);
#4111=FACE_BOUND($,#4112,.T.);
#4112=EDGE_LOOP($,(#4113, #4123, #4133, #4143));
#4113=ORIENTED_EDGE('',*,*,#3610,.T.);
#4123=ORIENTED_EDGE('',*,*,#3727,.T.);
#4133=ORIENTED_EDGE('',*,*,#3678,.T.);
#4143=ORIENTED_EDGE('',*,*,#3629,.T.);
#4153=STYLED_ITEM('color',(#43),#4154);
#4154=ADVANCED_FACE($,(#4160, #4204), #4155,.T.);
#4155=PLANE($,#4156);
#4156=AXIS2_PLACEMENT_3D($,#4157,#4158,#4159);
#4157=CARTESIAN_POINT('',(11.43,-1.27,0.762));
#4158=DIRECTION('',(0.,0.,-1.));
#4159=DIRECTION('',(1.,0.,0.));
#4160=FACE_OUTER_BOUND($,#4161,.T.);
#4161=EDGE_LOOP($,(#4164, #4174, #4184, #4194));
#4164=ORIENTED_EDGE('',*,*,#3972,.T.);
#4175=EDGE_CURVE('',#4022,#3975,#4180,.T.);
#4180=LINE('',#4023,#4182);
#4182=VECTOR('',#4183,2.53999995985974);
#4183=DIRECTION('',(0.0,-1.0,0.0));
#4174=ORIENTED_EDGE('',*,*,#4175,.F.);
#4184=ORIENTED_EDGE('',*,*,#4021,.T.);
#4194=ORIENTED_EDGE('',*,*,#3499,.T.);
#4204=FACE_BOUND($,#4205,.T.);
#4205=EDGE_LOOP($,(#4206, #4216, #4226, #4236));
#4206=ORIENTED_EDGE('',*,*,#3776,.T.);
#4216=ORIENTED_EDGE('',*,*,#3825,.T.);
#4226=ORIENTED_EDGE('',*,*,#3874,.T.);
#4236=ORIENTED_EDGE('',*,*,#3923,.T.);
#4246=STYLED_ITEM('',(#43),#4247);
#4247=ADVANCED_FACE('',(#4253),#4248,.T.);
#4248=PLANE('',#4249);
#4249=AXIS2_PLACEMENT_3D('',#4250,#4251,#4252);
#4250=CARTESIAN_POINT('',(8.128,-0.508,6.223));
#4251=DIRECTION('',(0.0,0.707,0.707));
#4252=DIRECTION('',(0.,0.,1.));
#4253=FACE_OUTER_BOUND('',#4254,.T.);
#4254=EDGE_LOOP('',(#4255,#4265,#4275,#4285));
#4258=CARTESIAN_POINT('',(7.938,-0.318,6.032));
#4257=VERTEX_POINT('',#4258);
#4260=CARTESIAN_POINT('',(8.128,-0.508,6.223));
#4259=VERTEX_POINT('',#4260);
#4256=EDGE_CURVE('',#4257,#4259,#4261,.T.);
#4261=LINE('',#4258,#4263);
#4263=VECTOR('',#4264,0.329968874745048);
#4264=DIRECTION('',(0.577,-0.577,0.577));
#4255=ORIENTED_EDGE('',*,*,#4256,.F.);
#4268=CARTESIAN_POINT('',(7.302,-0.318,6.032));
#4267=VERTEX_POINT('',#4268);
#4266=EDGE_CURVE('',#4267,#4257,#4271,.T.);
#4271=LINE('',#4268,#4273);
#4273=VECTOR('',#4274,0.635025399924844);
#4274=DIRECTION('',(1.0,0.0,0.0));
#4265=ORIENTED_EDGE('',*,*,#4266,.F.);
#4278=CARTESIAN_POINT('',(7.112,-0.508,6.223));
#4277=VERTEX_POINT('',#4278);
#4276=EDGE_CURVE('',#4277,#4267,#4281,.T.);
#4281=LINE('',#4278,#4283);
#4283=VECTOR('',#4284,0.329968875556828);
#4284=DIRECTION('',(0.577,0.577,-0.577));
#4275=ORIENTED_EDGE('',*,*,#4276,.F.);
#4286=EDGE_CURVE('',#4259,#4277,#4291,.T.);
#4291=LINE('',#4260,#4293);
#4293=VECTOR('',#4294,1.01604063969227);
#4294=DIRECTION('',(-1.0,0.0,0.0));
#4285=ORIENTED_EDGE('',*,*,#4286,.F.);
#4295=STYLED_ITEM('',(#43),#4296);
#4296=ADVANCED_FACE('',(#4302),#4297,.T.);
#4297=PLANE('',#4298);
#4298=AXIS2_PLACEMENT_3D('',#4299,#4300,#4301);
#4299=CARTESIAN_POINT('',(8.128,-0.508,6.223));
#4300=DIRECTION('',(-0.707,0.0,0.707));
#4301=DIRECTION('',(0.,0.,1.));
#4302=FACE_OUTER_BOUND('',#4303,.T.);
#4303=EDGE_LOOP('',(#4304,#4314,#4324,#4334));
#4307=CARTESIAN_POINT('',(8.128,0.508,6.223));
#4306=VERTEX_POINT('',#4307);
#4305=EDGE_CURVE('',#4306,#4259,#4310,.T.);
#4310=LINE('',#4307,#4312);
#4312=VECTOR('',#4313,1.01604062281904);
#4313=DIRECTION('',(0.0,-1.0,0.0));
#4304=ORIENTED_EDGE('',*,*,#4305,.F.);
#4317=CARTESIAN_POINT('',(7.938,0.318,6.032));
#4316=VERTEX_POINT('',#4317);
#4315=EDGE_CURVE('',#4316,#4306,#4320,.T.);
#4320=LINE('',#4317,#4322);
#4322=VECTOR('',#4323,0.329968874745048);
#4323=DIRECTION('',(0.577,0.577,0.577));
#4314=ORIENTED_EDGE('',*,*,#4315,.F.);
#4325=EDGE_CURVE('',#4257,#4316,#4330,.T.);
#4330=LINE('',#4258,#4332);
#4332=VECTOR('',#4333,0.635025389207371);
#4333=DIRECTION('',(0.0,1.0,0.0));
#4324=ORIENTED_EDGE('',*,*,#4325,.F.);
#4334=ORIENTED_EDGE('',*,*,#4256,.T.);
#4344=STYLED_ITEM('',(#43),#4345);
#4345=ADVANCED_FACE('',(#4351),#4346,.T.);
#4346=PLANE('',#4347);
#4347=AXIS2_PLACEMENT_3D('',#4348,#4349,#4350);
#4348=CARTESIAN_POINT('',(8.128,0.508,6.223));
#4349=DIRECTION('',(0.0,-0.707,0.707));
#4350=DIRECTION('',(0.,0.,1.));
#4351=FACE_OUTER_BOUND('',#4352,.T.);
#4352=EDGE_LOOP('',(#4353,#4363,#4373,#4383));
#4356=CARTESIAN_POINT('',(7.112,0.508,6.223));
#4355=VERTEX_POINT('',#4356);
#4354=EDGE_CURVE('',#4355,#4306,#4359,.T.);
#4359=LINE('',#4356,#4361);
#4361=VECTOR('',#4362,1.01604063969227);
#4362=DIRECTION('',(1.0,0.0,0.0));
#4353=ORIENTED_EDGE('',*,*,#4354,.F.);
#4366=CARTESIAN_POINT('',(7.302,0.318,6.032));
#4365=VERTEX_POINT('',#4366);
#4364=EDGE_CURVE('',#4365,#4355,#4369,.T.);
#4369=LINE('',#4366,#4371);
#4371=VECTOR('',#4372,0.329968875556828);
#4372=DIRECTION('',(-0.577,0.577,0.577));
#4363=ORIENTED_EDGE('',*,*,#4364,.F.);
#4374=EDGE_CURVE('',#4316,#4365,#4379,.T.);
#4379=LINE('',#4317,#4381);
#4381=VECTOR('',#4382,0.635025399924844);
#4382=DIRECTION('',(-1.0,0.0,0.0));
#4373=ORIENTED_EDGE('',*,*,#4374,.F.);
#4383=ORIENTED_EDGE('',*,*,#4315,.T.);
#4393=STYLED_ITEM('',(#43),#4394);
#4394=ADVANCED_FACE('',(#4400),#4395,.T.);
#4395=PLANE('',#4396);
#4396=AXIS2_PLACEMENT_3D('',#4397,#4398,#4399);
#4397=CARTESIAN_POINT('',(7.112,0.508,6.223));
#4398=DIRECTION('',(0.707,0.0,0.707));
#4399=DIRECTION('',(0.,0.,1.));
#4400=FACE_OUTER_BOUND('',#4401,.T.);
#4401=EDGE_LOOP('',(#4402,#4412,#4422,#4432));
#4403=EDGE_CURVE('',#4277,#4355,#4408,.T.);
#4408=LINE('',#4278,#4410);
#4410=VECTOR('',#4411,1.01604062276356);
#4411=DIRECTION('',(0.0,1.0,0.0));
#4402=ORIENTED_EDGE('',*,*,#4403,.F.);
#4412=ORIENTED_EDGE('',*,*,#4276,.T.);
#4423=EDGE_CURVE('',#4365,#4267,#4428,.T.);
#4428=LINE('',#4366,#4430);
#4430=VECTOR('',#4431,0.63502538919897);
#4431=DIRECTION('',(0.0,-1.0,0.0));
#4422=ORIENTED_EDGE('',*,*,#4423,.F.);
#4432=ORIENTED_EDGE('',*,*,#4364,.T.);
#4442=STYLED_ITEM('',(#43),#4443);
#4443=ADVANCED_FACE('',(#4449),#4444,.T.);
#4444=PLANE('',#4445);
#4445=AXIS2_PLACEMENT_3D('',#4446,#4447,#4448);
#4446=CARTESIAN_POINT('',(7.938,-0.318,0.762));
#4447=DIRECTION('',(0.0,1.0,0.0));
#4448=DIRECTION('',(0.,0.,1.));
#4449=FACE_OUTER_BOUND('',#4450,.T.);
#4450=EDGE_LOOP('',(#4451,#4461,#4471,#4481));
#4454=CARTESIAN_POINT('',(7.302,-0.318,0.762));
#4453=VERTEX_POINT('',#4454);
#4456=CARTESIAN_POINT('',(7.938,-0.318,0.762));
#4455=VERTEX_POINT('',#4456);
#4452=EDGE_CURVE('',#4453,#4455,#4457,.T.);
#4457=LINE('',#4454,#4459);
#4459=VECTOR('',#4460,0.635025399924844);
#4460=DIRECTION('',(1.0,0.0,0.0));
#4451=ORIENTED_EDGE('',*,*,#4452,.F.);
#4462=EDGE_CURVE('',#4267,#4453,#4467,.T.);
#4467=LINE('',#4268,#4469);
#4469=VECTOR('',#4470,5.27049238);
#4470=DIRECTION('',(0.0,0.0,-1.0));
#4461=ORIENTED_EDGE('',*,*,#4462,.F.);
#4471=ORIENTED_EDGE('',*,*,#4266,.T.);
#4482=EDGE_CURVE('',#4455,#4257,#4487,.T.);
#4487=LINE('',#4456,#4489);
#4489=VECTOR('',#4490,5.27049238);
#4490=DIRECTION('',(0.0,0.0,1.0));
#4481=ORIENTED_EDGE('',*,*,#4482,.F.);
#4491=STYLED_ITEM('',(#43),#4492);
#4492=ADVANCED_FACE('',(#4498),#4493,.T.);
#4493=PLANE('',#4494);
#4494=AXIS2_PLACEMENT_3D('',#4495,#4496,#4497);
#4495=CARTESIAN_POINT('',(7.938,0.318,0.762));
#4496=DIRECTION('',(-1.0,0.0,0.0));
#4497=DIRECTION('',(0.,0.,1.));
#4498=FACE_OUTER_BOUND('',#4499,.T.);
#4499=EDGE_LOOP('',(#4500,#4510,#4520,#4530));
#4505=CARTESIAN_POINT('',(7.938,0.318,0.762));
#4504=VERTEX_POINT('',#4505);
#4501=EDGE_CURVE('',#4455,#4504,#4506,.T.);
#4506=LINE('',#4456,#4508);
#4508=VECTOR('',#4509,0.635025389207371);
#4509=DIRECTION('',(0.0,1.0,0.0));
#4500=ORIENTED_EDGE('',*,*,#4501,.F.);
#4510=ORIENTED_EDGE('',*,*,#4482,.T.);
#4520=ORIENTED_EDGE('',*,*,#4325,.T.);
#4531=EDGE_CURVE('',#4504,#4316,#4536,.T.);
#4536=LINE('',#4505,#4538);
#4538=VECTOR('',#4539,5.27049238);
#4539=DIRECTION('',(0.0,0.0,1.0));
#4530=ORIENTED_EDGE('',*,*,#4531,.F.);
#4540=STYLED_ITEM('',(#43),#4541);
#4541=ADVANCED_FACE('',(#4547),#4542,.T.);
#4542=PLANE('',#4543);
#4543=AXIS2_PLACEMENT_3D('',#4544,#4545,#4546);
#4544=CARTESIAN_POINT('',(7.302,0.318,0.762));
#4545=DIRECTION('',(0.0,-1.0,0.0));
#4546=DIRECTION('',(0.,0.,1.));
#4547=FACE_OUTER_BOUND('',#4548,.T.);
#4548=EDGE_LOOP('',(#4549,#4559,#4569,#4579));
#4554=CARTESIAN_POINT('',(7.302,0.318,0.762));
#4553=VERTEX_POINT('',#4554);
#4550=EDGE_CURVE('',#4504,#4553,#4555,.T.);
#4555=LINE('',#4505,#4557);
#4557=VECTOR('',#4558,0.635025399924844);
#4558=DIRECTION('',(-1.0,0.0,0.0));
#4549=ORIENTED_EDGE('',*,*,#4550,.F.);
#4559=ORIENTED_EDGE('',*,*,#4531,.T.);
#4569=ORIENTED_EDGE('',*,*,#4374,.T.);
#4580=EDGE_CURVE('',#4553,#4365,#4585,.T.);
#4585=LINE('',#4554,#4587);
#4587=VECTOR('',#4588,5.27049238);
#4588=DIRECTION('',(0.0,0.0,1.0));
#4579=ORIENTED_EDGE('',*,*,#4580,.F.);
#4589=STYLED_ITEM('',(#43),#4590);
#4590=ADVANCED_FACE('',(#4596),#4591,.T.);
#4591=PLANE('',#4592);
#4592=AXIS2_PLACEMENT_3D('',#4593,#4594,#4595);
#4593=CARTESIAN_POINT('',(7.302,-0.318,0.762));
#4594=DIRECTION('',(1.0,0.0,0.0));
#4595=DIRECTION('',(0.,0.,1.));
#4596=FACE_OUTER_BOUND('',#4597,.T.);
#4597=EDGE_LOOP('',(#4598,#4608,#4618,#4628));
#4599=EDGE_CURVE('',#4553,#4453,#4604,.T.);
#4604=LINE('',#4554,#4606);
#4606=VECTOR('',#4607,0.63502538919897);
#4607=DIRECTION('',(0.0,-1.0,0.0));
#4598=ORIENTED_EDGE('',*,*,#4599,.F.);
#4608=ORIENTED_EDGE('',*,*,#4580,.T.);
#4618=ORIENTED_EDGE('',*,*,#4423,.T.);
#4628=ORIENTED_EDGE('',*,*,#4462,.T.);
#4638=STYLED_ITEM('',(#43),#4639);
#4639=ADVANCED_FACE('',(#4645),#4640,.T.);
#4640=PLANE('',#4641);
#4641=AXIS2_PLACEMENT_3D('',#4642,#4643,#4644);
#4642=CARTESIAN_POINT('',(6.35,-1.27,0.762));
#4643=DIRECTION('',(0.0,-1.0,0.0));
#4644=DIRECTION('',(0.,0.,1.));
#4645=FACE_OUTER_BOUND('',#4646,.T.);
#4646=EDGE_LOOP('',(#4647,#4657,#4667,#4677));
#4652=CARTESIAN_POINT('',(6.35,-1.27,0.762));
#4651=VERTEX_POINT('',#4652);
#4648=EDGE_CURVE('',#3975,#4651,#4653,.T.);
#4653=LINE('',#3976,#4655);
#4655=VECTOR('',#4656,2.53999999526719);
#4656=DIRECTION('',(-1.0,0.0,0.0));
#4647=ORIENTED_EDGE('',*,*,#4648,.F.);
#4657=ORIENTED_EDGE('',*,*,#4002,.T.);
#4670=CARTESIAN_POINT('',(6.35,-1.27,6.223));
#4669=VERTEX_POINT('',#4670);
#4668=EDGE_CURVE('',#4669,#3993,#4673,.T.);
#4673=LINE('',#4670,#4675);
#4675=VECTOR('',#4676,2.53999999526719);
#4676=DIRECTION('',(1.0,0.0,0.0));
#4667=ORIENTED_EDGE('',*,*,#4668,.F.);
#4678=EDGE_CURVE('',#4651,#4669,#4683,.T.);
#4683=LINE('',#4652,#4685);
#4685=VECTOR('',#4686,5.461);
#4686=DIRECTION('',(0.0,0.0,1.0));
#4677=ORIENTED_EDGE('',*,*,#4678,.F.);
#4687=STYLED_ITEM('',(#43),#4688);
#4688=ADVANCED_FACE('',(#4694),#4689,.T.);
#4689=PLANE('',#4690);
#4690=AXIS2_PLACEMENT_3D('',#4691,#4692,#4693);
#4691=CARTESIAN_POINT('',(8.89,1.27,0.762));
#4692=DIRECTION('',(0.0,1.0,0.0));
#4693=DIRECTION('',(0.,0.,1.));
#4694=FACE_OUTER_BOUND('',#4695,.T.);
#4695=EDGE_LOOP('',(#4696,#4706,#4716,#4726));
#4699=CARTESIAN_POINT('',(6.35,1.27,0.762));
#4698=VERTEX_POINT('',#4699);
#4697=EDGE_CURVE('',#4698,#4022,#4702,.T.);
#4702=LINE('',#4699,#4704);
#4704=VECTOR('',#4705,2.53999999526719);
#4705=DIRECTION('',(1.0,0.0,0.0));
#4696=ORIENTED_EDGE('',*,*,#4697,.F.);
#4709=CARTESIAN_POINT('',(6.35,1.27,6.223));
#4708=VERTEX_POINT('',#4709);
#4707=EDGE_CURVE('',#4708,#4698,#4712,.T.);
#4712=LINE('',#4709,#4714);
#4714=VECTOR('',#4715,5.461);
#4715=DIRECTION('',(0.0,0.0,-1.0));
#4706=ORIENTED_EDGE('',*,*,#4707,.F.);
#4717=EDGE_CURVE('',#4032,#4708,#4722,.T.);
#4722=LINE('',#4033,#4724);
#4724=VECTOR('',#4725,2.53999999526719);
#4725=DIRECTION('',(-1.0,0.0,0.0));
#4716=ORIENTED_EDGE('',*,*,#4717,.F.);
#4726=ORIENTED_EDGE('',*,*,#4031,.T.);
#4736=STYLED_ITEM('color',(#43),#4737);
#4737=ADVANCED_FACE($,(#4743, #4787), #4738,.T.);
#4738=PLANE($,#4739);
#4739=AXIS2_PLACEMENT_3D($,#4740,#4741,#4742);
#4740=CARTESIAN_POINT('',(8.89,-1.27,6.223));
#4741=DIRECTION('',(0.,0.,1.));
#4742=DIRECTION('',(1.,0.,0.));
#4743=FACE_OUTER_BOUND($,#4744,.T.);
#4744=EDGE_LOOP($,(#4747, #4757, #4767, #4777));
#4747=ORIENTED_EDGE('',*,*,#4668,.T.);
#4757=ORIENTED_EDGE('',*,*,#4102,.T.);
#4767=ORIENTED_EDGE('',*,*,#4717,.T.);
#4778=EDGE_CURVE('',#4669,#4708,#4783,.T.);
#4783=LINE('',#4670,#4785);
#4785=VECTOR('',#4786,2.53999995758197);
#4786=DIRECTION('',(0.0,1.0,0.0));
#4777=ORIENTED_EDGE('',*,*,#4778,.F.);
#4787=FACE_BOUND($,#4788,.T.);
#4788=EDGE_LOOP($,(#4789, #4799, #4809, #4819));
#4789=ORIENTED_EDGE('',*,*,#4286,.T.);
#4799=ORIENTED_EDGE('',*,*,#4403,.T.);
#4809=ORIENTED_EDGE('',*,*,#4354,.T.);
#4819=ORIENTED_EDGE('',*,*,#4305,.T.);
#4829=STYLED_ITEM('color',(#43),#4830);
#4830=ADVANCED_FACE($,(#4836, #4880), #4831,.T.);
#4831=PLANE($,#4832);
#4832=AXIS2_PLACEMENT_3D($,#4833,#4834,#4835);
#4833=CARTESIAN_POINT('',(8.89,-1.27,0.762));
#4834=DIRECTION('',(0.,0.,-1.));
#4835=DIRECTION('',(1.,0.,0.));
#4836=FACE_OUTER_BOUND($,#4837,.T.);
#4837=EDGE_LOOP($,(#4840, #4850, #4860, #4870));
#4840=ORIENTED_EDGE('',*,*,#4648,.T.);
#4851=EDGE_CURVE('',#4698,#4651,#4856,.T.);
#4856=LINE('',#4699,#4858);
#4858=VECTOR('',#4859,2.53999995758197);
#4859=DIRECTION('',(0.0,-1.0,0.0));
#4850=ORIENTED_EDGE('',*,*,#4851,.F.);
#4860=ORIENTED_EDGE('',*,*,#4697,.T.);
#4870=ORIENTED_EDGE('',*,*,#4175,.T.);
#4880=FACE_BOUND($,#4881,.T.);
#4881=EDGE_LOOP($,(#4882, #4892, #4902, #4912));
#4882=ORIENTED_EDGE('',*,*,#4452,.T.);
#4892=ORIENTED_EDGE('',*,*,#4501,.T.);
#4902=ORIENTED_EDGE('',*,*,#4550,.T.);
#4912=ORIENTED_EDGE('',*,*,#4599,.T.);
#4922=STYLED_ITEM('',(#43),#4923);
#4923=ADVANCED_FACE('',(#4929),#4924,.T.);
#4924=PLANE('',#4925);
#4925=AXIS2_PLACEMENT_3D('',#4926,#4927,#4928);
#4926=CARTESIAN_POINT('',(5.588,-0.508,6.223));
#4927=DIRECTION('',(0.0,0.707,0.707));
#4928=DIRECTION('',(0.,0.,1.));
#4929=FACE_OUTER_BOUND('',#4930,.T.);
#4930=EDGE_LOOP('',(#4931,#4941,#4951,#4961));
#4934=CARTESIAN_POINT('',(5.398,-0.318,6.032));
#4933=VERTEX_POINT('',#4934);
#4936=CARTESIAN_POINT('',(5.588,-0.508,6.223));
#4935=VERTEX_POINT('',#4936);
#4932=EDGE_CURVE('',#4933,#4935,#4937,.T.);
#4937=LINE('',#4934,#4939);
#4939=VECTOR('',#4940,0.329968874934904);
#4940=DIRECTION('',(0.577,-0.577,0.577));
#4931=ORIENTED_EDGE('',*,*,#4932,.F.);
#4944=CARTESIAN_POINT('',(4.762,-0.318,6.032));
#4943=VERTEX_POINT('',#4944);
#4942=EDGE_CURVE('',#4943,#4933,#4947,.T.);
#4947=LINE('',#4944,#4949);
#4949=VECTOR('',#4950,0.635025399972943);
#4950=DIRECTION('',(1.0,0.0,0.0));
#4941=ORIENTED_EDGE('',*,*,#4942,.F.);
#4954=CARTESIAN_POINT('',(4.572,-0.508,6.223));
#4953=VERTEX_POINT('',#4954);
#4952=EDGE_CURVE('',#4953,#4943,#4957,.T.);
#4957=LINE('',#4954,#4959);
#4959=VECTOR('',#4960,0.329968875422243);
#4960=DIRECTION('',(0.577,0.577,-0.577));
#4951=ORIENTED_EDGE('',*,*,#4952,.F.);
#4962=EDGE_CURVE('',#4935,#4953,#4967,.T.);
#4967=LINE('',#4936,#4969);
#4969=VECTOR('',#4970,1.01604063988917);
#4970=DIRECTION('',(-1.0,0.0,0.0));
#4961=ORIENTED_EDGE('',*,*,#4962,.F.);
#4971=STYLED_ITEM('',(#43),#4972);
#4972=ADVANCED_FACE('',(#4978),#4973,.T.);
#4973=PLANE('',#4974);
#4974=AXIS2_PLACEMENT_3D('',#4975,#4976,#4977);
#4975=CARTESIAN_POINT('',(5.588,-0.508,6.223));
#4976=DIRECTION('',(-0.707,0.0,0.707));
#4977=DIRECTION('',(0.,0.,1.));
#4978=FACE_OUTER_BOUND('',#4979,.T.);
#4979=EDGE_LOOP('',(#4980,#4990,#5000,#5010));
#4983=CARTESIAN_POINT('',(5.588,0.508,6.223));
#4982=VERTEX_POINT('',#4983);
#4981=EDGE_CURVE('',#4982,#4935,#4986,.T.);
#4986=LINE('',#4983,#4988);
#4988=VECTOR('',#4989,1.01604062272777);
#4989=DIRECTION('',(0.0,-1.0,0.0));
#4980=ORIENTED_EDGE('',*,*,#4981,.F.);
#4993=CARTESIAN_POINT('',(5.398,0.318,6.032));
#4992=VERTEX_POINT('',#4993);
#4991=EDGE_CURVE('',#4992,#4982,#4996,.T.);
#4996=LINE('',#4993,#4998);
#4998=VECTOR('',#4999,0.329968874934906);
#4999=DIRECTION('',(0.577,0.577,0.577));
#4990=ORIENTED_EDGE('',*,*,#4991,.F.);
#5001=EDGE_CURVE('',#4933,#4992,#5006,.T.);
#5006=LINE('',#4934,#5008);
#5008=VECTOR('',#5009,0.635025389187677);
#5009=DIRECTION('',(0.0,1.0,0.0));
#5000=ORIENTED_EDGE('',*,*,#5001,.F.);
#5010=ORIENTED_EDGE('',*,*,#4932,.T.);
#5020=STYLED_ITEM('',(#43),#5021);
#5021=ADVANCED_FACE('',(#5027),#5022,.T.);
#5022=PLANE('',#5023);
#5023=AXIS2_PLACEMENT_3D('',#5024,#5025,#5026);
#5024=CARTESIAN_POINT('',(5.588,0.508,6.223));
#5025=DIRECTION('',(0.0,-0.707,0.707));
#5026=DIRECTION('',(0.,0.,1.));
#5027=FACE_OUTER_BOUND('',#5028,.T.);
#5028=EDGE_LOOP('',(#5029,#5039,#5049,#5059));
#5032=CARTESIAN_POINT('',(4.572,0.508,6.223));
#5031=VERTEX_POINT('',#5032);
#5030=EDGE_CURVE('',#5031,#4982,#5035,.T.);
#5035=LINE('',#5032,#5037);
#5037=VECTOR('',#5038,1.01604063988918);
#5038=DIRECTION('',(1.0,0.0,0.0));
#5029=ORIENTED_EDGE('',*,*,#5030,.F.);
#5042=CARTESIAN_POINT('',(4.762,0.318,6.032));
#5041=VERTEX_POINT('',#5042);
#5040=EDGE_CURVE('',#5041,#5031,#5045,.T.);
#5045=LINE('',#5042,#5047);
#5047=VECTOR('',#5048,0.329968875422246);
#5048=DIRECTION('',(-0.577,0.577,0.577));
#5039=ORIENTED_EDGE('',*,*,#5040,.F.);
#5050=EDGE_CURVE('',#4992,#5041,#5055,.T.);
#5055=LINE('',#4993,#5057);
#5057=VECTOR('',#5058,0.635025399972942);
#5058=DIRECTION('',(-1.0,0.0,0.0));
#5049=ORIENTED_EDGE('',*,*,#5050,.F.);
#5059=ORIENTED_EDGE('',*,*,#4991,.T.);
#5069=STYLED_ITEM('',(#43),#5070);
#5070=ADVANCED_FACE('',(#5076),#5071,.T.);
#5071=PLANE('',#5072);
#5072=AXIS2_PLACEMENT_3D('',#5073,#5074,#5075);
#5073=CARTESIAN_POINT('',(4.572,0.508,6.223));
#5074=DIRECTION('',(0.707,0.0,0.707));
#5075=DIRECTION('',(0.,0.,1.));
#5076=FACE_OUTER_BOUND('',#5077,.T.);
#5077=EDGE_LOOP('',(#5078,#5088,#5098,#5108));
#5079=EDGE_CURVE('',#4953,#5031,#5084,.T.);
#5084=LINE('',#4954,#5086);
#5086=VECTOR('',#5087,1.01604062271589);
#5087=DIRECTION('',(0.0,1.0,0.0));
#5078=ORIENTED_EDGE('',*,*,#5079,.F.);
#5088=ORIENTED_EDGE('',*,*,#4952,.T.);
#5099=EDGE_CURVE('',#5041,#4943,#5104,.T.);
#5104=LINE('',#5042,#5106);
#5106=VECTOR('',#5107,0.635025389185872);
#5107=DIRECTION('',(0.0,-1.0,0.0));
#5098=ORIENTED_EDGE('',*,*,#5099,.F.);
#5108=ORIENTED_EDGE('',*,*,#5040,.T.);
#5118=STYLED_ITEM('',(#43),#5119);
#5119=ADVANCED_FACE('',(#5125),#5120,.T.);
#5120=PLANE('',#5121);
#5121=AXIS2_PLACEMENT_3D('',#5122,#5123,#5124);
#5122=CARTESIAN_POINT('',(5.398,-0.318,0.762));
#5123=DIRECTION('',(0.0,1.0,0.0));
#5124=DIRECTION('',(0.,0.,1.));
#5125=FACE_OUTER_BOUND('',#5126,.T.);
#5126=EDGE_LOOP('',(#5127,#5137,#5147,#5157));
#5130=CARTESIAN_POINT('',(4.762,-0.318,0.762));
#5129=VERTEX_POINT('',#5130);
#5132=CARTESIAN_POINT('',(5.398,-0.318,0.762));
#5131=VERTEX_POINT('',#5132);
#5128=EDGE_CURVE('',#5129,#5131,#5133,.T.);
#5133=LINE('',#5130,#5135);
#5135=VECTOR('',#5136,0.635025399972943);
#5136=DIRECTION('',(1.0,0.0,0.0));
#5127=ORIENTED_EDGE('',*,*,#5128,.F.);
#5138=EDGE_CURVE('',#4943,#5129,#5143,.T.);
#5143=LINE('',#4944,#5145);
#5145=VECTOR('',#5146,5.27049238);
#5146=DIRECTION('',(0.0,0.0,-1.0));
#5137=ORIENTED_EDGE('',*,*,#5138,.F.);
#5147=ORIENTED_EDGE('',*,*,#4942,.T.);
#5158=EDGE_CURVE('',#5131,#4933,#5163,.T.);
#5163=LINE('',#5132,#5165);
#5165=VECTOR('',#5166,5.27049238);
#5166=DIRECTION('',(0.0,0.0,1.0));
#5157=ORIENTED_EDGE('',*,*,#5158,.F.);
#5167=STYLED_ITEM('',(#43),#5168);
#5168=ADVANCED_FACE('',(#5174),#5169,.T.);
#5169=PLANE('',#5170);
#5170=AXIS2_PLACEMENT_3D('',#5171,#5172,#5173);
#5171=CARTESIAN_POINT('',(5.398,0.318,0.762));
#5172=DIRECTION('',(-1.0,0.0,0.0));
#5173=DIRECTION('',(0.,0.,1.));
#5174=FACE_OUTER_BOUND('',#5175,.T.);
#5175=EDGE_LOOP('',(#5176,#5186,#5196,#5206));
#5181=CARTESIAN_POINT('',(5.398,0.318,0.762));
#5180=VERTEX_POINT('',#5181);
#5177=EDGE_CURVE('',#5131,#5180,#5182,.T.);
#5182=LINE('',#5132,#5184);
#5184=VECTOR('',#5185,0.635025389187677);
#5185=DIRECTION('',(0.0,1.0,0.0));
#5176=ORIENTED_EDGE('',*,*,#5177,.F.);
#5186=ORIENTED_EDGE('',*,*,#5158,.T.);
#5196=ORIENTED_EDGE('',*,*,#5001,.T.);
#5207=EDGE_CURVE('',#5180,#4992,#5212,.T.);
#5212=LINE('',#5181,#5214);
#5214=VECTOR('',#5215,5.27049238);
#5215=DIRECTION('',(0.0,0.0,1.0));
#5206=ORIENTED_EDGE('',*,*,#5207,.F.);
#5216=STYLED_ITEM('',(#43),#5217);
#5217=ADVANCED_FACE('',(#5223),#5218,.T.);
#5218=PLANE('',#5219);
#5219=AXIS2_PLACEMENT_3D('',#5220,#5221,#5222);
#5220=CARTESIAN_POINT('',(4.762,0.318,0.762));
#5221=DIRECTION('',(0.0,-1.0,0.0));
#5222=DIRECTION('',(0.,0.,1.));
#5223=FACE_OUTER_BOUND('',#5224,.T.);
#5224=EDGE_LOOP('',(#5225,#5235,#5245,#5255));
#5230=CARTESIAN_POINT('',(4.762,0.318,0.762));
#5229=VERTEX_POINT('',#5230);
#5226=EDGE_CURVE('',#5180,#5229,#5231,.T.);
#5231=LINE('',#5181,#5233);
#5233=VECTOR('',#5234,0.635025399972942);
#5234=DIRECTION('',(-1.0,0.0,0.0));
#5225=ORIENTED_EDGE('',*,*,#5226,.F.);
#5235=ORIENTED_EDGE('',*,*,#5207,.T.);
#5245=ORIENTED_EDGE('',*,*,#5050,.T.);
#5256=EDGE_CURVE('',#5229,#5041,#5261,.T.);
#5261=LINE('',#5230,#5263);
#5263=VECTOR('',#5264,5.27049238);
#5264=DIRECTION('',(0.0,0.0,1.0));
#5255=ORIENTED_EDGE('',*,*,#5256,.F.);
#5265=STYLED_ITEM('',(#43),#5266);
#5266=ADVANCED_FACE('',(#5272),#5267,.T.);
#5267=PLANE('',#5268);
#5268=AXIS2_PLACEMENT_3D('',#5269,#5270,#5271);
#5269=CARTESIAN_POINT('',(4.762,-0.318,0.762));
#5270=DIRECTION('',(1.0,0.0,0.0));
#5271=DIRECTION('',(0.,0.,1.));
#5272=FACE_OUTER_BOUND('',#5273,.T.);
#5273=EDGE_LOOP('',(#5274,#5284,#5294,#5304));
#5275=EDGE_CURVE('',#5229,#5129,#5280,.T.);
#5280=LINE('',#5230,#5282);
#5282=VECTOR('',#5283,0.635025389185872);
#5283=DIRECTION('',(0.0,-1.0,0.0));
#5274=ORIENTED_EDGE('',*,*,#5275,.F.);
#5284=ORIENTED_EDGE('',*,*,#5256,.T.);
#5294=ORIENTED_EDGE('',*,*,#5099,.T.);
#5304=ORIENTED_EDGE('',*,*,#5138,.T.);
#5314=STYLED_ITEM('',(#43),#5315);
#5315=ADVANCED_FACE('',(#5321),#5316,.T.);
#5316=PLANE('',#5317);
#5317=AXIS2_PLACEMENT_3D('',#5318,#5319,#5320);
#5318=CARTESIAN_POINT('',(3.81,-1.27,0.762));
#5319=DIRECTION('',(0.0,-1.0,0.0));
#5320=DIRECTION('',(0.,0.,1.));
#5321=FACE_OUTER_BOUND('',#5322,.T.);
#5322=EDGE_LOOP('',(#5323,#5333,#5343,#5353));
#5328=CARTESIAN_POINT('',(3.81,-1.27,0.762));
#5327=VERTEX_POINT('',#5328);
#5324=EDGE_CURVE('',#4651,#5327,#5329,.T.);
#5329=LINE('',#4652,#5331);
#5331=VECTOR('',#5332,2.53999999827218);
#5332=DIRECTION('',(-1.0,0.0,0.0));
#5323=ORIENTED_EDGE('',*,*,#5324,.F.);
#5333=ORIENTED_EDGE('',*,*,#4678,.T.);
#5346=CARTESIAN_POINT('',(3.81,-1.27,6.223));
#5345=VERTEX_POINT('',#5346);
#5344=EDGE_CURVE('',#5345,#4669,#5349,.T.);
#5349=LINE('',#5346,#5351);
#5351=VECTOR('',#5352,2.53999999827218);
#5352=DIRECTION('',(1.0,0.0,0.0));
#5343=ORIENTED_EDGE('',*,*,#5344,.F.);
#5354=EDGE_CURVE('',#5327,#5345,#5359,.T.);
#5359=LINE('',#5328,#5361);
#5361=VECTOR('',#5362,5.461);
#5362=DIRECTION('',(0.0,0.0,1.0));
#5353=ORIENTED_EDGE('',*,*,#5354,.F.);
#5363=STYLED_ITEM('',(#43),#5364);
#5364=ADVANCED_FACE('',(#5370),#5365,.T.);
#5365=PLANE('',#5366);
#5366=AXIS2_PLACEMENT_3D('',#5367,#5368,#5369);
#5367=CARTESIAN_POINT('',(6.35,1.27,0.762));
#5368=DIRECTION('',(0.0,1.0,0.0));
#5369=DIRECTION('',(0.,0.,1.));
#5370=FACE_OUTER_BOUND('',#5371,.T.);
#5371=EDGE_LOOP('',(#5372,#5382,#5392,#5402));
#5375=CARTESIAN_POINT('',(3.81,1.27,0.762));
#5374=VERTEX_POINT('',#5375);
#5373=EDGE_CURVE('',#5374,#4698,#5378,.T.);
#5378=LINE('',#5375,#5380);
#5380=VECTOR('',#5381,2.53999999827218);
#5381=DIRECTION('',(1.0,0.0,0.0));
#5372=ORIENTED_EDGE('',*,*,#5373,.F.);
#5385=CARTESIAN_POINT('',(3.81,1.27,6.223));
#5384=VERTEX_POINT('',#5385);
#5383=EDGE_CURVE('',#5384,#5374,#5388,.T.);
#5388=LINE('',#5385,#5390);
#5390=VECTOR('',#5391,5.461);
#5391=DIRECTION('',(0.0,0.0,-1.0));
#5382=ORIENTED_EDGE('',*,*,#5383,.F.);
#5393=EDGE_CURVE('',#4708,#5384,#5398,.T.);
#5398=LINE('',#4709,#5400);
#5400=VECTOR('',#5401,2.53999999827218);
#5401=DIRECTION('',(-1.0,0.0,0.0));
#5392=ORIENTED_EDGE('',*,*,#5393,.F.);
#5402=ORIENTED_EDGE('',*,*,#4707,.T.);
#5412=STYLED_ITEM('color',(#43),#5413);
#5413=ADVANCED_FACE($,(#5419, #5463), #5414,.T.);
#5414=PLANE($,#5415);
#5415=AXIS2_PLACEMENT_3D($,#5416,#5417,#5418);
#5416=CARTESIAN_POINT('',(6.35,-1.27,6.223));
#5417=DIRECTION('',(0.,0.,1.));
#5418=DIRECTION('',(1.,0.,0.));
#5419=FACE_OUTER_BOUND($,#5420,.T.);
#5420=EDGE_LOOP($,(#5423, #5433, #5443, #5453));
#5423=ORIENTED_EDGE('',*,*,#5344,.T.);
#5433=ORIENTED_EDGE('',*,*,#4778,.T.);
#5443=ORIENTED_EDGE('',*,*,#5393,.T.);
#5454=EDGE_CURVE('',#5345,#5384,#5459,.T.);
#5459=LINE('',#5346,#5461);
#5461=VECTOR('',#5462,2.53999995710678);
#5462=DIRECTION('',(0.0,1.0,0.0));
#5453=ORIENTED_EDGE('',*,*,#5454,.F.);
#5463=FACE_BOUND($,#5464,.T.);
#5464=EDGE_LOOP($,(#5465, #5475, #5485, #5495));
#5465=ORIENTED_EDGE('',*,*,#4962,.T.);
#5475=ORIENTED_EDGE('',*,*,#5079,.T.);
#5485=ORIENTED_EDGE('',*,*,#5030,.T.);
#5495=ORIENTED_EDGE('',*,*,#4981,.T.);
#5505=STYLED_ITEM('color',(#43),#5506);
#5506=ADVANCED_FACE($,(#5512, #5556), #5507,.T.);
#5507=PLANE($,#5508);
#5508=AXIS2_PLACEMENT_3D($,#5509,#5510,#5511);
#5509=CARTESIAN_POINT('',(6.35,-1.27,0.762));
#5510=DIRECTION('',(0.,0.,-1.));
#5511=DIRECTION('',(1.,0.,0.));
#5512=FACE_OUTER_BOUND($,#5513,.T.);
#5513=EDGE_LOOP($,(#5516, #5526, #5536, #5546));
#5516=ORIENTED_EDGE('',*,*,#5324,.T.);
#5527=EDGE_CURVE('',#5374,#5327,#5532,.T.);
#5532=LINE('',#5375,#5534);
#5534=VECTOR('',#5535,2.53999995710678);
#5535=DIRECTION('',(0.0,-1.0,0.0));
#5526=ORIENTED_EDGE('',*,*,#5527,.F.);
#5536=ORIENTED_EDGE('',*,*,#5373,.T.);
#5546=ORIENTED_EDGE('',*,*,#4851,.T.);
#5556=FACE_BOUND($,#5557,.T.);
#5557=EDGE_LOOP($,(#5558, #5568, #5578, #5588));
#5558=ORIENTED_EDGE('',*,*,#5128,.T.);
#5568=ORIENTED_EDGE('',*,*,#5177,.T.);
#5578=ORIENTED_EDGE('',*,*,#5226,.T.);
#5588=ORIENTED_EDGE('',*,*,#5275,.T.);
#5598=STYLED_ITEM('',(#43),#5599);
#5599=ADVANCED_FACE('',(#5605),#5600,.T.);
#5600=PLANE('',#5601);
#5601=AXIS2_PLACEMENT_3D('',#5602,#5603,#5604);
#5602=CARTESIAN_POINT('',(3.048,-0.508,6.223));
#5603=DIRECTION('',(0.0,0.707,0.707));
#5604=DIRECTION('',(0.,0.,1.));
#5605=FACE_OUTER_BOUND('',#5606,.T.);
#5606=EDGE_LOOP('',(#5607,#5617,#5627,#5637));
#5610=CARTESIAN_POINT('',(2.858,-0.318,6.032));
#5609=VERTEX_POINT('',#5610);
#5612=CARTESIAN_POINT('',(3.048,-0.508,6.223));
#5611=VERTEX_POINT('',#5612);
#5608=EDGE_CURVE('',#5609,#5611,#5613,.T.);
#5613=LINE('',#5610,#5615);
#5615=VECTOR('',#5616,0.329968875012298);
#5616=DIRECTION('',(0.577,-0.577,0.577));
#5607=ORIENTED_EDGE('',*,*,#5608,.F.);
#5620=CARTESIAN_POINT('',(2.222,-0.318,6.032));
#5619=VERTEX_POINT('',#5620);
#5618=EDGE_CURVE('',#5619,#5609,#5623,.T.);
#5623=LINE('',#5620,#5625);
#5625=VECTOR('',#5626,0.635025399986194);
#5626=DIRECTION('',(1.0,0.0,0.0));
#5617=ORIENTED_EDGE('',*,*,#5618,.F.);
#5630=CARTESIAN_POINT('',(2.032,-0.508,6.223));
#5629=VERTEX_POINT('',#5630);
#5628=EDGE_CURVE('',#5629,#5619,#5633,.T.);
#5633=LINE('',#5630,#5635);
#5635=VECTOR('',#5636,0.329968875360426);
#5636=DIRECTION('',(0.577,0.577,-0.577));
#5627=ORIENTED_EDGE('',*,*,#5628,.F.);
#5638=EDGE_CURVE('',#5611,#5629,#5643,.T.);
#5643=LINE('',#5612,#5645);
#5645=VECTOR('',#5646,1.01604063994345);
#5646=DIRECTION('',(-1.0,0.0,0.0));
#5637=ORIENTED_EDGE('',*,*,#5638,.F.);
#5647=STYLED_ITEM('',(#43),#5648);
#5648=ADVANCED_FACE('',(#5654),#5649,.T.);
#5649=PLANE('',#5650);
#5650=AXIS2_PLACEMENT_3D('',#5651,#5652,#5653);
#5651=CARTESIAN_POINT('',(3.048,-0.508,6.223));
#5652=DIRECTION('',(-0.707,0.0,0.707));
#5653=DIRECTION('',(0.,0.,1.));
#5654=FACE_OUTER_BOUND('',#5655,.T.);
#5655=EDGE_LOOP('',(#5656,#5666,#5676,#5686));
#5659=CARTESIAN_POINT('',(3.048,0.508,6.223));
#5658=VERTEX_POINT('',#5659);
#5657=EDGE_CURVE('',#5658,#5611,#5662,.T.);
#5662=LINE('',#5659,#5664);
#5664=VECTOR('',#5665,1.01604062270547);
#5665=DIRECTION('',(0.0,-1.0,0.0));
#5656=ORIENTED_EDGE('',*,*,#5657,.F.);
#5669=CARTESIAN_POINT('',(2.858,0.318,6.032));
#5668=VERTEX_POINT('',#5669);
#5667=EDGE_CURVE('',#5668,#5658,#5672,.T.);
#5672=LINE('',#5669,#5674);
#5674=VECTOR('',#5675,0.329968875012297);
#5675=DIRECTION('',(0.577,0.577,0.577));
#5666=ORIENTED_EDGE('',*,*,#5667,.F.);
#5677=EDGE_CURVE('',#5609,#5668,#5682,.T.);
#5682=LINE('',#5610,#5684);
#5684=VECTOR('',#5685,0.635025389182647);
#5685=DIRECTION('',(0.0,1.0,0.0));
#5676=ORIENTED_EDGE('',*,*,#5677,.F.);
#5686=ORIENTED_EDGE('',*,*,#5608,.T.);
#5696=STYLED_ITEM('',(#43),#5697);
#5697=ADVANCED_FACE('',(#5703),#5698,.T.);
#5698=PLANE('',#5699);
#5699=AXIS2_PLACEMENT_3D('',#5700,#5701,#5702);
#5700=CARTESIAN_POINT('',(3.048,0.508,6.223));
#5701=DIRECTION('',(0.0,-0.707,0.707));
#5702=DIRECTION('',(0.,0.,1.));
#5703=FACE_OUTER_BOUND('',#5704,.T.);
#5704=EDGE_LOOP('',(#5705,#5715,#5725,#5735));
#5708=CARTESIAN_POINT('',(2.032,0.508,6.223));
#5707=VERTEX_POINT('',#5708);
#5706=EDGE_CURVE('',#5707,#5658,#5711,.T.);
#5711=LINE('',#5708,#5713);
#5713=VECTOR('',#5714,1.01604063994345);
#5714=DIRECTION('',(1.0,0.0,0.0));
#5705=ORIENTED_EDGE('',*,*,#5706,.F.);
#5718=CARTESIAN_POINT('',(2.222,0.318,6.032));
#5717=VERTEX_POINT('',#5718);
#5716=EDGE_CURVE('',#5717,#5707,#5721,.T.);
#5721=LINE('',#5718,#5723);
#5723=VECTOR('',#5724,0.329968875360424);
#5724=DIRECTION('',(-0.577,0.577,0.577));
#5715=ORIENTED_EDGE('',*,*,#5716,.F.);
#5726=EDGE_CURVE('',#5668,#5717,#5731,.T.);
#5731=LINE('',#5669,#5733);
#5733=VECTOR('',#5734,0.635025399986194);
#5734=DIRECTION('',(-1.0,0.0,0.0));
#5725=ORIENTED_EDGE('',*,*,#5726,.F.);
#5735=ORIENTED_EDGE('',*,*,#5667,.T.);
#5745=STYLED_ITEM('',(#43),#5746);
#5746=ADVANCED_FACE('',(#5752),#5747,.T.);
#5747=PLANE('',#5748);
#5748=AXIS2_PLACEMENT_3D('',#5749,#5750,#5751);
#5749=CARTESIAN_POINT('',(2.032,0.508,6.223));
#5750=DIRECTION('',(0.707,0.0,0.707));
#5751=DIRECTION('',(0.,0.,1.));
#5752=FACE_OUTER_BOUND('',#5753,.T.);
#5753=EDGE_LOOP('',(#5754,#5764,#5774,#5784));
#5755=EDGE_CURVE('',#5629,#5707,#5760,.T.);
#5760=LINE('',#5630,#5762);
#5762=VECTOR('',#5763,1.01604062270116);
#5763=DIRECTION('',(0.0,1.0,0.0));
#5754=ORIENTED_EDGE('',*,*,#5755,.F.);
#5764=ORIENTED_EDGE('',*,*,#5628,.T.);
#5775=EDGE_CURVE('',#5717,#5619,#5780,.T.);
#5780=LINE('',#5718,#5782);
#5782=VECTOR('',#5783,0.635025389181981);
#5783=DIRECTION('',(0.0,-1.0,0.0));
#5774=ORIENTED_EDGE('',*,*,#5775,.F.);
#5784=ORIENTED_EDGE('',*,*,#5716,.T.);
#5794=STYLED_ITEM('',(#43),#5795);
#5795=ADVANCED_FACE('',(#5801),#5796,.T.);
#5796=PLANE('',#5797);
#5797=AXIS2_PLACEMENT_3D('',#5798,#5799,#5800);
#5798=CARTESIAN_POINT('',(2.858,-0.318,0.762));
#5799=DIRECTION('',(0.0,1.0,0.0));
#5800=DIRECTION('',(0.,0.,1.));
#5801=FACE_OUTER_BOUND('',#5802,.T.);
#5802=EDGE_LOOP('',(#5803,#5813,#5823,#5833));
#5806=CARTESIAN_POINT('',(2.222,-0.318,0.762));
#5805=VERTEX_POINT('',#5806);
#5808=CARTESIAN_POINT('',(2.858,-0.318,0.762));
#5807=VERTEX_POINT('',#5808);
#5804=EDGE_CURVE('',#5805,#5807,#5809,.T.);
#5809=LINE('',#5806,#5811);
#5811=VECTOR('',#5812,0.635025399986194);
#5812=DIRECTION('',(1.0,0.0,0.0));
#5803=ORIENTED_EDGE('',*,*,#5804,.F.);
#5814=EDGE_CURVE('',#5619,#5805,#5819,.T.);
#5819=LINE('',#5620,#5821);
#5821=VECTOR('',#5822,5.27049238);
#5822=DIRECTION('',(0.0,0.0,-1.0));
#5813=ORIENTED_EDGE('',*,*,#5814,.F.);
#5823=ORIENTED_EDGE('',*,*,#5618,.T.);
#5834=EDGE_CURVE('',#5807,#5609,#5839,.T.);
#5839=LINE('',#5808,#5841);
#5841=VECTOR('',#5842,5.27049238);
#5842=DIRECTION('',(0.0,0.0,1.0));
#5833=ORIENTED_EDGE('',*,*,#5834,.F.);
#5843=STYLED_ITEM('',(#43),#5844);
#5844=ADVANCED_FACE('',(#5850),#5845,.T.);
#5845=PLANE('',#5846);
#5846=AXIS2_PLACEMENT_3D('',#5847,#5848,#5849);
#5847=CARTESIAN_POINT('',(2.858,0.318,0.762));
#5848=DIRECTION('',(-1.0,0.0,0.0));
#5849=DIRECTION('',(0.,0.,1.));
#5850=FACE_OUTER_BOUND('',#5851,.T.);
#5851=EDGE_LOOP('',(#5852,#5862,#5872,#5882));
#5857=CARTESIAN_POINT('',(2.858,0.318,0.762));
#5856=VERTEX_POINT('',#5857);
#5853=EDGE_CURVE('',#5807,#5856,#5858,.T.);
#5858=LINE('',#5808,#5860);
#5860=VECTOR('',#5861,0.635025389182647);
#5861=DIRECTION('',(0.0,1.0,0.0));
#5852=ORIENTED_EDGE('',*,*,#5853,.F.);
#5862=ORIENTED_EDGE('',*,*,#5834,.T.);
#5872=ORIENTED_EDGE('',*,*,#5677,.T.);
#5883=EDGE_CURVE('',#5856,#5668,#5888,.T.);
#5888=LINE('',#5857,#5890);
#5890=VECTOR('',#5891,5.27049238);
#5891=DIRECTION('',(0.0,0.0,1.0));
#5882=ORIENTED_EDGE('',*,*,#5883,.F.);
#5892=STYLED_ITEM('',(#43),#5893);
#5893=ADVANCED_FACE('',(#5899),#5894,.T.);
#5894=PLANE('',#5895);
#5895=AXIS2_PLACEMENT_3D('',#5896,#5897,#5898);
#5896=CARTESIAN_POINT('',(2.222,0.318,0.762));
#5897=DIRECTION('',(0.0,-1.0,0.0));
#5898=DIRECTION('',(0.,0.,1.));
#5899=FACE_OUTER_BOUND('',#5900,.T.);
#5900=EDGE_LOOP('',(#5901,#5911,#5921,#5931));
#5906=CARTESIAN_POINT('',(2.222,0.318,0.762));
#5905=VERTEX_POINT('',#5906);
#5902=EDGE_CURVE('',#5856,#5905,#5907,.T.);
#5907=LINE('',#5857,#5909);
#5909=VECTOR('',#5910,0.635025399986194);
#5910=DIRECTION('',(-1.0,0.0,0.0));
#5901=ORIENTED_EDGE('',*,*,#5902,.F.);
#5911=ORIENTED_EDGE('',*,*,#5883,.T.);
#5921=ORIENTED_EDGE('',*,*,#5726,.T.);
#5932=EDGE_CURVE('',#5905,#5717,#5937,.T.);
#5937=LINE('',#5906,#5939);
#5939=VECTOR('',#5940,5.27049238);
#5940=DIRECTION('',(0.0,0.0,1.0));
#5931=ORIENTED_EDGE('',*,*,#5932,.F.);
#5941=STYLED_ITEM('',(#43),#5942);
#5942=ADVANCED_FACE('',(#5948),#5943,.T.);
#5943=PLANE('',#5944);
#5944=AXIS2_PLACEMENT_3D('',#5945,#5946,#5947);
#5945=CARTESIAN_POINT('',(2.222,-0.318,0.762));
#5946=DIRECTION('',(1.0,0.0,0.0));
#5947=DIRECTION('',(0.,0.,1.));
#5948=FACE_OUTER_BOUND('',#5949,.T.);
#5949=EDGE_LOOP('',(#5950,#5960,#5970,#5980));
#5951=EDGE_CURVE('',#5905,#5805,#5956,.T.);
#5956=LINE('',#5906,#5958);
#5958=VECTOR('',#5959,0.635025389181981);
#5959=DIRECTION('',(0.0,-1.0,0.0));
#5950=ORIENTED_EDGE('',*,*,#5951,.F.);
#5960=ORIENTED_EDGE('',*,*,#5932,.T.);
#5970=ORIENTED_EDGE('',*,*,#5775,.T.);
#5980=ORIENTED_EDGE('',*,*,#5814,.T.);
#5990=STYLED_ITEM('',(#43),#5991);
#5991=ADVANCED_FACE('',(#5997),#5992,.T.);
#5992=PLANE('',#5993);
#5993=AXIS2_PLACEMENT_3D('',#5994,#5995,#5996);
#5994=CARTESIAN_POINT('',(1.27,-1.27,0.762));
#5995=DIRECTION('',(0.0,-1.0,0.0));
#5996=DIRECTION('',(0.,0.,1.));
#5997=FACE_OUTER_BOUND('',#5998,.T.);
#5998=EDGE_LOOP('',(#5999,#6009,#6019,#6029));
#6004=CARTESIAN_POINT('',(1.27,-1.27,0.762));
#6003=VERTEX_POINT('',#6004);
#6000=EDGE_CURVE('',#5327,#6003,#6005,.T.);
#6005=LINE('',#5328,#6007);
#6007=VECTOR('',#6008,2.53999999911707);
#6008=DIRECTION('',(-1.0,0.0,0.0));
#5999=ORIENTED_EDGE('',*,*,#6000,.F.);
#6009=ORIENTED_EDGE('',*,*,#5354,.T.);
#6022=CARTESIAN_POINT('',(1.27,-1.27,6.223));
#6021=VERTEX_POINT('',#6022);
#6020=EDGE_CURVE('',#6021,#5345,#6025,.T.);
#6025=LINE('',#6022,#6027);
#6027=VECTOR('',#6028,2.53999999911707);
#6028=DIRECTION('',(1.0,0.0,0.0));
#6019=ORIENTED_EDGE('',*,*,#6020,.F.);
#6030=EDGE_CURVE('',#6003,#6021,#6035,.T.);
#6035=LINE('',#6004,#6037);
#6037=VECTOR('',#6038,5.461);
#6038=DIRECTION('',(0.0,0.0,1.0));
#6029=ORIENTED_EDGE('',*,*,#6030,.F.);
#6039=STYLED_ITEM('',(#43),#6040);
#6040=ADVANCED_FACE('',(#6046),#6041,.T.);
#6041=PLANE('',#6042);
#6042=AXIS2_PLACEMENT_3D('',#6043,#6044,#6045);
#6043=CARTESIAN_POINT('',(3.81,1.27,0.762));
#6044=DIRECTION('',(0.0,1.0,0.0));
#6045=DIRECTION('',(0.,0.,1.));
#6046=FACE_OUTER_BOUND('',#6047,.T.);
#6047=EDGE_LOOP('',(#6048,#6058,#6068,#6078));
#6051=CARTESIAN_POINT('',(1.27,1.27,0.762));
#6050=VERTEX_POINT('',#6051);
#6049=EDGE_CURVE('',#6050,#5374,#6054,.T.);
#6054=LINE('',#6051,#6056);
#6056=VECTOR('',#6057,2.53999999911707);
#6057=DIRECTION('',(1.0,0.0,0.0));
#6048=ORIENTED_EDGE('',*,*,#6049,.F.);
#6061=CARTESIAN_POINT('',(1.27,1.27,6.223));
#6060=VERTEX_POINT('',#6061);
#6059=EDGE_CURVE('',#6060,#6050,#6064,.T.);
#6064=LINE('',#6061,#6066);
#6066=VECTOR('',#6067,5.461);
#6067=DIRECTION('',(0.0,0.0,-1.0));
#6058=ORIENTED_EDGE('',*,*,#6059,.F.);
#6069=EDGE_CURVE('',#5384,#6060,#6074,.T.);
#6074=LINE('',#5385,#6076);
#6076=VECTOR('',#6077,2.53999999911707);
#6077=DIRECTION('',(-1.0,0.0,0.0));
#6068=ORIENTED_EDGE('',*,*,#6069,.F.);
#6078=ORIENTED_EDGE('',*,*,#5383,.T.);
#6088=STYLED_ITEM('color',(#43),#6089);
#6089=ADVANCED_FACE($,(#6095, #6139), #6090,.T.);
#6090=PLANE($,#6091);
#6091=AXIS2_PLACEMENT_3D($,#6092,#6093,#6094);
#6092=CARTESIAN_POINT('',(3.81,-1.27,6.223));
#6093=DIRECTION('',(0.,0.,1.));
#6094=DIRECTION('',(1.,0.,0.));
#6095=FACE_OUTER_BOUND($,#6096,.T.);
#6096=EDGE_LOOP($,(#6099, #6109, #6119, #6129));
#6099=ORIENTED_EDGE('',*,*,#6020,.T.);
#6109=ORIENTED_EDGE('',*,*,#5454,.T.);
#6119=ORIENTED_EDGE('',*,*,#6069,.T.);
#6130=EDGE_CURVE('',#6021,#6060,#6135,.T.);
#6135=LINE('',#6022,#6137);
#6137=VECTOR('',#6138,2.53999995693589);
#6138=DIRECTION('',(0.0,1.0,0.0));
#6129=ORIENTED_EDGE('',*,*,#6130,.F.);
#6139=FACE_BOUND($,#6140,.T.);
#6140=EDGE_LOOP($,(#6141, #6151, #6161, #6171));
#6141=ORIENTED_EDGE('',*,*,#5638,.T.);
#6151=ORIENTED_EDGE('',*,*,#5755,.T.);
#6161=ORIENTED_EDGE('',*,*,#5706,.T.);
#6171=ORIENTED_EDGE('',*,*,#5657,.T.);
#6181=STYLED_ITEM('color',(#43),#6182);
#6182=ADVANCED_FACE($,(#6188, #6232), #6183,.T.);
#6183=PLANE($,#6184);
#6184=AXIS2_PLACEMENT_3D($,#6185,#6186,#6187);
#6185=CARTESIAN_POINT('',(3.81,-1.27,0.762));
#6186=DIRECTION('',(0.,0.,-1.));
#6187=DIRECTION('',(1.,0.,0.));
#6188=FACE_OUTER_BOUND($,#6189,.T.);
#6189=EDGE_LOOP($,(#6192, #6202, #6212, #6222));
#6192=ORIENTED_EDGE('',*,*,#6000,.T.);
#6203=EDGE_CURVE('',#6050,#6003,#6208,.T.);
#6208=LINE('',#6051,#6210);
#6210=VECTOR('',#6211,2.53999995693589);
#6211=DIRECTION('',(0.0,-1.0,0.0));
#6202=ORIENTED_EDGE('',*,*,#6203,.F.);
#6212=ORIENTED_EDGE('',*,*,#6049,.T.);
#6222=ORIENTED_EDGE('',*,*,#5527,.T.);
#6232=FACE_BOUND($,#6233,.T.);
#6233=EDGE_LOOP($,(#6234, #6244, #6254, #6264));
#6234=ORIENTED_EDGE('',*,*,#5804,.T.);
#6244=ORIENTED_EDGE('',*,*,#5853,.T.);
#6254=ORIENTED_EDGE('',*,*,#5902,.T.);
#6264=ORIENTED_EDGE('',*,*,#5951,.T.);
#6274=STYLED_ITEM('',(#43),#6275);
#6275=ADVANCED_FACE('',(#6281),#6276,.T.);
#6276=PLANE('',#6277);
#6277=AXIS2_PLACEMENT_3D('',#6278,#6279,#6280);
#6278=CARTESIAN_POINT('',(0.508,-0.508,6.223));
#6279=DIRECTION('',(0.0,0.707,0.707));
#6280=DIRECTION('',(0.,0.,1.));
#6281=FACE_OUTER_BOUND('',#6282,.T.);
#6282=EDGE_LOOP('',(#6283,#6293,#6303,#6313));
#6286=CARTESIAN_POINT('',(0.318,-0.318,6.032));
#6285=VERTEX_POINT('',#6286);
#6288=CARTESIAN_POINT('',(0.508,-0.508,6.223));
#6287=VERTEX_POINT('',#6288);
#6284=EDGE_CURVE('',#6285,#6287,#6289,.T.);
#6289=LINE('',#6286,#6291);
#6291=VECTOR('',#6292,0.329968875054204);
#6292=DIRECTION('',(0.577,-0.577,0.577));
#6283=ORIENTED_EDGE('',*,*,#6284,.F.);
#6296=CARTESIAN_POINT('',(-0.318,-0.318,6.032));
#6295=VERTEX_POINT('',#6296);
#6294=EDGE_CURVE('',#6295,#6285,#6299,.T.);
#6299=LINE('',#6296,#6301);
#6301=VECTOR('',#6302,0.635025399991648);
#6302=DIRECTION('',(1.0,0.0,0.0));
#6293=ORIENTED_EDGE('',*,*,#6294,.F.);
#6306=CARTESIAN_POINT('',(-0.508,-0.508,6.223));
#6305=VERTEX_POINT('',#6306);
#6304=EDGE_CURVE('',#6305,#6295,#6309,.T.);
#6309=LINE('',#6306,#6311);
#6311=VECTOR('',#6312,0.32996887532497);
#6312=DIRECTION('',(0.577,0.577,-0.577));
#6303=ORIENTED_EDGE('',*,*,#6304,.F.);
#6314=EDGE_CURVE('',#6287,#6305,#6319,.T.);
#6319=LINE('',#6288,#6321);
#6321=VECTOR('',#6322,1.01604063996579);
#6322=DIRECTION('',(-1.0,0.0,0.0));
#6313=ORIENTED_EDGE('',*,*,#6314,.F.);
#6323=STYLED_ITEM('',(#43),#6324);
#6324=ADVANCED_FACE('',(#6330),#6325,.T.);
#6325=PLANE('',#6326);
#6326=AXIS2_PLACEMENT_3D('',#6327,#6328,#6329);
#6327=CARTESIAN_POINT('',(0.508,-0.508,6.223));
#6328=DIRECTION('',(-0.707,0.0,0.707));
#6329=DIRECTION('',(0.,0.,1.));
#6330=FACE_OUTER_BOUND('',#6331,.T.);
#6331=EDGE_LOOP('',(#6332,#6342,#6352,#6362));
#6335=CARTESIAN_POINT('',(0.508,0.508,6.223));
#6334=VERTEX_POINT('',#6335);
#6333=EDGE_CURVE('',#6334,#6287,#6338,.T.);
#6338=LINE('',#6335,#6340);
#6340=VECTOR('',#6341,1.0160406226968);
#6341=DIRECTION('',(0.0,-1.0,0.0));
#6332=ORIENTED_EDGE('',*,*,#6333,.F.);
#6345=CARTESIAN_POINT('',(0.318,0.318,6.032));
#6344=VERTEX_POINT('',#6345);
#6343=EDGE_CURVE('',#6344,#6334,#6348,.T.);
#6348=LINE('',#6345,#6350);
#6350=VECTOR('',#6351,0.329968875054204);
#6351=DIRECTION('',(0.577,0.577,0.577));
#6342=ORIENTED_EDGE('',*,*,#6343,.F.);
#6353=EDGE_CURVE('',#6285,#6344,#6358,.T.);
#6358=LINE('',#6286,#6360);
#6360=VECTOR('',#6361,0.635025389180643);
#6361=DIRECTION('',(0.0,1.0,0.0));
#6352=ORIENTED_EDGE('',*,*,#6353,.F.);
#6362=ORIENTED_EDGE('',*,*,#6284,.T.);
#6372=STYLED_ITEM('',(#43),#6373);
#6373=ADVANCED_FACE('',(#6379),#6374,.T.);
#6374=PLANE('',#6375);
#6375=AXIS2_PLACEMENT_3D('',#6376,#6377,#6378);
#6376=CARTESIAN_POINT('',(0.508,0.508,6.223));
#6377=DIRECTION('',(0.0,-0.707,0.707));
#6378=DIRECTION('',(0.,0.,1.));
#6379=FACE_OUTER_BOUND('',#6380,.T.);
#6380=EDGE_LOOP('',(#6381,#6391,#6401,#6411));
#6384=CARTESIAN_POINT('',(-0.508,0.508,6.223));
#6383=VERTEX_POINT('',#6384);
#6382=EDGE_CURVE('',#6383,#6334,#6387,.T.);
#6387=LINE('',#6384,#6389);
#6389=VECTOR('',#6390,1.01604063996579);
#6390=DIRECTION('',(1.0,0.0,0.0));
#6381=ORIENTED_EDGE('',*,*,#6382,.F.);
#6394=CARTESIAN_POINT('',(-0.318,0.318,6.032));
#6393=VERTEX_POINT('',#6394);
#6392=EDGE_CURVE('',#6393,#6383,#6397,.T.);
#6397=LINE('',#6394,#6399);
#6399=VECTOR('',#6400,0.32996887532497);
#6400=DIRECTION('',(-0.577,0.577,0.577));
#6391=ORIENTED_EDGE('',*,*,#6392,.F.);
#6402=EDGE_CURVE('',#6344,#6393,#6407,.T.);
#6407=LINE('',#6345,#6409);
#6409=VECTOR('',#6410,0.635025399991648);
#6410=DIRECTION('',(-1.0,0.0,0.0));
#6401=ORIENTED_EDGE('',*,*,#6402,.F.);
#6411=ORIENTED_EDGE('',*,*,#6343,.T.);
#6421=STYLED_ITEM('',(#43),#6422);
#6422=ADVANCED_FACE('',(#6428),#6423,.T.);
#6423=PLANE('',#6424);
#6424=AXIS2_PLACEMENT_3D('',#6425,#6426,#6427);
#6425=CARTESIAN_POINT('',(-0.508,0.508,6.223));
#6426=DIRECTION('',(0.707,0.0,0.707));
#6427=DIRECTION('',(0.,0.,1.));
#6428=FACE_OUTER_BOUND('',#6429,.T.);
#6429=EDGE_LOOP('',(#6430,#6440,#6450,#6460));
#6431=EDGE_CURVE('',#6305,#6383,#6436,.T.);
#6436=LINE('',#6306,#6438);
#6438=VECTOR('',#6439,1.01604062269476);
#6439=DIRECTION('',(0.0,1.0,0.0));
#6430=ORIENTED_EDGE('',*,*,#6431,.F.);
#6440=ORIENTED_EDGE('',*,*,#6304,.T.);
#6451=EDGE_CURVE('',#6393,#6295,#6456,.T.);
#6456=LINE('',#6394,#6458);
#6458=VECTOR('',#6459,0.635025389180328);
#6459=DIRECTION('',(0.0,-1.0,0.0));
#6450=ORIENTED_EDGE('',*,*,#6451,.F.);
#6460=ORIENTED_EDGE('',*,*,#6392,.T.);
#6470=STYLED_ITEM('',(#43),#6471);
#6471=ADVANCED_FACE('',(#6477),#6472,.T.);
#6472=PLANE('',#6473);
#6473=AXIS2_PLACEMENT_3D('',#6474,#6475,#6476);
#6474=CARTESIAN_POINT('',(0.318,-0.318,0.762));
#6475=DIRECTION('',(0.0,1.0,0.0));
#6476=DIRECTION('',(0.,0.,1.));
#6477=FACE_OUTER_BOUND('',#6478,.T.);
#6478=EDGE_LOOP('',(#6479,#6489,#6499,#6509));
#6482=CARTESIAN_POINT('',(-0.318,-0.318,0.762));
#6481=VERTEX_POINT('',#6482);
#6484=CARTESIAN_POINT('',(0.318,-0.318,0.762));
#6483=VERTEX_POINT('',#6484);
#6480=EDGE_CURVE('',#6481,#6483,#6485,.T.);
#6485=LINE('',#6482,#6487);
#6487=VECTOR('',#6488,0.635025399991648);
#6488=DIRECTION('',(1.0,0.0,0.0));
#6479=ORIENTED_EDGE('',*,*,#6480,.F.);
#6490=EDGE_CURVE('',#6295,#6481,#6495,.T.);
#6495=LINE('',#6296,#6497);
#6497=VECTOR('',#6498,5.27049238);
#6498=DIRECTION('',(0.0,0.0,-1.0));
#6489=ORIENTED_EDGE('',*,*,#6490,.F.);
#6499=ORIENTED_EDGE('',*,*,#6294,.T.);
#6510=EDGE_CURVE('',#6483,#6285,#6515,.T.);
#6515=LINE('',#6484,#6517);
#6517=VECTOR('',#6518,5.27049238);
#6518=DIRECTION('',(0.0,0.0,1.0));
#6509=ORIENTED_EDGE('',*,*,#6510,.F.);
#6519=STYLED_ITEM('',(#43),#6520);
#6520=ADVANCED_FACE('',(#6526),#6521,.T.);
#6521=PLANE('',#6522);
#6522=AXIS2_PLACEMENT_3D('',#6523,#6524,#6525);
#6523=CARTESIAN_POINT('',(0.318,0.318,0.762));
#6524=DIRECTION('',(-1.0,0.0,0.0));
#6525=DIRECTION('',(0.,0.,1.));
#6526=FACE_OUTER_BOUND('',#6527,.T.);
#6527=EDGE_LOOP('',(#6528,#6538,#6548,#6558));
#6533=CARTESIAN_POINT('',(0.318,0.318,0.762));
#6532=VERTEX_POINT('',#6533);
#6529=EDGE_CURVE('',#6483,#6532,#6534,.T.);
#6534=LINE('',#6484,#6536);
#6536=VECTOR('',#6537,0.635025389180643);
#6537=DIRECTION('',(0.0,1.0,0.0));
#6528=ORIENTED_EDGE('',*,*,#6529,.F.);
#6538=ORIENTED_EDGE('',*,*,#6510,.T.);
#6548=ORIENTED_EDGE('',*,*,#6353,.T.);
#6559=EDGE_CURVE('',#6532,#6344,#6564,.T.);
#6564=LINE('',#6533,#6566);
#6566=VECTOR('',#6567,5.27049238);
#6567=DIRECTION('',(0.0,0.0,1.0));
#6558=ORIENTED_EDGE('',*,*,#6559,.F.);
#6568=STYLED_ITEM('',(#43),#6569);
#6569=ADVANCED_FACE('',(#6575),#6570,.T.);
#6570=PLANE('',#6571);
#6571=AXIS2_PLACEMENT_3D('',#6572,#6573,#6574);
#6572=CARTESIAN_POINT('',(-0.318,0.318,0.762));
#6573=DIRECTION('',(0.0,-1.0,0.0));
#6574=DIRECTION('',(0.,0.,1.));
#6575=FACE_OUTER_BOUND('',#6576,.T.);
#6576=EDGE_LOOP('',(#6577,#6587,#6597,#6607));
#6582=CARTESIAN_POINT('',(-0.318,0.318,0.762));
#6581=VERTEX_POINT('',#6582);
#6578=EDGE_CURVE('',#6532,#6581,#6583,.T.);
#6583=LINE('',#6533,#6585);
#6585=VECTOR('',#6586,0.635025399991648);
#6586=DIRECTION('',(-1.0,0.0,0.0));
#6577=ORIENTED_EDGE('',*,*,#6578,.F.);
#6587=ORIENTED_EDGE('',*,*,#6559,.T.);
#6597=ORIENTED_EDGE('',*,*,#6402,.T.);
#6608=EDGE_CURVE('',#6581,#6393,#6613,.T.);
#6613=LINE('',#6582,#6615);
#6615=VECTOR('',#6616,5.27049238);
#6616=DIRECTION('',(0.0,0.0,1.0));
#6607=ORIENTED_EDGE('',*,*,#6608,.F.);
#6617=STYLED_ITEM('',(#43),#6618);
#6618=ADVANCED_FACE('',(#6624),#6619,.T.);
#6619=PLANE('',#6620);
#6620=AXIS2_PLACEMENT_3D('',#6621,#6622,#6623);
#6621=CARTESIAN_POINT('',(-0.318,-0.318,0.762));
#6622=DIRECTION('',(1.0,0.0,0.0));
#6623=DIRECTION('',(0.,0.,1.));
#6624=FACE_OUTER_BOUND('',#6625,.T.);
#6625=EDGE_LOOP('',(#6626,#6636,#6646,#6656));
#6627=EDGE_CURVE('',#6581,#6481,#6632,.T.);
#6632=LINE('',#6582,#6634);
#6634=VECTOR('',#6635,0.635025389180328);
#6635=DIRECTION('',(0.0,-1.0,0.0));
#6626=ORIENTED_EDGE('',*,*,#6627,.F.);
#6636=ORIENTED_EDGE('',*,*,#6608,.T.);
#6646=ORIENTED_EDGE('',*,*,#6451,.T.);
#6656=ORIENTED_EDGE('',*,*,#6490,.T.);
#6666=STYLED_ITEM('',(#43),#6667);
#6667=ADVANCED_FACE('',(#6673),#6668,.T.);
#6668=PLANE('',#6669);
#6669=AXIS2_PLACEMENT_3D('',#6670,#6671,#6672);
#6670=CARTESIAN_POINT('',(-1.27,-1.27,0.762));
#6671=DIRECTION('',(0.0,-1.0,0.0));
#6672=DIRECTION('',(0.,0.,1.));
#6673=FACE_OUTER_BOUND('',#6674,.T.);
#6674=EDGE_LOOP('',(#6675,#6685,#6695,#6705));
#6680=CARTESIAN_POINT('',(-1.27,-1.27,0.762));
#6679=VERTEX_POINT('',#6680);
#6676=EDGE_CURVE('',#6003,#6679,#6681,.T.);
#6681=LINE('',#6004,#6683);
#6683=VECTOR('',#6684,2.5399999994657);
#6684=DIRECTION('',(-1.0,0.0,0.0));
#6675=ORIENTED_EDGE('',*,*,#6676,.F.);
#6685=ORIENTED_EDGE('',*,*,#6030,.T.);
#6698=CARTESIAN_POINT('',(-1.27,-1.27,6.223));
#6697=VERTEX_POINT('',#6698);
#6696=EDGE_CURVE('',#6697,#6021,#6701,.T.);
#6701=LINE('',#6698,#6703);
#6703=VECTOR('',#6704,2.5399999994657);
#6704=DIRECTION('',(1.0,0.0,0.0));
#6695=ORIENTED_EDGE('',*,*,#6696,.F.);
#6706=EDGE_CURVE('',#6679,#6697,#6711,.T.);
#6711=LINE('',#6680,#6713);
#6713=VECTOR('',#6714,5.461);
#6714=DIRECTION('',(0.0,0.0,1.0));
#6705=ORIENTED_EDGE('',*,*,#6706,.F.);
#6715=STYLED_ITEM('',(#43),#6716);
#6716=ADVANCED_FACE('',(#6722),#6717,.T.);
#6717=PLANE('',#6718);
#6718=AXIS2_PLACEMENT_3D('',#6719,#6720,#6721);
#6719=CARTESIAN_POINT('',(1.27,1.27,0.762));
#6720=DIRECTION('',(0.0,1.0,0.0));
#6721=DIRECTION('',(0.,0.,1.));
#6722=FACE_OUTER_BOUND('',#6723,.T.);
#6723=EDGE_LOOP('',(#6724,#6734,#6744,#6754));
#6727=CARTESIAN_POINT('',(-1.27,1.27,0.762));
#6726=VERTEX_POINT('',#6727);
#6725=EDGE_CURVE('',#6726,#6050,#6730,.T.);
#6730=LINE('',#6727,#6732);
#6732=VECTOR('',#6733,2.53999999946569);
#6733=DIRECTION('',(1.0,0.0,0.0));
#6724=ORIENTED_EDGE('',*,*,#6725,.F.);
#6737=CARTESIAN_POINT('',(-1.27,1.27,6.223));
#6736=VERTEX_POINT('',#6737);
#6735=EDGE_CURVE('',#6736,#6726,#6740,.T.);
#6740=LINE('',#6737,#6742);
#6742=VECTOR('',#6743,5.461);
#6743=DIRECTION('',(0.0,0.0,-1.0));
#6734=ORIENTED_EDGE('',*,*,#6735,.F.);
#6745=EDGE_CURVE('',#6060,#6736,#6750,.T.);
#6750=LINE('',#6061,#6752);
#6752=VECTOR('',#6753,2.53999999946569);
#6753=DIRECTION('',(-1.0,0.0,0.0));
#6744=ORIENTED_EDGE('',*,*,#6745,.F.);
#6754=ORIENTED_EDGE('',*,*,#6059,.T.);
#6764=STYLED_ITEM('color',(#43),#6765);
#6765=ADVANCED_FACE($,(#6771, #6815), #6766,.T.);
#6766=PLANE($,#6767);
#6767=AXIS2_PLACEMENT_3D($,#6768,#6769,#6770);
#6768=CARTESIAN_POINT('',(1.27,-1.27,6.223));
#6769=DIRECTION('',(0.,0.,1.));
#6770=DIRECTION('',(1.,0.,0.));
#6771=FACE_OUTER_BOUND($,#6772,.T.);
#6772=EDGE_LOOP($,(#6775, #6785, #6795, #6805));
#6775=ORIENTED_EDGE('',*,*,#6696,.T.);
#6785=ORIENTED_EDGE('',*,*,#6130,.T.);
#6795=ORIENTED_EDGE('',*,*,#6745,.T.);
#6806=EDGE_CURVE('',#6697,#6736,#6811,.T.);
#6811=LINE('',#6698,#6813);
#6813=VECTOR('',#6814,2.53999995685597);
#6814=DIRECTION('',(0.0,1.0,0.0));
#6805=ORIENTED_EDGE('',*,*,#6806,.F.);
#6815=FACE_BOUND($,#6816,.T.);
#6816=EDGE_LOOP($,(#6817, #6827, #6837, #6847));
#6817=ORIENTED_EDGE('',*,*,#6314,.T.);
#6827=ORIENTED_EDGE('',*,*,#6431,.T.);
#6837=ORIENTED_EDGE('',*,*,#6382,.T.);
#6847=ORIENTED_EDGE('',*,*,#6333,.T.);
#6857=STYLED_ITEM('color',(#43),#6858);
#6858=ADVANCED_FACE($,(#6864, #6908), #6859,.T.);
#6859=PLANE($,#6860);
#6860=AXIS2_PLACEMENT_3D($,#6861,#6862,#6863);
#6861=CARTESIAN_POINT('',(1.27,-1.27,0.762));
#6862=DIRECTION('',(0.,0.,-1.));
#6863=DIRECTION('',(1.,0.,0.));
#6864=FACE_OUTER_BOUND($,#6865,.T.);
#6865=EDGE_LOOP($,(#6868, #6878, #6888, #6898));
#6868=ORIENTED_EDGE('',*,*,#6676,.T.);
#6879=EDGE_CURVE('',#6726,#6679,#6884,.T.);
#6884=LINE('',#6727,#6886);
#6886=VECTOR('',#6887,2.53999995685597);
#6887=DIRECTION('',(0.0,-1.0,0.0));
#6878=ORIENTED_EDGE('',*,*,#6879,.F.);
#6888=ORIENTED_EDGE('',*,*,#6725,.T.);
#6898=ORIENTED_EDGE('',*,*,#6203,.T.);
#6908=FACE_BOUND($,#6909,.T.);
#6909=EDGE_LOOP($,(#6910, #6920, #6930, #6940));
#6910=ORIENTED_EDGE('',*,*,#6480,.T.);
#6920=ORIENTED_EDGE('',*,*,#6529,.T.);
#6930=ORIENTED_EDGE('',*,*,#6578,.T.);
#6940=ORIENTED_EDGE('',*,*,#6627,.T.);
#6950=STYLED_ITEM('',(#43),#6951);
#6951=ADVANCED_FACE('',(#6957),#6952,.T.);
#6952=PLANE('',#6953);
#6953=AXIS2_PLACEMENT_3D('',#6954,#6955,#6956);
#6954=CARTESIAN_POINT('',(24.13,-1.27,0.762));
#6955=DIRECTION('',(1.0,0.0,0.0));
#6956=DIRECTION('',(0.,0.,1.));
#6957=FACE_OUTER_BOUND('',#6958,.T.);
#6958=EDGE_LOOP('',(#6959,#6969,#6979,#6989));
#6959=ORIENTED_EDGE('',*,*,#815,.T.);
#6969=ORIENTED_EDGE('',*,*,#671,.T.);
#6979=ORIENTED_EDGE('',*,*,#702,.T.);
#6989=ORIENTED_EDGE('',*,*,#602,.T.);
#6999=STYLED_ITEM('',(#43),#7000);
#7000=ADVANCED_FACE('',(#7006),#7001,.T.);
#7001=PLANE('',#7002);
#7002=AXIS2_PLACEMENT_3D('',#7003,#7004,#7005);
#7003=CARTESIAN_POINT('',(-1.27,-1.27,6.223));
#7004=DIRECTION('',(-1.0,0.0,0.0));
#7005=DIRECTION('',(0.,0.,1.));
#7006=FACE_OUTER_BOUND('',#7007,.T.);
#7007=EDGE_LOOP('',(#7008,#7018,#7028,#7038));
#7008=ORIENTED_EDGE('',*,*,#6806,.T.);
#7018=ORIENTED_EDGE('',*,*,#6735,.T.);
#7028=ORIENTED_EDGE('',*,*,#6879,.T.);
#7038=ORIENTED_EDGE('',*,*,#6706,.T.);
#7049=MANIFOLD_SOLID_BREP($,#7050);
#7050=CLOSED_SHELL('',(#7052,#7101,#7150,#7199,#7248,#7297,#7346,#7395,#7444,#7475,#7528,#7581,#7656,#7749));
#7051=STYLED_ITEM('',(#34),#7052);
#7052=ADVANCED_FACE('',(#7058),#7053,.T.);
#7053=PLANE('',#7054);
#7054=AXIS2_PLACEMENT_3D('',#7055,#7056,#7057);
#7055=CARTESIAN_POINT('',(23.177,-0.318,0.762));
#7056=DIRECTION('',(1.0,0.0,0.0));
#7057=DIRECTION('',(0.,0.,1.));
#7058=FACE_OUTER_BOUND('',#7059,.T.);
#7059=EDGE_LOOP('',(#7060,#7070,#7080,#7090));
#7063=CARTESIAN_POINT('',(23.178,0.317,0.762));
#7062=VERTEX_POINT('',#7063);
#7065=CARTESIAN_POINT('',(23.177,-0.318,0.762));
#7064=VERTEX_POINT('',#7065);
#7061=EDGE_CURVE('',#7062,#7064,#7066,.T.);
#7066=LINE('',#7063,#7068);
#7068=VECTOR('',#7069,0.634999991484716);
#7069=DIRECTION('',(0.0,-1.0,0.0));
#7060=ORIENTED_EDGE('',*,*,#7061,.F.);
#7073=CARTESIAN_POINT('',(23.178,0.317,3.492));
#7072=VERTEX_POINT('',#7073);
#7071=EDGE_CURVE('',#7072,#7062,#7076,.T.);
#7076=LINE('',#7073,#7078);
#7078=VECTOR('',#7079,2.7305);
#7079=DIRECTION('',(0.0,0.0,-1.0));
#7070=ORIENTED_EDGE('',*,*,#7071,.F.);
#7083=CARTESIAN_POINT('',(23.177,-0.318,3.492));
#7082=VERTEX_POINT('',#7083);
#7081=EDGE_CURVE('',#7082,#7072,#7086,.T.);
#7086=LINE('',#7083,#7088);
#7088=VECTOR('',#7089,0.634999991484716);
#7089=DIRECTION('',(0.0,1.0,0.0));
#7080=ORIENTED_EDGE('',*,*,#7081,.F.);
#7091=EDGE_CURVE('',#7064,#7082,#7096,.T.);
#7096=LINE('',#7065,#7098);
#7098=VECTOR('',#7099,2.7305);
#7099=DIRECTION('',(0.0,0.0,1.0));
#7090=ORIENTED_EDGE('',*,*,#7091,.F.);
#7100=STYLED_ITEM('',(#34),#7101);
#7101=ADVANCED_FACE('',(#7107),#7102,.T.);
#7102=PLANE('',#7103);
#7103=AXIS2_PLACEMENT_3D('',#7104,#7105,#7106);
#7104=CARTESIAN_POINT('',(23.178,0.317,0.762));
#7105=DIRECTION('',(0.0,1.0,0.0));
#7106=DIRECTION('',(0.,0.,1.));
#7107=FACE_OUTER_BOUND('',#7108,.T.);
#7108=EDGE_LOOP('',(#7109,#7119,#7129,#7139));
#7112=CARTESIAN_POINT('',(22.543,0.318,0.762));
#7111=VERTEX_POINT('',#7112);
#7110=EDGE_CURVE('',#7111,#7062,#7115,.T.);
#7115=LINE('',#7112,#7117);
#7117=VECTOR('',#7118,0.635000025530044);
#7118=DIRECTION('',(1.0,0.0,0.0));
#7109=ORIENTED_EDGE('',*,*,#7110,.F.);
#7122=CARTESIAN_POINT('',(22.543,0.318,3.492));
#7121=VERTEX_POINT('',#7122);
#7120=EDGE_CURVE('',#7121,#7111,#7125,.T.);
#7125=LINE('',#7122,#7127);
#7127=VECTOR('',#7128,2.7305);
#7128=DIRECTION('',(0.0,0.0,-1.0));
#7119=ORIENTED_EDGE('',*,*,#7120,.F.);
#7130=EDGE_CURVE('',#7072,#7121,#7135,.T.);
#7135=LINE('',#7073,#7137);
#7137=VECTOR('',#7138,0.635000025530044);
#7138=DIRECTION('',(-1.0,0.0,0.0));
#7129=ORIENTED_EDGE('',*,*,#7130,.F.);
#7139=ORIENTED_EDGE('',*,*,#7071,.T.);
#7149=STYLED_ITEM('',(#34),#7150);
#7150=ADVANCED_FACE('',(#7156),#7151,.T.);
#7151=PLANE('',#7152);
#7152=AXIS2_PLACEMENT_3D('',#7153,#7154,#7155);
#7153=CARTESIAN_POINT('',(22.543,0.318,0.762));
#7154=DIRECTION('',(-1.0,0.0,0.0));
#7155=DIRECTION('',(0.,0.,1.));
#7156=FACE_OUTER_BOUND('',#7157,.T.);
#7157=EDGE_LOOP('',(#7158,#7168,#7178,#7188));
#7161=CARTESIAN_POINT('',(22.542,-0.317,0.762));
#7160=VERTEX_POINT('',#7161);
#7159=EDGE_CURVE('',#7160,#7111,#7164,.T.);
#7164=LINE('',#7161,#7166);
#7166=VECTOR('',#7167,0.634999991484716);
#7167=DIRECTION('',(0.0,1.0,0.0));
#7158=ORIENTED_EDGE('',*,*,#7159,.F.);
#7171=CARTESIAN_POINT('',(22.542,-0.317,3.492));
#7170=VERTEX_POINT('',#7171);
#7169=EDGE_CURVE('',#7170,#7160,#7174,.T.);
#7174=LINE('',#7171,#7176);
#7176=VECTOR('',#7177,2.7305);
#7177=DIRECTION('',(0.0,0.0,-1.0));
#7168=ORIENTED_EDGE('',*,*,#7169,.F.);
#7179=EDGE_CURVE('',#7121,#7170,#7184,.T.);
#7184=LINE('',#7122,#7186);
#7186=VECTOR('',#7187,0.634999991484716);
#7187=DIRECTION('',(0.0,-1.0,0.0));
#7178=ORIENTED_EDGE('',*,*,#7179,.F.);
#7188=ORIENTED_EDGE('',*,*,#7120,.T.);
#7198=STYLED_ITEM('',(#34),#7199);
#7199=ADVANCED_FACE('',(#7205),#7200,.T.);
#7200=PLANE('',#7201);
#7201=AXIS2_PLACEMENT_3D('',#7202,#7203,#7204);
#7202=CARTESIAN_POINT('',(22.542,-0.317,0.762));
#7203=DIRECTION('',(0.0,-1.0,0.0));
#7204=DIRECTION('',(0.,0.,1.));
#7205=FACE_OUTER_BOUND('',#7206,.T.);
#7206=EDGE_LOOP('',(#7207,#7217,#7227,#7237));
#7208=EDGE_CURVE('',#7064,#7160,#7213,.T.);
#7213=LINE('',#7065,#7215);
#7215=VECTOR('',#7216,0.634999991500526);
#7216=DIRECTION('',(-1.0,0.0,0.0));
#7207=ORIENTED_EDGE('',*,*,#7208,.F.);
#7217=ORIENTED_EDGE('',*,*,#7091,.T.);
#7228=EDGE_CURVE('',#7170,#7082,#7233,.T.);
#7233=LINE('',#7171,#7235);
#7235=VECTOR('',#7236,0.634999991500526);
#7236=DIRECTION('',(1.0,0.0,0.0));
#7227=ORIENTED_EDGE('',*,*,#7228,.F.);
#7237=ORIENTED_EDGE('',*,*,#7169,.T.);
#7247=STYLED_ITEM('',(#34),#7248);
#7248=ADVANCED_FACE('',(#7254),#7249,.T.);
#7249=PLANE('',#7250);
#7250=AXIS2_PLACEMENT_3D('',#7251,#7252,#7253);
#7251=CARTESIAN_POINT('',(23.051,0.19,1.308));
#7252=DIRECTION('',(-1.0,0.0,0.0));
#7253=DIRECTION('',(0.,0.,1.));
#7254=FACE_OUTER_BOUND('',#7255,.T.);
#7255=EDGE_LOOP('',(#7256,#7266,#7276,#7286));
#7259=CARTESIAN_POINT('',(23.05,-0.191,1.308));
#7258=VERTEX_POINT('',#7259);
#7261=CARTESIAN_POINT('',(23.051,0.19,1.308));
#7260=VERTEX_POINT('',#7261);
#7257=EDGE_CURVE('',#7258,#7260,#7262,.T.);
#7262=LINE('',#7259,#7264);
#7264=VECTOR('',#7265,0.380999994890829);
#7265=DIRECTION('',(0.0,1.0,0.0));
#7256=ORIENTED_EDGE('',*,*,#7257,.F.);
#7269=CARTESIAN_POINT('',(23.05,-0.191,3.492));
#7268=VERTEX_POINT('',#7269);
#7267=EDGE_CURVE('',#7268,#7258,#7272,.T.);
#7272=LINE('',#7269,#7274);
#7274=VECTOR('',#7275,2.1844);
#7275=DIRECTION('',(0.0,0.0,-1.0));
#7266=ORIENTED_EDGE('',*,*,#7267,.F.);
#7279=CARTESIAN_POINT('',(23.051,0.19,3.492));
#7278=VERTEX_POINT('',#7279);
#7277=EDGE_CURVE('',#7278,#7268,#7282,.T.);
#7282=LINE('',#7279,#7284);
#7284=VECTOR('',#7285,0.380999994890829);
#7285=DIRECTION('',(0.0,-1.0,0.0));
#7276=ORIENTED_EDGE('',*,*,#7277,.F.);
#7287=EDGE_CURVE('',#7260,#7278,#7292,.T.);
#7292=LINE('',#7261,#7294);
#7294=VECTOR('',#7295,2.1844);
#7295=DIRECTION('',(0.0,0.0,1.0));
#7286=ORIENTED_EDGE('',*,*,#7287,.F.);
#7296=STYLED_ITEM('',(#34),#7297);
#7297=ADVANCED_FACE('',(#7303),#7298,.T.);
#7298=PLANE('',#7299);
#7299=AXIS2_PLACEMENT_3D('',#7300,#7301,#7302);
#7300=CARTESIAN_POINT('',(22.67,0.191,1.308));
#7301=DIRECTION('',(0.0,-1.0,0.0));
#7302=DIRECTION('',(0.,0.,1.));
#7303=FACE_OUTER_BOUND('',#7304,.T.);
#7304=EDGE_LOOP('',(#7305,#7315,#7325,#7335));
#7310=CARTESIAN_POINT('',(22.67,0.191,1.308));
#7309=VERTEX_POINT('',#7310);
#7306=EDGE_CURVE('',#7260,#7309,#7311,.T.);
#7311=LINE('',#7261,#7313);
#7313=VECTOR('',#7314,0.381000015318026);
#7314=DIRECTION('',(-1.0,0.0,0.0));
#7305=ORIENTED_EDGE('',*,*,#7306,.F.);
#7315=ORIENTED_EDGE('',*,*,#7287,.T.);
#7328=CARTESIAN_POINT('',(22.67,0.191,3.492));
#7327=VERTEX_POINT('',#7328);
#7326=EDGE_CURVE('',#7327,#7278,#7331,.T.);
#7331=LINE('',#7328,#7333);
#7333=VECTOR('',#7334,0.381000015318026);
#7334=DIRECTION('',(1.0,0.0,0.0));
#7325=ORIENTED_EDGE('',*,*,#7326,.F.);
#7336=EDGE_CURVE('',#7309,#7327,#7341,.T.);
#7341=LINE('',#7310,#7343);
#7343=VECTOR('',#7344,2.1844);
#7344=DIRECTION('',(0.0,0.0,1.0));
#7335=ORIENTED_EDGE('',*,*,#7336,.F.);
#7345=STYLED_ITEM('',(#34),#7346);
#7346=ADVANCED_FACE('',(#7352),#7347,.T.);
#7347=PLANE('',#7348);
#7348=AXIS2_PLACEMENT_3D('',#7349,#7350,#7351);
#7349=CARTESIAN_POINT('',(22.669,-0.19,1.308));
#7350=DIRECTION('',(1.0,0.0,0.0));
#7351=DIRECTION('',(0.,0.,1.));
#7352=FACE_OUTER_BOUND('',#7353,.T.);
#7353=EDGE_LOOP('',(#7354,#7364,#7374,#7384));
#7359=CARTESIAN_POINT('',(22.669,-0.19,1.308));
#7358=VERTEX_POINT('',#7359);
#7355=EDGE_CURVE('',#7309,#7358,#7360,.T.);
#7360=LINE('',#7310,#7362);
#7362=VECTOR('',#7363,0.380999994890829);
#7363=DIRECTION('',(0.0,-1.0,0.0));
#7354=ORIENTED_EDGE('',*,*,#7355,.F.);
#7364=ORIENTED_EDGE('',*,*,#7336,.T.);
#7377=CARTESIAN_POINT('',(22.669,-0.19,3.492));
#7376=VERTEX_POINT('',#7377);
#7375=EDGE_CURVE('',#7376,#7327,#7380,.T.);
#7380=LINE('',#7377,#7382);
#7382=VECTOR('',#7383,0.380999994890829);
#7383=DIRECTION('',(0.0,1.0,0.0));
#7374=ORIENTED_EDGE('',*,*,#7375,.F.);
#7385=EDGE_CURVE('',#7358,#7376,#7390,.T.);
#7390=LINE('',#7359,#7392);
#7392=VECTOR('',#7393,2.1844);
#7393=DIRECTION('',(0.0,0.0,1.0));
#7384=ORIENTED_EDGE('',*,*,#7385,.F.);
#7394=STYLED_ITEM('',(#34),#7395);
#7395=ADVANCED_FACE('',(#7401),#7396,.T.);
#7396=PLANE('',#7397);
#7397=AXIS2_PLACEMENT_3D('',#7398,#7399,#7400);
#7398=CARTESIAN_POINT('',(23.05,-0.191,1.308));
#7399=DIRECTION('',(0.0,1.0,0.0));
#7400=DIRECTION('',(0.,0.,1.));
#7401=FACE_OUTER_BOUND('',#7402,.T.);
#7402=EDGE_LOOP('',(#7403,#7413,#7423,#7433));
#7404=EDGE_CURVE('',#7358,#7258,#7409,.T.);
#7409=LINE('',#7359,#7411);
#7411=VECTOR('',#7412,0.380999994900315);
#7412=DIRECTION('',(1.0,0.0,0.0));
#7403=ORIENTED_EDGE('',*,*,#7404,.F.);
#7413=ORIENTED_EDGE('',*,*,#7385,.T.);
#7424=EDGE_CURVE('',#7268,#7376,#7429,.T.);
#7429=LINE('',#7269,#7431);
#7431=VECTOR('',#7432,0.380999994900315);
#7432=DIRECTION('',(-1.0,0.0,0.0));
#7423=ORIENTED_EDGE('',*,*,#7424,.F.);
#7433=ORIENTED_EDGE('',*,*,#7267,.T.);
#7443=STYLED_ITEM('color',(#34),#7444);
#7444=ADVANCED_FACE($,(#7450),#7445,.T.);
#7445=PLANE($,#7446);
#7446=AXIS2_PLACEMENT_3D($,#7447,#7448,#7449);
#7447=CARTESIAN_POINT('',(22.86,0.0,-4.318));
#7448=DIRECTION('',(0.,0.,-1.));
#7449=DIRECTION('',(0.,1.,0.));
#7450=FACE_OUTER_BOUND($,#7451,.T.);
#7451=EDGE_LOOP($,(#7452, #7463));
#7455=CARTESIAN_POINT('',(22.86,-0.315,-4.318));
#7454=VERTEX_POINT('',#7455);
#7457=CARTESIAN_POINT('',(22.86,0.315,-4.318));
#7456=VERTEX_POINT('',#7457);
#7453=EDGE_CURVE($,#7454,#7456,#7458,.T.);
#7458=CIRCLE($,#7459,0.31496);
#7460=CARTESIAN_POINT('',(22.86,0.0,-4.318));
#7459=AXIS2_PLACEMENT_3D($,#7460,#7461,#7462);
#7461=DIRECTION('',(0.0,0.0,1.0));
#7462=DIRECTION('',(0.0,-1.0,0.0));
#7452=ORIENTED_EDGE('',*,*,#7453,.F.);
#7464=EDGE_CURVE($,#7456,#7454,#7469,.T.);
#7469=CIRCLE($,#7470,0.31496);
#7470=AXIS2_PLACEMENT_3D($,#7460,#7472,#7473);
#7472=DIRECTION('',(0.0,0.0,1.0));
#7473=DIRECTION('',(0.0,1.0,0.0));
#7463=ORIENTED_EDGE('',*,*,#7464,.F.);
#7474=STYLED_ITEM('color',(#34),#7475);
#7475=ADVANCED_FACE($,(#7481),#7476,.T.);
#7476=CYLINDRICAL_SURFACE($,#7477,0.31496);
#7477=AXIS2_PLACEMENT_3D($,#7478,#7479,#7480);
#7478=CARTESIAN_POINT('',(22.86,0.0,-4.318));
#7479=DIRECTION('',(0.,0.,1.));
#7480=DIRECTION('',(1.,0.,0.));
#7481=FACE_OUTER_BOUND($,#7482,.T.);
#7482=EDGE_LOOP($,(#7505, #7483, #7515, #7494));
#7510=CARTESIAN_POINT('',(22.86,-0.315,0.762));
#7509=VERTEX_POINT('',#7510);
#7506=EDGE_CURVE('',#7454,#7509,#7511,.T.);
#7511=LINE('',#7455,#7513);
#7513=VECTOR('',#7514,5.08);
#7514=DIRECTION('',(0.0,0.0,1.0));
#7505=ORIENTED_EDGE('',*,*,#7506,.F.);
#7483=ORIENTED_EDGE('',*,*,#7453,.T.);
#7518=CARTESIAN_POINT('',(22.86,0.315,0.762));
#7517=VERTEX_POINT('',#7518);
#7516=EDGE_CURVE('',#7517,#7456,#7521,.T.);
#7521=LINE('',#7518,#7523);
#7523=VECTOR('',#7524,5.08);
#7524=DIRECTION('',(0.0,0.0,-1.0));
#7515=ORIENTED_EDGE('',*,*,#7516,.F.);
#7495=EDGE_CURVE($,#7509,#7517,#7500,.T.);
#7500=CIRCLE($,#7501,0.31496);
#7502=CARTESIAN_POINT('',(22.86,0.0,0.762));
#7501=AXIS2_PLACEMENT_3D($,#7502,#7503,#7504);
#7503=DIRECTION('',(0.0,0.0,1.0));
#7504=DIRECTION('',(0.0,1.0,0.0));
#7494=ORIENTED_EDGE('',*,*,#7495,.F.);
#7527=STYLED_ITEM('color',(#34),#7528);
#7528=ADVANCED_FACE($,(#7534),#7529,.T.);
#7529=CYLINDRICAL_SURFACE($,#7530,0.31496);
#7530=AXIS2_PLACEMENT_3D($,#7531,#7532,#7533);
#7531=CARTESIAN_POINT('',(22.86,0.0,-4.318));
#7532=DIRECTION('',(0.,0.,1.));
#7533=DIRECTION('',(1.,0.,0.));
#7534=FACE_OUTER_BOUND($,#7535,.T.);
#7535=EDGE_LOOP($,(#7558, #7536, #7568, #7547));
#7558=ORIENTED_EDGE('',*,*,#7516,.T.);
#7536=ORIENTED_EDGE('',*,*,#7464,.T.);
#7568=ORIENTED_EDGE('',*,*,#7506,.T.);
#7548=EDGE_CURVE($,#7517,#7509,#7553,.T.);
#7553=CIRCLE($,#7554,0.31496);
#7554=AXIS2_PLACEMENT_3D($,#7502,#7556,#7557);
#7556=DIRECTION('',(0.0,0.0,1.0));
#7557=DIRECTION('',(0.0,-1.0,0.0));
#7547=ORIENTED_EDGE('',*,*,#7548,.F.);
#7580=STYLED_ITEM('color',(#34),#7581);
#7581=ADVANCED_FACE($,(#7587, #7631), #7582,.T.);
#7582=PLANE($,#7583);
#7583=AXIS2_PLACEMENT_3D($,#7584,#7585,#7586);
#7584=CARTESIAN_POINT('',(23.178,0.317,0.762));
#7585=DIRECTION('',(0.,0.,-1.));
#7586=DIRECTION('',(1.,0.,0.));
#7587=FACE_OUTER_BOUND($,#7588,.T.);
#7588=EDGE_LOOP($,(#7591, #7601, #7611, #7621));
#7591=ORIENTED_EDGE('',*,*,#7061,.T.);
#7601=ORIENTED_EDGE('',*,*,#7208,.T.);
#7611=ORIENTED_EDGE('',*,*,#7159,.T.);
#7621=ORIENTED_EDGE('',*,*,#7110,.T.);
#7631=FACE_BOUND($,#7632,.T.);
#7632=EDGE_LOOP($,(#7633, #7644));
#7633=ORIENTED_EDGE('',*,*,#7495,.T.);
#7644=ORIENTED_EDGE('',*,*,#7548,.T.);
#7655=STYLED_ITEM('color',(#34),#7656);
#7656=ADVANCED_FACE($,(#7662, #7706), #7657,.T.);
#7657=PLANE($,#7658);
#7658=AXIS2_PLACEMENT_3D($,#7659,#7660,#7661);
#7659=CARTESIAN_POINT('',(23.178,0.317,3.492));
#7660=DIRECTION('',(0.,0.,1.));
#7661=DIRECTION('',(1.,0.,0.));
#7662=FACE_OUTER_BOUND($,#7663,.T.);
#7663=EDGE_LOOP($,(#7666, #7676, #7686, #7696));
#7666=ORIENTED_EDGE('',*,*,#7081,.T.);
#7676=ORIENTED_EDGE('',*,*,#7130,.T.);
#7686=ORIENTED_EDGE('',*,*,#7179,.T.);
#7696=ORIENTED_EDGE('',*,*,#7228,.T.);
#7706=FACE_BOUND($,#7707,.T.);
#7707=EDGE_LOOP($,(#7708, #7718, #7728, #7738));
#7708=ORIENTED_EDGE('',*,*,#7277,.T.);
#7718=ORIENTED_EDGE('',*,*,#7424,.T.);
#7728=ORIENTED_EDGE('',*,*,#7375,.T.);
#7738=ORIENTED_EDGE('',*,*,#7326,.T.);
#7748=STYLED_ITEM('',(#34),#7749);
#7749=ADVANCED_FACE('',(#7755),#7750,.T.);
#7750=PLANE('',#7751);
#7751=AXIS2_PLACEMENT_3D('',#7752,#7753,#7754);
#7752=CARTESIAN_POINT('',(23.05,-0.191,1.308));
#7753=DIRECTION('',(0.0,0.0,1.0));
#7754=DIRECTION('',(0.,1.,0.));
#7755=FACE_OUTER_BOUND('',#7756,.T.);
#7756=EDGE_LOOP('',(#7757,#7767,#7777,#7787));
#7757=ORIENTED_EDGE('',*,*,#7257,.T.);
#7767=ORIENTED_EDGE('',*,*,#7306,.T.);
#7777=ORIENTED_EDGE('',*,*,#7355,.T.);
#7787=ORIENTED_EDGE('',*,*,#7404,.T.);
#7797=MANIFOLD_SOLID_BREP($,#7798);
#7798=CLOSED_SHELL('',(#7800,#7849,#7898,#7947,#7996,#8045,#8094,#8143,#8192,#8223,#8276,#8329,#8404,#8497));
#7799=STYLED_ITEM('',(#34),#7800);
#7800=ADVANCED_FACE('',(#7806),#7801,.T.);
#7801=PLANE('',#7802);
#7802=AXIS2_PLACEMENT_3D('',#7803,#7804,#7805);
#7803=CARTESIAN_POINT('',(20.637,-0.318,0.762));
#7804=DIRECTION('',(1.0,0.0,0.0));
#7805=DIRECTION('',(0.,0.,1.));
#7806=FACE_OUTER_BOUND('',#7807,.T.);
#7807=EDGE_LOOP('',(#7808,#7818,#7828,#7838));
#7811=CARTESIAN_POINT('',(20.638,0.317,0.762));
#7810=VERTEX_POINT('',#7811);
#7813=CARTESIAN_POINT('',(20.637,-0.318,0.762));
#7812=VERTEX_POINT('',#7813);
#7809=EDGE_CURVE('',#7810,#7812,#7814,.T.);
#7814=LINE('',#7811,#7816);
#7816=VECTOR('',#7817,0.634999991484716);
#7817=DIRECTION('',(0.0,-1.0,0.0));
#7808=ORIENTED_EDGE('',*,*,#7809,.F.);
#7821=CARTESIAN_POINT('',(20.638,0.317,3.492));
#7820=VERTEX_POINT('',#7821);
#7819=EDGE_CURVE('',#7820,#7810,#7824,.T.);
#7824=LINE('',#7821,#7826);
#7826=VECTOR('',#7827,2.7305);
#7827=DIRECTION('',(0.0,0.0,-1.0));
#7818=ORIENTED_EDGE('',*,*,#7819,.F.);
#7831=CARTESIAN_POINT('',(20.637,-0.318,3.492));
#7830=VERTEX_POINT('',#7831);
#7829=EDGE_CURVE('',#7830,#7820,#7834,.T.);
#7834=LINE('',#7831,#7836);
#7836=VECTOR('',#7837,0.634999991484716);
#7837=DIRECTION('',(0.0,1.0,0.0));
#7828=ORIENTED_EDGE('',*,*,#7829,.F.);
#7839=EDGE_CURVE('',#7812,#7830,#7844,.T.);
#7844=LINE('',#7813,#7846);
#7846=VECTOR('',#7847,2.7305);
#7847=DIRECTION('',(0.0,0.0,1.0));
#7838=ORIENTED_EDGE('',*,*,#7839,.F.);
#7848=STYLED_ITEM('',(#34),#7849);
#7849=ADVANCED_FACE('',(#7855),#7850,.T.);
#7850=PLANE('',#7851);
#7851=AXIS2_PLACEMENT_3D('',#7852,#7853,#7854);
#7852=CARTESIAN_POINT('',(20.638,0.317,0.762));
#7853=DIRECTION('',(0.0,1.0,0.0));
#7854=DIRECTION('',(0.,0.,1.));
#7855=FACE_OUTER_BOUND('',#7856,.T.);
#7856=EDGE_LOOP('',(#7857,#7867,#7877,#7887));
#7860=CARTESIAN_POINT('',(20.003,0.318,0.762));
#7859=VERTEX_POINT('',#7860);
#7858=EDGE_CURVE('',#7859,#7810,#7863,.T.);
#7863=LINE('',#7860,#7865);
#7865=VECTOR('',#7866,0.635000025530044);
#7866=DIRECTION('',(1.0,0.0,0.0));
#7857=ORIENTED_EDGE('',*,*,#7858,.F.);
#7870=CARTESIAN_POINT('',(20.003,0.318,3.492));
#7869=VERTEX_POINT('',#7870);
#7868=EDGE_CURVE('',#7869,#7859,#7873,.T.);
#7873=LINE('',#7870,#7875);
#7875=VECTOR('',#7876,2.7305);
#7876=DIRECTION('',(0.0,0.0,-1.0));
#7867=ORIENTED_EDGE('',*,*,#7868,.F.);
#7878=EDGE_CURVE('',#7820,#7869,#7883,.T.);
#7883=LINE('',#7821,#7885);
#7885=VECTOR('',#7886,0.635000025530044);
#7886=DIRECTION('',(-1.0,0.0,0.0));
#7877=ORIENTED_EDGE('',*,*,#7878,.F.);
#7887=ORIENTED_EDGE('',*,*,#7819,.T.);
#7897=STYLED_ITEM('',(#34),#7898);
#7898=ADVANCED_FACE('',(#7904),#7899,.T.);
#7899=PLANE('',#7900);
#7900=AXIS2_PLACEMENT_3D('',#7901,#7902,#7903);
#7901=CARTESIAN_POINT('',(20.003,0.318,0.762));
#7902=DIRECTION('',(-1.0,0.0,0.0));
#7903=DIRECTION('',(0.,0.,1.));
#7904=FACE_OUTER_BOUND('',#7905,.T.);
#7905=EDGE_LOOP('',(#7906,#7916,#7926,#7936));
#7909=CARTESIAN_POINT('',(20.002,-0.317,0.762));
#7908=VERTEX_POINT('',#7909);
#7907=EDGE_CURVE('',#7908,#7859,#7912,.T.);
#7912=LINE('',#7909,#7914);
#7914=VECTOR('',#7915,0.634999991484716);
#7915=DIRECTION('',(0.0,1.0,0.0));
#7906=ORIENTED_EDGE('',*,*,#7907,.F.);
#7919=CARTESIAN_POINT('',(20.002,-0.317,3.492));
#7918=VERTEX_POINT('',#7919);
#7917=EDGE_CURVE('',#7918,#7908,#7922,.T.);
#7922=LINE('',#7919,#7924);
#7924=VECTOR('',#7925,2.7305);
#7925=DIRECTION('',(0.0,0.0,-1.0));
#7916=ORIENTED_EDGE('',*,*,#7917,.F.);
#7927=EDGE_CURVE('',#7869,#7918,#7932,.T.);
#7932=LINE('',#7870,#7934);
#7934=VECTOR('',#7935,0.634999991484716);
#7935=DIRECTION('',(0.0,-1.0,0.0));
#7926=ORIENTED_EDGE('',*,*,#7927,.F.);
#7936=ORIENTED_EDGE('',*,*,#7868,.T.);
#7946=STYLED_ITEM('',(#34),#7947);
#7947=ADVANCED_FACE('',(#7953),#7948,.T.);
#7948=PLANE('',#7949);
#7949=AXIS2_PLACEMENT_3D('',#7950,#7951,#7952);
#7950=CARTESIAN_POINT('',(20.002,-0.317,0.762));
#7951=DIRECTION('',(0.0,-1.0,0.0));
#7952=DIRECTION('',(0.,0.,1.));
#7953=FACE_OUTER_BOUND('',#7954,.T.);
#7954=EDGE_LOOP('',(#7955,#7965,#7975,#7985));
#7956=EDGE_CURVE('',#7812,#7908,#7961,.T.);
#7961=LINE('',#7813,#7963);
#7963=VECTOR('',#7964,0.634999991500526);
#7964=DIRECTION('',(-1.0,0.0,0.0));
#7955=ORIENTED_EDGE('',*,*,#7956,.F.);
#7965=ORIENTED_EDGE('',*,*,#7839,.T.);
#7976=EDGE_CURVE('',#7918,#7830,#7981,.T.);
#7981=LINE('',#7919,#7983);
#7983=VECTOR('',#7984,0.634999991500526);
#7984=DIRECTION('',(1.0,0.0,0.0));
#7975=ORIENTED_EDGE('',*,*,#7976,.F.);
#7985=ORIENTED_EDGE('',*,*,#7917,.T.);
#7995=STYLED_ITEM('',(#34),#7996);
#7996=ADVANCED_FACE('',(#8002),#7997,.T.);
#7997=PLANE('',#7998);
#7998=AXIS2_PLACEMENT_3D('',#7999,#8000,#8001);
#7999=CARTESIAN_POINT('',(20.511,0.19,1.308));
#8000=DIRECTION('',(-1.0,0.0,0.0));
#8001=DIRECTION('',(0.,0.,1.));
#8002=FACE_OUTER_BOUND('',#8003,.T.);
#8003=EDGE_LOOP('',(#8004,#8014,#8024,#8034));
#8007=CARTESIAN_POINT('',(20.51,-0.191,1.308));
#8006=VERTEX_POINT('',#8007);
#8009=CARTESIAN_POINT('',(20.511,0.19,1.308));
#8008=VERTEX_POINT('',#8009);
#8005=EDGE_CURVE('',#8006,#8008,#8010,.T.);
#8010=LINE('',#8007,#8012);
#8012=VECTOR('',#8013,0.380999994890829);
#8013=DIRECTION('',(0.0,1.0,0.0));
#8004=ORIENTED_EDGE('',*,*,#8005,.F.);
#8017=CARTESIAN_POINT('',(20.51,-0.191,3.492));
#8016=VERTEX_POINT('',#8017);
#8015=EDGE_CURVE('',#8016,#8006,#8020,.T.);
#8020=LINE('',#8017,#8022);
#8022=VECTOR('',#8023,2.1844);
#8023=DIRECTION('',(0.0,0.0,-1.0));
#8014=ORIENTED_EDGE('',*,*,#8015,.F.);
#8027=CARTESIAN_POINT('',(20.511,0.19,3.492));
#8026=VERTEX_POINT('',#8027);
#8025=EDGE_CURVE('',#8026,#8016,#8030,.T.);
#8030=LINE('',#8027,#8032);
#8032=VECTOR('',#8033,0.380999994890829);
#8033=DIRECTION('',(0.0,-1.0,0.0));
#8024=ORIENTED_EDGE('',*,*,#8025,.F.);
#8035=EDGE_CURVE('',#8008,#8026,#8040,.T.);
#8040=LINE('',#8009,#8042);
#8042=VECTOR('',#8043,2.1844);
#8043=DIRECTION('',(0.0,0.0,1.0));
#8034=ORIENTED_EDGE('',*,*,#8035,.F.);
#8044=STYLED_ITEM('',(#34),#8045);
#8045=ADVANCED_FACE('',(#8051),#8046,.T.);
#8046=PLANE('',#8047);
#8047=AXIS2_PLACEMENT_3D('',#8048,#8049,#8050);
#8048=CARTESIAN_POINT('',(20.13,0.191,1.308));
#8049=DIRECTION('',(0.0,-1.0,0.0));
#8050=DIRECTION('',(0.,0.,1.));
#8051=FACE_OUTER_BOUND('',#8052,.T.);
#8052=EDGE_LOOP('',(#8053,#8063,#8073,#8083));
#8058=CARTESIAN_POINT('',(20.13,0.191,1.308));
#8057=VERTEX_POINT('',#8058);
#8054=EDGE_CURVE('',#8008,#8057,#8059,.T.);
#8059=LINE('',#8009,#8061);
#8061=VECTOR('',#8062,0.381000015318026);
#8062=DIRECTION('',(-1.0,0.0,0.0));
#8053=ORIENTED_EDGE('',*,*,#8054,.F.);
#8063=ORIENTED_EDGE('',*,*,#8035,.T.);
#8076=CARTESIAN_POINT('',(20.13,0.191,3.492));
#8075=VERTEX_POINT('',#8076);
#8074=EDGE_CURVE('',#8075,#8026,#8079,.T.);
#8079=LINE('',#8076,#8081);
#8081=VECTOR('',#8082,0.381000015318026);
#8082=DIRECTION('',(1.0,0.0,0.0));
#8073=ORIENTED_EDGE('',*,*,#8074,.F.);
#8084=EDGE_CURVE('',#8057,#8075,#8089,.T.);
#8089=LINE('',#8058,#8091);
#8091=VECTOR('',#8092,2.1844);
#8092=DIRECTION('',(0.0,0.0,1.0));
#8083=ORIENTED_EDGE('',*,*,#8084,.F.);
#8093=STYLED_ITEM('',(#34),#8094);
#8094=ADVANCED_FACE('',(#8100),#8095,.T.);
#8095=PLANE('',#8096);
#8096=AXIS2_PLACEMENT_3D('',#8097,#8098,#8099);
#8097=CARTESIAN_POINT('',(20.129,-0.19,1.308));
#8098=DIRECTION('',(1.0,0.0,0.0));
#8099=DIRECTION('',(0.,0.,1.));
#8100=FACE_OUTER_BOUND('',#8101,.T.);
#8101=EDGE_LOOP('',(#8102,#8112,#8122,#8132));
#8107=CARTESIAN_POINT('',(20.129,-0.19,1.308));
#8106=VERTEX_POINT('',#8107);
#8103=EDGE_CURVE('',#8057,#8106,#8108,.T.);
#8108=LINE('',#8058,#8110);
#8110=VECTOR('',#8111,0.380999994890829);
#8111=DIRECTION('',(0.0,-1.0,0.0));
#8102=ORIENTED_EDGE('',*,*,#8103,.F.);
#8112=ORIENTED_EDGE('',*,*,#8084,.T.);
#8125=CARTESIAN_POINT('',(20.129,-0.19,3.492));
#8124=VERTEX_POINT('',#8125);
#8123=EDGE_CURVE('',#8124,#8075,#8128,.T.);
#8128=LINE('',#8125,#8130);
#8130=VECTOR('',#8131,0.380999994890829);
#8131=DIRECTION('',(0.0,1.0,0.0));
#8122=ORIENTED_EDGE('',*,*,#8123,.F.);
#8133=EDGE_CURVE('',#8106,#8124,#8138,.T.);
#8138=LINE('',#8107,#8140);
#8140=VECTOR('',#8141,2.1844);
#8141=DIRECTION('',(0.0,0.0,1.0));
#8132=ORIENTED_EDGE('',*,*,#8133,.F.);
#8142=STYLED_ITEM('',(#34),#8143);
#8143=ADVANCED_FACE('',(#8149),#8144,.T.);
#8144=PLANE('',#8145);
#8145=AXIS2_PLACEMENT_3D('',#8146,#8147,#8148);
#8146=CARTESIAN_POINT('',(20.51,-0.191,1.308));
#8147=DIRECTION('',(0.0,1.0,0.0));
#8148=DIRECTION('',(0.,0.,1.));
#8149=FACE_OUTER_BOUND('',#8150,.T.);
#8150=EDGE_LOOP('',(#8151,#8161,#8171,#8181));
#8152=EDGE_CURVE('',#8106,#8006,#8157,.T.);
#8157=LINE('',#8107,#8159);
#8159=VECTOR('',#8160,0.380999994900315);
#8160=DIRECTION('',(1.0,0.0,0.0));
#8151=ORIENTED_EDGE('',*,*,#8152,.F.);
#8161=ORIENTED_EDGE('',*,*,#8133,.T.);
#8172=EDGE_CURVE('',#8016,#8124,#8177,.T.);
#8177=LINE('',#8017,#8179);
#8179=VECTOR('',#8180,0.380999994900315);
#8180=DIRECTION('',(-1.0,0.0,0.0));
#8171=ORIENTED_EDGE('',*,*,#8172,.F.);
#8181=ORIENTED_EDGE('',*,*,#8015,.T.);
#8191=STYLED_ITEM('color',(#34),#8192);
#8192=ADVANCED_FACE($,(#8198),#8193,.T.);
#8193=PLANE($,#8194);
#8194=AXIS2_PLACEMENT_3D($,#8195,#8196,#8197);
#8195=CARTESIAN_POINT('',(20.32,0.0,-4.318));
#8196=DIRECTION('',(0.,0.,-1.));
#8197=DIRECTION('',(0.,1.,0.));
#8198=FACE_OUTER_BOUND($,#8199,.T.);
#8199=EDGE_LOOP($,(#8200, #8211));
#8203=CARTESIAN_POINT('',(20.32,-0.315,-4.318));
#8202=VERTEX_POINT('',#8203);
#8205=CARTESIAN_POINT('',(20.32,0.315,-4.318));
#8204=VERTEX_POINT('',#8205);
#8201=EDGE_CURVE($,#8202,#8204,#8206,.T.);
#8206=CIRCLE($,#8207,0.31496);
#8208=CARTESIAN_POINT('',(20.32,0.0,-4.318));
#8207=AXIS2_PLACEMENT_3D($,#8208,#8209,#8210);
#8209=DIRECTION('',(0.0,0.0,1.0));
#8210=DIRECTION('',(0.0,-1.0,0.0));
#8200=ORIENTED_EDGE('',*,*,#8201,.F.);
#8212=EDGE_CURVE($,#8204,#8202,#8217,.T.);
#8217=CIRCLE($,#8218,0.31496);
#8218=AXIS2_PLACEMENT_3D($,#8208,#8220,#8221);
#8220=DIRECTION('',(0.0,0.0,1.0));
#8221=DIRECTION('',(0.0,1.0,0.0));
#8211=ORIENTED_EDGE('',*,*,#8212,.F.);
#8222=STYLED_ITEM('color',(#34),#8223);
#8223=ADVANCED_FACE($,(#8229),#8224,.T.);
#8224=CYLINDRICAL_SURFACE($,#8225,0.31496);
#8225=AXIS2_PLACEMENT_3D($,#8226,#8227,#8228);
#8226=CARTESIAN_POINT('',(20.32,0.0,-4.318));
#8227=DIRECTION('',(0.,0.,1.));
#8228=DIRECTION('',(1.,0.,0.));
#8229=FACE_OUTER_BOUND($,#8230,.T.);
#8230=EDGE_LOOP($,(#8253, #8231, #8263, #8242));
#8258=CARTESIAN_POINT('',(20.32,-0.315,0.762));
#8257=VERTEX_POINT('',#8258);
#8254=EDGE_CURVE('',#8202,#8257,#8259,.T.);
#8259=LINE('',#8203,#8261);
#8261=VECTOR('',#8262,5.08);
#8262=DIRECTION('',(0.0,0.0,1.0));
#8253=ORIENTED_EDGE('',*,*,#8254,.F.);
#8231=ORIENTED_EDGE('',*,*,#8201,.T.);
#8266=CARTESIAN_POINT('',(20.32,0.315,0.762));
#8265=VERTEX_POINT('',#8266);
#8264=EDGE_CURVE('',#8265,#8204,#8269,.T.);
#8269=LINE('',#8266,#8271);
#8271=VECTOR('',#8272,5.08);
#8272=DIRECTION('',(0.0,0.0,-1.0));
#8263=ORIENTED_EDGE('',*,*,#8264,.F.);
#8243=EDGE_CURVE($,#8257,#8265,#8248,.T.);
#8248=CIRCLE($,#8249,0.31496);
#8250=CARTESIAN_POINT('',(20.32,0.0,0.762));
#8249=AXIS2_PLACEMENT_3D($,#8250,#8251,#8252);
#8251=DIRECTION('',(0.0,0.0,1.0));
#8252=DIRECTION('',(0.0,1.0,0.0));
#8242=ORIENTED_EDGE('',*,*,#8243,.F.);
#8275=STYLED_ITEM('color',(#34),#8276);
#8276=ADVANCED_FACE($,(#8282),#8277,.T.);
#8277=CYLINDRICAL_SURFACE($,#8278,0.31496);
#8278=AXIS2_PLACEMENT_3D($,#8279,#8280,#8281);
#8279=CARTESIAN_POINT('',(20.32,0.0,-4.318));
#8280=DIRECTION('',(0.,0.,1.));
#8281=DIRECTION('',(1.,0.,0.));
#8282=FACE_OUTER_BOUND($,#8283,.T.);
#8283=EDGE_LOOP($,(#8306, #8284, #8316, #8295));
#8306=ORIENTED_EDGE('',*,*,#8264,.T.);
#8284=ORIENTED_EDGE('',*,*,#8212,.T.);
#8316=ORIENTED_EDGE('',*,*,#8254,.T.);
#8296=EDGE_CURVE($,#8265,#8257,#8301,.T.);
#8301=CIRCLE($,#8302,0.31496);
#8302=AXIS2_PLACEMENT_3D($,#8250,#8304,#8305);
#8304=DIRECTION('',(0.0,0.0,1.0));
#8305=DIRECTION('',(0.0,-1.0,0.0));
#8295=ORIENTED_EDGE('',*,*,#8296,.F.);
#8328=STYLED_ITEM('color',(#34),#8329);
#8329=ADVANCED_FACE($,(#8335, #8379), #8330,.T.);
#8330=PLANE($,#8331);
#8331=AXIS2_PLACEMENT_3D($,#8332,#8333,#8334);
#8332=CARTESIAN_POINT('',(20.638,0.317,0.762));
#8333=DIRECTION('',(0.,0.,-1.));
#8334=DIRECTION('',(1.,0.,0.));
#8335=FACE_OUTER_BOUND($,#8336,.T.);
#8336=EDGE_LOOP($,(#8339, #8349, #8359, #8369));
#8339=ORIENTED_EDGE('',*,*,#7809,.T.);
#8349=ORIENTED_EDGE('',*,*,#7956,.T.);
#8359=ORIENTED_EDGE('',*,*,#7907,.T.);
#8369=ORIENTED_EDGE('',*,*,#7858,.T.);
#8379=FACE_BOUND($,#8380,.T.);
#8380=EDGE_LOOP($,(#8381, #8392));
#8381=ORIENTED_EDGE('',*,*,#8243,.T.);
#8392=ORIENTED_EDGE('',*,*,#8296,.T.);
#8403=STYLED_ITEM('color',(#34),#8404);
#8404=ADVANCED_FACE($,(#8410, #8454), #8405,.T.);
#8405=PLANE($,#8406);
#8406=AXIS2_PLACEMENT_3D($,#8407,#8408,#8409);
#8407=CARTESIAN_POINT('',(20.638,0.317,3.492));
#8408=DIRECTION('',(0.,0.,1.));
#8409=DIRECTION('',(1.,0.,0.));
#8410=FACE_OUTER_BOUND($,#8411,.T.);
#8411=EDGE_LOOP($,(#8414, #8424, #8434, #8444));
#8414=ORIENTED_EDGE('',*,*,#7829,.T.);
#8424=ORIENTED_EDGE('',*,*,#7878,.T.);
#8434=ORIENTED_EDGE('',*,*,#7927,.T.);
#8444=ORIENTED_EDGE('',*,*,#7976,.T.);
#8454=FACE_BOUND($,#8455,.T.);
#8455=EDGE_LOOP($,(#8456, #8466, #8476, #8486));
#8456=ORIENTED_EDGE('',*,*,#8025,.T.);
#8466=ORIENTED_EDGE('',*,*,#8172,.T.);
#8476=ORIENTED_EDGE('',*,*,#8123,.T.);
#8486=ORIENTED_EDGE('',*,*,#8074,.T.);
#8496=STYLED_ITEM('',(#34),#8497);
#8497=ADVANCED_FACE('',(#8503),#8498,.T.);
#8498=PLANE('',#8499);
#8499=AXIS2_PLACEMENT_3D('',#8500,#8501,#8502);
#8500=CARTESIAN_POINT('',(20.51,-0.191,1.308));
#8501=DIRECTION('',(0.0,0.0,1.0));
#8502=DIRECTION('',(0.,1.,0.));
#8503=FACE_OUTER_BOUND('',#8504,.T.);
#8504=EDGE_LOOP('',(#8505,#8515,#8525,#8535));
#8505=ORIENTED_EDGE('',*,*,#8005,.T.);
#8515=ORIENTED_EDGE('',*,*,#8054,.T.);
#8525=ORIENTED_EDGE('',*,*,#8103,.T.);
#8535=ORIENTED_EDGE('',*,*,#8152,.T.);
#8545=MANIFOLD_SOLID_BREP($,#8546);
#8546=CLOSED_SHELL('',(#8548,#8597,#8646,#8695,#8744,#8793,#8842,#8891,#8940,#8971,#9024,#9077,#9152,#9245));
#8547=STYLED_ITEM('',(#34),#8548);
#8548=ADVANCED_FACE('',(#8554),#8549,.T.);
#8549=PLANE('',#8550);
#8550=AXIS2_PLACEMENT_3D('',#8551,#8552,#8553);
#8551=CARTESIAN_POINT('',(18.097,-0.318,0.762));
#8552=DIRECTION('',(1.0,0.0,0.0));
#8553=DIRECTION('',(0.,0.,1.));
#8554=FACE_OUTER_BOUND('',#8555,.T.);
#8555=EDGE_LOOP('',(#8556,#8566,#8576,#8586));
#8559=CARTESIAN_POINT('',(18.098,0.317,0.762));
#8558=VERTEX_POINT('',#8559);
#8561=CARTESIAN_POINT('',(18.097,-0.318,0.762));
#8560=VERTEX_POINT('',#8561);
#8557=EDGE_CURVE('',#8558,#8560,#8562,.T.);
#8562=LINE('',#8559,#8564);
#8564=VECTOR('',#8565,0.634999991484716);
#8565=DIRECTION('',(0.0,-1.0,0.0));
#8556=ORIENTED_EDGE('',*,*,#8557,.F.);
#8569=CARTESIAN_POINT('',(18.098,0.317,3.492));
#8568=VERTEX_POINT('',#8569);
#8567=EDGE_CURVE('',#8568,#8558,#8572,.T.);
#8572=LINE('',#8569,#8574);
#8574=VECTOR('',#8575,2.7305);
#8575=DIRECTION('',(0.0,0.0,-1.0));
#8566=ORIENTED_EDGE('',*,*,#8567,.F.);
#8579=CARTESIAN_POINT('',(18.097,-0.318,3.492));
#8578=VERTEX_POINT('',#8579);
#8577=EDGE_CURVE('',#8578,#8568,#8582,.T.);
#8582=LINE('',#8579,#8584);
#8584=VECTOR('',#8585,0.634999991484716);
#8585=DIRECTION('',(0.0,1.0,0.0));
#8576=ORIENTED_EDGE('',*,*,#8577,.F.);
#8587=EDGE_CURVE('',#8560,#8578,#8592,.T.);
#8592=LINE('',#8561,#8594);
#8594=VECTOR('',#8595,2.7305);
#8595=DIRECTION('',(0.0,0.0,1.0));
#8586=ORIENTED_EDGE('',*,*,#8587,.F.);
#8596=STYLED_ITEM('',(#34),#8597);
#8597=ADVANCED_FACE('',(#8603),#8598,.T.);
#8598=PLANE('',#8599);
#8599=AXIS2_PLACEMENT_3D('',#8600,#8601,#8602);
#8600=CARTESIAN_POINT('',(18.098,0.317,0.762));
#8601=DIRECTION('',(0.0,1.0,0.0));
#8602=DIRECTION('',(0.,0.,1.));
#8603=FACE_OUTER_BOUND('',#8604,.T.);
#8604=EDGE_LOOP('',(#8605,#8615,#8625,#8635));
#8608=CARTESIAN_POINT('',(17.463,0.318,0.762));
#8607=VERTEX_POINT('',#8608);
#8606=EDGE_CURVE('',#8607,#8558,#8611,.T.);
#8611=LINE('',#8608,#8613);
#8613=VECTOR('',#8614,0.635000025530044);
#8614=DIRECTION('',(1.0,0.0,0.0));
#8605=ORIENTED_EDGE('',*,*,#8606,.F.);
#8618=CARTESIAN_POINT('',(17.463,0.318,3.492));
#8617=VERTEX_POINT('',#8618);
#8616=EDGE_CURVE('',#8617,#8607,#8621,.T.);
#8621=LINE('',#8618,#8623);
#8623=VECTOR('',#8624,2.7305);
#8624=DIRECTION('',(0.0,0.0,-1.0));
#8615=ORIENTED_EDGE('',*,*,#8616,.F.);
#8626=EDGE_CURVE('',#8568,#8617,#8631,.T.);
#8631=LINE('',#8569,#8633);
#8633=VECTOR('',#8634,0.635000025530044);
#8634=DIRECTION('',(-1.0,0.0,0.0));
#8625=ORIENTED_EDGE('',*,*,#8626,.F.);
#8635=ORIENTED_EDGE('',*,*,#8567,.T.);
#8645=STYLED_ITEM('',(#34),#8646);
#8646=ADVANCED_FACE('',(#8652),#8647,.T.);
#8647=PLANE('',#8648);
#8648=AXIS2_PLACEMENT_3D('',#8649,#8650,#8651);
#8649=CARTESIAN_POINT('',(17.463,0.318,0.762));
#8650=DIRECTION('',(-1.0,0.0,0.0));
#8651=DIRECTION('',(0.,0.,1.));
#8652=FACE_OUTER_BOUND('',#8653,.T.);
#8653=EDGE_LOOP('',(#8654,#8664,#8674,#8684));
#8657=CARTESIAN_POINT('',(17.462,-0.317,0.762));
#8656=VERTEX_POINT('',#8657);
#8655=EDGE_CURVE('',#8656,#8607,#8660,.T.);
#8660=LINE('',#8657,#8662);
#8662=VECTOR('',#8663,0.634999991484716);
#8663=DIRECTION('',(0.0,1.0,0.0));
#8654=ORIENTED_EDGE('',*,*,#8655,.F.);
#8667=CARTESIAN_POINT('',(17.462,-0.317,3.492));
#8666=VERTEX_POINT('',#8667);
#8665=EDGE_CURVE('',#8666,#8656,#8670,.T.);
#8670=LINE('',#8667,#8672);
#8672=VECTOR('',#8673,2.7305);
#8673=DIRECTION('',(0.0,0.0,-1.0));
#8664=ORIENTED_EDGE('',*,*,#8665,.F.);
#8675=EDGE_CURVE('',#8617,#8666,#8680,.T.);
#8680=LINE('',#8618,#8682);
#8682=VECTOR('',#8683,0.634999991484716);
#8683=DIRECTION('',(0.0,-1.0,0.0));
#8674=ORIENTED_EDGE('',*,*,#8675,.F.);
#8684=ORIENTED_EDGE('',*,*,#8616,.T.);
#8694=STYLED_ITEM('',(#34),#8695);
#8695=ADVANCED_FACE('',(#8701),#8696,.T.);
#8696=PLANE('',#8697);
#8697=AXIS2_PLACEMENT_3D('',#8698,#8699,#8700);
#8698=CARTESIAN_POINT('',(17.462,-0.317,0.762));
#8699=DIRECTION('',(0.0,-1.0,0.0));
#8700=DIRECTION('',(0.,0.,1.));
#8701=FACE_OUTER_BOUND('',#8702,.T.);
#8702=EDGE_LOOP('',(#8703,#8713,#8723,#8733));
#8704=EDGE_CURVE('',#8560,#8656,#8709,.T.);
#8709=LINE('',#8561,#8711);
#8711=VECTOR('',#8712,0.634999991500526);
#8712=DIRECTION('',(-1.0,0.0,0.0));
#8703=ORIENTED_EDGE('',*,*,#8704,.F.);
#8713=ORIENTED_EDGE('',*,*,#8587,.T.);
#8724=EDGE_CURVE('',#8666,#8578,#8729,.T.);
#8729=LINE('',#8667,#8731);
#8731=VECTOR('',#8732,0.634999991500526);
#8732=DIRECTION('',(1.0,0.0,0.0));
#8723=ORIENTED_EDGE('',*,*,#8724,.F.);
#8733=ORIENTED_EDGE('',*,*,#8665,.T.);
#8743=STYLED_ITEM('',(#34),#8744);
#8744=ADVANCED_FACE('',(#8750),#8745,.T.);
#8745=PLANE('',#8746);
#8746=AXIS2_PLACEMENT_3D('',#8747,#8748,#8749);
#8747=CARTESIAN_POINT('',(17.971,0.19,1.308));
#8748=DIRECTION('',(-1.0,0.0,0.0));
#8749=DIRECTION('',(0.,0.,1.));
#8750=FACE_OUTER_BOUND('',#8751,.T.);
#8751=EDGE_LOOP('',(#8752,#8762,#8772,#8782));
#8755=CARTESIAN_POINT('',(17.97,-0.191,1.308));
#8754=VERTEX_POINT('',#8755);
#8757=CARTESIAN_POINT('',(17.971,0.19,1.308));
#8756=VERTEX_POINT('',#8757);
#8753=EDGE_CURVE('',#8754,#8756,#8758,.T.);
#8758=LINE('',#8755,#8760);
#8760=VECTOR('',#8761,0.380999994890829);
#8761=DIRECTION('',(0.0,1.0,0.0));
#8752=ORIENTED_EDGE('',*,*,#8753,.F.);
#8765=CARTESIAN_POINT('',(17.97,-0.191,3.492));
#8764=VERTEX_POINT('',#8765);
#8763=EDGE_CURVE('',#8764,#8754,#8768,.T.);
#8768=LINE('',#8765,#8770);
#8770=VECTOR('',#8771,2.1844);
#8771=DIRECTION('',(0.0,0.0,-1.0));
#8762=ORIENTED_EDGE('',*,*,#8763,.F.);
#8775=CARTESIAN_POINT('',(17.971,0.19,3.492));
#8774=VERTEX_POINT('',#8775);
#8773=EDGE_CURVE('',#8774,#8764,#8778,.T.);
#8778=LINE('',#8775,#8780);
#8780=VECTOR('',#8781,0.380999994890829);
#8781=DIRECTION('',(0.0,-1.0,0.0));
#8772=ORIENTED_EDGE('',*,*,#8773,.F.);
#8783=EDGE_CURVE('',#8756,#8774,#8788,.T.);
#8788=LINE('',#8757,#8790);
#8790=VECTOR('',#8791,2.1844);
#8791=DIRECTION('',(0.0,0.0,1.0));
#8782=ORIENTED_EDGE('',*,*,#8783,.F.);
#8792=STYLED_ITEM('',(#34),#8793);
#8793=ADVANCED_FACE('',(#8799),#8794,.T.);
#8794=PLANE('',#8795);
#8795=AXIS2_PLACEMENT_3D('',#8796,#8797,#8798);
#8796=CARTESIAN_POINT('',(17.59,0.191,1.308));
#8797=DIRECTION('',(0.0,-1.0,0.0));
#8798=DIRECTION('',(0.,0.,1.));
#8799=FACE_OUTER_BOUND('',#8800,.T.);
#8800=EDGE_LOOP('',(#8801,#8811,#8821,#8831));
#8806=CARTESIAN_POINT('',(17.59,0.191,1.308));
#8805=VERTEX_POINT('',#8806);
#8802=EDGE_CURVE('',#8756,#8805,#8807,.T.);
#8807=LINE('',#8757,#8809);
#8809=VECTOR('',#8810,0.381000015318026);
#8810=DIRECTION('',(-1.0,0.0,0.0));
#8801=ORIENTED_EDGE('',*,*,#8802,.F.);
#8811=ORIENTED_EDGE('',*,*,#8783,.T.);
#8824=CARTESIAN_POINT('',(17.59,0.191,3.492));
#8823=VERTEX_POINT('',#8824);
#8822=EDGE_CURVE('',#8823,#8774,#8827,.T.);
#8827=LINE('',#8824,#8829);
#8829=VECTOR('',#8830,0.381000015318026);
#8830=DIRECTION('',(1.0,0.0,0.0));
#8821=ORIENTED_EDGE('',*,*,#8822,.F.);
#8832=EDGE_CURVE('',#8805,#8823,#8837,.T.);
#8837=LINE('',#8806,#8839);
#8839=VECTOR('',#8840,2.1844);
#8840=DIRECTION('',(0.0,0.0,1.0));
#8831=ORIENTED_EDGE('',*,*,#8832,.F.);
#8841=STYLED_ITEM('',(#34),#8842);
#8842=ADVANCED_FACE('',(#8848),#8843,.T.);
#8843=PLANE('',#8844);
#8844=AXIS2_PLACEMENT_3D('',#8845,#8846,#8847);
#8845=CARTESIAN_POINT('',(17.589,-0.19,1.308));
#8846=DIRECTION('',(1.0,0.0,0.0));
#8847=DIRECTION('',(0.,0.,1.));
#8848=FACE_OUTER_BOUND('',#8849,.T.);
#8849=EDGE_LOOP('',(#8850,#8860,#8870,#8880));
#8855=CARTESIAN_POINT('',(17.589,-0.19,1.308));
#8854=VERTEX_POINT('',#8855);
#8851=EDGE_CURVE('',#8805,#8854,#8856,.T.);
#8856=LINE('',#8806,#8858);
#8858=VECTOR('',#8859,0.380999994890829);
#8859=DIRECTION('',(0.0,-1.0,0.0));
#8850=ORIENTED_EDGE('',*,*,#8851,.F.);
#8860=ORIENTED_EDGE('',*,*,#8832,.T.);
#8873=CARTESIAN_POINT('',(17.589,-0.19,3.492));
#8872=VERTEX_POINT('',#8873);
#8871=EDGE_CURVE('',#8872,#8823,#8876,.T.);
#8876=LINE('',#8873,#8878);
#8878=VECTOR('',#8879,0.380999994890829);
#8879=DIRECTION('',(0.0,1.0,0.0));
#8870=ORIENTED_EDGE('',*,*,#8871,.F.);
#8881=EDGE_CURVE('',#8854,#8872,#8886,.T.);
#8886=LINE('',#8855,#8888);
#8888=VECTOR('',#8889,2.1844);
#8889=DIRECTION('',(0.0,0.0,1.0));
#8880=ORIENTED_EDGE('',*,*,#8881,.F.);
#8890=STYLED_ITEM('',(#34),#8891);
#8891=ADVANCED_FACE('',(#8897),#8892,.T.);
#8892=PLANE('',#8893);
#8893=AXIS2_PLACEMENT_3D('',#8894,#8895,#8896);
#8894=CARTESIAN_POINT('',(17.97,-0.191,1.308));
#8895=DIRECTION('',(0.0,1.0,0.0));
#8896=DIRECTION('',(0.,0.,1.));
#8897=FACE_OUTER_BOUND('',#8898,.T.);
#8898=EDGE_LOOP('',(#8899,#8909,#8919,#8929));
#8900=EDGE_CURVE('',#8854,#8754,#8905,.T.);
#8905=LINE('',#8855,#8907);
#8907=VECTOR('',#8908,0.380999994900315);
#8908=DIRECTION('',(1.0,0.0,0.0));
#8899=ORIENTED_EDGE('',*,*,#8900,.F.);
#8909=ORIENTED_EDGE('',*,*,#8881,.T.);
#8920=EDGE_CURVE('',#8764,#8872,#8925,.T.);
#8925=LINE('',#8765,#8927);
#8927=VECTOR('',#8928,0.380999994900315);
#8928=DIRECTION('',(-1.0,0.0,0.0));
#8919=ORIENTED_EDGE('',*,*,#8920,.F.);
#8929=ORIENTED_EDGE('',*,*,#8763,.T.);
#8939=STYLED_ITEM('color',(#34),#8940);
#8940=ADVANCED_FACE($,(#8946),#8941,.T.);
#8941=PLANE($,#8942);
#8942=AXIS2_PLACEMENT_3D($,#8943,#8944,#8945);
#8943=CARTESIAN_POINT('',(17.78,0.0,-4.318));
#8944=DIRECTION('',(0.,0.,-1.));
#8945=DIRECTION('',(0.,1.,0.));
#8946=FACE_OUTER_BOUND($,#8947,.T.);
#8947=EDGE_LOOP($,(#8948, #8959));
#8951=CARTESIAN_POINT('',(17.78,-0.315,-4.318));
#8950=VERTEX_POINT('',#8951);
#8953=CARTESIAN_POINT('',(17.78,0.315,-4.318));
#8952=VERTEX_POINT('',#8953);
#8949=EDGE_CURVE($,#8950,#8952,#8954,.T.);
#8954=CIRCLE($,#8955,0.31496);
#8956=CARTESIAN_POINT('',(17.78,0.0,-4.318));
#8955=AXIS2_PLACEMENT_3D($,#8956,#8957,#8958);
#8957=DIRECTION('',(0.0,0.0,1.0));
#8958=DIRECTION('',(0.0,-1.0,0.0));
#8948=ORIENTED_EDGE('',*,*,#8949,.F.);
#8960=EDGE_CURVE($,#8952,#8950,#8965,.T.);
#8965=CIRCLE($,#8966,0.31496);
#8966=AXIS2_PLACEMENT_3D($,#8956,#8968,#8969);
#8968=DIRECTION('',(0.0,0.0,1.0));
#8969=DIRECTION('',(0.0,1.0,0.0));
#8959=ORIENTED_EDGE('',*,*,#8960,.F.);
#8970=STYLED_ITEM('color',(#34),#8971);
#8971=ADVANCED_FACE($,(#8977),#8972,.T.);
#8972=CYLINDRICAL_SURFACE($,#8973,0.31496);
#8973=AXIS2_PLACEMENT_3D($,#8974,#8975,#8976);
#8974=CARTESIAN_POINT('',(17.78,0.0,-4.318));
#8975=DIRECTION('',(0.,0.,1.));
#8976=DIRECTION('',(1.,0.,0.));
#8977=FACE_OUTER_BOUND($,#8978,.T.);
#8978=EDGE_LOOP($,(#9001, #8979, #9011, #8990));
#9006=CARTESIAN_POINT('',(17.78,-0.315,0.762));
#9005=VERTEX_POINT('',#9006);
#9002=EDGE_CURVE('',#8950,#9005,#9007,.T.);
#9007=LINE('',#8951,#9009);
#9009=VECTOR('',#9010,5.08);
#9010=DIRECTION('',(0.0,0.0,1.0));
#9001=ORIENTED_EDGE('',*,*,#9002,.F.);
#8979=ORIENTED_EDGE('',*,*,#8949,.T.);
#9014=CARTESIAN_POINT('',(17.78,0.315,0.762));
#9013=VERTEX_POINT('',#9014);
#9012=EDGE_CURVE('',#9013,#8952,#9017,.T.);
#9017=LINE('',#9014,#9019);
#9019=VECTOR('',#9020,5.08);
#9020=DIRECTION('',(0.0,0.0,-1.0));
#9011=ORIENTED_EDGE('',*,*,#9012,.F.);
#8991=EDGE_CURVE($,#9005,#9013,#8996,.T.);
#8996=CIRCLE($,#8997,0.31496);
#8998=CARTESIAN_POINT('',(17.78,0.0,0.762));
#8997=AXIS2_PLACEMENT_3D($,#8998,#8999,#9000);
#8999=DIRECTION('',(0.0,0.0,1.0));
#9000=DIRECTION('',(0.0,1.0,0.0));
#8990=ORIENTED_EDGE('',*,*,#8991,.F.);
#9023=STYLED_ITEM('color',(#34),#9024);
#9024=ADVANCED_FACE($,(#9030),#9025,.T.);
#9025=CYLINDRICAL_SURFACE($,#9026,0.31496);
#9026=AXIS2_PLACEMENT_3D($,#9027,#9028,#9029);
#9027=CARTESIAN_POINT('',(17.78,0.0,-4.318));
#9028=DIRECTION('',(0.,0.,1.));
#9029=DIRECTION('',(1.,0.,0.));
#9030=FACE_OUTER_BOUND($,#9031,.T.);
#9031=EDGE_LOOP($,(#9054, #9032, #9064, #9043));
#9054=ORIENTED_EDGE('',*,*,#9012,.T.);
#9032=ORIENTED_EDGE('',*,*,#8960,.T.);
#9064=ORIENTED_EDGE('',*,*,#9002,.T.);
#9044=EDGE_CURVE($,#9013,#9005,#9049,.T.);
#9049=CIRCLE($,#9050,0.31496);
#9050=AXIS2_PLACEMENT_3D($,#8998,#9052,#9053);
#9052=DIRECTION('',(0.0,0.0,1.0));
#9053=DIRECTION('',(0.0,-1.0,0.0));
#9043=ORIENTED_EDGE('',*,*,#9044,.F.);
#9076=STYLED_ITEM('color',(#34),#9077);
#9077=ADVANCED_FACE($,(#9083, #9127), #9078,.T.);
#9078=PLANE($,#9079);
#9079=AXIS2_PLACEMENT_3D($,#9080,#9081,#9082);
#9080=CARTESIAN_POINT('',(18.098,0.317,0.762));
#9081=DIRECTION('',(0.,0.,-1.));
#9082=DIRECTION('',(1.,0.,0.));
#9083=FACE_OUTER_BOUND($,#9084,.T.);
#9084=EDGE_LOOP($,(#9087, #9097, #9107, #9117));
#9087=ORIENTED_EDGE('',*,*,#8557,.T.);
#9097=ORIENTED_EDGE('',*,*,#8704,.T.);
#9107=ORIENTED_EDGE('',*,*,#8655,.T.);
#9117=ORIENTED_EDGE('',*,*,#8606,.T.);
#9127=FACE_BOUND($,#9128,.T.);
#9128=EDGE_LOOP($,(#9129, #9140));
#9129=ORIENTED_EDGE('',*,*,#8991,.T.);
#9140=ORIENTED_EDGE('',*,*,#9044,.T.);
#9151=STYLED_ITEM('color',(#34),#9152);
#9152=ADVANCED_FACE($,(#9158, #9202), #9153,.T.);
#9153=PLANE($,#9154);
#9154=AXIS2_PLACEMENT_3D($,#9155,#9156,#9157);
#9155=CARTESIAN_POINT('',(18.098,0.317,3.492));
#9156=DIRECTION('',(0.,0.,1.));
#9157=DIRECTION('',(1.,0.,0.));
#9158=FACE_OUTER_BOUND($,#9159,.T.);
#9159=EDGE_LOOP($,(#9162, #9172, #9182, #9192));
#9162=ORIENTED_EDGE('',*,*,#8577,.T.);
#9172=ORIENTED_EDGE('',*,*,#8626,.T.);
#9182=ORIENTED_EDGE('',*,*,#8675,.T.);
#9192=ORIENTED_EDGE('',*,*,#8724,.T.);
#9202=FACE_BOUND($,#9203,.T.);
#9203=EDGE_LOOP($,(#9204, #9214, #9224, #9234));
#9204=ORIENTED_EDGE('',*,*,#8773,.T.);
#9214=ORIENTED_EDGE('',*,*,#8920,.T.);
#9224=ORIENTED_EDGE('',*,*,#8871,.T.);
#9234=ORIENTED_EDGE('',*,*,#8822,.T.);
#9244=STYLED_ITEM('',(#34),#9245);
#9245=ADVANCED_FACE('',(#9251),#9246,.T.);
#9246=PLANE('',#9247);
#9247=AXIS2_PLACEMENT_3D('',#9248,#9249,#9250);
#9248=CARTESIAN_POINT('',(17.97,-0.191,1.308));
#9249=DIRECTION('',(0.0,0.0,1.0));
#9250=DIRECTION('',(0.,1.,0.));
#9251=FACE_OUTER_BOUND('',#9252,.T.);
#9252=EDGE_LOOP('',(#9253,#9263,#9273,#9283));
#9253=ORIENTED_EDGE('',*,*,#8753,.T.);
#9263=ORIENTED_EDGE('',*,*,#8802,.T.);
#9273=ORIENTED_EDGE('',*,*,#8851,.T.);
#9283=ORIENTED_EDGE('',*,*,#8900,.T.);
#9293=MANIFOLD_SOLID_BREP($,#9294);
#9294=CLOSED_SHELL('',(#9296,#9345,#9394,#9443,#9492,#9541,#9590,#9639,#9688,#9719,#9772,#9825,#9900,#9993));
#9295=STYLED_ITEM('',(#34),#9296);
#9296=ADVANCED_FACE('',(#9302),#9297,.T.);
#9297=PLANE('',#9298);
#9298=AXIS2_PLACEMENT_3D('',#9299,#9300,#9301);
#9299=CARTESIAN_POINT('',(15.557,-0.318,0.762));
#9300=DIRECTION('',(1.0,0.0,0.0));
#9301=DIRECTION('',(0.,0.,1.));
#9302=FACE_OUTER_BOUND('',#9303,.T.);
#9303=EDGE_LOOP('',(#9304,#9314,#9324,#9334));
#9307=CARTESIAN_POINT('',(15.558,0.317,0.762));
#9306=VERTEX_POINT('',#9307);
#9309=CARTESIAN_POINT('',(15.557,-0.318,0.762));
#9308=VERTEX_POINT('',#9309);
#9305=EDGE_CURVE('',#9306,#9308,#9310,.T.);
#9310=LINE('',#9307,#9312);
#9312=VECTOR('',#9313,0.634999991484716);
#9313=DIRECTION('',(0.0,-1.0,0.0));
#9304=ORIENTED_EDGE('',*,*,#9305,.F.);
#9317=CARTESIAN_POINT('',(15.558,0.317,3.492));
#9316=VERTEX_POINT('',#9317);
#9315=EDGE_CURVE('',#9316,#9306,#9320,.T.);
#9320=LINE('',#9317,#9322);
#9322=VECTOR('',#9323,2.7305);
#9323=DIRECTION('',(0.0,0.0,-1.0));
#9314=ORIENTED_EDGE('',*,*,#9315,.F.);
#9327=CARTESIAN_POINT('',(15.557,-0.318,3.492));
#9326=VERTEX_POINT('',#9327);
#9325=EDGE_CURVE('',#9326,#9316,#9330,.T.);
#9330=LINE('',#9327,#9332);
#9332=VECTOR('',#9333,0.634999991484716);
#9333=DIRECTION('',(0.0,1.0,0.0));
#9324=ORIENTED_EDGE('',*,*,#9325,.F.);
#9335=EDGE_CURVE('',#9308,#9326,#9340,.T.);
#9340=LINE('',#9309,#9342);
#9342=VECTOR('',#9343,2.7305);
#9343=DIRECTION('',(0.0,0.0,1.0));
#9334=ORIENTED_EDGE('',*,*,#9335,.F.);
#9344=STYLED_ITEM('',(#34),#9345);
#9345=ADVANCED_FACE('',(#9351),#9346,.T.);
#9346=PLANE('',#9347);
#9347=AXIS2_PLACEMENT_3D('',#9348,#9349,#9350);
#9348=CARTESIAN_POINT('',(15.558,0.317,0.762));
#9349=DIRECTION('',(0.0,1.0,0.0));
#9350=DIRECTION('',(0.,0.,1.));
#9351=FACE_OUTER_BOUND('',#9352,.T.);
#9352=EDGE_LOOP('',(#9353,#9363,#9373,#9383));
#9356=CARTESIAN_POINT('',(14.923,0.318,0.762));
#9355=VERTEX_POINT('',#9356);
#9354=EDGE_CURVE('',#9355,#9306,#9359,.T.);
#9359=LINE('',#9356,#9361);
#9361=VECTOR('',#9362,0.635000025530044);
#9362=DIRECTION('',(1.0,0.0,0.0));
#9353=ORIENTED_EDGE('',*,*,#9354,.F.);
#9366=CARTESIAN_POINT('',(14.923,0.318,3.492));
#9365=VERTEX_POINT('',#9366);
#9364=EDGE_CURVE('',#9365,#9355,#9369,.T.);
#9369=LINE('',#9366,#9371);
#9371=VECTOR('',#9372,2.7305);
#9372=DIRECTION('',(0.0,0.0,-1.0));
#9363=ORIENTED_EDGE('',*,*,#9364,.F.);
#9374=EDGE_CURVE('',#9316,#9365,#9379,.T.);
#9379=LINE('',#9317,#9381);
#9381=VECTOR('',#9382,0.635000025530044);
#9382=DIRECTION('',(-1.0,0.0,0.0));
#9373=ORIENTED_EDGE('',*,*,#9374,.F.);
#9383=ORIENTED_EDGE('',*,*,#9315,.T.);
#9393=STYLED_ITEM('',(#34),#9394);
#9394=ADVANCED_FACE('',(#9400),#9395,.T.);
#9395=PLANE('',#9396);
#9396=AXIS2_PLACEMENT_3D('',#9397,#9398,#9399);
#9397=CARTESIAN_POINT('',(14.923,0.318,0.762));
#9398=DIRECTION('',(-1.0,0.0,0.0));
#9399=DIRECTION('',(0.,0.,1.));
#9400=FACE_OUTER_BOUND('',#9401,.T.);
#9401=EDGE_LOOP('',(#9402,#9412,#9422,#9432));
#9405=CARTESIAN_POINT('',(14.922,-0.317,0.762));
#9404=VERTEX_POINT('',#9405);
#9403=EDGE_CURVE('',#9404,#9355,#9408,.T.);
#9408=LINE('',#9405,#9410);
#9410=VECTOR('',#9411,0.634999991484716);
#9411=DIRECTION('',(0.0,1.0,0.0));
#9402=ORIENTED_EDGE('',*,*,#9403,.F.);
#9415=CARTESIAN_POINT('',(14.922,-0.317,3.492));
#9414=VERTEX_POINT('',#9415);
#9413=EDGE_CURVE('',#9414,#9404,#9418,.T.);
#9418=LINE('',#9415,#9420);
#9420=VECTOR('',#9421,2.7305);
#9421=DIRECTION('',(0.0,0.0,-1.0));
#9412=ORIENTED_EDGE('',*,*,#9413,.F.);
#9423=EDGE_CURVE('',#9365,#9414,#9428,.T.);
#9428=LINE('',#9366,#9430);
#9430=VECTOR('',#9431,0.634999991484716);
#9431=DIRECTION('',(0.0,-1.0,0.0));
#9422=ORIENTED_EDGE('',*,*,#9423,.F.);
#9432=ORIENTED_EDGE('',*,*,#9364,.T.);
#9442=STYLED_ITEM('',(#34),#9443);
#9443=ADVANCED_FACE('',(#9449),#9444,.T.);
#9444=PLANE('',#9445);
#9445=AXIS2_PLACEMENT_3D('',#9446,#9447,#9448);
#9446=CARTESIAN_POINT('',(14.922,-0.317,0.762));
#9447=DIRECTION('',(0.0,-1.0,0.0));
#9448=DIRECTION('',(0.,0.,1.));
#9449=FACE_OUTER_BOUND('',#9450,.T.);
#9450=EDGE_LOOP('',(#9451,#9461,#9471,#9481));
#9452=EDGE_CURVE('',#9308,#9404,#9457,.T.);
#9457=LINE('',#9309,#9459);
#9459=VECTOR('',#9460,0.634999991500526);
#9460=DIRECTION('',(-1.0,0.0,0.0));
#9451=ORIENTED_EDGE('',*,*,#9452,.F.);
#9461=ORIENTED_EDGE('',*,*,#9335,.T.);
#9472=EDGE_CURVE('',#9414,#9326,#9477,.T.);
#9477=LINE('',#9415,#9479);
#9479=VECTOR('',#9480,0.634999991500526);
#9480=DIRECTION('',(1.0,0.0,0.0));
#9471=ORIENTED_EDGE('',*,*,#9472,.F.);
#9481=ORIENTED_EDGE('',*,*,#9413,.T.);
#9491=STYLED_ITEM('',(#34),#9492);
#9492=ADVANCED_FACE('',(#9498),#9493,.T.);
#9493=PLANE('',#9494);
#9494=AXIS2_PLACEMENT_3D('',#9495,#9496,#9497);
#9495=CARTESIAN_POINT('',(15.431,0.19,1.308));
#9496=DIRECTION('',(-1.0,0.0,0.0));
#9497=DIRECTION('',(0.,0.,1.));
#9498=FACE_OUTER_BOUND('',#9499,.T.);
#9499=EDGE_LOOP('',(#9500,#9510,#9520,#9530));
#9503=CARTESIAN_POINT('',(15.43,-0.191,1.308));
#9502=VERTEX_POINT('',#9503);
#9505=CARTESIAN_POINT('',(15.431,0.19,1.308));
#9504=VERTEX_POINT('',#9505);
#9501=EDGE_CURVE('',#9502,#9504,#9506,.T.);
#9506=LINE('',#9503,#9508);
#9508=VECTOR('',#9509,0.380999994890829);
#9509=DIRECTION('',(0.0,1.0,0.0));
#9500=ORIENTED_EDGE('',*,*,#9501,.F.);
#9513=CARTESIAN_POINT('',(15.43,-0.191,3.492));
#9512=VERTEX_POINT('',#9513);
#9511=EDGE_CURVE('',#9512,#9502,#9516,.T.);
#9516=LINE('',#9513,#9518);
#9518=VECTOR('',#9519,2.1844);
#9519=DIRECTION('',(0.0,0.0,-1.0));
#9510=ORIENTED_EDGE('',*,*,#9511,.F.);
#9523=CARTESIAN_POINT('',(15.431,0.19,3.492));
#9522=VERTEX_POINT('',#9523);
#9521=EDGE_CURVE('',#9522,#9512,#9526,.T.);
#9526=LINE('',#9523,#9528);
#9528=VECTOR('',#9529,0.380999994890829);
#9529=DIRECTION('',(0.0,-1.0,0.0));
#9520=ORIENTED_EDGE('',*,*,#9521,.F.);
#9531=EDGE_CURVE('',#9504,#9522,#9536,.T.);
#9536=LINE('',#9505,#9538);
#9538=VECTOR('',#9539,2.1844);
#9539=DIRECTION('',(0.0,0.0,1.0));
#9530=ORIENTED_EDGE('',*,*,#9531,.F.);
#9540=STYLED_ITEM('',(#34),#9541);
#9541=ADVANCED_FACE('',(#9547),#9542,.T.);
#9542=PLANE('',#9543);
#9543=AXIS2_PLACEMENT_3D('',#9544,#9545,#9546);
#9544=CARTESIAN_POINT('',(15.05,0.191,1.308));
#9545=DIRECTION('',(0.0,-1.0,0.0));
#9546=DIRECTION('',(0.,0.,1.));
#9547=FACE_OUTER_BOUND('',#9548,.T.);
#9548=EDGE_LOOP('',(#9549,#9559,#9569,#9579));
#9554=CARTESIAN_POINT('',(15.05,0.191,1.308));
#9553=VERTEX_POINT('',#9554);
#9550=EDGE_CURVE('',#9504,#9553,#9555,.T.);
#9555=LINE('',#9505,#9557);
#9557=VECTOR('',#9558,0.381000015318026);
#9558=DIRECTION('',(-1.0,0.0,0.0));
#9549=ORIENTED_EDGE('',*,*,#9550,.F.);
#9559=ORIENTED_EDGE('',*,*,#9531,.T.);
#9572=CARTESIAN_POINT('',(15.05,0.191,3.492));
#9571=VERTEX_POINT('',#9572);
#9570=EDGE_CURVE('',#9571,#9522,#9575,.T.);
#9575=LINE('',#9572,#9577);
#9577=VECTOR('',#9578,0.381000015318026);
#9578=DIRECTION('',(1.0,0.0,0.0));
#9569=ORIENTED_EDGE('',*,*,#9570,.F.);
#9580=EDGE_CURVE('',#9553,#9571,#9585,.T.);
#9585=LINE('',#9554,#9587);
#9587=VECTOR('',#9588,2.1844);
#9588=DIRECTION('',(0.0,0.0,1.0));
#9579=ORIENTED_EDGE('',*,*,#9580,.F.);
#9589=STYLED_ITEM('',(#34),#9590);
#9590=ADVANCED_FACE('',(#9596),#9591,.T.);
#9591=PLANE('',#9592);
#9592=AXIS2_PLACEMENT_3D('',#9593,#9594,#9595);
#9593=CARTESIAN_POINT('',(15.049,-0.19,1.308));
#9594=DIRECTION('',(1.0,0.0,0.0));
#9595=DIRECTION('',(0.,0.,1.));
#9596=FACE_OUTER_BOUND('',#9597,.T.);
#9597=EDGE_LOOP('',(#9598,#9608,#9618,#9628));
#9603=CARTESIAN_POINT('',(15.049,-0.19,1.308));
#9602=VERTEX_POINT('',#9603);
#9599=EDGE_CURVE('',#9553,#9602,#9604,.T.);
#9604=LINE('',#9554,#9606);
#9606=VECTOR('',#9607,0.380999994890829);
#9607=DIRECTION('',(0.0,-1.0,0.0));
#9598=ORIENTED_EDGE('',*,*,#9599,.F.);
#9608=ORIENTED_EDGE('',*,*,#9580,.T.);
#9621=CARTESIAN_POINT('',(15.049,-0.19,3.492));
#9620=VERTEX_POINT('',#9621);
#9619=EDGE_CURVE('',#9620,#9571,#9624,.T.);
#9624=LINE('',#9621,#9626);
#9626=VECTOR('',#9627,0.380999994890829);
#9627=DIRECTION('',(0.0,1.0,0.0));
#9618=ORIENTED_EDGE('',*,*,#9619,.F.);
#9629=EDGE_CURVE('',#9602,#9620,#9634,.T.);
#9634=LINE('',#9603,#9636);
#9636=VECTOR('',#9637,2.1844);
#9637=DIRECTION('',(0.0,0.0,1.0));
#9628=ORIENTED_EDGE('',*,*,#9629,.F.);
#9638=STYLED_ITEM('',(#34),#9639);
#9639=ADVANCED_FACE('',(#9645),#9640,.T.);
#9640=PLANE('',#9641);
#9641=AXIS2_PLACEMENT_3D('',#9642,#9643,#9644);
#9642=CARTESIAN_POINT('',(15.43,-0.191,1.308));
#9643=DIRECTION('',(0.0,1.0,0.0));
#9644=DIRECTION('',(0.,0.,1.));
#9645=FACE_OUTER_BOUND('',#9646,.T.);
#9646=EDGE_LOOP('',(#9647,#9657,#9667,#9677));
#9648=EDGE_CURVE('',#9602,#9502,#9653,.T.);
#9653=LINE('',#9603,#9655);
#9655=VECTOR('',#9656,0.380999994900315);
#9656=DIRECTION('',(1.0,0.0,0.0));
#9647=ORIENTED_EDGE('',*,*,#9648,.F.);
#9657=ORIENTED_EDGE('',*,*,#9629,.T.);
#9668=EDGE_CURVE('',#9512,#9620,#9673,.T.);
#9673=LINE('',#9513,#9675);
#9675=VECTOR('',#9676,0.380999994900315);
#9676=DIRECTION('',(-1.0,0.0,0.0));
#9667=ORIENTED_EDGE('',*,*,#9668,.F.);
#9677=ORIENTED_EDGE('',*,*,#9511,.T.);
#9687=STYLED_ITEM('color',(#34),#9688);
#9688=ADVANCED_FACE($,(#9694),#9689,.T.);
#9689=PLANE($,#9690);
#9690=AXIS2_PLACEMENT_3D($,#9691,#9692,#9693);
#9691=CARTESIAN_POINT('',(15.24,0.0,-4.318));
#9692=DIRECTION('',(0.,0.,-1.));
#9693=DIRECTION('',(0.,1.,0.));
#9694=FACE_OUTER_BOUND($,#9695,.T.);
#9695=EDGE_LOOP($,(#9696, #9707));
#9699=CARTESIAN_POINT('',(15.24,-0.315,-4.318));
#9698=VERTEX_POINT('',#9699);
#9701=CARTESIAN_POINT('',(15.24,0.315,-4.318));
#9700=VERTEX_POINT('',#9701);
#9697=EDGE_CURVE($,#9698,#9700,#9702,.T.);
#9702=CIRCLE($,#9703,0.31496);
#9704=CARTESIAN_POINT('',(15.24,0.0,-4.318));
#9703=AXIS2_PLACEMENT_3D($,#9704,#9705,#9706);
#9705=DIRECTION('',(0.0,0.0,1.0));
#9706=DIRECTION('',(0.0,-1.0,0.0));
#9696=ORIENTED_EDGE('',*,*,#9697,.F.);
#9708=EDGE_CURVE($,#9700,#9698,#9713,.T.);
#9713=CIRCLE($,#9714,0.31496);
#9714=AXIS2_PLACEMENT_3D($,#9704,#9716,#9717);
#9716=DIRECTION('',(0.0,0.0,1.0));
#9717=DIRECTION('',(0.0,1.0,0.0));
#9707=ORIENTED_EDGE('',*,*,#9708,.F.);
#9718=STYLED_ITEM('color',(#34),#9719);
#9719=ADVANCED_FACE($,(#9725),#9720,.T.);
#9720=CYLINDRICAL_SURFACE($,#9721,0.31496);
#9721=AXIS2_PLACEMENT_3D($,#9722,#9723,#9724);
#9722=CARTESIAN_POINT('',(15.24,0.0,-4.318));
#9723=DIRECTION('',(0.,0.,1.));
#9724=DIRECTION('',(1.,0.,0.));
#9725=FACE_OUTER_BOUND($,#9726,.T.);
#9726=EDGE_LOOP($,(#9749, #9727, #9759, #9738));
#9754=CARTESIAN_POINT('',(15.24,-0.315,0.762));
#9753=VERTEX_POINT('',#9754);
#9750=EDGE_CURVE('',#9698,#9753,#9755,.T.);
#9755=LINE('',#9699,#9757);
#9757=VECTOR('',#9758,5.08);
#9758=DIRECTION('',(0.0,0.0,1.0));
#9749=ORIENTED_EDGE('',*,*,#9750,.F.);
#9727=ORIENTED_EDGE('',*,*,#9697,.T.);
#9762=CARTESIAN_POINT('',(15.24,0.315,0.762));
#9761=VERTEX_POINT('',#9762);
#9760=EDGE_CURVE('',#9761,#9700,#9765,.T.);
#9765=LINE('',#9762,#9767);
#9767=VECTOR('',#9768,5.08);
#9768=DIRECTION('',(0.0,0.0,-1.0));
#9759=ORIENTED_EDGE('',*,*,#9760,.F.);
#9739=EDGE_CURVE($,#9753,#9761,#9744,.T.);
#9744=CIRCLE($,#9745,0.31496);
#9746=CARTESIAN_POINT('',(15.24,0.0,0.762));
#9745=AXIS2_PLACEMENT_3D($,#9746,#9747,#9748);
#9747=DIRECTION('',(0.0,0.0,1.0));
#9748=DIRECTION('',(0.0,1.0,0.0));
#9738=ORIENTED_EDGE('',*,*,#9739,.F.);
#9771=STYLED_ITEM('color',(#34),#9772);
#9772=ADVANCED_FACE($,(#9778),#9773,.T.);
#9773=CYLINDRICAL_SURFACE($,#9774,0.31496);
#9774=AXIS2_PLACEMENT_3D($,#9775,#9776,#9777);
#9775=CARTESIAN_POINT('',(15.24,0.0,-4.318));
#9776=DIRECTION('',(0.,0.,1.));
#9777=DIRECTION('',(1.,0.,0.));
#9778=FACE_OUTER_BOUND($,#9779,.T.);
#9779=EDGE_LOOP($,(#9802, #9780, #9812, #9791));
#9802=ORIENTED_EDGE('',*,*,#9760,.T.);
#9780=ORIENTED_EDGE('',*,*,#9708,.T.);
#9812=ORIENTED_EDGE('',*,*,#9750,.T.);
#9792=EDGE_CURVE($,#9761,#9753,#9797,.T.);
#9797=CIRCLE($,#9798,0.31496);
#9798=AXIS2_PLACEMENT_3D($,#9746,#9800,#9801);
#9800=DIRECTION('',(0.0,0.0,1.0));
#9801=DIRECTION('',(0.0,-1.0,0.0));
#9791=ORIENTED_EDGE('',*,*,#9792,.F.);
#9824=STYLED_ITEM('color',(#34),#9825);
#9825=ADVANCED_FACE($,(#9831, #9875), #9826,.T.);
#9826=PLANE($,#9827);
#9827=AXIS2_PLACEMENT_3D($,#9828,#9829,#9830);
#9828=CARTESIAN_POINT('',(15.558,0.317,0.762));
#9829=DIRECTION('',(0.,0.,-1.));
#9830=DIRECTION('',(1.,0.,0.));
#9831=FACE_OUTER_BOUND($,#9832,.T.);
#9832=EDGE_LOOP($,(#9835, #9845, #9855, #9865));
#9835=ORIENTED_EDGE('',*,*,#9305,.T.);
#9845=ORIENTED_EDGE('',*,*,#9452,.T.);
#9855=ORIENTED_EDGE('',*,*,#9403,.T.);
#9865=ORIENTED_EDGE('',*,*,#9354,.T.);
#9875=FACE_BOUND($,#9876,.T.);
#9876=EDGE_LOOP($,(#9877, #9888));
#9877=ORIENTED_EDGE('',*,*,#9739,.T.);
#9888=ORIENTED_EDGE('',*,*,#9792,.T.);
#9899=STYLED_ITEM('color',(#34),#9900);
#9900=ADVANCED_FACE($,(#9906, #9950), #9901,.T.);
#9901=PLANE($,#9902);
#9902=AXIS2_PLACEMENT_3D($,#9903,#9904,#9905);
#9903=CARTESIAN_POINT('',(15.558,0.317,3.492));
#9904=DIRECTION('',(0.,0.,1.));
#9905=DIRECTION('',(1.,0.,0.));
#9906=FACE_OUTER_BOUND($,#9907,.T.);
#9907=EDGE_LOOP($,(#9910, #9920, #9930, #9940));
#9910=ORIENTED_EDGE('',*,*,#9325,.T.);
#9920=ORIENTED_EDGE('',*,*,#9374,.T.);
#9930=ORIENTED_EDGE('',*,*,#9423,.T.);
#9940=ORIENTED_EDGE('',*,*,#9472,.T.);
#9950=FACE_BOUND($,#9951,.T.);
#9951=EDGE_LOOP($,(#9952, #9962, #9972, #9982));
#9952=ORIENTED_EDGE('',*,*,#9521,.T.);
#9962=ORIENTED_EDGE('',*,*,#9668,.T.);
#9972=ORIENTED_EDGE('',*,*,#9619,.T.);
#9982=ORIENTED_EDGE('',*,*,#9570,.T.);
#9992=STYLED_ITEM('',(#34),#9993);
#9993=ADVANCED_FACE('',(#9999),#9994,.T.);
#9994=PLANE('',#9995);
#9995=AXIS2_PLACEMENT_3D('',#9996,#9997,#9998);
#9996=CARTESIAN_POINT('',(15.43,-0.191,1.308));
#9997=DIRECTION('',(0.0,0.0,1.0));
#9998=DIRECTION('',(0.,1.,0.));
#9999=FACE_OUTER_BOUND('',#10000,.T.);
#10000=EDGE_LOOP('',(#10001,#10011,#10021,#10031));
#10001=ORIENTED_EDGE('',*,*,#9501,.T.);
#10011=ORIENTED_EDGE('',*,*,#9550,.T.);
#10021=ORIENTED_EDGE('',*,*,#9599,.T.);
#10031=ORIENTED_EDGE('',*,*,#9648,.T.);
#10041=MANIFOLD_SOLID_BREP($,#10042);
#10042=CLOSED_SHELL('',(#10044,#10093,#10142,#10191,#10240,#10289,#10338,#10387,#10436,#10467,#10520,#10573,#10648,#10741));
#10043=STYLED_ITEM('',(#34),#10044);
#10044=ADVANCED_FACE('',(#10050),#10045,.T.);
#10045=PLANE('',#10046);
#10046=AXIS2_PLACEMENT_3D('',#10047,#10048,#10049);
#10047=CARTESIAN_POINT('',(13.017,-0.318,0.762));
#10048=DIRECTION('',(1.0,0.0,0.0));
#10049=DIRECTION('',(0.,0.,1.));
#10050=FACE_OUTER_BOUND('',#10051,.T.);
#10051=EDGE_LOOP('',(#10052,#10062,#10072,#10082));
#10055=CARTESIAN_POINT('',(13.018,0.317,0.762));
#10054=VERTEX_POINT('',#10055);
#10057=CARTESIAN_POINT('',(13.017,-0.318,0.762));
#10056=VERTEX_POINT('',#10057);
#10053=EDGE_CURVE('',#10054,#10056,#10058,.T.);
#10058=LINE('',#10055,#10060);
#10060=VECTOR('',#10061,0.634999991484716);
#10061=DIRECTION('',(0.0,-1.0,0.0));
#10052=ORIENTED_EDGE('',*,*,#10053,.F.);
#10065=CARTESIAN_POINT('',(13.018,0.317,3.492));
#10064=VERTEX_POINT('',#10065);
#10063=EDGE_CURVE('',#10064,#10054,#10068,.T.);
#10068=LINE('',#10065,#10070);
#10070=VECTOR('',#10071,2.7305);
#10071=DIRECTION('',(0.0,0.0,-1.0));
#10062=ORIENTED_EDGE('',*,*,#10063,.F.);
#10075=CARTESIAN_POINT('',(13.017,-0.318,3.492));
#10074=VERTEX_POINT('',#10075);
#10073=EDGE_CURVE('',#10074,#10064,#10078,.T.);
#10078=LINE('',#10075,#10080);
#10080=VECTOR('',#10081,0.634999991484716);
#10081=DIRECTION('',(0.0,1.0,0.0));
#10072=ORIENTED_EDGE('',*,*,#10073,.F.);
#10083=EDGE_CURVE('',#10056,#10074,#10088,.T.);
#10088=LINE('',#10057,#10090);
#10090=VECTOR('',#10091,2.7305);
#10091=DIRECTION('',(0.0,0.0,1.0));
#10082=ORIENTED_EDGE('',*,*,#10083,.F.);
#10092=STYLED_ITEM('',(#34),#10093);
#10093=ADVANCED_FACE('',(#10099),#10094,.T.);
#10094=PLANE('',#10095);
#10095=AXIS2_PLACEMENT_3D('',#10096,#10097,#10098);
#10096=CARTESIAN_POINT('',(13.018,0.317,0.762));
#10097=DIRECTION('',(0.0,1.0,0.0));
#10098=DIRECTION('',(0.,0.,1.));
#10099=FACE_OUTER_BOUND('',#10100,.T.);
#10100=EDGE_LOOP('',(#10101,#10111,#10121,#10131));
#10104=CARTESIAN_POINT('',(12.383,0.318,0.762));
#10103=VERTEX_POINT('',#10104);
#10102=EDGE_CURVE('',#10103,#10054,#10107,.T.);
#10107=LINE('',#10104,#10109);
#10109=VECTOR('',#10110,0.635000025530043);
#10110=DIRECTION('',(1.0,0.0,0.0));
#10101=ORIENTED_EDGE('',*,*,#10102,.F.);
#10114=CARTESIAN_POINT('',(12.383,0.318,3.492));
#10113=VERTEX_POINT('',#10114);
#10112=EDGE_CURVE('',#10113,#10103,#10117,.T.);
#10117=LINE('',#10114,#10119);
#10119=VECTOR('',#10120,2.7305);
#10120=DIRECTION('',(0.0,0.0,-1.0));
#10111=ORIENTED_EDGE('',*,*,#10112,.F.);
#10122=EDGE_CURVE('',#10064,#10113,#10127,.T.);
#10127=LINE('',#10065,#10129);
#10129=VECTOR('',#10130,0.635000025530043);
#10130=DIRECTION('',(-1.0,0.0,0.0));
#10121=ORIENTED_EDGE('',*,*,#10122,.F.);
#10131=ORIENTED_EDGE('',*,*,#10063,.T.);
#10141=STYLED_ITEM('',(#34),#10142);
#10142=ADVANCED_FACE('',(#10148),#10143,.T.);
#10143=PLANE('',#10144);
#10144=AXIS2_PLACEMENT_3D('',#10145,#10146,#10147);
#10145=CARTESIAN_POINT('',(12.383,0.318,0.762));
#10146=DIRECTION('',(-1.0,0.0,0.0));
#10147=DIRECTION('',(0.,0.,1.));
#10148=FACE_OUTER_BOUND('',#10149,.T.);
#10149=EDGE_LOOP('',(#10150,#10160,#10170,#10180));
#10153=CARTESIAN_POINT('',(12.382,-0.317,0.762));
#10152=VERTEX_POINT('',#10153);
#10151=EDGE_CURVE('',#10152,#10103,#10156,.T.);
#10156=LINE('',#10153,#10158);
#10158=VECTOR('',#10159,0.634999991484716);
#10159=DIRECTION('',(0.0,1.0,0.0));
#10150=ORIENTED_EDGE('',*,*,#10151,.F.);
#10163=CARTESIAN_POINT('',(12.382,-0.317,3.492));
#10162=VERTEX_POINT('',#10163);
#10161=EDGE_CURVE('',#10162,#10152,#10166,.T.);
#10166=LINE('',#10163,#10168);
#10168=VECTOR('',#10169,2.7305);
#10169=DIRECTION('',(0.0,0.0,-1.0));
#10160=ORIENTED_EDGE('',*,*,#10161,.F.);
#10171=EDGE_CURVE('',#10113,#10162,#10176,.T.);
#10176=LINE('',#10114,#10178);
#10178=VECTOR('',#10179,0.634999991484716);
#10179=DIRECTION('',(0.0,-1.0,0.0));
#10170=ORIENTED_EDGE('',*,*,#10171,.F.);
#10180=ORIENTED_EDGE('',*,*,#10112,.T.);
#10190=STYLED_ITEM('',(#34),#10191);
#10191=ADVANCED_FACE('',(#10197),#10192,.T.);
#10192=PLANE('',#10193);
#10193=AXIS2_PLACEMENT_3D('',#10194,#10195,#10196);
#10194=CARTESIAN_POINT('',(12.382,-0.317,0.762));
#10195=DIRECTION('',(0.0,-1.0,0.0));
#10196=DIRECTION('',(0.,0.,1.));
#10197=FACE_OUTER_BOUND('',#10198,.T.);
#10198=EDGE_LOOP('',(#10199,#10209,#10219,#10229));
#10200=EDGE_CURVE('',#10056,#10152,#10205,.T.);
#10205=LINE('',#10057,#10207);
#10207=VECTOR('',#10208,0.634999991500525);
#10208=DIRECTION('',(-1.0,0.0,0.0));
#10199=ORIENTED_EDGE('',*,*,#10200,.F.);
#10209=ORIENTED_EDGE('',*,*,#10083,.T.);
#10220=EDGE_CURVE('',#10162,#10074,#10225,.T.);
#10225=LINE('',#10163,#10227);
#10227=VECTOR('',#10228,0.634999991500525);
#10228=DIRECTION('',(1.0,0.0,0.0));
#10219=ORIENTED_EDGE('',*,*,#10220,.F.);
#10229=ORIENTED_EDGE('',*,*,#10161,.T.);
#10239=STYLED_ITEM('',(#34),#10240);
#10240=ADVANCED_FACE('',(#10246),#10241,.T.);
#10241=PLANE('',#10242);
#10242=AXIS2_PLACEMENT_3D('',#10243,#10244,#10245);
#10243=CARTESIAN_POINT('',(12.891,0.19,1.308));
#10244=DIRECTION('',(-1.0,0.0,0.0));
#10245=DIRECTION('',(0.,0.,1.));
#10246=FACE_OUTER_BOUND('',#10247,.T.);
#10247=EDGE_LOOP('',(#10248,#10258,#10268,#10278));
#10251=CARTESIAN_POINT('',(12.89,-0.191,1.308));
#10250=VERTEX_POINT('',#10251);
#10253=CARTESIAN_POINT('',(12.891,0.19,1.308));
#10252=VERTEX_POINT('',#10253);
#10249=EDGE_CURVE('',#10250,#10252,#10254,.T.);
#10254=LINE('',#10251,#10256);
#10256=VECTOR('',#10257,0.380999994890829);
#10257=DIRECTION('',(0.0,1.0,0.0));
#10248=ORIENTED_EDGE('',*,*,#10249,.F.);
#10261=CARTESIAN_POINT('',(12.89,-0.191,3.492));
#10260=VERTEX_POINT('',#10261);
#10259=EDGE_CURVE('',#10260,#10250,#10264,.T.);
#10264=LINE('',#10261,#10266);
#10266=VECTOR('',#10267,2.1844);
#10267=DIRECTION('',(0.0,0.0,-1.0));
#10258=ORIENTED_EDGE('',*,*,#10259,.F.);
#10271=CARTESIAN_POINT('',(12.891,0.19,3.492));
#10270=VERTEX_POINT('',#10271);
#10269=EDGE_CURVE('',#10270,#10260,#10274,.T.);
#10274=LINE('',#10271,#10276);
#10276=VECTOR('',#10277,0.380999994890829);
#10277=DIRECTION('',(0.0,-1.0,0.0));
#10268=ORIENTED_EDGE('',*,*,#10269,.F.);
#10279=EDGE_CURVE('',#10252,#10270,#10284,.T.);
#10284=LINE('',#10253,#10286);
#10286=VECTOR('',#10287,2.1844);
#10287=DIRECTION('',(0.0,0.0,1.0));
#10278=ORIENTED_EDGE('',*,*,#10279,.F.);
#10288=STYLED_ITEM('',(#34),#10289);
#10289=ADVANCED_FACE('',(#10295),#10290,.T.);
#10290=PLANE('',#10291);
#10291=AXIS2_PLACEMENT_3D('',#10292,#10293,#10294);
#10292=CARTESIAN_POINT('',(12.51,0.191,1.308));
#10293=DIRECTION('',(0.0,-1.0,0.0));
#10294=DIRECTION('',(0.,0.,1.));
#10295=FACE_OUTER_BOUND('',#10296,.T.);
#10296=EDGE_LOOP('',(#10297,#10307,#10317,#10327));
#10302=CARTESIAN_POINT('',(12.51,0.191,1.308));
#10301=VERTEX_POINT('',#10302);
#10298=EDGE_CURVE('',#10252,#10301,#10303,.T.);
#10303=LINE('',#10253,#10305);
#10305=VECTOR('',#10306,0.381000015318026);
#10306=DIRECTION('',(-1.0,0.0,0.0));
#10297=ORIENTED_EDGE('',*,*,#10298,.F.);
#10307=ORIENTED_EDGE('',*,*,#10279,.T.);
#10320=CARTESIAN_POINT('',(12.51,0.191,3.492));
#10319=VERTEX_POINT('',#10320);
#10318=EDGE_CURVE('',#10319,#10270,#10323,.T.);
#10323=LINE('',#10320,#10325);
#10325=VECTOR('',#10326,0.381000015318026);
#10326=DIRECTION('',(1.0,0.0,0.0));
#10317=ORIENTED_EDGE('',*,*,#10318,.F.);
#10328=EDGE_CURVE('',#10301,#10319,#10333,.T.);
#10333=LINE('',#10302,#10335);
#10335=VECTOR('',#10336,2.1844);
#10336=DIRECTION('',(0.0,0.0,1.0));
#10327=ORIENTED_EDGE('',*,*,#10328,.F.);
#10337=STYLED_ITEM('',(#34),#10338);
#10338=ADVANCED_FACE('',(#10344),#10339,.T.);
#10339=PLANE('',#10340);
#10340=AXIS2_PLACEMENT_3D('',#10341,#10342,#10343);
#10341=CARTESIAN_POINT('',(12.509,-0.19,1.308));
#10342=DIRECTION('',(1.0,0.0,0.0));
#10343=DIRECTION('',(0.,0.,1.));
#10344=FACE_OUTER_BOUND('',#10345,.T.);
#10345=EDGE_LOOP('',(#10346,#10356,#10366,#10376));
#10351=CARTESIAN_POINT('',(12.509,-0.19,1.308));
#10350=VERTEX_POINT('',#10351);
#10347=EDGE_CURVE('',#10301,#10350,#10352,.T.);
#10352=LINE('',#10302,#10354);
#10354=VECTOR('',#10355,0.380999994890829);
#10355=DIRECTION('',(0.0,-1.0,0.0));
#10346=ORIENTED_EDGE('',*,*,#10347,.F.);
#10356=ORIENTED_EDGE('',*,*,#10328,.T.);
#10369=CARTESIAN_POINT('',(12.509,-0.19,3.492));
#10368=VERTEX_POINT('',#10369);
#10367=EDGE_CURVE('',#10368,#10319,#10372,.T.);
#10372=LINE('',#10369,#10374);
#10374=VECTOR('',#10375,0.380999994890829);
#10375=DIRECTION('',(0.0,1.0,0.0));
#10366=ORIENTED_EDGE('',*,*,#10367,.F.);
#10377=EDGE_CURVE('',#10350,#10368,#10382,.T.);
#10382=LINE('',#10351,#10384);
#10384=VECTOR('',#10385,2.1844);
#10385=DIRECTION('',(0.0,0.0,1.0));
#10376=ORIENTED_EDGE('',*,*,#10377,.F.);
#10386=STYLED_ITEM('',(#34),#10387);
#10387=ADVANCED_FACE('',(#10393),#10388,.T.);
#10388=PLANE('',#10389);
#10389=AXIS2_PLACEMENT_3D('',#10390,#10391,#10392);
#10390=CARTESIAN_POINT('',(12.89,-0.191,1.308));
#10391=DIRECTION('',(0.0,1.0,0.0));
#10392=DIRECTION('',(0.,0.,1.));
#10393=FACE_OUTER_BOUND('',#10394,.T.);
#10394=EDGE_LOOP('',(#10395,#10405,#10415,#10425));
#10396=EDGE_CURVE('',#10350,#10250,#10401,.T.);
#10401=LINE('',#10351,#10403);
#10403=VECTOR('',#10404,0.380999994900315);
#10404=DIRECTION('',(1.0,0.0,0.0));
#10395=ORIENTED_EDGE('',*,*,#10396,.F.);
#10405=ORIENTED_EDGE('',*,*,#10377,.T.);
#10416=EDGE_CURVE('',#10260,#10368,#10421,.T.);
#10421=LINE('',#10261,#10423);
#10423=VECTOR('',#10424,0.380999994900315);
#10424=DIRECTION('',(-1.0,0.0,0.0));
#10415=ORIENTED_EDGE('',*,*,#10416,.F.);
#10425=ORIENTED_EDGE('',*,*,#10259,.T.);
#10435=STYLED_ITEM('color',(#34),#10436);
#10436=ADVANCED_FACE($,(#10442),#10437,.T.);
#10437=PLANE($,#10438);
#10438=AXIS2_PLACEMENT_3D($,#10439,#10440,#10441);
#10439=CARTESIAN_POINT('',(12.7,0.0,-4.318));
#10440=DIRECTION('',(0.,0.,-1.));
#10441=DIRECTION('',(0.,1.,0.));
#10442=FACE_OUTER_BOUND($,#10443,.T.);
#10443=EDGE_LOOP($,(#10444, #10455));
#10447=CARTESIAN_POINT('',(12.7,-0.315,-4.318));
#10446=VERTEX_POINT('',#10447);
#10449=CARTESIAN_POINT('',(12.7,0.315,-4.318));
#10448=VERTEX_POINT('',#10449);
#10445=EDGE_CURVE($,#10446,#10448,#10450,.T.);
#10450=CIRCLE($,#10451,0.31496);
#10452=CARTESIAN_POINT('',(12.7,0.0,-4.318));
#10451=AXIS2_PLACEMENT_3D($,#10452,#10453,#10454);
#10453=DIRECTION('',(0.0,0.0,1.0));
#10454=DIRECTION('',(0.0,-1.0,0.0));
#10444=ORIENTED_EDGE('',*,*,#10445,.F.);
#10456=EDGE_CURVE($,#10448,#10446,#10461,.T.);
#10461=CIRCLE($,#10462,0.31496);
#10462=AXIS2_PLACEMENT_3D($,#10452,#10464,#10465);
#10464=DIRECTION('',(0.0,0.0,1.0));
#10465=DIRECTION('',(0.0,1.0,0.0));
#10455=ORIENTED_EDGE('',*,*,#10456,.F.);
#10466=STYLED_ITEM('color',(#34),#10467);
#10467=ADVANCED_FACE($,(#10473),#10468,.T.);
#10468=CYLINDRICAL_SURFACE($,#10469,0.31496);
#10469=AXIS2_PLACEMENT_3D($,#10470,#10471,#10472);
#10470=CARTESIAN_POINT('',(12.7,0.0,-4.318));
#10471=DIRECTION('',(0.,0.,1.));
#10472=DIRECTION('',(1.,0.,0.));
#10473=FACE_OUTER_BOUND($,#10474,.T.);
#10474=EDGE_LOOP($,(#10497, #10475, #10507, #10486));
#10502=CARTESIAN_POINT('',(12.7,-0.315,0.762));
#10501=VERTEX_POINT('',#10502);
#10498=EDGE_CURVE('',#10446,#10501,#10503,.T.);
#10503=LINE('',#10447,#10505);
#10505=VECTOR('',#10506,5.08);
#10506=DIRECTION('',(0.0,0.0,1.0));
#10497=ORIENTED_EDGE('',*,*,#10498,.F.);
#10475=ORIENTED_EDGE('',*,*,#10445,.T.);
#10510=CARTESIAN_POINT('',(12.7,0.315,0.762));
#10509=VERTEX_POINT('',#10510);
#10508=EDGE_CURVE('',#10509,#10448,#10513,.T.);
#10513=LINE('',#10510,#10515);
#10515=VECTOR('',#10516,5.08);
#10516=DIRECTION('',(0.0,0.0,-1.0));
#10507=ORIENTED_EDGE('',*,*,#10508,.F.);
#10487=EDGE_CURVE($,#10501,#10509,#10492,.T.);
#10492=CIRCLE($,#10493,0.31496);
#10494=CARTESIAN_POINT('',(12.7,0.0,0.762));
#10493=AXIS2_PLACEMENT_3D($,#10494,#10495,#10496);
#10495=DIRECTION('',(0.0,0.0,1.0));
#10496=DIRECTION('',(0.0,1.0,0.0));
#10486=ORIENTED_EDGE('',*,*,#10487,.F.);
#10519=STYLED_ITEM('color',(#34),#10520);
#10520=ADVANCED_FACE($,(#10526),#10521,.T.);
#10521=CYLINDRICAL_SURFACE($,#10522,0.31496);
#10522=AXIS2_PLACEMENT_3D($,#10523,#10524,#10525);
#10523=CARTESIAN_POINT('',(12.7,0.0,-4.318));
#10524=DIRECTION('',(0.,0.,1.));
#10525=DIRECTION('',(1.,0.,0.));
#10526=FACE_OUTER_BOUND($,#10527,.T.);
#10527=EDGE_LOOP($,(#10550, #10528, #10560, #10539));
#10550=ORIENTED_EDGE('',*,*,#10508,.T.);
#10528=ORIENTED_EDGE('',*,*,#10456,.T.);
#10560=ORIENTED_EDGE('',*,*,#10498,.T.);
#10540=EDGE_CURVE($,#10509,#10501,#10545,.T.);
#10545=CIRCLE($,#10546,0.31496);
#10546=AXIS2_PLACEMENT_3D($,#10494,#10548,#10549);
#10548=DIRECTION('',(0.0,0.0,1.0));
#10549=DIRECTION('',(0.0,-1.0,0.0));
#10539=ORIENTED_EDGE('',*,*,#10540,.F.);
#10572=STYLED_ITEM('color',(#34),#10573);
#10573=ADVANCED_FACE($,(#10579, #10623), #10574,.T.);
#10574=PLANE($,#10575);
#10575=AXIS2_PLACEMENT_3D($,#10576,#10577,#10578);
#10576=CARTESIAN_POINT('',(13.018,0.317,0.762));
#10577=DIRECTION('',(0.,0.,-1.));
#10578=DIRECTION('',(1.,0.,0.));
#10579=FACE_OUTER_BOUND($,#10580,.T.);
#10580=EDGE_LOOP($,(#10583, #10593, #10603, #10613));
#10583=ORIENTED_EDGE('',*,*,#10053,.T.);
#10593=ORIENTED_EDGE('',*,*,#10200,.T.);
#10603=ORIENTED_EDGE('',*,*,#10151,.T.);
#10613=ORIENTED_EDGE('',*,*,#10102,.T.);
#10623=FACE_BOUND($,#10624,.T.);
#10624=EDGE_LOOP($,(#10625, #10636));
#10625=ORIENTED_EDGE('',*,*,#10487,.T.);
#10636=ORIENTED_EDGE('',*,*,#10540,.T.);
#10647=STYLED_ITEM('color',(#34),#10648);
#10648=ADVANCED_FACE($,(#10654, #10698), #10649,.T.);
#10649=PLANE($,#10650);
#10650=AXIS2_PLACEMENT_3D($,#10651,#10652,#10653);
#10651=CARTESIAN_POINT('',(13.018,0.317,3.492));
#10652=DIRECTION('',(0.,0.,1.));
#10653=DIRECTION('',(1.,0.,0.));
#10654=FACE_OUTER_BOUND($,#10655,.T.);
#10655=EDGE_LOOP($,(#10658, #10668, #10678, #10688));
#10658=ORIENTED_EDGE('',*,*,#10073,.T.);
#10668=ORIENTED_EDGE('',*,*,#10122,.T.);
#10678=ORIENTED_EDGE('',*,*,#10171,.T.);
#10688=ORIENTED_EDGE('',*,*,#10220,.T.);
#10698=FACE_BOUND($,#10699,.T.);
#10699=EDGE_LOOP($,(#10700, #10710, #10720, #10730));
#10700=ORIENTED_EDGE('',*,*,#10269,.T.);
#10710=ORIENTED_EDGE('',*,*,#10416,.T.);
#10720=ORIENTED_EDGE('',*,*,#10367,.T.);
#10730=ORIENTED_EDGE('',*,*,#10318,.T.);
#10740=STYLED_ITEM('',(#34),#10741);
#10741=ADVANCED_FACE('',(#10747),#10742,.T.);
#10742=PLANE('',#10743);
#10743=AXIS2_PLACEMENT_3D('',#10744,#10745,#10746);
#10744=CARTESIAN_POINT('',(12.89,-0.191,1.308));
#10745=DIRECTION('',(0.0,0.0,1.0));
#10746=DIRECTION('',(0.,1.,0.));
#10747=FACE_OUTER_BOUND('',#10748,.T.);
#10748=EDGE_LOOP('',(#10749,#10759,#10769,#10779));
#10749=ORIENTED_EDGE('',*,*,#10249,.T.);
#10759=ORIENTED_EDGE('',*,*,#10298,.T.);
#10769=ORIENTED_EDGE('',*,*,#10347,.T.);
#10779=ORIENTED_EDGE('',*,*,#10396,.T.);
#10789=MANIFOLD_SOLID_BREP($,#10790);
#10790=CLOSED_SHELL('',(#10792,#10841,#10890,#10939,#10988,#11037,#11086,#11135,#11184,#11215,#11268,#11321,#11396,#11489));
#10791=STYLED_ITEM('',(#34),#10792);
#10792=ADVANCED_FACE('',(#10798),#10793,.T.);
#10793=PLANE('',#10794);
#10794=AXIS2_PLACEMENT_3D('',#10795,#10796,#10797);
#10795=CARTESIAN_POINT('',(10.477,-0.318,0.762));
#10796=DIRECTION('',(1.0,0.0,0.0));
#10797=DIRECTION('',(0.,0.,1.));
#10798=FACE_OUTER_BOUND('',#10799,.T.);
#10799=EDGE_LOOP('',(#10800,#10810,#10820,#10830));
#10803=CARTESIAN_POINT('',(10.478,0.317,0.762));
#10802=VERTEX_POINT('',#10803);
#10805=CARTESIAN_POINT('',(10.477,-0.318,0.762));
#10804=VERTEX_POINT('',#10805);
#10801=EDGE_CURVE('',#10802,#10804,#10806,.T.);
#10806=LINE('',#10803,#10808);
#10808=VECTOR('',#10809,0.634999991484716);
#10809=DIRECTION('',(0.0,-1.0,0.0));
#10800=ORIENTED_EDGE('',*,*,#10801,.F.);
#10813=CARTESIAN_POINT('',(10.478,0.317,3.492));
#10812=VERTEX_POINT('',#10813);
#10811=EDGE_CURVE('',#10812,#10802,#10816,.T.);
#10816=LINE('',#10813,#10818);
#10818=VECTOR('',#10819,2.7305);
#10819=DIRECTION('',(0.0,0.0,-1.0));
#10810=ORIENTED_EDGE('',*,*,#10811,.F.);
#10823=CARTESIAN_POINT('',(10.477,-0.318,3.492));
#10822=VERTEX_POINT('',#10823);
#10821=EDGE_CURVE('',#10822,#10812,#10826,.T.);
#10826=LINE('',#10823,#10828);
#10828=VECTOR('',#10829,0.634999991484716);
#10829=DIRECTION('',(0.0,1.0,0.0));
#10820=ORIENTED_EDGE('',*,*,#10821,.F.);
#10831=EDGE_CURVE('',#10804,#10822,#10836,.T.);
#10836=LINE('',#10805,#10838);
#10838=VECTOR('',#10839,2.7305);
#10839=DIRECTION('',(0.0,0.0,1.0));
#10830=ORIENTED_EDGE('',*,*,#10831,.F.);
#10840=STYLED_ITEM('',(#34),#10841);
#10841=ADVANCED_FACE('',(#10847),#10842,.T.);
#10842=PLANE('',#10843);
#10843=AXIS2_PLACEMENT_3D('',#10844,#10845,#10846);
#10844=CARTESIAN_POINT('',(10.478,0.317,0.762));
#10845=DIRECTION('',(0.0,1.0,0.0));
#10846=DIRECTION('',(0.,0.,1.));
#10847=FACE_OUTER_BOUND('',#10848,.T.);
#10848=EDGE_LOOP('',(#10849,#10859,#10869,#10879));
#10852=CARTESIAN_POINT('',(9.843,0.318,0.762));
#10851=VERTEX_POINT('',#10852);
#10850=EDGE_CURVE('',#10851,#10802,#10855,.T.);
#10855=LINE('',#10852,#10857);
#10857=VECTOR('',#10858,0.635000025530043);
#10858=DIRECTION('',(1.0,0.0,0.0));
#10849=ORIENTED_EDGE('',*,*,#10850,.F.);
#10862=CARTESIAN_POINT('',(9.843,0.318,3.492));
#10861=VERTEX_POINT('',#10862);
#10860=EDGE_CURVE('',#10861,#10851,#10865,.T.);
#10865=LINE('',#10862,#10867);
#10867=VECTOR('',#10868,2.7305);
#10868=DIRECTION('',(0.0,0.0,-1.0));
#10859=ORIENTED_EDGE('',*,*,#10860,.F.);
#10870=EDGE_CURVE('',#10812,#10861,#10875,.T.);
#10875=LINE('',#10813,#10877);
#10877=VECTOR('',#10878,0.635000025530043);
#10878=DIRECTION('',(-1.0,0.0,0.0));
#10869=ORIENTED_EDGE('',*,*,#10870,.F.);
#10879=ORIENTED_EDGE('',*,*,#10811,.T.);
#10889=STYLED_ITEM('',(#34),#10890);
#10890=ADVANCED_FACE('',(#10896),#10891,.T.);
#10891=PLANE('',#10892);
#10892=AXIS2_PLACEMENT_3D('',#10893,#10894,#10895);
#10893=CARTESIAN_POINT('',(9.843,0.318,0.762));
#10894=DIRECTION('',(-1.0,0.0,0.0));
#10895=DIRECTION('',(0.,0.,1.));
#10896=FACE_OUTER_BOUND('',#10897,.T.);
#10897=EDGE_LOOP('',(#10898,#10908,#10918,#10928));
#10901=CARTESIAN_POINT('',(9.842,-0.317,0.762));
#10900=VERTEX_POINT('',#10901);
#10899=EDGE_CURVE('',#10900,#10851,#10904,.T.);
#10904=LINE('',#10901,#10906);
#10906=VECTOR('',#10907,0.634999991484716);
#10907=DIRECTION('',(0.0,1.0,0.0));
#10898=ORIENTED_EDGE('',*,*,#10899,.F.);
#10911=CARTESIAN_POINT('',(9.842,-0.317,3.492));
#10910=VERTEX_POINT('',#10911);
#10909=EDGE_CURVE('',#10910,#10900,#10914,.T.);
#10914=LINE('',#10911,#10916);
#10916=VECTOR('',#10917,2.7305);
#10917=DIRECTION('',(0.0,0.0,-1.0));
#10908=ORIENTED_EDGE('',*,*,#10909,.F.);
#10919=EDGE_CURVE('',#10861,#10910,#10924,.T.);
#10924=LINE('',#10862,#10926);
#10926=VECTOR('',#10927,0.634999991484716);
#10927=DIRECTION('',(0.0,-1.0,0.0));
#10918=ORIENTED_EDGE('',*,*,#10919,.F.);
#10928=ORIENTED_EDGE('',*,*,#10860,.T.);
#10938=STYLED_ITEM('',(#34),#10939);
#10939=ADVANCED_FACE('',(#10945),#10940,.T.);
#10940=PLANE('',#10941);
#10941=AXIS2_PLACEMENT_3D('',#10942,#10943,#10944);
#10942=CARTESIAN_POINT('',(9.842,-0.317,0.762));
#10943=DIRECTION('',(0.0,-1.0,0.0));
#10944=DIRECTION('',(0.,0.,1.));
#10945=FACE_OUTER_BOUND('',#10946,.T.);
#10946=EDGE_LOOP('',(#10947,#10957,#10967,#10977));
#10948=EDGE_CURVE('',#10804,#10900,#10953,.T.);
#10953=LINE('',#10805,#10955);
#10955=VECTOR('',#10956,0.634999991500525);
#10956=DIRECTION('',(-1.0,0.0,0.0));
#10947=ORIENTED_EDGE('',*,*,#10948,.F.);
#10957=ORIENTED_EDGE('',*,*,#10831,.T.);
#10968=EDGE_CURVE('',#10910,#10822,#10973,.T.);
#10973=LINE('',#10911,#10975);
#10975=VECTOR('',#10976,0.634999991500525);
#10976=DIRECTION('',(1.0,0.0,0.0));
#10967=ORIENTED_EDGE('',*,*,#10968,.F.);
#10977=ORIENTED_EDGE('',*,*,#10909,.T.);
#10987=STYLED_ITEM('',(#34),#10988);
#10988=ADVANCED_FACE('',(#10994),#10989,.T.);
#10989=PLANE('',#10990);
#10990=AXIS2_PLACEMENT_3D('',#10991,#10992,#10993);
#10991=CARTESIAN_POINT('',(10.351,0.19,1.308));
#10992=DIRECTION('',(-1.0,0.0,0.0));
#10993=DIRECTION('',(0.,0.,1.));
#10994=FACE_OUTER_BOUND('',#10995,.T.);
#10995=EDGE_LOOP('',(#10996,#11006,#11016,#11026));
#10999=CARTESIAN_POINT('',(10.35,-0.191,1.308));
#10998=VERTEX_POINT('',#10999);
#11001=CARTESIAN_POINT('',(10.351,0.19,1.308));
#11000=VERTEX_POINT('',#11001);
#10997=EDGE_CURVE('',#10998,#11000,#11002,.T.);
#11002=LINE('',#10999,#11004);
#11004=VECTOR('',#11005,0.380999994890829);
#11005=DIRECTION('',(0.0,1.0,0.0));
#10996=ORIENTED_EDGE('',*,*,#10997,.F.);
#11009=CARTESIAN_POINT('',(10.35,-0.191,3.492));
#11008=VERTEX_POINT('',#11009);
#11007=EDGE_CURVE('',#11008,#10998,#11012,.T.);
#11012=LINE('',#11009,#11014);
#11014=VECTOR('',#11015,2.1844);
#11015=DIRECTION('',(0.0,0.0,-1.0));
#11006=ORIENTED_EDGE('',*,*,#11007,.F.);
#11019=CARTESIAN_POINT('',(10.351,0.19,3.492));
#11018=VERTEX_POINT('',#11019);
#11017=EDGE_CURVE('',#11018,#11008,#11022,.T.);
#11022=LINE('',#11019,#11024);
#11024=VECTOR('',#11025,0.380999994890829);
#11025=DIRECTION('',(0.0,-1.0,0.0));
#11016=ORIENTED_EDGE('',*,*,#11017,.F.);
#11027=EDGE_CURVE('',#11000,#11018,#11032,.T.);
#11032=LINE('',#11001,#11034);
#11034=VECTOR('',#11035,2.1844);
#11035=DIRECTION('',(0.0,0.0,1.0));
#11026=ORIENTED_EDGE('',*,*,#11027,.F.);
#11036=STYLED_ITEM('',(#34),#11037);
#11037=ADVANCED_FACE('',(#11043),#11038,.T.);
#11038=PLANE('',#11039);
#11039=AXIS2_PLACEMENT_3D('',#11040,#11041,#11042);
#11040=CARTESIAN_POINT('',(9.97,0.191,1.308));
#11041=DIRECTION('',(0.0,-1.0,0.0));
#11042=DIRECTION('',(0.,0.,1.));
#11043=FACE_OUTER_BOUND('',#11044,.T.);
#11044=EDGE_LOOP('',(#11045,#11055,#11065,#11075));
#11050=CARTESIAN_POINT('',(9.97,0.191,1.308));
#11049=VERTEX_POINT('',#11050);
#11046=EDGE_CURVE('',#11000,#11049,#11051,.T.);
#11051=LINE('',#11001,#11053);
#11053=VECTOR('',#11054,0.381000015318026);
#11054=DIRECTION('',(-1.0,0.0,0.0));
#11045=ORIENTED_EDGE('',*,*,#11046,.F.);
#11055=ORIENTED_EDGE('',*,*,#11027,.T.);
#11068=CARTESIAN_POINT('',(9.97,0.191,3.492));
#11067=VERTEX_POINT('',#11068);
#11066=EDGE_CURVE('',#11067,#11018,#11071,.T.);
#11071=LINE('',#11068,#11073);
#11073=VECTOR('',#11074,0.381000015318026);
#11074=DIRECTION('',(1.0,0.0,0.0));
#11065=ORIENTED_EDGE('',*,*,#11066,.F.);
#11076=EDGE_CURVE('',#11049,#11067,#11081,.T.);
#11081=LINE('',#11050,#11083);
#11083=VECTOR('',#11084,2.1844);
#11084=DIRECTION('',(0.0,0.0,1.0));
#11075=ORIENTED_EDGE('',*,*,#11076,.F.);
#11085=STYLED_ITEM('',(#34),#11086);
#11086=ADVANCED_FACE('',(#11092),#11087,.T.);
#11087=PLANE('',#11088);
#11088=AXIS2_PLACEMENT_3D('',#11089,#11090,#11091);
#11089=CARTESIAN_POINT('',(9.969,-0.19,1.308));
#11090=DIRECTION('',(1.0,0.0,0.0));
#11091=DIRECTION('',(0.,0.,1.));
#11092=FACE_OUTER_BOUND('',#11093,.T.);
#11093=EDGE_LOOP('',(#11094,#11104,#11114,#11124));
#11099=CARTESIAN_POINT('',(9.969,-0.19,1.308));
#11098=VERTEX_POINT('',#11099);
#11095=EDGE_CURVE('',#11049,#11098,#11100,.T.);
#11100=LINE('',#11050,#11102);
#11102=VECTOR('',#11103,0.380999994890829);
#11103=DIRECTION('',(0.0,-1.0,0.0));
#11094=ORIENTED_EDGE('',*,*,#11095,.F.);
#11104=ORIENTED_EDGE('',*,*,#11076,.T.);
#11117=CARTESIAN_POINT('',(9.969,-0.19,3.492));
#11116=VERTEX_POINT('',#11117);
#11115=EDGE_CURVE('',#11116,#11067,#11120,.T.);
#11120=LINE('',#11117,#11122);
#11122=VECTOR('',#11123,0.380999994890829);
#11123=DIRECTION('',(0.0,1.0,0.0));
#11114=ORIENTED_EDGE('',*,*,#11115,.F.);
#11125=EDGE_CURVE('',#11098,#11116,#11130,.T.);
#11130=LINE('',#11099,#11132);
#11132=VECTOR('',#11133,2.1844);
#11133=DIRECTION('',(0.0,0.0,1.0));
#11124=ORIENTED_EDGE('',*,*,#11125,.F.);
#11134=STYLED_ITEM('',(#34),#11135);
#11135=ADVANCED_FACE('',(#11141),#11136,.T.);
#11136=PLANE('',#11137);
#11137=AXIS2_PLACEMENT_3D('',#11138,#11139,#11140);
#11138=CARTESIAN_POINT('',(10.35,-0.191,1.308));
#11139=DIRECTION('',(0.0,1.0,0.0));
#11140=DIRECTION('',(0.,0.,1.));
#11141=FACE_OUTER_BOUND('',#11142,.T.);
#11142=EDGE_LOOP('',(#11143,#11153,#11163,#11173));
#11144=EDGE_CURVE('',#11098,#10998,#11149,.T.);
#11149=LINE('',#11099,#11151);
#11151=VECTOR('',#11152,0.380999994900315);
#11152=DIRECTION('',(1.0,0.0,0.0));
#11143=ORIENTED_EDGE('',*,*,#11144,.F.);
#11153=ORIENTED_EDGE('',*,*,#11125,.T.);
#11164=EDGE_CURVE('',#11008,#11116,#11169,.T.);
#11169=LINE('',#11009,#11171);
#11171=VECTOR('',#11172,0.380999994900315);
#11172=DIRECTION('',(-1.0,0.0,0.0));
#11163=ORIENTED_EDGE('',*,*,#11164,.F.);
#11173=ORIENTED_EDGE('',*,*,#11007,.T.);
#11183=STYLED_ITEM('color',(#34),#11184);
#11184=ADVANCED_FACE($,(#11190),#11185,.T.);
#11185=PLANE($,#11186);
#11186=AXIS2_PLACEMENT_3D($,#11187,#11188,#11189);
#11187=CARTESIAN_POINT('',(10.16,0.0,-4.318));
#11188=DIRECTION('',(0.,0.,-1.));
#11189=DIRECTION('',(0.,1.,0.));
#11190=FACE_OUTER_BOUND($,#11191,.T.);
#11191=EDGE_LOOP($,(#11192, #11203));
#11195=CARTESIAN_POINT('',(10.16,-0.315,-4.318));
#11194=VERTEX_POINT('',#11195);
#11197=CARTESIAN_POINT('',(10.16,0.315,-4.318));
#11196=VERTEX_POINT('',#11197);
#11193=EDGE_CURVE($,#11194,#11196,#11198,.T.);
#11198=CIRCLE($,#11199,0.31496);
#11200=CARTESIAN_POINT('',(10.16,0.0,-4.318));
#11199=AXIS2_PLACEMENT_3D($,#11200,#11201,#11202);
#11201=DIRECTION('',(0.0,0.0,1.0));
#11202=DIRECTION('',(0.0,-1.0,0.0));
#11192=ORIENTED_EDGE('',*,*,#11193,.F.);
#11204=EDGE_CURVE($,#11196,#11194,#11209,.T.);
#11209=CIRCLE($,#11210,0.31496);
#11210=AXIS2_PLACEMENT_3D($,#11200,#11212,#11213);
#11212=DIRECTION('',(0.0,0.0,1.0));
#11213=DIRECTION('',(0.0,1.0,0.0));
#11203=ORIENTED_EDGE('',*,*,#11204,.F.);
#11214=STYLED_ITEM('color',(#34),#11215);
#11215=ADVANCED_FACE($,(#11221),#11216,.T.);
#11216=CYLINDRICAL_SURFACE($,#11217,0.31496);
#11217=AXIS2_PLACEMENT_3D($,#11218,#11219,#11220);
#11218=CARTESIAN_POINT('',(10.16,0.0,-4.318));
#11219=DIRECTION('',(0.,0.,1.));
#11220=DIRECTION('',(1.,0.,0.));
#11221=FACE_OUTER_BOUND($,#11222,.T.);
#11222=EDGE_LOOP($,(#11245, #11223, #11255, #11234));
#11250=CARTESIAN_POINT('',(10.16,-0.315,0.762));
#11249=VERTEX_POINT('',#11250);
#11246=EDGE_CURVE('',#11194,#11249,#11251,.T.);
#11251=LINE('',#11195,#11253);
#11253=VECTOR('',#11254,5.08);
#11254=DIRECTION('',(0.0,0.0,1.0));
#11245=ORIENTED_EDGE('',*,*,#11246,.F.);
#11223=ORIENTED_EDGE('',*,*,#11193,.T.);
#11258=CARTESIAN_POINT('',(10.16,0.315,0.762));
#11257=VERTEX_POINT('',#11258);
#11256=EDGE_CURVE('',#11257,#11196,#11261,.T.);
#11261=LINE('',#11258,#11263);
#11263=VECTOR('',#11264,5.08);
#11264=DIRECTION('',(0.0,0.0,-1.0));
#11255=ORIENTED_EDGE('',*,*,#11256,.F.);
#11235=EDGE_CURVE($,#11249,#11257,#11240,.T.);
#11240=CIRCLE($,#11241,0.31496);
#11242=CARTESIAN_POINT('',(10.16,0.0,0.762));
#11241=AXIS2_PLACEMENT_3D($,#11242,#11243,#11244);
#11243=DIRECTION('',(0.0,0.0,1.0));
#11244=DIRECTION('',(0.0,1.0,0.0));
#11234=ORIENTED_EDGE('',*,*,#11235,.F.);
#11267=STYLED_ITEM('color',(#34),#11268);
#11268=ADVANCED_FACE($,(#11274),#11269,.T.);
#11269=CYLINDRICAL_SURFACE($,#11270,0.31496);
#11270=AXIS2_PLACEMENT_3D($,#11271,#11272,#11273);
#11271=CARTESIAN_POINT('',(10.16,0.0,-4.318));
#11272=DIRECTION('',(0.,0.,1.));
#11273=DIRECTION('',(1.,0.,0.));
#11274=FACE_OUTER_BOUND($,#11275,.T.);
#11275=EDGE_LOOP($,(#11298, #11276, #11308, #11287));
#11298=ORIENTED_EDGE('',*,*,#11256,.T.);
#11276=ORIENTED_EDGE('',*,*,#11204,.T.);
#11308=ORIENTED_EDGE('',*,*,#11246,.T.);
#11288=EDGE_CURVE($,#11257,#11249,#11293,.T.);
#11293=CIRCLE($,#11294,0.31496);
#11294=AXIS2_PLACEMENT_3D($,#11242,#11296,#11297);
#11296=DIRECTION('',(0.0,0.0,1.0));
#11297=DIRECTION('',(0.0,-1.0,0.0));
#11287=ORIENTED_EDGE('',*,*,#11288,.F.);
#11320=STYLED_ITEM('color',(#34),#11321);
#11321=ADVANCED_FACE($,(#11327, #11371), #11322,.T.);
#11322=PLANE($,#11323);
#11323=AXIS2_PLACEMENT_3D($,#11324,#11325,#11326);
#11324=CARTESIAN_POINT('',(10.478,0.317,0.762));
#11325=DIRECTION('',(0.,0.,-1.));
#11326=DIRECTION('',(1.,0.,0.));
#11327=FACE_OUTER_BOUND($,#11328,.T.);
#11328=EDGE_LOOP($,(#11331, #11341, #11351, #11361));
#11331=ORIENTED_EDGE('',*,*,#10801,.T.);
#11341=ORIENTED_EDGE('',*,*,#10948,.T.);
#11351=ORIENTED_EDGE('',*,*,#10899,.T.);
#11361=ORIENTED_EDGE('',*,*,#10850,.T.);
#11371=FACE_BOUND($,#11372,.T.);
#11372=EDGE_LOOP($,(#11373, #11384));
#11373=ORIENTED_EDGE('',*,*,#11235,.T.);
#11384=ORIENTED_EDGE('',*,*,#11288,.T.);
#11395=STYLED_ITEM('color',(#34),#11396);
#11396=ADVANCED_FACE($,(#11402, #11446), #11397,.T.);
#11397=PLANE($,#11398);
#11398=AXIS2_PLACEMENT_3D($,#11399,#11400,#11401);
#11399=CARTESIAN_POINT('',(10.478,0.317,3.492));
#11400=DIRECTION('',(0.,0.,1.));
#11401=DIRECTION('',(1.,0.,0.));
#11402=FACE_OUTER_BOUND($,#11403,.T.);
#11403=EDGE_LOOP($,(#11406, #11416, #11426, #11436));
#11406=ORIENTED_EDGE('',*,*,#10821,.T.);
#11416=ORIENTED_EDGE('',*,*,#10870,.T.);
#11426=ORIENTED_EDGE('',*,*,#10919,.T.);
#11436=ORIENTED_EDGE('',*,*,#10968,.T.);
#11446=FACE_BOUND($,#11447,.T.);
#11447=EDGE_LOOP($,(#11448, #11458, #11468, #11478));
#11448=ORIENTED_EDGE('',*,*,#11017,.T.);
#11458=ORIENTED_EDGE('',*,*,#11164,.T.);
#11468=ORIENTED_EDGE('',*,*,#11115,.T.);
#11478=ORIENTED_EDGE('',*,*,#11066,.T.);
#11488=STYLED_ITEM('',(#34),#11489);
#11489=ADVANCED_FACE('',(#11495),#11490,.T.);
#11490=PLANE('',#11491);
#11491=AXIS2_PLACEMENT_3D('',#11492,#11493,#11494);
#11492=CARTESIAN_POINT('',(10.35,-0.191,1.308));
#11493=DIRECTION('',(0.0,0.0,1.0));
#11494=DIRECTION('',(0.,1.,0.));
#11495=FACE_OUTER_BOUND('',#11496,.T.);
#11496=EDGE_LOOP('',(#11497,#11507,#11517,#11527));
#11497=ORIENTED_EDGE('',*,*,#10997,.T.);
#11507=ORIENTED_EDGE('',*,*,#11046,.T.);
#11517=ORIENTED_EDGE('',*,*,#11095,.T.);
#11527=ORIENTED_EDGE('',*,*,#11144,.T.);
#11537=MANIFOLD_SOLID_BREP($,#11538);
#11538=CLOSED_SHELL('',(#11540,#11589,#11638,#11687,#11736,#11785,#11834,#11883,#11932,#11963,#12016,#12069,#12144,#12237));
#11539=STYLED_ITEM('',(#34),#11540);
#11540=ADVANCED_FACE('',(#11546),#11541,.T.);
#11541=PLANE('',#11542);
#11542=AXIS2_PLACEMENT_3D('',#11543,#11544,#11545);
#11543=CARTESIAN_POINT('',(7.937,-0.318,0.762));
#11544=DIRECTION('',(1.0,0.0,0.0));
#11545=DIRECTION('',(0.,0.,1.));
#11546=FACE_OUTER_BOUND('',#11547,.T.);
#11547=EDGE_LOOP('',(#11548,#11558,#11568,#11578));
#11551=CARTESIAN_POINT('',(7.938,0.317,0.762));
#11550=VERTEX_POINT('',#11551);
#11553=CARTESIAN_POINT('',(7.937,-0.318,0.762));
#11552=VERTEX_POINT('',#11553);
#11549=EDGE_CURVE('',#11550,#11552,#11554,.T.);
#11554=LINE('',#11551,#11556);
#11556=VECTOR('',#11557,0.634999991484716);
#11557=DIRECTION('',(0.0,-1.0,0.0));
#11548=ORIENTED_EDGE('',*,*,#11549,.F.);
#11561=CARTESIAN_POINT('',(7.938,0.317,3.492));
#11560=VERTEX_POINT('',#11561);
#11559=EDGE_CURVE('',#11560,#11550,#11564,.T.);
#11564=LINE('',#11561,#11566);
#11566=VECTOR('',#11567,2.7305);
#11567=DIRECTION('',(0.0,0.0,-1.0));
#11558=ORIENTED_EDGE('',*,*,#11559,.F.);
#11571=CARTESIAN_POINT('',(7.937,-0.318,3.492));
#11570=VERTEX_POINT('',#11571);
#11569=EDGE_CURVE('',#11570,#11560,#11574,.T.);
#11574=LINE('',#11571,#11576);
#11576=VECTOR('',#11577,0.634999991484716);
#11577=DIRECTION('',(0.0,1.0,0.0));
#11568=ORIENTED_EDGE('',*,*,#11569,.F.);
#11579=EDGE_CURVE('',#11552,#11570,#11584,.T.);
#11584=LINE('',#11553,#11586);
#11586=VECTOR('',#11587,2.7305);
#11587=DIRECTION('',(0.0,0.0,1.0));
#11578=ORIENTED_EDGE('',*,*,#11579,.F.);
#11588=STYLED_ITEM('',(#34),#11589);
#11589=ADVANCED_FACE('',(#11595),#11590,.T.);
#11590=PLANE('',#11591);
#11591=AXIS2_PLACEMENT_3D('',#11592,#11593,#11594);
#11592=CARTESIAN_POINT('',(7.938,0.317,0.762));
#11593=DIRECTION('',(0.0,1.0,0.0));
#11594=DIRECTION('',(0.,0.,1.));
#11595=FACE_OUTER_BOUND('',#11596,.T.);
#11596=EDGE_LOOP('',(#11597,#11607,#11617,#11627));
#11600=CARTESIAN_POINT('',(7.303,0.318,0.762));
#11599=VERTEX_POINT('',#11600);
#11598=EDGE_CURVE('',#11599,#11550,#11603,.T.);
#11603=LINE('',#11600,#11605);
#11605=VECTOR('',#11606,0.635000025530043);
#11606=DIRECTION('',(1.0,0.0,0.0));
#11597=ORIENTED_EDGE('',*,*,#11598,.F.);
#11610=CARTESIAN_POINT('',(7.303,0.318,3.492));
#11609=VERTEX_POINT('',#11610);
#11608=EDGE_CURVE('',#11609,#11599,#11613,.T.);
#11613=LINE('',#11610,#11615);
#11615=VECTOR('',#11616,2.7305);
#11616=DIRECTION('',(0.0,0.0,-1.0));
#11607=ORIENTED_EDGE('',*,*,#11608,.F.);
#11618=EDGE_CURVE('',#11560,#11609,#11623,.T.);
#11623=LINE('',#11561,#11625);
#11625=VECTOR('',#11626,0.635000025530043);
#11626=DIRECTION('',(-1.0,0.0,0.0));
#11617=ORIENTED_EDGE('',*,*,#11618,.F.);
#11627=ORIENTED_EDGE('',*,*,#11559,.T.);
#11637=STYLED_ITEM('',(#34),#11638);
#11638=ADVANCED_FACE('',(#11644),#11639,.T.);
#11639=PLANE('',#11640);
#11640=AXIS2_PLACEMENT_3D('',#11641,#11642,#11643);
#11641=CARTESIAN_POINT('',(7.303,0.318,0.762));
#11642=DIRECTION('',(-1.0,0.0,0.0));
#11643=DIRECTION('',(0.,0.,1.));
#11644=FACE_OUTER_BOUND('',#11645,.T.);
#11645=EDGE_LOOP('',(#11646,#11656,#11666,#11676));
#11649=CARTESIAN_POINT('',(7.302,-0.317,0.762));
#11648=VERTEX_POINT('',#11649);
#11647=EDGE_CURVE('',#11648,#11599,#11652,.T.);
#11652=LINE('',#11649,#11654);
#11654=VECTOR('',#11655,0.634999991484716);
#11655=DIRECTION('',(0.0,1.0,0.0));
#11646=ORIENTED_EDGE('',*,*,#11647,.F.);
#11659=CARTESIAN_POINT('',(7.302,-0.317,3.492));
#11658=VERTEX_POINT('',#11659);
#11657=EDGE_CURVE('',#11658,#11648,#11662,.T.);
#11662=LINE('',#11659,#11664);
#11664=VECTOR('',#11665,2.7305);
#11665=DIRECTION('',(0.0,0.0,-1.0));
#11656=ORIENTED_EDGE('',*,*,#11657,.F.);
#11667=EDGE_CURVE('',#11609,#11658,#11672,.T.);
#11672=LINE('',#11610,#11674);
#11674=VECTOR('',#11675,0.634999991484716);
#11675=DIRECTION('',(0.0,-1.0,0.0));
#11666=ORIENTED_EDGE('',*,*,#11667,.F.);
#11676=ORIENTED_EDGE('',*,*,#11608,.T.);
#11686=STYLED_ITEM('',(#34),#11687);
#11687=ADVANCED_FACE('',(#11693),#11688,.T.);
#11688=PLANE('',#11689);
#11689=AXIS2_PLACEMENT_3D('',#11690,#11691,#11692);
#11690=CARTESIAN_POINT('',(7.302,-0.317,0.762));
#11691=DIRECTION('',(0.0,-1.0,0.0));
#11692=DIRECTION('',(0.,0.,1.));
#11693=FACE_OUTER_BOUND('',#11694,.T.);
#11694=EDGE_LOOP('',(#11695,#11705,#11715,#11725));
#11696=EDGE_CURVE('',#11552,#11648,#11701,.T.);
#11701=LINE('',#11553,#11703);
#11703=VECTOR('',#11704,0.634999991500525);
#11704=DIRECTION('',(-1.0,0.0,0.0));
#11695=ORIENTED_EDGE('',*,*,#11696,.F.);
#11705=ORIENTED_EDGE('',*,*,#11579,.T.);
#11716=EDGE_CURVE('',#11658,#11570,#11721,.T.);
#11721=LINE('',#11659,#11723);
#11723=VECTOR('',#11724,0.634999991500525);
#11724=DIRECTION('',(1.0,0.0,0.0));
#11715=ORIENTED_EDGE('',*,*,#11716,.F.);
#11725=ORIENTED_EDGE('',*,*,#11657,.T.);
#11735=STYLED_ITEM('',(#34),#11736);
#11736=ADVANCED_FACE('',(#11742),#11737,.T.);
#11737=PLANE('',#11738);
#11738=AXIS2_PLACEMENT_3D('',#11739,#11740,#11741);
#11739=CARTESIAN_POINT('',(7.811,0.19,1.308));
#11740=DIRECTION('',(-1.0,0.0,0.0));
#11741=DIRECTION('',(0.,0.,1.));
#11742=FACE_OUTER_BOUND('',#11743,.T.);
#11743=EDGE_LOOP('',(#11744,#11754,#11764,#11774));
#11747=CARTESIAN_POINT('',(7.81,-0.191,1.308));
#11746=VERTEX_POINT('',#11747);
#11749=CARTESIAN_POINT('',(7.811,0.19,1.308));
#11748=VERTEX_POINT('',#11749);
#11745=EDGE_CURVE('',#11746,#11748,#11750,.T.);
#11750=LINE('',#11747,#11752);
#11752=VECTOR('',#11753,0.380999994890829);
#11753=DIRECTION('',(0.0,1.0,0.0));
#11744=ORIENTED_EDGE('',*,*,#11745,.F.);
#11757=CARTESIAN_POINT('',(7.81,-0.191,3.492));
#11756=VERTEX_POINT('',#11757);
#11755=EDGE_CURVE('',#11756,#11746,#11760,.T.);
#11760=LINE('',#11757,#11762);
#11762=VECTOR('',#11763,2.1844);
#11763=DIRECTION('',(0.0,0.0,-1.0));
#11754=ORIENTED_EDGE('',*,*,#11755,.F.);
#11767=CARTESIAN_POINT('',(7.811,0.19,3.492));
#11766=VERTEX_POINT('',#11767);
#11765=EDGE_CURVE('',#11766,#11756,#11770,.T.);
#11770=LINE('',#11767,#11772);
#11772=VECTOR('',#11773,0.380999994890829);
#11773=DIRECTION('',(0.0,-1.0,0.0));
#11764=ORIENTED_EDGE('',*,*,#11765,.F.);
#11775=EDGE_CURVE('',#11748,#11766,#11780,.T.);
#11780=LINE('',#11749,#11782);
#11782=VECTOR('',#11783,2.1844);
#11783=DIRECTION('',(0.0,0.0,1.0));
#11774=ORIENTED_EDGE('',*,*,#11775,.F.);
#11784=STYLED_ITEM('',(#34),#11785);
#11785=ADVANCED_FACE('',(#11791),#11786,.T.);
#11786=PLANE('',#11787);
#11787=AXIS2_PLACEMENT_3D('',#11788,#11789,#11790);
#11788=CARTESIAN_POINT('',(7.43,0.191,1.308));
#11789=DIRECTION('',(0.0,-1.0,0.0));
#11790=DIRECTION('',(0.,0.,1.));
#11791=FACE_OUTER_BOUND('',#11792,.T.);
#11792=EDGE_LOOP('',(#11793,#11803,#11813,#11823));
#11798=CARTESIAN_POINT('',(7.43,0.191,1.308));
#11797=VERTEX_POINT('',#11798);
#11794=EDGE_CURVE('',#11748,#11797,#11799,.T.);
#11799=LINE('',#11749,#11801);
#11801=VECTOR('',#11802,0.381000015318026);
#11802=DIRECTION('',(-1.0,0.0,0.0));
#11793=ORIENTED_EDGE('',*,*,#11794,.F.);
#11803=ORIENTED_EDGE('',*,*,#11775,.T.);
#11816=CARTESIAN_POINT('',(7.43,0.191,3.492));
#11815=VERTEX_POINT('',#11816);
#11814=EDGE_CURVE('',#11815,#11766,#11819,.T.);
#11819=LINE('',#11816,#11821);
#11821=VECTOR('',#11822,0.381000015318026);
#11822=DIRECTION('',(1.0,0.0,0.0));
#11813=ORIENTED_EDGE('',*,*,#11814,.F.);
#11824=EDGE_CURVE('',#11797,#11815,#11829,.T.);
#11829=LINE('',#11798,#11831);
#11831=VECTOR('',#11832,2.1844);
#11832=DIRECTION('',(0.0,0.0,1.0));
#11823=ORIENTED_EDGE('',*,*,#11824,.F.);
#11833=STYLED_ITEM('',(#34),#11834);
#11834=ADVANCED_FACE('',(#11840),#11835,.T.);
#11835=PLANE('',#11836);
#11836=AXIS2_PLACEMENT_3D('',#11837,#11838,#11839);
#11837=CARTESIAN_POINT('',(7.429,-0.19,1.308));
#11838=DIRECTION('',(1.0,0.0,0.0));
#11839=DIRECTION('',(0.,0.,1.));
#11840=FACE_OUTER_BOUND('',#11841,.T.);
#11841=EDGE_LOOP('',(#11842,#11852,#11862,#11872));
#11847=CARTESIAN_POINT('',(7.429,-0.19,1.308));
#11846=VERTEX_POINT('',#11847);
#11843=EDGE_CURVE('',#11797,#11846,#11848,.T.);
#11848=LINE('',#11798,#11850);
#11850=VECTOR('',#11851,0.380999994890829);
#11851=DIRECTION('',(0.0,-1.0,0.0));
#11842=ORIENTED_EDGE('',*,*,#11843,.F.);
#11852=ORIENTED_EDGE('',*,*,#11824,.T.);
#11865=CARTESIAN_POINT('',(7.429,-0.19,3.492));
#11864=VERTEX_POINT('',#11865);
#11863=EDGE_CURVE('',#11864,#11815,#11868,.T.);
#11868=LINE('',#11865,#11870);
#11870=VECTOR('',#11871,0.380999994890829);
#11871=DIRECTION('',(0.0,1.0,0.0));
#11862=ORIENTED_EDGE('',*,*,#11863,.F.);
#11873=EDGE_CURVE('',#11846,#11864,#11878,.T.);
#11878=LINE('',#11847,#11880);
#11880=VECTOR('',#11881,2.1844);
#11881=DIRECTION('',(0.0,0.0,1.0));
#11872=ORIENTED_EDGE('',*,*,#11873,.F.);
#11882=STYLED_ITEM('',(#34),#11883);
#11883=ADVANCED_FACE('',(#11889),#11884,.T.);
#11884=PLANE('',#11885);
#11885=AXIS2_PLACEMENT_3D('',#11886,#11887,#11888);
#11886=CARTESIAN_POINT('',(7.81,-0.191,1.308));
#11887=DIRECTION('',(0.0,1.0,0.0));
#11888=DIRECTION('',(0.,0.,1.));
#11889=FACE_OUTER_BOUND('',#11890,.T.);
#11890=EDGE_LOOP('',(#11891,#11901,#11911,#11921));
#11892=EDGE_CURVE('',#11846,#11746,#11897,.T.);
#11897=LINE('',#11847,#11899);
#11899=VECTOR('',#11900,0.380999994900315);
#11900=DIRECTION('',(1.0,0.0,0.0));
#11891=ORIENTED_EDGE('',*,*,#11892,.F.);
#11901=ORIENTED_EDGE('',*,*,#11873,.T.);
#11912=EDGE_CURVE('',#11756,#11864,#11917,.T.);
#11917=LINE('',#11757,#11919);
#11919=VECTOR('',#11920,0.380999994900315);
#11920=DIRECTION('',(-1.0,0.0,0.0));
#11911=ORIENTED_EDGE('',*,*,#11912,.F.);
#11921=ORIENTED_EDGE('',*,*,#11755,.T.);
#11931=STYLED_ITEM('color',(#34),#11932);
#11932=ADVANCED_FACE($,(#11938),#11933,.T.);
#11933=PLANE($,#11934);
#11934=AXIS2_PLACEMENT_3D($,#11935,#11936,#11937);
#11935=CARTESIAN_POINT('',(7.62,0.0,-4.318));
#11936=DIRECTION('',(0.,0.,-1.));
#11937=DIRECTION('',(0.,1.,0.));
#11938=FACE_OUTER_BOUND($,#11939,.T.);
#11939=EDGE_LOOP($,(#11940, #11951));
#11943=CARTESIAN_POINT('',(7.62,-0.315,-4.318));
#11942=VERTEX_POINT('',#11943);
#11945=CARTESIAN_POINT('',(7.62,0.315,-4.318));
#11944=VERTEX_POINT('',#11945);
#11941=EDGE_CURVE($,#11942,#11944,#11946,.T.);
#11946=CIRCLE($,#11947,0.31496);
#11948=CARTESIAN_POINT('',(7.62,0.0,-4.318));
#11947=AXIS2_PLACEMENT_3D($,#11948,#11949,#11950);
#11949=DIRECTION('',(0.0,0.0,1.0));
#11950=DIRECTION('',(0.0,-1.0,0.0));
#11940=ORIENTED_EDGE('',*,*,#11941,.F.);
#11952=EDGE_CURVE($,#11944,#11942,#11957,.T.);
#11957=CIRCLE($,#11958,0.31496);
#11958=AXIS2_PLACEMENT_3D($,#11948,#11960,#11961);
#11960=DIRECTION('',(0.0,0.0,1.0));
#11961=DIRECTION('',(0.0,1.0,0.0));
#11951=ORIENTED_EDGE('',*,*,#11952,.F.);
#11962=STYLED_ITEM('color',(#34),#11963);
#11963=ADVANCED_FACE($,(#11969),#11964,.T.);
#11964=CYLINDRICAL_SURFACE($,#11965,0.31496);
#11965=AXIS2_PLACEMENT_3D($,#11966,#11967,#11968);
#11966=CARTESIAN_POINT('',(7.62,0.0,-4.318));
#11967=DIRECTION('',(0.,0.,1.));
#11968=DIRECTION('',(1.,0.,0.));
#11969=FACE_OUTER_BOUND($,#11970,.T.);
#11970=EDGE_LOOP($,(#11993, #11971, #12003, #11982));
#11998=CARTESIAN_POINT('',(7.62,-0.315,0.762));
#11997=VERTEX_POINT('',#11998);
#11994=EDGE_CURVE('',#11942,#11997,#11999,.T.);
#11999=LINE('',#11943,#12001);
#12001=VECTOR('',#12002,5.08);
#12002=DIRECTION('',(0.0,0.0,1.0));
#11993=ORIENTED_EDGE('',*,*,#11994,.F.);
#11971=ORIENTED_EDGE('',*,*,#11941,.T.);
#12006=CARTESIAN_POINT('',(7.62,0.315,0.762));
#12005=VERTEX_POINT('',#12006);
#12004=EDGE_CURVE('',#12005,#11944,#12009,.T.);
#12009=LINE('',#12006,#12011);
#12011=VECTOR('',#12012,5.08);
#12012=DIRECTION('',(0.0,0.0,-1.0));
#12003=ORIENTED_EDGE('',*,*,#12004,.F.);
#11983=EDGE_CURVE($,#11997,#12005,#11988,.T.);
#11988=CIRCLE($,#11989,0.31496);
#11990=CARTESIAN_POINT('',(7.62,0.0,0.762));
#11989=AXIS2_PLACEMENT_3D($,#11990,#11991,#11992);
#11991=DIRECTION('',(0.0,0.0,1.0));
#11992=DIRECTION('',(0.0,1.0,0.0));
#11982=ORIENTED_EDGE('',*,*,#11983,.F.);
#12015=STYLED_ITEM('color',(#34),#12016);
#12016=ADVANCED_FACE($,(#12022),#12017,.T.);
#12017=CYLINDRICAL_SURFACE($,#12018,0.31496);
#12018=AXIS2_PLACEMENT_3D($,#12019,#12020,#12021);
#12019=CARTESIAN_POINT('',(7.62,0.0,-4.318));
#12020=DIRECTION('',(0.,0.,1.));
#12021=DIRECTION('',(1.,0.,0.));
#12022=FACE_OUTER_BOUND($,#12023,.T.);
#12023=EDGE_LOOP($,(#12046, #12024, #12056, #12035));
#12046=ORIENTED_EDGE('',*,*,#12004,.T.);
#12024=ORIENTED_EDGE('',*,*,#11952,.T.);
#12056=ORIENTED_EDGE('',*,*,#11994,.T.);
#12036=EDGE_CURVE($,#12005,#11997,#12041,.T.);
#12041=CIRCLE($,#12042,0.31496);
#12042=AXIS2_PLACEMENT_3D($,#11990,#12044,#12045);
#12044=DIRECTION('',(0.0,0.0,1.0));
#12045=DIRECTION('',(0.0,-1.0,0.0));
#12035=ORIENTED_EDGE('',*,*,#12036,.F.);
#12068=STYLED_ITEM('color',(#34),#12069);
#12069=ADVANCED_FACE($,(#12075, #12119), #12070,.T.);
#12070=PLANE($,#12071);
#12071=AXIS2_PLACEMENT_3D($,#12072,#12073,#12074);
#12072=CARTESIAN_POINT('',(7.938,0.317,0.762));
#12073=DIRECTION('',(0.,0.,-1.));
#12074=DIRECTION('',(1.,0.,0.));
#12075=FACE_OUTER_BOUND($,#12076,.T.);
#12076=EDGE_LOOP($,(#12079, #12089, #12099, #12109));
#12079=ORIENTED_EDGE('',*,*,#11549,.T.);
#12089=ORIENTED_EDGE('',*,*,#11696,.T.);
#12099=ORIENTED_EDGE('',*,*,#11647,.T.);
#12109=ORIENTED_EDGE('',*,*,#11598,.T.);
#12119=FACE_BOUND($,#12120,.T.);
#12120=EDGE_LOOP($,(#12121, #12132));
#12121=ORIENTED_EDGE('',*,*,#11983,.T.);
#12132=ORIENTED_EDGE('',*,*,#12036,.T.);
#12143=STYLED_ITEM('color',(#34),#12144);
#12144=ADVANCED_FACE($,(#12150, #12194), #12145,.T.);
#12145=PLANE($,#12146);
#12146=AXIS2_PLACEMENT_3D($,#12147,#12148,#12149);
#12147=CARTESIAN_POINT('',(7.938,0.317,3.492));
#12148=DIRECTION('',(0.,0.,1.));
#12149=DIRECTION('',(1.,0.,0.));
#12150=FACE_OUTER_BOUND($,#12151,.T.);
#12151=EDGE_LOOP($,(#12154, #12164, #12174, #12184));
#12154=ORIENTED_EDGE('',*,*,#11569,.T.);
#12164=ORIENTED_EDGE('',*,*,#11618,.T.);
#12174=ORIENTED_EDGE('',*,*,#11667,.T.);
#12184=ORIENTED_EDGE('',*,*,#11716,.T.);
#12194=FACE_BOUND($,#12195,.T.);
#12195=EDGE_LOOP($,(#12196, #12206, #12216, #12226));
#12196=ORIENTED_EDGE('',*,*,#11765,.T.);
#12206=ORIENTED_EDGE('',*,*,#11912,.T.);
#12216=ORIENTED_EDGE('',*,*,#11863,.T.);
#12226=ORIENTED_EDGE('',*,*,#11814,.T.);
#12236=STYLED_ITEM('',(#34),#12237);
#12237=ADVANCED_FACE('',(#12243),#12238,.T.);
#12238=PLANE('',#12239);
#12239=AXIS2_PLACEMENT_3D('',#12240,#12241,#12242);
#12240=CARTESIAN_POINT('',(7.81,-0.191,1.308));
#12241=DIRECTION('',(0.0,0.0,1.0));
#12242=DIRECTION('',(0.,1.,0.));
#12243=FACE_OUTER_BOUND('',#12244,.T.);
#12244=EDGE_LOOP('',(#12245,#12255,#12265,#12275));
#12245=ORIENTED_EDGE('',*,*,#11745,.T.);
#12255=ORIENTED_EDGE('',*,*,#11794,.T.);
#12265=ORIENTED_EDGE('',*,*,#11843,.T.);
#12275=ORIENTED_EDGE('',*,*,#11892,.T.);
#12285=MANIFOLD_SOLID_BREP($,#12286);
#12286=CLOSED_SHELL('',(#12288,#12337,#12386,#12435,#12484,#12533,#12582,#12631,#12680,#12711,#12764,#12817,#12892,#12985));
#12287=STYLED_ITEM('',(#34),#12288);
#12288=ADVANCED_FACE('',(#12294),#12289,.T.);
#12289=PLANE('',#12290);
#12290=AXIS2_PLACEMENT_3D('',#12291,#12292,#12293);
#12291=CARTESIAN_POINT('',(5.397,-0.318,0.762));
#12292=DIRECTION('',(1.0,0.0,0.0));
#12293=DIRECTION('',(0.,0.,1.));
#12294=FACE_OUTER_BOUND('',#12295,.T.);
#12295=EDGE_LOOP('',(#12296,#12306,#12316,#12326));
#12299=CARTESIAN_POINT('',(5.398,0.317,0.762));
#12298=VERTEX_POINT('',#12299);
#12301=CARTESIAN_POINT('',(5.397,-0.318,0.762));
#12300=VERTEX_POINT('',#12301);
#12297=EDGE_CURVE('',#12298,#12300,#12302,.T.);
#12302=LINE('',#12299,#12304);
#12304=VECTOR('',#12305,0.634999991484716);
#12305=DIRECTION('',(0.0,-1.0,0.0));
#12296=ORIENTED_EDGE('',*,*,#12297,.F.);
#12309=CARTESIAN_POINT('',(5.398,0.317,3.492));
#12308=VERTEX_POINT('',#12309);
#12307=EDGE_CURVE('',#12308,#12298,#12312,.T.);
#12312=LINE('',#12309,#12314);
#12314=VECTOR('',#12315,2.7305);
#12315=DIRECTION('',(0.0,0.0,-1.0));
#12306=ORIENTED_EDGE('',*,*,#12307,.F.);
#12319=CARTESIAN_POINT('',(5.397,-0.318,3.492));
#12318=VERTEX_POINT('',#12319);
#12317=EDGE_CURVE('',#12318,#12308,#12322,.T.);
#12322=LINE('',#12319,#12324);
#12324=VECTOR('',#12325,0.634999991484716);
#12325=DIRECTION('',(0.0,1.0,0.0));
#12316=ORIENTED_EDGE('',*,*,#12317,.F.);
#12327=EDGE_CURVE('',#12300,#12318,#12332,.T.);
#12332=LINE('',#12301,#12334);
#12334=VECTOR('',#12335,2.7305);
#12335=DIRECTION('',(0.0,0.0,1.0));
#12326=ORIENTED_EDGE('',*,*,#12327,.F.);
#12336=STYLED_ITEM('',(#34),#12337);
#12337=ADVANCED_FACE('',(#12343),#12338,.T.);
#12338=PLANE('',#12339);
#12339=AXIS2_PLACEMENT_3D('',#12340,#12341,#12342);
#12340=CARTESIAN_POINT('',(5.398,0.317,0.762));
#12341=DIRECTION('',(0.0,1.0,0.0));
#12342=DIRECTION('',(0.,0.,1.));
#12343=FACE_OUTER_BOUND('',#12344,.T.);
#12344=EDGE_LOOP('',(#12345,#12355,#12365,#12375));
#12348=CARTESIAN_POINT('',(4.763,0.318,0.762));
#12347=VERTEX_POINT('',#12348);
#12346=EDGE_CURVE('',#12347,#12298,#12351,.T.);
#12351=LINE('',#12348,#12353);
#12353=VECTOR('',#12354,0.635000025530043);
#12354=DIRECTION('',(1.0,0.0,0.0));
#12345=ORIENTED_EDGE('',*,*,#12346,.F.);
#12358=CARTESIAN_POINT('',(4.763,0.318,3.492));
#12357=VERTEX_POINT('',#12358);
#12356=EDGE_CURVE('',#12357,#12347,#12361,.T.);
#12361=LINE('',#12358,#12363);
#12363=VECTOR('',#12364,2.7305);
#12364=DIRECTION('',(0.0,0.0,-1.0));
#12355=ORIENTED_EDGE('',*,*,#12356,.F.);
#12366=EDGE_CURVE('',#12308,#12357,#12371,.T.);
#12371=LINE('',#12309,#12373);
#12373=VECTOR('',#12374,0.635000025530043);
#12374=DIRECTION('',(-1.0,0.0,0.0));
#12365=ORIENTED_EDGE('',*,*,#12366,.F.);
#12375=ORIENTED_EDGE('',*,*,#12307,.T.);
#12385=STYLED_ITEM('',(#34),#12386);
#12386=ADVANCED_FACE('',(#12392),#12387,.T.);
#12387=PLANE('',#12388);
#12388=AXIS2_PLACEMENT_3D('',#12389,#12390,#12391);
#12389=CARTESIAN_POINT('',(4.763,0.318,0.762));
#12390=DIRECTION('',(-1.0,0.0,0.0));
#12391=DIRECTION('',(0.,0.,1.));
#12392=FACE_OUTER_BOUND('',#12393,.T.);
#12393=EDGE_LOOP('',(#12394,#12404,#12414,#12424));
#12397=CARTESIAN_POINT('',(4.762,-0.317,0.762));
#12396=VERTEX_POINT('',#12397);
#12395=EDGE_CURVE('',#12396,#12347,#12400,.T.);
#12400=LINE('',#12397,#12402);
#12402=VECTOR('',#12403,0.634999991484716);
#12403=DIRECTION('',(0.0,1.0,0.0));
#12394=ORIENTED_EDGE('',*,*,#12395,.F.);
#12407=CARTESIAN_POINT('',(4.762,-0.317,3.492));
#12406=VERTEX_POINT('',#12407);
#12405=EDGE_CURVE('',#12406,#12396,#12410,.T.);
#12410=LINE('',#12407,#12412);
#12412=VECTOR('',#12413,2.7305);
#12413=DIRECTION('',(0.0,0.0,-1.0));
#12404=ORIENTED_EDGE('',*,*,#12405,.F.);
#12415=EDGE_CURVE('',#12357,#12406,#12420,.T.);
#12420=LINE('',#12358,#12422);
#12422=VECTOR('',#12423,0.634999991484716);
#12423=DIRECTION('',(0.0,-1.0,0.0));
#12414=ORIENTED_EDGE('',*,*,#12415,.F.);
#12424=ORIENTED_EDGE('',*,*,#12356,.T.);
#12434=STYLED_ITEM('',(#34),#12435);
#12435=ADVANCED_FACE('',(#12441),#12436,.T.);
#12436=PLANE('',#12437);
#12437=AXIS2_PLACEMENT_3D('',#12438,#12439,#12440);
#12438=CARTESIAN_POINT('',(4.762,-0.317,0.762));
#12439=DIRECTION('',(0.0,-1.0,0.0));
#12440=DIRECTION('',(0.,0.,1.));
#12441=FACE_OUTER_BOUND('',#12442,.T.);
#12442=EDGE_LOOP('',(#12443,#12453,#12463,#12473));
#12444=EDGE_CURVE('',#12300,#12396,#12449,.T.);
#12449=LINE('',#12301,#12451);
#12451=VECTOR('',#12452,0.634999991500525);
#12452=DIRECTION('',(-1.0,0.0,0.0));
#12443=ORIENTED_EDGE('',*,*,#12444,.F.);
#12453=ORIENTED_EDGE('',*,*,#12327,.T.);
#12464=EDGE_CURVE('',#12406,#12318,#12469,.T.);
#12469=LINE('',#12407,#12471);
#12471=VECTOR('',#12472,0.634999991500525);
#12472=DIRECTION('',(1.0,0.0,0.0));
#12463=ORIENTED_EDGE('',*,*,#12464,.F.);
#12473=ORIENTED_EDGE('',*,*,#12405,.T.);
#12483=STYLED_ITEM('',(#34),#12484);
#12484=ADVANCED_FACE('',(#12490),#12485,.T.);
#12485=PLANE('',#12486);
#12486=AXIS2_PLACEMENT_3D('',#12487,#12488,#12489);
#12487=CARTESIAN_POINT('',(5.271,0.19,1.308));
#12488=DIRECTION('',(-1.0,0.0,0.0));
#12489=DIRECTION('',(0.,0.,1.));
#12490=FACE_OUTER_BOUND('',#12491,.T.);
#12491=EDGE_LOOP('',(#12492,#12502,#12512,#12522));
#12495=CARTESIAN_POINT('',(5.27,-0.191,1.308));
#12494=VERTEX_POINT('',#12495);
#12497=CARTESIAN_POINT('',(5.271,0.19,1.308));
#12496=VERTEX_POINT('',#12497);
#12493=EDGE_CURVE('',#12494,#12496,#12498,.T.);
#12498=LINE('',#12495,#12500);
#12500=VECTOR('',#12501,0.380999994890829);
#12501=DIRECTION('',(0.0,1.0,0.0));
#12492=ORIENTED_EDGE('',*,*,#12493,.F.);
#12505=CARTESIAN_POINT('',(5.27,-0.191,3.492));
#12504=VERTEX_POINT('',#12505);
#12503=EDGE_CURVE('',#12504,#12494,#12508,.T.);
#12508=LINE('',#12505,#12510);
#12510=VECTOR('',#12511,2.1844);
#12511=DIRECTION('',(0.0,0.0,-1.0));
#12502=ORIENTED_EDGE('',*,*,#12503,.F.);
#12515=CARTESIAN_POINT('',(5.271,0.19,3.492));
#12514=VERTEX_POINT('',#12515);
#12513=EDGE_CURVE('',#12514,#12504,#12518,.T.);
#12518=LINE('',#12515,#12520);
#12520=VECTOR('',#12521,0.380999994890829);
#12521=DIRECTION('',(0.0,-1.0,0.0));
#12512=ORIENTED_EDGE('',*,*,#12513,.F.);
#12523=EDGE_CURVE('',#12496,#12514,#12528,.T.);
#12528=LINE('',#12497,#12530);
#12530=VECTOR('',#12531,2.1844);
#12531=DIRECTION('',(0.0,0.0,1.0));
#12522=ORIENTED_EDGE('',*,*,#12523,.F.);
#12532=STYLED_ITEM('',(#34),#12533);
#12533=ADVANCED_FACE('',(#12539),#12534,.T.);
#12534=PLANE('',#12535);
#12535=AXIS2_PLACEMENT_3D('',#12536,#12537,#12538);
#12536=CARTESIAN_POINT('',(4.89,0.191,1.308));
#12537=DIRECTION('',(0.0,-1.0,0.0));
#12538=DIRECTION('',(0.,0.,1.));
#12539=FACE_OUTER_BOUND('',#12540,.T.);
#12540=EDGE_LOOP('',(#12541,#12551,#12561,#12571));
#12546=CARTESIAN_POINT('',(4.89,0.191,1.308));
#12545=VERTEX_POINT('',#12546);
#12542=EDGE_CURVE('',#12496,#12545,#12547,.T.);
#12547=LINE('',#12497,#12549);
#12549=VECTOR('',#12550,0.381000015318026);
#12550=DIRECTION('',(-1.0,0.0,0.0));
#12541=ORIENTED_EDGE('',*,*,#12542,.F.);
#12551=ORIENTED_EDGE('',*,*,#12523,.T.);
#12564=CARTESIAN_POINT('',(4.89,0.191,3.492));
#12563=VERTEX_POINT('',#12564);
#12562=EDGE_CURVE('',#12563,#12514,#12567,.T.);
#12567=LINE('',#12564,#12569);
#12569=VECTOR('',#12570,0.381000015318026);
#12570=DIRECTION('',(1.0,0.0,0.0));
#12561=ORIENTED_EDGE('',*,*,#12562,.F.);
#12572=EDGE_CURVE('',#12545,#12563,#12577,.T.);
#12577=LINE('',#12546,#12579);
#12579=VECTOR('',#12580,2.1844);
#12580=DIRECTION('',(0.0,0.0,1.0));
#12571=ORIENTED_EDGE('',*,*,#12572,.F.);
#12581=STYLED_ITEM('',(#34),#12582);
#12582=ADVANCED_FACE('',(#12588),#12583,.T.);
#12583=PLANE('',#12584);
#12584=AXIS2_PLACEMENT_3D('',#12585,#12586,#12587);
#12585=CARTESIAN_POINT('',(4.889,-0.19,1.308));
#12586=DIRECTION('',(1.0,0.0,0.0));
#12587=DIRECTION('',(0.,0.,1.));
#12588=FACE_OUTER_BOUND('',#12589,.T.);
#12589=EDGE_LOOP('',(#12590,#12600,#12610,#12620));
#12595=CARTESIAN_POINT('',(4.889,-0.19,1.308));
#12594=VERTEX_POINT('',#12595);
#12591=EDGE_CURVE('',#12545,#12594,#12596,.T.);
#12596=LINE('',#12546,#12598);
#12598=VECTOR('',#12599,0.380999994890829);
#12599=DIRECTION('',(0.0,-1.0,0.0));
#12590=ORIENTED_EDGE('',*,*,#12591,.F.);
#12600=ORIENTED_EDGE('',*,*,#12572,.T.);
#12613=CARTESIAN_POINT('',(4.889,-0.19,3.492));
#12612=VERTEX_POINT('',#12613);
#12611=EDGE_CURVE('',#12612,#12563,#12616,.T.);
#12616=LINE('',#12613,#12618);
#12618=VECTOR('',#12619,0.380999994890829);
#12619=DIRECTION('',(0.0,1.0,0.0));
#12610=ORIENTED_EDGE('',*,*,#12611,.F.);
#12621=EDGE_CURVE('',#12594,#12612,#12626,.T.);
#12626=LINE('',#12595,#12628);
#12628=VECTOR('',#12629,2.1844);
#12629=DIRECTION('',(0.0,0.0,1.0));
#12620=ORIENTED_EDGE('',*,*,#12621,.F.);
#12630=STYLED_ITEM('',(#34),#12631);
#12631=ADVANCED_FACE('',(#12637),#12632,.T.);
#12632=PLANE('',#12633);
#12633=AXIS2_PLACEMENT_3D('',#12634,#12635,#12636);
#12634=CARTESIAN_POINT('',(5.27,-0.191,1.308));
#12635=DIRECTION('',(0.0,1.0,0.0));
#12636=DIRECTION('',(0.,0.,1.));
#12637=FACE_OUTER_BOUND('',#12638,.T.);
#12638=EDGE_LOOP('',(#12639,#12649,#12659,#12669));
#12640=EDGE_CURVE('',#12594,#12494,#12645,.T.);
#12645=LINE('',#12595,#12647);
#12647=VECTOR('',#12648,0.380999994900316);
#12648=DIRECTION('',(1.0,0.0,0.0));
#12639=ORIENTED_EDGE('',*,*,#12640,.F.);
#12649=ORIENTED_EDGE('',*,*,#12621,.T.);
#12660=EDGE_CURVE('',#12504,#12612,#12665,.T.);
#12665=LINE('',#12505,#12667);
#12667=VECTOR('',#12668,0.380999994900316);
#12668=DIRECTION('',(-1.0,0.0,0.0));
#12659=ORIENTED_EDGE('',*,*,#12660,.F.);
#12669=ORIENTED_EDGE('',*,*,#12503,.T.);
#12679=STYLED_ITEM('color',(#34),#12680);
#12680=ADVANCED_FACE($,(#12686),#12681,.T.);
#12681=PLANE($,#12682);
#12682=AXIS2_PLACEMENT_3D($,#12683,#12684,#12685);
#12683=CARTESIAN_POINT('',(5.08,0.0,-4.318));
#12684=DIRECTION('',(0.,0.,-1.));
#12685=DIRECTION('',(0.,1.,0.));
#12686=FACE_OUTER_BOUND($,#12687,.T.);
#12687=EDGE_LOOP($,(#12688, #12699));
#12691=CARTESIAN_POINT('',(5.08,-0.315,-4.318));
#12690=VERTEX_POINT('',#12691);
#12693=CARTESIAN_POINT('',(5.08,0.315,-4.318));
#12692=VERTEX_POINT('',#12693);
#12689=EDGE_CURVE($,#12690,#12692,#12694,.T.);
#12694=CIRCLE($,#12695,0.31496);
#12696=CARTESIAN_POINT('',(5.08,0.0,-4.318));
#12695=AXIS2_PLACEMENT_3D($,#12696,#12697,#12698);
#12697=DIRECTION('',(0.0,0.0,1.0));
#12698=DIRECTION('',(0.0,-1.0,0.0));
#12688=ORIENTED_EDGE('',*,*,#12689,.F.);
#12700=EDGE_CURVE($,#12692,#12690,#12705,.T.);
#12705=CIRCLE($,#12706,0.31496);
#12706=AXIS2_PLACEMENT_3D($,#12696,#12708,#12709);
#12708=DIRECTION('',(0.0,0.0,1.0));
#12709=DIRECTION('',(0.0,1.0,0.0));
#12699=ORIENTED_EDGE('',*,*,#12700,.F.);
#12710=STYLED_ITEM('color',(#34),#12711);
#12711=ADVANCED_FACE($,(#12717),#12712,.T.);
#12712=CYLINDRICAL_SURFACE($,#12713,0.31496);
#12713=AXIS2_PLACEMENT_3D($,#12714,#12715,#12716);
#12714=CARTESIAN_POINT('',(5.08,0.0,-4.318));
#12715=DIRECTION('',(0.,0.,1.));
#12716=DIRECTION('',(1.,0.,0.));
#12717=FACE_OUTER_BOUND($,#12718,.T.);
#12718=EDGE_LOOP($,(#12741, #12719, #12751, #12730));
#12746=CARTESIAN_POINT('',(5.08,-0.315,0.762));
#12745=VERTEX_POINT('',#12746);
#12742=EDGE_CURVE('',#12690,#12745,#12747,.T.);
#12747=LINE('',#12691,#12749);
#12749=VECTOR('',#12750,5.08);
#12750=DIRECTION('',(0.0,0.0,1.0));
#12741=ORIENTED_EDGE('',*,*,#12742,.F.);
#12719=ORIENTED_EDGE('',*,*,#12689,.T.);
#12754=CARTESIAN_POINT('',(5.08,0.315,0.762));
#12753=VERTEX_POINT('',#12754);
#12752=EDGE_CURVE('',#12753,#12692,#12757,.T.);
#12757=LINE('',#12754,#12759);
#12759=VECTOR('',#12760,5.08);
#12760=DIRECTION('',(0.0,0.0,-1.0));
#12751=ORIENTED_EDGE('',*,*,#12752,.F.);
#12731=EDGE_CURVE($,#12745,#12753,#12736,.T.);
#12736=CIRCLE($,#12737,0.31496);
#12738=CARTESIAN_POINT('',(5.08,0.0,0.762));
#12737=AXIS2_PLACEMENT_3D($,#12738,#12739,#12740);
#12739=DIRECTION('',(0.0,0.0,1.0));
#12740=DIRECTION('',(0.0,1.0,0.0));
#12730=ORIENTED_EDGE('',*,*,#12731,.F.);
#12763=STYLED_ITEM('color',(#34),#12764);
#12764=ADVANCED_FACE($,(#12770),#12765,.T.);
#12765=CYLINDRICAL_SURFACE($,#12766,0.31496);
#12766=AXIS2_PLACEMENT_3D($,#12767,#12768,#12769);
#12767=CARTESIAN_POINT('',(5.08,0.0,-4.318));
#12768=DIRECTION('',(0.,0.,1.));
#12769=DIRECTION('',(1.,0.,0.));
#12770=FACE_OUTER_BOUND($,#12771,.T.);
#12771=EDGE_LOOP($,(#12794, #12772, #12804, #12783));
#12794=ORIENTED_EDGE('',*,*,#12752,.T.);
#12772=ORIENTED_EDGE('',*,*,#12700,.T.);
#12804=ORIENTED_EDGE('',*,*,#12742,.T.);
#12784=EDGE_CURVE($,#12753,#12745,#12789,.T.);
#12789=CIRCLE($,#12790,0.31496);
#12790=AXIS2_PLACEMENT_3D($,#12738,#12792,#12793);
#12792=DIRECTION('',(0.0,0.0,1.0));
#12793=DIRECTION('',(0.0,-1.0,0.0));
#12783=ORIENTED_EDGE('',*,*,#12784,.F.);
#12816=STYLED_ITEM('color',(#34),#12817);
#12817=ADVANCED_FACE($,(#12823, #12867), #12818,.T.);
#12818=PLANE($,#12819);
#12819=AXIS2_PLACEMENT_3D($,#12820,#12821,#12822);
#12820=CARTESIAN_POINT('',(5.398,0.317,0.762));
#12821=DIRECTION('',(0.,0.,-1.));
#12822=DIRECTION('',(1.,0.,0.));
#12823=FACE_OUTER_BOUND($,#12824,.T.);
#12824=EDGE_LOOP($,(#12827, #12837, #12847, #12857));
#12827=ORIENTED_EDGE('',*,*,#12297,.T.);
#12837=ORIENTED_EDGE('',*,*,#12444,.T.);
#12847=ORIENTED_EDGE('',*,*,#12395,.T.);
#12857=ORIENTED_EDGE('',*,*,#12346,.T.);
#12867=FACE_BOUND($,#12868,.T.);
#12868=EDGE_LOOP($,(#12869, #12880));
#12869=ORIENTED_EDGE('',*,*,#12731,.T.);
#12880=ORIENTED_EDGE('',*,*,#12784,.T.);
#12891=STYLED_ITEM('color',(#34),#12892);
#12892=ADVANCED_FACE($,(#12898, #12942), #12893,.T.);
#12893=PLANE($,#12894);
#12894=AXIS2_PLACEMENT_3D($,#12895,#12896,#12897);
#12895=CARTESIAN_POINT('',(5.398,0.317,3.492));
#12896=DIRECTION('',(0.,0.,1.));
#12897=DIRECTION('',(1.,0.,0.));
#12898=FACE_OUTER_BOUND($,#12899,.T.);
#12899=EDGE_LOOP($,(#12902, #12912, #12922, #12932));
#12902=ORIENTED_EDGE('',*,*,#12317,.T.);
#12912=ORIENTED_EDGE('',*,*,#12366,.T.);
#12922=ORIENTED_EDGE('',*,*,#12415,.T.);
#12932=ORIENTED_EDGE('',*,*,#12464,.T.);
#12942=FACE_BOUND($,#12943,.T.);
#12943=EDGE_LOOP($,(#12944, #12954, #12964, #12974));
#12944=ORIENTED_EDGE('',*,*,#12513,.T.);
#12954=ORIENTED_EDGE('',*,*,#12660,.T.);
#12964=ORIENTED_EDGE('',*,*,#12611,.T.);
#12974=ORIENTED_EDGE('',*,*,#12562,.T.);
#12984=STYLED_ITEM('',(#34),#12985);
#12985=ADVANCED_FACE('',(#12991),#12986,.T.);
#12986=PLANE('',#12987);
#12987=AXIS2_PLACEMENT_3D('',#12988,#12989,#12990);
#12988=CARTESIAN_POINT('',(5.27,-0.191,1.308));
#12989=DIRECTION('',(0.0,0.0,1.0));
#12990=DIRECTION('',(0.,1.,0.));
#12991=FACE_OUTER_BOUND('',#12992,.T.);
#12992=EDGE_LOOP('',(#12993,#13003,#13013,#13023));
#12993=ORIENTED_EDGE('',*,*,#12493,.T.);
#13003=ORIENTED_EDGE('',*,*,#12542,.T.);
#13013=ORIENTED_EDGE('',*,*,#12591,.T.);
#13023=ORIENTED_EDGE('',*,*,#12640,.T.);
#13033=MANIFOLD_SOLID_BREP($,#13034);
#13034=CLOSED_SHELL('',(#13036,#13085,#13134,#13183,#13232,#13281,#13330,#13379,#13428,#13459,#13512,#13565,#13640,#13733));
#13035=STYLED_ITEM('',(#34),#13036);
#13036=ADVANCED_FACE('',(#13042),#13037,.T.);
#13037=PLANE('',#13038);
#13038=AXIS2_PLACEMENT_3D('',#13039,#13040,#13041);
#13039=CARTESIAN_POINT('',(2.857,-0.318,0.762));
#13040=DIRECTION('',(1.0,0.0,0.0));
#13041=DIRECTION('',(0.,0.,1.));
#13042=FACE_OUTER_BOUND('',#13043,.T.);
#13043=EDGE_LOOP('',(#13044,#13054,#13064,#13074));
#13047=CARTESIAN_POINT('',(2.858,0.317,0.762));
#13046=VERTEX_POINT('',#13047);
#13049=CARTESIAN_POINT('',(2.857,-0.318,0.762));
#13048=VERTEX_POINT('',#13049);
#13045=EDGE_CURVE('',#13046,#13048,#13050,.T.);
#13050=LINE('',#13047,#13052);
#13052=VECTOR('',#13053,0.634999991484716);
#13053=DIRECTION('',(0.0,-1.0,0.0));
#13044=ORIENTED_EDGE('',*,*,#13045,.F.);
#13057=CARTESIAN_POINT('',(2.858,0.317,3.492));
#13056=VERTEX_POINT('',#13057);
#13055=EDGE_CURVE('',#13056,#13046,#13060,.T.);
#13060=LINE('',#13057,#13062);
#13062=VECTOR('',#13063,2.7305);
#13063=DIRECTION('',(0.0,0.0,-1.0));
#13054=ORIENTED_EDGE('',*,*,#13055,.F.);
#13067=CARTESIAN_POINT('',(2.857,-0.318,3.492));
#13066=VERTEX_POINT('',#13067);
#13065=EDGE_CURVE('',#13066,#13056,#13070,.T.);
#13070=LINE('',#13067,#13072);
#13072=VECTOR('',#13073,0.634999991484716);
#13073=DIRECTION('',(0.0,1.0,0.0));
#13064=ORIENTED_EDGE('',*,*,#13065,.F.);
#13075=EDGE_CURVE('',#13048,#13066,#13080,.T.);
#13080=LINE('',#13049,#13082);
#13082=VECTOR('',#13083,2.7305);
#13083=DIRECTION('',(0.0,0.0,1.0));
#13074=ORIENTED_EDGE('',*,*,#13075,.F.);
#13084=STYLED_ITEM('',(#34),#13085);
#13085=ADVANCED_FACE('',(#13091),#13086,.T.);
#13086=PLANE('',#13087);
#13087=AXIS2_PLACEMENT_3D('',#13088,#13089,#13090);
#13088=CARTESIAN_POINT('',(2.858,0.317,0.762));
#13089=DIRECTION('',(0.0,1.0,0.0));
#13090=DIRECTION('',(0.,0.,1.));
#13091=FACE_OUTER_BOUND('',#13092,.T.);
#13092=EDGE_LOOP('',(#13093,#13103,#13113,#13123));
#13096=CARTESIAN_POINT('',(2.223,0.318,0.762));
#13095=VERTEX_POINT('',#13096);
#13094=EDGE_CURVE('',#13095,#13046,#13099,.T.);
#13099=LINE('',#13096,#13101);
#13101=VECTOR('',#13102,0.635000025530043);
#13102=DIRECTION('',(1.0,0.0,0.0));
#13093=ORIENTED_EDGE('',*,*,#13094,.F.);
#13106=CARTESIAN_POINT('',(2.223,0.318,3.492));
#13105=VERTEX_POINT('',#13106);
#13104=EDGE_CURVE('',#13105,#13095,#13109,.T.);
#13109=LINE('',#13106,#13111);
#13111=VECTOR('',#13112,2.7305);
#13112=DIRECTION('',(0.0,0.0,-1.0));
#13103=ORIENTED_EDGE('',*,*,#13104,.F.);
#13114=EDGE_CURVE('',#13056,#13105,#13119,.T.);
#13119=LINE('',#13057,#13121);
#13121=VECTOR('',#13122,0.635000025530043);
#13122=DIRECTION('',(-1.0,0.0,0.0));
#13113=ORIENTED_EDGE('',*,*,#13114,.F.);
#13123=ORIENTED_EDGE('',*,*,#13055,.T.);
#13133=STYLED_ITEM('',(#34),#13134);
#13134=ADVANCED_FACE('',(#13140),#13135,.T.);
#13135=PLANE('',#13136);
#13136=AXIS2_PLACEMENT_3D('',#13137,#13138,#13139);
#13137=CARTESIAN_POINT('',(2.223,0.318,0.762));
#13138=DIRECTION('',(-1.0,0.0,0.0));
#13139=DIRECTION('',(0.,0.,1.));
#13140=FACE_OUTER_BOUND('',#13141,.T.);
#13141=EDGE_LOOP('',(#13142,#13152,#13162,#13172));
#13145=CARTESIAN_POINT('',(2.222,-0.317,0.762));
#13144=VERTEX_POINT('',#13145);
#13143=EDGE_CURVE('',#13144,#13095,#13148,.T.);
#13148=LINE('',#13145,#13150);
#13150=VECTOR('',#13151,0.634999991484716);
#13151=DIRECTION('',(0.0,1.0,0.0));
#13142=ORIENTED_EDGE('',*,*,#13143,.F.);
#13155=CARTESIAN_POINT('',(2.222,-0.317,3.492));
#13154=VERTEX_POINT('',#13155);
#13153=EDGE_CURVE('',#13154,#13144,#13158,.T.);
#13158=LINE('',#13155,#13160);
#13160=VECTOR('',#13161,2.7305);
#13161=DIRECTION('',(0.0,0.0,-1.0));
#13152=ORIENTED_EDGE('',*,*,#13153,.F.);
#13163=EDGE_CURVE('',#13105,#13154,#13168,.T.);
#13168=LINE('',#13106,#13170);
#13170=VECTOR('',#13171,0.634999991484716);
#13171=DIRECTION('',(0.0,-1.0,0.0));
#13162=ORIENTED_EDGE('',*,*,#13163,.F.);
#13172=ORIENTED_EDGE('',*,*,#13104,.T.);
#13182=STYLED_ITEM('',(#34),#13183);
#13183=ADVANCED_FACE('',(#13189),#13184,.T.);
#13184=PLANE('',#13185);
#13185=AXIS2_PLACEMENT_3D('',#13186,#13187,#13188);
#13186=CARTESIAN_POINT('',(2.222,-0.317,0.762));
#13187=DIRECTION('',(0.0,-1.0,0.0));
#13188=DIRECTION('',(0.,0.,1.));
#13189=FACE_OUTER_BOUND('',#13190,.T.);
#13190=EDGE_LOOP('',(#13191,#13201,#13211,#13221));
#13192=EDGE_CURVE('',#13048,#13144,#13197,.T.);
#13197=LINE('',#13049,#13199);
#13199=VECTOR('',#13200,0.634999991500525);
#13200=DIRECTION('',(-1.0,0.0,0.0));
#13191=ORIENTED_EDGE('',*,*,#13192,.F.);
#13201=ORIENTED_EDGE('',*,*,#13075,.T.);
#13212=EDGE_CURVE('',#13154,#13066,#13217,.T.);
#13217=LINE('',#13155,#13219);
#13219=VECTOR('',#13220,0.634999991500525);
#13220=DIRECTION('',(1.0,0.0,0.0));
#13211=ORIENTED_EDGE('',*,*,#13212,.F.);
#13221=ORIENTED_EDGE('',*,*,#13153,.T.);
#13231=STYLED_ITEM('',(#34),#13232);
#13232=ADVANCED_FACE('',(#13238),#13233,.T.);
#13233=PLANE('',#13234);
#13234=AXIS2_PLACEMENT_3D('',#13235,#13236,#13237);
#13235=CARTESIAN_POINT('',(2.731,0.19,1.308));
#13236=DIRECTION('',(-1.0,0.0,0.0));
#13237=DIRECTION('',(0.,0.,1.));
#13238=FACE_OUTER_BOUND('',#13239,.T.);
#13239=EDGE_LOOP('',(#13240,#13250,#13260,#13270));
#13243=CARTESIAN_POINT('',(2.73,-0.191,1.308));
#13242=VERTEX_POINT('',#13243);
#13245=CARTESIAN_POINT('',(2.731,0.19,1.308));
#13244=VERTEX_POINT('',#13245);
#13241=EDGE_CURVE('',#13242,#13244,#13246,.T.);
#13246=LINE('',#13243,#13248);
#13248=VECTOR('',#13249,0.380999994890829);
#13249=DIRECTION('',(0.0,1.0,0.0));
#13240=ORIENTED_EDGE('',*,*,#13241,.F.);
#13253=CARTESIAN_POINT('',(2.73,-0.191,3.492));
#13252=VERTEX_POINT('',#13253);
#13251=EDGE_CURVE('',#13252,#13242,#13256,.T.);
#13256=LINE('',#13253,#13258);
#13258=VECTOR('',#13259,2.1844);
#13259=DIRECTION('',(0.0,0.0,-1.0));
#13250=ORIENTED_EDGE('',*,*,#13251,.F.);
#13263=CARTESIAN_POINT('',(2.731,0.19,3.492));
#13262=VERTEX_POINT('',#13263);
#13261=EDGE_CURVE('',#13262,#13252,#13266,.T.);
#13266=LINE('',#13263,#13268);
#13268=VECTOR('',#13269,0.380999994890829);
#13269=DIRECTION('',(0.0,-1.0,0.0));
#13260=ORIENTED_EDGE('',*,*,#13261,.F.);
#13271=EDGE_CURVE('',#13244,#13262,#13276,.T.);
#13276=LINE('',#13245,#13278);
#13278=VECTOR('',#13279,2.1844);
#13279=DIRECTION('',(0.0,0.0,1.0));
#13270=ORIENTED_EDGE('',*,*,#13271,.F.);
#13280=STYLED_ITEM('',(#34),#13281);
#13281=ADVANCED_FACE('',(#13287),#13282,.T.);
#13282=PLANE('',#13283);
#13283=AXIS2_PLACEMENT_3D('',#13284,#13285,#13286);
#13284=CARTESIAN_POINT('',(2.35,0.191,1.308));
#13285=DIRECTION('',(0.0,-1.0,0.0));
#13286=DIRECTION('',(0.,0.,1.));
#13287=FACE_OUTER_BOUND('',#13288,.T.);
#13288=EDGE_LOOP('',(#13289,#13299,#13309,#13319));
#13294=CARTESIAN_POINT('',(2.35,0.191,1.308));
#13293=VERTEX_POINT('',#13294);
#13290=EDGE_CURVE('',#13244,#13293,#13295,.T.);
#13295=LINE('',#13245,#13297);
#13297=VECTOR('',#13298,0.381000015318026);
#13298=DIRECTION('',(-1.0,0.0,0.0));
#13289=ORIENTED_EDGE('',*,*,#13290,.F.);
#13299=ORIENTED_EDGE('',*,*,#13271,.T.);
#13312=CARTESIAN_POINT('',(2.35,0.191,3.492));
#13311=VERTEX_POINT('',#13312);
#13310=EDGE_CURVE('',#13311,#13262,#13315,.T.);
#13315=LINE('',#13312,#13317);
#13317=VECTOR('',#13318,0.381000015318026);
#13318=DIRECTION('',(1.0,0.0,0.0));
#13309=ORIENTED_EDGE('',*,*,#13310,.F.);
#13320=EDGE_CURVE('',#13293,#13311,#13325,.T.);
#13325=LINE('',#13294,#13327);
#13327=VECTOR('',#13328,2.1844);
#13328=DIRECTION('',(0.0,0.0,1.0));
#13319=ORIENTED_EDGE('',*,*,#13320,.F.);
#13329=STYLED_ITEM('',(#34),#13330);
#13330=ADVANCED_FACE('',(#13336),#13331,.T.);
#13331=PLANE('',#13332);
#13332=AXIS2_PLACEMENT_3D('',#13333,#13334,#13335);
#13333=CARTESIAN_POINT('',(2.349,-0.19,1.308));
#13334=DIRECTION('',(1.0,0.0,0.0));
#13335=DIRECTION('',(0.,0.,1.));
#13336=FACE_OUTER_BOUND('',#13337,.T.);
#13337=EDGE_LOOP('',(#13338,#13348,#13358,#13368));
#13343=CARTESIAN_POINT('',(2.349,-0.19,1.308));
#13342=VERTEX_POINT('',#13343);
#13339=EDGE_CURVE('',#13293,#13342,#13344,.T.);
#13344=LINE('',#13294,#13346);
#13346=VECTOR('',#13347,0.380999994890829);
#13347=DIRECTION('',(0.0,-1.0,0.0));
#13338=ORIENTED_EDGE('',*,*,#13339,.F.);
#13348=ORIENTED_EDGE('',*,*,#13320,.T.);
#13361=CARTESIAN_POINT('',(2.349,-0.19,3.492));
#13360=VERTEX_POINT('',#13361);
#13359=EDGE_CURVE('',#13360,#13311,#13364,.T.);
#13364=LINE('',#13361,#13366);
#13366=VECTOR('',#13367,0.380999994890829);
#13367=DIRECTION('',(0.0,1.0,0.0));
#13358=ORIENTED_EDGE('',*,*,#13359,.F.);
#13369=EDGE_CURVE('',#13342,#13360,#13374,.T.);
#13374=LINE('',#13343,#13376);
#13376=VECTOR('',#13377,2.1844);
#13377=DIRECTION('',(0.0,0.0,1.0));
#13368=ORIENTED_EDGE('',*,*,#13369,.F.);
#13378=STYLED_ITEM('',(#34),#13379);
#13379=ADVANCED_FACE('',(#13385),#13380,.T.);
#13380=PLANE('',#13381);
#13381=AXIS2_PLACEMENT_3D('',#13382,#13383,#13384);
#13382=CARTESIAN_POINT('',(2.73,-0.191,1.308));
#13383=DIRECTION('',(0.0,1.0,0.0));
#13384=DIRECTION('',(0.,0.,1.));
#13385=FACE_OUTER_BOUND('',#13386,.T.);
#13386=EDGE_LOOP('',(#13387,#13397,#13407,#13417));
#13388=EDGE_CURVE('',#13342,#13242,#13393,.T.);
#13393=LINE('',#13343,#13395);
#13395=VECTOR('',#13396,0.380999994900315);
#13396=DIRECTION('',(1.0,0.0,0.0));
#13387=ORIENTED_EDGE('',*,*,#13388,.F.);
#13397=ORIENTED_EDGE('',*,*,#13369,.T.);
#13408=EDGE_CURVE('',#13252,#13360,#13413,.T.);
#13413=LINE('',#13253,#13415);
#13415=VECTOR('',#13416,0.380999994900315);
#13416=DIRECTION('',(-1.0,0.0,0.0));
#13407=ORIENTED_EDGE('',*,*,#13408,.F.);
#13417=ORIENTED_EDGE('',*,*,#13251,.T.);
#13427=STYLED_ITEM('color',(#34),#13428);
#13428=ADVANCED_FACE($,(#13434),#13429,.T.);
#13429=PLANE($,#13430);
#13430=AXIS2_PLACEMENT_3D($,#13431,#13432,#13433);
#13431=CARTESIAN_POINT('',(2.54,0.0,-4.318));
#13432=DIRECTION('',(0.,0.,-1.));
#13433=DIRECTION('',(0.,1.,0.));
#13434=FACE_OUTER_BOUND($,#13435,.T.);
#13435=EDGE_LOOP($,(#13436, #13447));
#13439=CARTESIAN_POINT('',(2.54,-0.315,-4.318));
#13438=VERTEX_POINT('',#13439);
#13441=CARTESIAN_POINT('',(2.54,0.315,-4.318));
#13440=VERTEX_POINT('',#13441);
#13437=EDGE_CURVE($,#13438,#13440,#13442,.T.);
#13442=CIRCLE($,#13443,0.31496);
#13444=CARTESIAN_POINT('',(2.54,0.0,-4.318));
#13443=AXIS2_PLACEMENT_3D($,#13444,#13445,#13446);
#13445=DIRECTION('',(0.0,0.0,1.0));
#13446=DIRECTION('',(0.0,-1.0,0.0));
#13436=ORIENTED_EDGE('',*,*,#13437,.F.);
#13448=EDGE_CURVE($,#13440,#13438,#13453,.T.);
#13453=CIRCLE($,#13454,0.31496);
#13454=AXIS2_PLACEMENT_3D($,#13444,#13456,#13457);
#13456=DIRECTION('',(0.0,0.0,1.0));
#13457=DIRECTION('',(0.0,1.0,0.0));
#13447=ORIENTED_EDGE('',*,*,#13448,.F.);
#13458=STYLED_ITEM('color',(#34),#13459);
#13459=ADVANCED_FACE($,(#13465),#13460,.T.);
#13460=CYLINDRICAL_SURFACE($,#13461,0.31496);
#13461=AXIS2_PLACEMENT_3D($,#13462,#13463,#13464);
#13462=CARTESIAN_POINT('',(2.54,0.0,-4.318));
#13463=DIRECTION('',(0.,0.,1.));
#13464=DIRECTION('',(1.,0.,0.));
#13465=FACE_OUTER_BOUND($,#13466,.T.);
#13466=EDGE_LOOP($,(#13489, #13467, #13499, #13478));
#13494=CARTESIAN_POINT('',(2.54,-0.315,0.762));
#13493=VERTEX_POINT('',#13494);
#13490=EDGE_CURVE('',#13438,#13493,#13495,.T.);
#13495=LINE('',#13439,#13497);
#13497=VECTOR('',#13498,5.08);
#13498=DIRECTION('',(0.0,0.0,1.0));
#13489=ORIENTED_EDGE('',*,*,#13490,.F.);
#13467=ORIENTED_EDGE('',*,*,#13437,.T.);
#13502=CARTESIAN_POINT('',(2.54,0.315,0.762));
#13501=VERTEX_POINT('',#13502);
#13500=EDGE_CURVE('',#13501,#13440,#13505,.T.);
#13505=LINE('',#13502,#13507);
#13507=VECTOR('',#13508,5.08);
#13508=DIRECTION('',(0.0,0.0,-1.0));
#13499=ORIENTED_EDGE('',*,*,#13500,.F.);
#13479=EDGE_CURVE($,#13493,#13501,#13484,.T.);
#13484=CIRCLE($,#13485,0.31496);
#13486=CARTESIAN_POINT('',(2.54,0.0,0.762));
#13485=AXIS2_PLACEMENT_3D($,#13486,#13487,#13488);
#13487=DIRECTION('',(0.0,0.0,1.0));
#13488=DIRECTION('',(0.0,1.0,0.0));
#13478=ORIENTED_EDGE('',*,*,#13479,.F.);
#13511=STYLED_ITEM('color',(#34),#13512);
#13512=ADVANCED_FACE($,(#13518),#13513,.T.);
#13513=CYLINDRICAL_SURFACE($,#13514,0.31496);
#13514=AXIS2_PLACEMENT_3D($,#13515,#13516,#13517);
#13515=CARTESIAN_POINT('',(2.54,0.0,-4.318));
#13516=DIRECTION('',(0.,0.,1.));
#13517=DIRECTION('',(1.,0.,0.));
#13518=FACE_OUTER_BOUND($,#13519,.T.);
#13519=EDGE_LOOP($,(#13542, #13520, #13552, #13531));
#13542=ORIENTED_EDGE('',*,*,#13500,.T.);
#13520=ORIENTED_EDGE('',*,*,#13448,.T.);
#13552=ORIENTED_EDGE('',*,*,#13490,.T.);
#13532=EDGE_CURVE($,#13501,#13493,#13537,.T.);
#13537=CIRCLE($,#13538,0.31496);
#13538=AXIS2_PLACEMENT_3D($,#13486,#13540,#13541);
#13540=DIRECTION('',(0.0,0.0,1.0));
#13541=DIRECTION('',(0.0,-1.0,0.0));
#13531=ORIENTED_EDGE('',*,*,#13532,.F.);
#13564=STYLED_ITEM('color',(#34),#13565);
#13565=ADVANCED_FACE($,(#13571, #13615), #13566,.T.);
#13566=PLANE($,#13567);
#13567=AXIS2_PLACEMENT_3D($,#13568,#13569,#13570);
#13568=CARTESIAN_POINT('',(2.858,0.317,0.762));
#13569=DIRECTION('',(0.,0.,-1.));
#13570=DIRECTION('',(1.,0.,0.));
#13571=FACE_OUTER_BOUND($,#13572,.T.);
#13572=EDGE_LOOP($,(#13575, #13585, #13595, #13605));
#13575=ORIENTED_EDGE('',*,*,#13045,.T.);
#13585=ORIENTED_EDGE('',*,*,#13192,.T.);
#13595=ORIENTED_EDGE('',*,*,#13143,.T.);
#13605=ORIENTED_EDGE('',*,*,#13094,.T.);
#13615=FACE_BOUND($,#13616,.T.);
#13616=EDGE_LOOP($,(#13617, #13628));
#13617=ORIENTED_EDGE('',*,*,#13479,.T.);
#13628=ORIENTED_EDGE('',*,*,#13532,.T.);
#13639=STYLED_ITEM('color',(#34),#13640);
#13640=ADVANCED_FACE($,(#13646, #13690), #13641,.T.);
#13641=PLANE($,#13642);
#13642=AXIS2_PLACEMENT_3D($,#13643,#13644,#13645);
#13643=CARTESIAN_POINT('',(2.858,0.317,3.492));
#13644=DIRECTION('',(0.,0.,1.));
#13645=DIRECTION('',(1.,0.,0.));
#13646=FACE_OUTER_BOUND($,#13647,.T.);
#13647=EDGE_LOOP($,(#13650, #13660, #13670, #13680));
#13650=ORIENTED_EDGE('',*,*,#13065,.T.);
#13660=ORIENTED_EDGE('',*,*,#13114,.T.);
#13670=ORIENTED_EDGE('',*,*,#13163,.T.);
#13680=ORIENTED_EDGE('',*,*,#13212,.T.);
#13690=FACE_BOUND($,#13691,.T.);
#13691=EDGE_LOOP($,(#13692, #13702, #13712, #13722));
#13692=ORIENTED_EDGE('',*,*,#13261,.T.);
#13702=ORIENTED_EDGE('',*,*,#13408,.T.);
#13712=ORIENTED_EDGE('',*,*,#13359,.T.);
#13722=ORIENTED_EDGE('',*,*,#13310,.T.);
#13732=STYLED_ITEM('',(#34),#13733);
#13733=ADVANCED_FACE('',(#13739),#13734,.T.);
#13734=PLANE('',#13735);
#13735=AXIS2_PLACEMENT_3D('',#13736,#13737,#13738);
#13736=CARTESIAN_POINT('',(2.73,-0.191,1.308));
#13737=DIRECTION('',(0.0,0.0,1.0));
#13738=DIRECTION('',(0.,1.,0.));
#13739=FACE_OUTER_BOUND('',#13740,.T.);
#13740=EDGE_LOOP('',(#13741,#13751,#13761,#13771));
#13741=ORIENTED_EDGE('',*,*,#13241,.T.);
#13751=ORIENTED_EDGE('',*,*,#13290,.T.);
#13761=ORIENTED_EDGE('',*,*,#13339,.T.);
#13771=ORIENTED_EDGE('',*,*,#13388,.T.);
#13781=MANIFOLD_SOLID_BREP($,#13782);
#13782=CLOSED_SHELL('',(#13784,#13833,#13882,#13931,#13980,#14029,#14078,#14127,#14176,#14207,#14260,#14313,#14388,#14481));
#13783=STYLED_ITEM('',(#34),#13784);
#13784=ADVANCED_FACE('',(#13790),#13785,.T.);
#13785=PLANE('',#13786);
#13786=AXIS2_PLACEMENT_3D('',#13787,#13788,#13789);
#13787=CARTESIAN_POINT('',(0.317,-0.318,0.762));
#13788=DIRECTION('',(1.0,0.0,0.0));
#13789=DIRECTION('',(0.,0.,1.));
#13790=FACE_OUTER_BOUND('',#13791,.T.);
#13791=EDGE_LOOP('',(#13792,#13802,#13812,#13822));
#13795=CARTESIAN_POINT('',(0.318,0.317,0.762));
#13794=VERTEX_POINT('',#13795);
#13797=CARTESIAN_POINT('',(0.317,-0.318,0.762));
#13796=VERTEX_POINT('',#13797);
#13793=EDGE_CURVE('',#13794,#13796,#13798,.T.);
#13798=LINE('',#13795,#13800);
#13800=VECTOR('',#13801,0.634999991484716);
#13801=DIRECTION('',(0.0,-1.0,0.0));
#13792=ORIENTED_EDGE('',*,*,#13793,.F.);
#13805=CARTESIAN_POINT('',(0.318,0.317,3.492));
#13804=VERTEX_POINT('',#13805);
#13803=EDGE_CURVE('',#13804,#13794,#13808,.T.);
#13808=LINE('',#13805,#13810);
#13810=VECTOR('',#13811,2.7305);
#13811=DIRECTION('',(0.0,0.0,-1.0));
#13802=ORIENTED_EDGE('',*,*,#13803,.F.);
#13815=CARTESIAN_POINT('',(0.317,-0.318,3.492));
#13814=VERTEX_POINT('',#13815);
#13813=EDGE_CURVE('',#13814,#13804,#13818,.T.);
#13818=LINE('',#13815,#13820);
#13820=VECTOR('',#13821,0.634999991484716);
#13821=DIRECTION('',(0.0,1.0,0.0));
#13812=ORIENTED_EDGE('',*,*,#13813,.F.);
#13823=EDGE_CURVE('',#13796,#13814,#13828,.T.);
#13828=LINE('',#13797,#13830);
#13830=VECTOR('',#13831,2.7305);
#13831=DIRECTION('',(0.0,0.0,1.0));
#13822=ORIENTED_EDGE('',*,*,#13823,.F.);
#13832=STYLED_ITEM('',(#34),#13833);
#13833=ADVANCED_FACE('',(#13839),#13834,.T.);
#13834=PLANE('',#13835);
#13835=AXIS2_PLACEMENT_3D('',#13836,#13837,#13838);
#13836=CARTESIAN_POINT('',(0.318,0.317,0.762));
#13837=DIRECTION('',(0.0,1.0,0.0));
#13838=DIRECTION('',(0.,0.,1.));
#13839=FACE_OUTER_BOUND('',#13840,.T.);
#13840=EDGE_LOOP('',(#13841,#13851,#13861,#13871));
#13844=CARTESIAN_POINT('',(-0.317,0.318,0.762));
#13843=VERTEX_POINT('',#13844);
#13842=EDGE_CURVE('',#13843,#13794,#13847,.T.);
#13847=LINE('',#13844,#13849);
#13849=VECTOR('',#13850,0.635000025530043);
#13850=DIRECTION('',(1.0,0.0,0.0));
#13841=ORIENTED_EDGE('',*,*,#13842,.F.);
#13854=CARTESIAN_POINT('',(-0.317,0.318,3.492));
#13853=VERTEX_POINT('',#13854);
#13852=EDGE_CURVE('',#13853,#13843,#13857,.T.);
#13857=LINE('',#13854,#13859);
#13859=VECTOR('',#13860,2.7305);
#13860=DIRECTION('',(0.0,0.0,-1.0));
#13851=ORIENTED_EDGE('',*,*,#13852,.F.);
#13862=EDGE_CURVE('',#13804,#13853,#13867,.T.);
#13867=LINE('',#13805,#13869);
#13869=VECTOR('',#13870,0.635000025530043);
#13870=DIRECTION('',(-1.0,0.0,0.0));
#13861=ORIENTED_EDGE('',*,*,#13862,.F.);
#13871=ORIENTED_EDGE('',*,*,#13803,.T.);
#13881=STYLED_ITEM('',(#34),#13882);
#13882=ADVANCED_FACE('',(#13888),#13883,.T.);
#13883=PLANE('',#13884);
#13884=AXIS2_PLACEMENT_3D('',#13885,#13886,#13887);
#13885=CARTESIAN_POINT('',(-0.317,0.318,0.762));
#13886=DIRECTION('',(-1.0,0.0,0.0));
#13887=DIRECTION('',(0.,0.,1.));
#13888=FACE_OUTER_BOUND('',#13889,.T.);
#13889=EDGE_LOOP('',(#13890,#13900,#13910,#13920));
#13893=CARTESIAN_POINT('',(-0.318,-0.317,0.762));
#13892=VERTEX_POINT('',#13893);
#13891=EDGE_CURVE('',#13892,#13843,#13896,.T.);
#13896=LINE('',#13893,#13898);
#13898=VECTOR('',#13899,0.634999991484716);
#13899=DIRECTION('',(0.0,1.0,0.0));
#13890=ORIENTED_EDGE('',*,*,#13891,.F.);
#13903=CARTESIAN_POINT('',(-0.318,-0.317,3.492));
#13902=VERTEX_POINT('',#13903);
#13901=EDGE_CURVE('',#13902,#13892,#13906,.T.);
#13906=LINE('',#13903,#13908);
#13908=VECTOR('',#13909,2.7305);
#13909=DIRECTION('',(0.0,0.0,-1.0));
#13900=ORIENTED_EDGE('',*,*,#13901,.F.);
#13911=EDGE_CURVE('',#13853,#13902,#13916,.T.);
#13916=LINE('',#13854,#13918);
#13918=VECTOR('',#13919,0.634999991484716);
#13919=DIRECTION('',(0.0,-1.0,0.0));
#13910=ORIENTED_EDGE('',*,*,#13911,.F.);
#13920=ORIENTED_EDGE('',*,*,#13852,.T.);
#13930=STYLED_ITEM('',(#34),#13931);
#13931=ADVANCED_FACE('',(#13937),#13932,.T.);
#13932=PLANE('',#13933);
#13933=AXIS2_PLACEMENT_3D('',#13934,#13935,#13936);
#13934=CARTESIAN_POINT('',(-0.318,-0.317,0.762));
#13935=DIRECTION('',(0.0,-1.0,0.0));
#13936=DIRECTION('',(0.,0.,1.));
#13937=FACE_OUTER_BOUND('',#13938,.T.);
#13938=EDGE_LOOP('',(#13939,#13949,#13959,#13969));
#13940=EDGE_CURVE('',#13796,#13892,#13945,.T.);
#13945=LINE('',#13797,#13947);
#13947=VECTOR('',#13948,0.634999991500525);
#13948=DIRECTION('',(-1.0,0.0,0.0));
#13939=ORIENTED_EDGE('',*,*,#13940,.F.);
#13949=ORIENTED_EDGE('',*,*,#13823,.T.);
#13960=EDGE_CURVE('',#13902,#13814,#13965,.T.);
#13965=LINE('',#13903,#13967);
#13967=VECTOR('',#13968,0.634999991500525);
#13968=DIRECTION('',(1.0,0.0,0.0));
#13959=ORIENTED_EDGE('',*,*,#13960,.F.);
#13969=ORIENTED_EDGE('',*,*,#13901,.T.);
#13979=STYLED_ITEM('',(#34),#13980);
#13980=ADVANCED_FACE('',(#13986),#13981,.T.);
#13981=PLANE('',#13982);
#13982=AXIS2_PLACEMENT_3D('',#13983,#13984,#13985);
#13983=CARTESIAN_POINT('',(0.191,0.19,1.308));
#13984=DIRECTION('',(-1.0,0.0,0.0));
#13985=DIRECTION('',(0.,0.,1.));
#13986=FACE_OUTER_BOUND('',#13987,.T.);
#13987=EDGE_LOOP('',(#13988,#13998,#14008,#14018));
#13991=CARTESIAN_POINT('',(0.19,-0.191,1.308));
#13990=VERTEX_POINT('',#13991);
#13993=CARTESIAN_POINT('',(0.191,0.19,1.308));
#13992=VERTEX_POINT('',#13993);
#13989=EDGE_CURVE('',#13990,#13992,#13994,.T.);
#13994=LINE('',#13991,#13996);
#13996=VECTOR('',#13997,0.380999994890829);
#13997=DIRECTION('',(0.0,1.0,0.0));
#13988=ORIENTED_EDGE('',*,*,#13989,.F.);
#14001=CARTESIAN_POINT('',(0.19,-0.191,3.492));
#14000=VERTEX_POINT('',#14001);
#13999=EDGE_CURVE('',#14000,#13990,#14004,.T.);
#14004=LINE('',#14001,#14006);
#14006=VECTOR('',#14007,2.1844);
#14007=DIRECTION('',(0.0,0.0,-1.0));
#13998=ORIENTED_EDGE('',*,*,#13999,.F.);
#14011=CARTESIAN_POINT('',(0.191,0.19,3.492));
#14010=VERTEX_POINT('',#14011);
#14009=EDGE_CURVE('',#14010,#14000,#14014,.T.);
#14014=LINE('',#14011,#14016);
#14016=VECTOR('',#14017,0.380999994890829);
#14017=DIRECTION('',(0.0,-1.0,0.0));
#14008=ORIENTED_EDGE('',*,*,#14009,.F.);
#14019=EDGE_CURVE('',#13992,#14010,#14024,.T.);
#14024=LINE('',#13993,#14026);
#14026=VECTOR('',#14027,2.1844);
#14027=DIRECTION('',(0.0,0.0,1.0));
#14018=ORIENTED_EDGE('',*,*,#14019,.F.);
#14028=STYLED_ITEM('',(#34),#14029);
#14029=ADVANCED_FACE('',(#14035),#14030,.T.);
#14030=PLANE('',#14031);
#14031=AXIS2_PLACEMENT_3D('',#14032,#14033,#14034);
#14032=CARTESIAN_POINT('',(-0.19,0.191,1.308));
#14033=DIRECTION('',(0.0,-1.0,0.0));
#14034=DIRECTION('',(0.,0.,1.));
#14035=FACE_OUTER_BOUND('',#14036,.T.);
#14036=EDGE_LOOP('',(#14037,#14047,#14057,#14067));
#14042=CARTESIAN_POINT('',(-0.19,0.191,1.308));
#14041=VERTEX_POINT('',#14042);
#14038=EDGE_CURVE('',#13992,#14041,#14043,.T.);
#14043=LINE('',#13993,#14045);
#14045=VECTOR('',#14046,0.381000015318026);
#14046=DIRECTION('',(-1.0,0.0,0.0));
#14037=ORIENTED_EDGE('',*,*,#14038,.F.);
#14047=ORIENTED_EDGE('',*,*,#14019,.T.);
#14060=CARTESIAN_POINT('',(-0.19,0.191,3.492));
#14059=VERTEX_POINT('',#14060);
#14058=EDGE_CURVE('',#14059,#14010,#14063,.T.);
#14063=LINE('',#14060,#14065);
#14065=VECTOR('',#14066,0.381000015318026);
#14066=DIRECTION('',(1.0,0.0,0.0));
#14057=ORIENTED_EDGE('',*,*,#14058,.F.);
#14068=EDGE_CURVE('',#14041,#14059,#14073,.T.);
#14073=LINE('',#14042,#14075);
#14075=VECTOR('',#14076,2.1844);
#14076=DIRECTION('',(0.0,0.0,1.0));
#14067=ORIENTED_EDGE('',*,*,#14068,.F.);
#14077=STYLED_ITEM('',(#34),#14078);
#14078=ADVANCED_FACE('',(#14084),#14079,.T.);
#14079=PLANE('',#14080);
#14080=AXIS2_PLACEMENT_3D('',#14081,#14082,#14083);
#14081=CARTESIAN_POINT('',(-0.191,-0.19,1.308));
#14082=DIRECTION('',(1.0,0.0,0.0));
#14083=DIRECTION('',(0.,0.,1.));
#14084=FACE_OUTER_BOUND('',#14085,.T.);
#14085=EDGE_LOOP('',(#14086,#14096,#14106,#14116));
#14091=CARTESIAN_POINT('',(-0.191,-0.19,1.308));
#14090=VERTEX_POINT('',#14091);
#14087=EDGE_CURVE('',#14041,#14090,#14092,.T.);
#14092=LINE('',#14042,#14094);
#14094=VECTOR('',#14095,0.380999994890829);
#14095=DIRECTION('',(0.0,-1.0,0.0));
#14086=ORIENTED_EDGE('',*,*,#14087,.F.);
#14096=ORIENTED_EDGE('',*,*,#14068,.T.);
#14109=CARTESIAN_POINT('',(-0.191,-0.19,3.492));
#14108=VERTEX_POINT('',#14109);
#14107=EDGE_CURVE('',#14108,#14059,#14112,.T.);
#14112=LINE('',#14109,#14114);
#14114=VECTOR('',#14115,0.380999994890829);
#14115=DIRECTION('',(0.0,1.0,0.0));
#14106=ORIENTED_EDGE('',*,*,#14107,.F.);
#14117=EDGE_CURVE('',#14090,#14108,#14122,.T.);
#14122=LINE('',#14091,#14124);
#14124=VECTOR('',#14125,2.1844);
#14125=DIRECTION('',(0.0,0.0,1.0));
#14116=ORIENTED_EDGE('',*,*,#14117,.F.);
#14126=STYLED_ITEM('',(#34),#14127);
#14127=ADVANCED_FACE('',(#14133),#14128,.T.);
#14128=PLANE('',#14129);
#14129=AXIS2_PLACEMENT_3D('',#14130,#14131,#14132);
#14130=CARTESIAN_POINT('',(0.19,-0.191,1.308));
#14131=DIRECTION('',(0.0,1.0,0.0));
#14132=DIRECTION('',(0.,0.,1.));
#14133=FACE_OUTER_BOUND('',#14134,.T.);
#14134=EDGE_LOOP('',(#14135,#14145,#14155,#14165));
#14136=EDGE_CURVE('',#14090,#13990,#14141,.T.);
#14141=LINE('',#14091,#14143);
#14143=VECTOR('',#14144,0.380999994900315);
#14144=DIRECTION('',(1.0,0.0,0.0));
#14135=ORIENTED_EDGE('',*,*,#14136,.F.);
#14145=ORIENTED_EDGE('',*,*,#14117,.T.);
#14156=EDGE_CURVE('',#14000,#14108,#14161,.T.);
#14161=LINE('',#14001,#14163);
#14163=VECTOR('',#14164,0.380999994900315);
#14164=DIRECTION('',(-1.0,0.0,0.0));
#14155=ORIENTED_EDGE('',*,*,#14156,.F.);
#14165=ORIENTED_EDGE('',*,*,#13999,.T.);
#14175=STYLED_ITEM('color',(#34),#14176);
#14176=ADVANCED_FACE($,(#14182),#14177,.T.);
#14177=PLANE($,#14178);
#14178=AXIS2_PLACEMENT_3D($,#14179,#14180,#14181);
#14179=CARTESIAN_POINT('',(0.0,0.0,-4.318));
#14180=DIRECTION('',(0.,0.,-1.));
#14181=DIRECTION('',(0.,1.,0.));
#14182=FACE_OUTER_BOUND($,#14183,.T.);
#14183=EDGE_LOOP($,(#14184, #14195));
#14187=CARTESIAN_POINT('',(0.0,-0.315,-4.318));
#14186=VERTEX_POINT('',#14187);
#14189=CARTESIAN_POINT('',(0.0,0.315,-4.318));
#14188=VERTEX_POINT('',#14189);
#14185=EDGE_CURVE($,#14186,#14188,#14190,.T.);
#14190=CIRCLE($,#14191,0.31496);
#14192=CARTESIAN_POINT('',(0.0,0.0,-4.318));
#14191=AXIS2_PLACEMENT_3D($,#14192,#14193,#14194);
#14193=DIRECTION('',(0.0,0.0,1.0));
#14194=DIRECTION('',(0.0,-1.0,0.0));
#14184=ORIENTED_EDGE('',*,*,#14185,.F.);
#14196=EDGE_CURVE($,#14188,#14186,#14201,.T.);
#14201=CIRCLE($,#14202,0.31496);
#14202=AXIS2_PLACEMENT_3D($,#14192,#14204,#14205);
#14204=DIRECTION('',(0.0,0.0,1.0));
#14205=DIRECTION('',(0.0,1.0,0.0));
#14195=ORIENTED_EDGE('',*,*,#14196,.F.);
#14206=STYLED_ITEM('color',(#34),#14207);
#14207=ADVANCED_FACE($,(#14213),#14208,.T.);
#14208=CYLINDRICAL_SURFACE($,#14209,0.31496);
#14209=AXIS2_PLACEMENT_3D($,#14210,#14211,#14212);
#14210=CARTESIAN_POINT('',(0.0,0.0,-4.318));
#14211=DIRECTION('',(0.,0.,1.));
#14212=DIRECTION('',(1.,0.,0.));
#14213=FACE_OUTER_BOUND($,#14214,.T.);
#14214=EDGE_LOOP($,(#14237, #14215, #14247, #14226));
#14242=CARTESIAN_POINT('',(0.0,-0.315,0.762));
#14241=VERTEX_POINT('',#14242);
#14238=EDGE_CURVE('',#14186,#14241,#14243,.T.);
#14243=LINE('',#14187,#14245);
#14245=VECTOR('',#14246,5.08);
#14246=DIRECTION('',(0.0,0.0,1.0));
#14237=ORIENTED_EDGE('',*,*,#14238,.F.);
#14215=ORIENTED_EDGE('',*,*,#14185,.T.);
#14250=CARTESIAN_POINT('',(0.0,0.315,0.762));
#14249=VERTEX_POINT('',#14250);
#14248=EDGE_CURVE('',#14249,#14188,#14253,.T.);
#14253=LINE('',#14250,#14255);
#14255=VECTOR('',#14256,5.08);
#14256=DIRECTION('',(0.0,0.0,-1.0));
#14247=ORIENTED_EDGE('',*,*,#14248,.F.);
#14227=EDGE_CURVE($,#14241,#14249,#14232,.T.);
#14232=CIRCLE($,#14233,0.31496);
#14234=CARTESIAN_POINT('',(0.0,0.0,0.762));
#14233=AXIS2_PLACEMENT_3D($,#14234,#14235,#14236);
#14235=DIRECTION('',(0.0,0.0,1.0));
#14236=DIRECTION('',(0.0,1.0,0.0));
#14226=ORIENTED_EDGE('',*,*,#14227,.F.);
#14259=STYLED_ITEM('color',(#34),#14260);
#14260=ADVANCED_FACE($,(#14266),#14261,.T.);
#14261=CYLINDRICAL_SURFACE($,#14262,0.31496);
#14262=AXIS2_PLACEMENT_3D($,#14263,#14264,#14265);
#14263=CARTESIAN_POINT('',(0.0,0.0,-4.318));
#14264=DIRECTION('',(0.,0.,1.));
#14265=DIRECTION('',(1.,0.,0.));
#14266=FACE_OUTER_BOUND($,#14267,.T.);
#14267=EDGE_LOOP($,(#14290, #14268, #14300, #14279));
#14290=ORIENTED_EDGE('',*,*,#14248,.T.);
#14268=ORIENTED_EDGE('',*,*,#14196,.T.);
#14300=ORIENTED_EDGE('',*,*,#14238,.T.);
#14280=EDGE_CURVE($,#14249,#14241,#14285,.T.);
#14285=CIRCLE($,#14286,0.31496);
#14286=AXIS2_PLACEMENT_3D($,#14234,#14288,#14289);
#14288=DIRECTION('',(0.0,0.0,1.0));
#14289=DIRECTION('',(0.0,-1.0,0.0));
#14279=ORIENTED_EDGE('',*,*,#14280,.F.);
#14312=STYLED_ITEM('color',(#34),#14313);
#14313=ADVANCED_FACE($,(#14319, #14363), #14314,.T.);
#14314=PLANE($,#14315);
#14315=AXIS2_PLACEMENT_3D($,#14316,#14317,#14318);
#14316=CARTESIAN_POINT('',(0.318,0.317,0.762));
#14317=DIRECTION('',(0.,0.,-1.));
#14318=DIRECTION('',(1.,0.,0.));
#14319=FACE_OUTER_BOUND($,#14320,.T.);
#14320=EDGE_LOOP($,(#14323, #14333, #14343, #14353));
#14323=ORIENTED_EDGE('',*,*,#13793,.T.);
#14333=ORIENTED_EDGE('',*,*,#13940,.T.);
#14343=ORIENTED_EDGE('',*,*,#13891,.T.);
#14353=ORIENTED_EDGE('',*,*,#13842,.T.);
#14363=FACE_BOUND($,#14364,.T.);
#14364=EDGE_LOOP($,(#14365, #14376));
#14365=ORIENTED_EDGE('',*,*,#14227,.T.);
#14376=ORIENTED_EDGE('',*,*,#14280,.T.);
#14387=STYLED_ITEM('color',(#34),#14388);
#14388=ADVANCED_FACE($,(#14394, #14438), #14389,.T.);
#14389=PLANE($,#14390);
#14390=AXIS2_PLACEMENT_3D($,#14391,#14392,#14393);
#14391=CARTESIAN_POINT('',(0.318,0.317,3.492));
#14392=DIRECTION('',(0.,0.,1.));
#14393=DIRECTION('',(1.,0.,0.));
#14394=FACE_OUTER_BOUND($,#14395,.T.);
#14395=EDGE_LOOP($,(#14398, #14408, #14418, #14428));
#14398=ORIENTED_EDGE('',*,*,#13813,.T.);
#14408=ORIENTED_EDGE('',*,*,#13862,.T.);
#14418=ORIENTED_EDGE('',*,*,#13911,.T.);
#14428=ORIENTED_EDGE('',*,*,#13960,.T.);
#14438=FACE_BOUND($,#14439,.T.);
#14439=EDGE_LOOP($,(#14440, #14450, #14460, #14470));
#14440=ORIENTED_EDGE('',*,*,#14009,.T.);
#14450=ORIENTED_EDGE('',*,*,#14156,.T.);
#14460=ORIENTED_EDGE('',*,*,#14107,.T.);
#14470=ORIENTED_EDGE('',*,*,#14058,.T.);
#14480=STYLED_ITEM('',(#34),#14481);
#14481=ADVANCED_FACE('',(#14487),#14482,.T.);
#14482=PLANE('',#14483);
#14483=AXIS2_PLACEMENT_3D('',#14484,#14485,#14486);
#14484=CARTESIAN_POINT('',(0.19,-0.191,1.308));
#14485=DIRECTION('',(0.0,0.0,1.0));
#14486=DIRECTION('',(0.,1.,0.));
#14487=FACE_OUTER_BOUND('',#14488,.T.);
#14488=EDGE_LOOP('',(#14489,#14499,#14509,#14519));
#14489=ORIENTED_EDGE('',*,*,#13989,.T.);
#14499=ORIENTED_EDGE('',*,*,#14038,.T.);
#14509=ORIENTED_EDGE('',*,*,#14087,.T.);
#14519=ORIENTED_EDGE('',*,*,#14136,.T.);
ENDSEC;
END-ISO-10303-21;
